TXN_ID,Product,Store,Date,Revenue,Quantity
APPLE_WEB_00000,AirPods Max,Sydney-GeorgeSt,2024-04-16,1391.2002005156116,1.0
APPLE_WEB_00001,Apple Watch Ultra,Sydney-GeorgeSt,2024-03-28,3262.9127542332044,2.0
APPLE_WEB_00004,Apple Watch Ultra,Paris-Opera,2024-06-18,413.44074477914216,2.0
APPLE_WEB_00005,Apple Watch Ultra,Paris-Opera,2024-02-20,1826.8788345002506,2.0
APPLE_WEB_00006,iPhone 15 Pro,Sydney-GeorgeSt,2024-05-14,1701.9909502456924,1.0
APPLE_WEB_00007,MacBook Air M3,London-RegentSt,2024-01-14,173.7029191087502,1.0
APPLE_WEB_00011,MacBook Air M3,London-RegentSt,2024-02-13,1503.9190302420523,2.0
APPLE_WEB_00014,iPhone 15 Pro,Sydney-GeorgeSt,2024-05-03,1331.2587109573958,1.0
APPLE_WEB_00015,iPhone 15 Pro,NYC-FifthAve,2024-03-11,5664.807650282228,2.0
APPLE_WEB_00017,iPhone 15 Pro,Paris-Opera,2024-02-10,4342.170230024017,2.0
APPLE_WEB_00019,iPad Pro,NYC-FifthAve,2024-02-04,2121.67354457504,1.0
APPLE_WEB_00020,Vision Pro,London-RegentSt,2024-01-05,3403.6697614612794,1.0
APPLE_WEB_00021,Apple Watch Ultra,London-RegentSt,2024-03-30,265.26119674451365,1.0
APPLE_WEB_00022,Apple Watch Ultra,Sydney-GeorgeSt,2024-02-21,1617.5874237405703,2.0
APPLE_WEB_00023,AirPods Max,Tokyo-Ginza,2024-05-22,1197.0940026956023,2.0
APPLE_WEB_00024,MacBook Air M3,Paris-Opera,2024-03-26,6612.833065560792,2.0
APPLE_WEB_00025,Apple Watch Ultra,Paris-Opera,2024-05-13,5704.73135826417,2.0
APPLE_WEB_00026,Apple Watch Ultra,London-RegentSt,2024-03-15,757.7410984459408,1.0
APPLE_WEB_00027,Vision Pro,Tokyo-Ginza,2024-04-30,1200.6717106551812,1.0
APPLE_WEB_00030,Vision Pro,NYC-FifthAve,2024-06-28,866.2354199612467,1.0
APPLE_WEB_00031,iPad Pro,London-RegentSt,2024-02-08,984.6949449587416,1.0
APPLE_WEB_00032,MacBook Air M3,London-RegentSt,2024-04-22,1256.1059078859153,2.0
APPLE_WEB_00033,Vision Pro,Tokyo-Ginza,2024-05-08,604.9667834249283,2.0
APPLE_WEB_00035,Apple Watch Ultra,Sydney-GeorgeSt,2024-02-07,5391.316207315556,2.0
APPLE_WEB_00036,iPhone 15 Pro,NYC-FifthAve,2024-05-23,4527.99025052843,2.0
APPLE_WEB_00037,Apple Watch Ultra,Paris-Opera,2024-01-03,1841.6298776162218,1.0
APPLE_WEB_00038,Apple Watch Ultra,Paris-Opera,2024-05-26,871.2123302958978,1.0
APPLE_WEB_00039,iPad Pro,NYC-FifthAve,2024-03-22,4914.920354810621,2.0
APPLE_WEB_00041,Apple Watch Ultra,NYC-FifthAve,2024-04-21,1798.4271469137998,2.0
APPLE_WEB_00042,AirPods Max,Sydney-GeorgeSt,2024-05-19,2015.9886383569567,2.0
APPLE_WEB_00043,iPad Pro,Tokyo-Ginza,2024-04-08,4525.103822021826,2.0
APPLE_WEB_00044,iPad Pro,Paris-Opera,2024-05-31,3118.481249773445,1.0
APPLE_WEB_00046,Vision Pro,London-RegentSt,2024-04-02,941.9181989170564,2.0
APPLE_WEB_00047,iPhone 15 Pro,Paris-Opera,2024-06-17,3531.036699171167,2.0
APPLE_WEB_00052,iPhone 15 Pro,Tokyo-Ginza,2024-01-04,1809.4487079480825,2.0
APPLE_WEB_00053,Vision Pro,Sydney-GeorgeSt,2024-02-15,725.862989601755,1.0
APPLE_WEB_00054,Vision Pro,NYC-FifthAve,2024-04-02,2648.812268034285,1.0
APPLE_WEB_00056,iPhone 15 Pro,London-RegentSt,2024-03-07,1544.7403499533323,2.0
APPLE_WEB_00058,MacBook Air M3,Tokyo-Ginza,2024-05-06,4781.507303394101,2.0
APPLE_WEB_00059,Vision Pro,Tokyo-Ginza,2024-05-16,2431.9921509681676,2.0
APPLE_WEB_00060,MacBook Air M3,Tokyo-Ginza,2024-01-26,1992.003322179649,1.0
APPLE_WEB_00061,Apple Watch Ultra,NYC-FifthAve,2024-05-14,2189.8012056173434,1.0
APPLE_WEB_00066,Apple Watch Ultra,Sydney-GeorgeSt,2024-04-17,3777.9195727693814,2.0
APPLE_WEB_00067,Apple Watch Ultra,Tokyo-Ginza,2024-02-16,606.3348006764159,2.0
APPLE_WEB_00068,iPhone 15 Pro,Tokyo-Ginza,2024-06-06,6835.243015577484,2.0
APPLE_WEB_00069,MacBook Air M3,Sydney-GeorgeSt,2024-03-30,1041.7046867531901,1.0
APPLE_WEB_00070,iPhone 15 Pro,Sydney-GeorgeSt,2024-05-19,803.0837949999124,2.0
APPLE_WEB_00072,AirPods Max,Sydney-GeorgeSt,2024-05-08,1490.5168205032514,2.0
APPLE_WEB_00074,Vision Pro,NYC-FifthAve,2024-02-16,2562.2689536685466,2.0
APPLE_WEB_00075,MacBook Air M3,London-RegentSt,2024-05-23,6859.900962908968,2.0
APPLE_WEB_00078,Apple Watch Ultra,Sydney-GeorgeSt,2024-03-09,6549.360716455715,2.0
APPLE_WEB_00079,Apple Watch Ultra,Tokyo-Ginza,2024-05-07,733.6333574788971,2.0
APPLE_WEB_00080,AirPods Max,NYC-FifthAve,2024-02-02,2411.0573138306486,1.0
APPLE_WEB_00081,MacBook Air M3,NYC-FifthAve,2024-03-05,2894.5550332571297,1.0
APPLE_WEB_00083,AirPods Max,London-RegentSt,2024-03-21,894.5455554949574,2.0
APPLE_WEB_00084,Apple Watch Ultra,NYC-FifthAve,2024-04-24,4852.0761288766025,2.0
APPLE_WEB_00085,iPhone 15 Pro,Paris-Opera,2024-06-05,2477.0042472771875,1.0
APPLE_WEB_00086,iPad Pro,NYC-FifthAve,2024-04-10,3389.746458623234,1.0
APPLE_WEB_00089,iPhone 15 Pro,Paris-Opera,2024-03-02,953.0548759541858,2.0
APPLE_WEB_00090,AirPods Max,Paris-Opera,2024-04-09,1132.0305380963778,1.0
APPLE_WEB_00092,Apple Watch Ultra,Tokyo-Ginza,2024-03-09,1790.4964666909827,1.0
APPLE_WEB_00095,Apple Watch Ultra,London-RegentSt,2024-03-15,2612.8098263857,1.0
APPLE_WEB_00097,AirPods Max,London-RegentSt,2024-05-01,374.2113314473322,1.0
APPLE_WEB_00098,Vision Pro,NYC-FifthAve,2024-04-18,829.8061929341935,2.0
APPLE_WEB_00099,Apple Watch Ultra,Paris-Opera,2024-02-14,1853.2582054172108,2.0
APPLE_WEB_00101,MacBook Air M3,Sydney-GeorgeSt,2024-06-21,6366.828555538521,2.0
APPLE_WEB_00103,iPhone 15 Pro,NYC-FifthAve,2024-04-22,5286.342486248953,2.0
APPLE_WEB_00104,AirPods Max,Sydney-GeorgeSt,2024-06-21,1599.4517525140936,1.0
APPLE_WEB_00105,iPad Pro,Tokyo-Ginza,2024-06-12,6264.304586324999,2.0
APPLE_WEB_00107,Vision Pro,London-RegentSt,2024-01-12,4955.274876522112,2.0
APPLE_WEB_00108,Apple Watch Ultra,Paris-Opera,2024-05-01,977.5358844078607,2.0
APPLE_WEB_00109,AirPods Max,Paris-Opera,2024-01-28,1437.4644540458692,1.0
APPLE_WEB_00110,iPhone 15 Pro,NYC-FifthAve,2024-05-24,1005.0310378188652,1.0
APPLE_WEB_00111,Vision Pro,Sydney-GeorgeSt,2024-06-05,2871.489216412417,1.0
APPLE_WEB_00112,MacBook Air M3,NYC-FifthAve,2024-02-16,5801.901017302159,2.0
APPLE_WEB_00113,iPhone 15 Pro,Sydney-GeorgeSt,2024-04-18,6544.589977806049,2.0
APPLE_WEB_00114,AirPods Max,Tokyo-Ginza,2024-06-25,5721.129449469554,2.0
APPLE_WEB_00115,AirPods Max,NYC-FifthAve,2024-01-27,1412.6021868465425,1.0
APPLE_WEB_00116,Vision Pro,Sydney-GeorgeSt,2024-05-08,3416.9918970180997,2.0
APPLE_WEB_00117,AirPods Max,Tokyo-Ginza,2024-04-11,2868.4764007683616,1.0
APPLE_WEB_00118,AirPods Max,NYC-FifthAve,2024-03-23,5440.975178316641,2.0
APPLE_WEB_00119,Apple Watch Ultra,Sydney-GeorgeSt,2024-06-21,1640.0055141339778,2.0
APPLE_WEB_00120,MacBook Air M3,Paris-Opera,2024-02-03,6177.207298809756,2.0
APPLE_WEB_00121,Apple Watch Ultra,London-RegentSt,2024-05-02,1882.4369520457835,1.0
APPLE_WEB_00122,AirPods Max,NYC-FifthAve,2024-02-26,1988.9260466700164,1.0
APPLE_WEB_00125,Apple Watch Ultra,NYC-FifthAve,2024-06-14,6352.029600887864,2.0
APPLE_WEB_00126,Apple Watch Ultra,Sydney-GeorgeSt,2024-05-12,4450.864359535867,2.0
APPLE_WEB_00127,MacBook Air M3,Sydney-GeorgeSt,2024-03-24,6503.200593588473,2.0
APPLE_WEB_00128,iPad Pro,Tokyo-Ginza,2024-02-12,1789.1229767559705,1.0
APPLE_WEB_00129,Vision Pro,Tokyo-Ginza,2024-04-04,1126.6493256777758,2.0
APPLE_WEB_00130,iPad Pro,Tokyo-Ginza,2024-01-25,2288.7478899868333,1.0
APPLE_WEB_00131,iPad Pro,Tokyo-Ginza,2024-05-01,2378.6695788158618,1.0
APPLE_WEB_00134,iPhone 15 Pro,London-RegentSt,2024-03-13,1825.5162027808676,1.0
APPLE_WEB_00135,AirPods Max,Tokyo-Ginza,2024-04-03,2245.024312584359,1.0
APPLE_WEB_00136,AirPods Max,Tokyo-Ginza,2024-04-22,2124.155348512153,2.0
APPLE_WEB_00137,Apple Watch Ultra,London-RegentSt,2024-01-14,834.5072196447137,1.0
APPLE_WEB_00140,iPad Pro,Tokyo-Ginza,2024-02-07,231.69115471221232,1.0
APPLE_WEB_00141,iPhone 15 Pro,London-RegentSt,2024-01-28,482.40909121446066,1.0
APPLE_WEB_00142,iPhone 15 Pro,NYC-FifthAve,2024-02-13,841.5797835783554,1.0
APPLE_WEB_00143,AirPods Max,NYC-FifthAve,2024-03-07,4258.813136954288,2.0
APPLE_WEB_00145,MacBook Air M3,Paris-Opera,2024-01-06,1117.8912408420997,2.0
APPLE_WEB_00151,MacBook Air M3,NYC-FifthAve,2024-03-02,1782.8233861021035,1.0
APPLE_WEB_00152,AirPods Max,Paris-Opera,2024-06-21,3864.147573982697,2.0
APPLE_WEB_00153,Apple Watch Ultra,NYC-FifthAve,2024-01-20,3391.1400041192696,1.0
APPLE_WEB_00154,Vision Pro,Sydney-GeorgeSt,2024-02-07,2512.365422321778,1.0
APPLE_WEB_00155,Vision Pro,NYC-FifthAve,2024-01-03,6539.7766668117365,2.0
APPLE_WEB_00156,MacBook Air M3,Paris-Opera,2024-05-17,1659.8830663783658,1.0
APPLE_WEB_00157,iPhone 15 Pro,Sydney-GeorgeSt,2024-03-03,2436.006116355038,1.0
APPLE_WEB_00160,Vision Pro,NYC-FifthAve,2024-02-04,6936.864671322813,2.0
APPLE_WEB_00161,Vision Pro,Sydney-GeorgeSt,2024-04-14,5931.925955350754,2.0
APPLE_WEB_00162,iPad Pro,Tokyo-Ginza,2024-01-05,1361.0410549148485,2.0
APPLE_WEB_00163,MacBook Air M3,NYC-FifthAve,2024-02-11,3783.460962943864,2.0
APPLE_WEB_00164,AirPods Max,Tokyo-Ginza,2024-02-01,3304.1335727555247,2.0
APPLE_WEB_00165,iPhone 15 Pro,NYC-FifthAve,2024-06-01,1948.0621786523134,1.0
APPLE_WEB_00166,iPad Pro,Tokyo-Ginza,2024-04-13,2845.4268320554447,2.0
APPLE_WEB_00167,AirPods Max,Paris-Opera,2024-02-11,3296.234256577411,1.0
APPLE_WEB_00168,Vision Pro,Sydney-GeorgeSt,2024-06-12,1926.7638799602034,1.0
APPLE_WEB_00170,Vision Pro,NYC-FifthAve,2024-03-14,5070.79191418716,2.0
APPLE_WEB_00171,AirPods Max,Paris-Opera,2024-04-18,3873.8843090061687,2.0
APPLE_WEB_00172,MacBook Air M3,Sydney-GeorgeSt,2024-03-16,634.2217301653677,1.0
APPLE_WEB_00173,iPad Pro,London-RegentSt,2024-02-05,2289.6675228234517,1.0
APPLE_WEB_00175,MacBook Air M3,Paris-Opera,2024-04-16,1556.5214263570274,1.0
APPLE_WEB_00176,iPad Pro,Paris-Opera,2024-04-20,1195.643148524237,2.0
APPLE_WEB_00177,MacBook Air M3,Sydney-GeorgeSt,2024-05-12,473.4566784389226,1.0
APPLE_WEB_00178,Vision Pro,Sydney-GeorgeSt,2024-02-20,4142.183547524321,2.0
APPLE_WEB_00180,Vision Pro,NYC-FifthAve,2024-02-26,686.8041199377665,1.0
APPLE_WEB_00181,AirPods Max,NYC-FifthAve,2024-06-23,895.3232423558695,1.0
APPLE_WEB_00182,iPad Pro,NYC-FifthAve,2024-06-02,821.8039542258983,1.0
APPLE_WEB_00183,MacBook Air M3,London-RegentSt,2024-02-07,1525.8804487662253,1.0
APPLE_WEB_00184,Apple Watch Ultra,Tokyo-Ginza,2024-06-19,2614.379206129852,1.0
APPLE_WEB_00186,Apple Watch Ultra,London-RegentSt,2024-05-29,2357.329173434785,2.0
APPLE_WEB_00187,iPhone 15 Pro,NYC-FifthAve,2024-03-24,4730.241887392629,2.0
APPLE_WEB_00188,iPhone 15 Pro,NYC-FifthAve,2024-04-13,3052.56659392014,2.0
APPLE_WEB_00189,Vision Pro,Tokyo-Ginza,2024-05-02,710.0954575980012,2.0
APPLE_WEB_00190,MacBook Air M3,Tokyo-Ginza,2024-01-30,1706.9412618474485,1.0
APPLE_WEB_00191,Vision Pro,London-RegentSt,2024-04-22,5485.056136524371,2.0
APPLE_WEB_00192,iPad Pro,Sydney-GeorgeSt,2024-01-08,5416.501334386462,2.0
APPLE_WEB_00193,iPhone 15 Pro,Paris-Opera,2024-06-10,1046.6572504074093,1.0
APPLE_WEB_00194,iPhone 15 Pro,Sydney-GeorgeSt,2024-05-14,3427.9989380257894,1.0
APPLE_WEB_00199,AirPods Max,Tokyo-Ginza,2024-03-25,2263.021411449937,1.0
APPLE_WEB_00200,AirPods Max,NYC-FifthAve,2024-01-02,4187.700120935726,2.0
APPLE_WEB_00201,Apple Watch Ultra,Paris-Opera,2024-04-28,1260.8679385949442,1.0
APPLE_WEB_00202,AirPods Max,London-RegentSt,2024-05-16,2584.5950564997975,2.0
APPLE_WEB_00203,MacBook Air M3,NYC-FifthAve,2024-04-17,1737.5009390456617,2.0
APPLE_WEB_00204,MacBook Air M3,NYC-FifthAve,2024-05-07,1771.643138100861,1.0
APPLE_WEB_00206,AirPods Max,London-RegentSt,2024-06-02,2302.83254538264,1.0
APPLE_WEB_00207,AirPods Max,London-RegentSt,2024-03-10,4916.83532028907,2.0
APPLE_WEB_00208,iPhone 15 Pro,Sydney-GeorgeSt,2024-01-17,4143.721044966069,2.0
APPLE_WEB_00210,Apple Watch Ultra,London-RegentSt,2024-06-16,3162.062823028114,1.0
APPLE_WEB_00211,MacBook Air M3,NYC-FifthAve,2024-06-21,2370.173593220881,1.0
APPLE_WEB_00212,Apple Watch Ultra,London-RegentSt,2024-03-04,2840.353680401613,2.0
APPLE_WEB_00213,MacBook Air M3,Tokyo-Ginza,2024-02-05,2616.1732873568685,1.0
APPLE_WEB_00214,iPad Pro,NYC-FifthAve,2024-06-12,1440.9262193214608,1.0
APPLE_WEB_00217,MacBook Air M3,Tokyo-Ginza,2024-04-18,2134.412626459859,1.0
APPLE_WEB_00218,iPhone 15 Pro,NYC-FifthAve,2024-02-09,2726.97412662342,1.0
APPLE_WEB_00221,iPhone 15 Pro,Sydney-GeorgeSt,2024-02-18,2378.3807928954293,2.0
APPLE_WEB_00224,AirPods Max,NYC-FifthAve,2024-06-02,3556.724254954767,2.0
APPLE_WEB_00226,iPhone 15 Pro,Sydney-GeorgeSt,2024-03-19,1723.7180979340935,1.0
APPLE_WEB_00228,Vision Pro,NYC-FifthAve,2024-04-12,2975.131473063187,1.0
APPLE_WEB_00229,iPad Pro,London-RegentSt,2024-02-14,1358.0297306711207,1.0
APPLE_WEB_00231,MacBook Air M3,Sydney-GeorgeSt,2024-06-09,5587.474131014615,2.0
APPLE_WEB_00234,Apple Watch Ultra,Sydney-GeorgeSt,2024-03-02,306.54452724326035,1.0
APPLE_WEB_00235,Vision Pro,London-RegentSt,2024-04-30,2086.1517883560946,1.0
APPLE_WEB_00237,Vision Pro,London-RegentSt,2024-03-08,1703.8372832318892,1.0
APPLE_WEB_00239,AirPods Max,Sydney-GeorgeSt,2024-02-06,2419.4113426756453,1.0
APPLE_WEB_00241,iPad Pro,Paris-Opera,2024-02-21,4392.39276328017,2.0
APPLE_WEB_00242,AirPods Max,Tokyo-Ginza,2024-04-26,6612.012157670747,2.0
APPLE_WEB_00243,MacBook Air M3,NYC-FifthAve,2024-06-17,906.3572654888468,1.0
APPLE_WEB_00245,MacBook Air M3,Tokyo-Ginza,2024-03-01,3255.5251943678677,1.0
APPLE_WEB_00246,Vision Pro,Tokyo-Ginza,2024-01-03,2684.263663122788,1.0
APPLE_WEB_00247,Vision Pro,Paris-Opera,2024-03-13,883.2653619522398,1.0
APPLE_WEB_00248,Apple Watch Ultra,Tokyo-Ginza,2024-03-07,437.31064203043394,1.0
APPLE_WEB_00249,iPhone 15 Pro,London-RegentSt,2024-03-16,3124.081029158453,1.0
APPLE_WEB_00252,Vision Pro,Sydney-GeorgeSt,2024-02-09,385.5609964823116,1.0
APPLE_WEB_00253,iPad Pro,London-RegentSt,2024-02-09,3183.9512345282346,1.0
APPLE_WEB_00254,iPhone 15 Pro,Paris-Opera,2024-05-26,1028.8852704709498,1.0
APPLE_WEB_00255,iPhone 15 Pro,Sydney-GeorgeSt,2024-04-16,3051.781457234534,1.0
APPLE_WEB_00256,AirPods Max,Paris-Opera,2024-06-14,2421.074400832212,1.0
APPLE_WEB_00261,Vision Pro,Tokyo-Ginza,2024-03-10,159.57400367968313,1.0
APPLE_WEB_00262,Apple Watch Ultra,Paris-Opera,2024-03-03,1953.0683701384917,1.0
APPLE_WEB_00263,MacBook Air M3,Paris-Opera,2024-05-27,6539.8694311375175,2.0
APPLE_WEB_00264,MacBook Air M3,NYC-FifthAve,2024-05-29,2286.494441221542,2.0
APPLE_WEB_00266,AirPods Max,Paris-Opera,2024-05-04,2655.326672973656,1.0
APPLE_WEB_00267,iPad Pro,Tokyo-Ginza,2024-06-08,5794.997265526152,2.0
APPLE_WEB_00268,iPhone 15 Pro,Paris-Opera,2024-01-29,132.46934707978454,1.0
APPLE_WEB_00269,AirPods Max,Sydney-GeorgeSt,2024-04-28,1650.1742719910064,1.0
APPLE_WEB_00271,AirPods Max,Sydney-GeorgeSt,2024-04-01,3054.343066933827,1.0
APPLE_WEB_00272,iPhone 15 Pro,Tokyo-Ginza,2024-01-06,1543.4810580410322,1.0
APPLE_WEB_00274,MacBook Air M3,Paris-Opera,2024-01-24,804.2103137591616,1.0
APPLE_WEB_00277,Apple Watch Ultra,Sydney-GeorgeSt,2024-06-20,378.3891553038726,2.0
APPLE_WEB_00280,iPad Pro,London-RegentSt,2024-04-26,690.7682358864038,2.0
APPLE_WEB_00282,iPhone 15 Pro,NYC-FifthAve,2024-02-14,4302.138494324106,2.0
APPLE_WEB_00285,Apple Watch Ultra,London-RegentSt,2024-06-08,2496.3069507336304,1.0
APPLE_WEB_00286,AirPods Max,NYC-FifthAve,2024-06-06,3747.376476412955,2.0
APPLE_WEB_00290,Apple Watch Ultra,London-RegentSt,2024-02-10,4413.914881753075,2.0
APPLE_WEB_00293,MacBook Air M3,Paris-Opera,2024-02-10,3306.625237653343,2.0
APPLE_WEB_00294,AirPods Max,Paris-Opera,2024-03-27,404.09303944308687,1.0
APPLE_WEB_00296,Apple Watch Ultra,Tokyo-Ginza,2024-02-01,1485.4747517418332,2.0
APPLE_WEB_00297,iPad Pro,NYC-FifthAve,2024-02-06,199.3020394124834,1.0
APPLE_WEB_00299,AirPods Max,London-RegentSt,2024-06-07,3376.078728422992,2.0
APPLE_WEB_00301,Apple Watch Ultra,NYC-FifthAve,2024-04-05,528.3359501201319,2.0
APPLE_WEB_00303,Vision Pro,London-RegentSt,2024-04-24,1550.1995235635447,1.0
APPLE_WEB_00304,iPhone 15 Pro,Sydney-GeorgeSt,2024-02-09,838.9315769490963,1.0
APPLE_WEB_00305,Apple Watch Ultra,London-RegentSt,2024-03-27,5488.241395418795,2.0
APPLE_WEB_00308,iPhone 15 Pro,NYC-FifthAve,2024-05-02,4254.488738671411,2.0
APPLE_WEB_00309,Apple Watch Ultra,Paris-Opera,2024-06-16,998.9096682027998,1.0
APPLE_WEB_00310,Vision Pro,Tokyo-Ginza,2024-01-10,1855.5677569101858,2.0
APPLE_WEB_00312,Vision Pro,NYC-FifthAve,2024-01-01,3287.184049340592,2.0
APPLE_WEB_00313,Apple Watch Ultra,Sydney-GeorgeSt,2024-06-23,1407.4384480385681,1.0
APPLE_WEB_00314,Vision Pro,Paris-Opera,2024-02-25,5527.266823155498,2.0
APPLE_WEB_00316,iPhone 15 Pro,Sydney-GeorgeSt,2024-02-28,2285.809998240399,1.0
APPLE_WEB_00317,MacBook Air M3,Sydney-GeorgeSt,2024-01-20,4198.680520983048,2.0
APPLE_WEB_00320,AirPods Max,London-RegentSt,2024-04-28,2503.7741704224995,1.0
APPLE_WEB_00321,Vision Pro,Sydney-GeorgeSt,2024-04-11,2591.8953303148533,1.0
APPLE_WEB_00322,Vision Pro,London-RegentSt,2024-06-19,4926.298918004349,2.0
APPLE_WEB_00323,Apple Watch Ultra,NYC-FifthAve,2024-02-16,951.7763687234012,1.0
APPLE_WEB_00324,iPad Pro,NYC-FifthAve,2024-02-02,3266.297103858515,1.0
APPLE_WEB_00325,MacBook Air M3,NYC-FifthAve,2024-03-09,4698.888069368109,2.0
APPLE_WEB_00326,iPhone 15 Pro,NYC-FifthAve,2024-03-03,2345.9386765122313,1.0
APPLE_WEB_00329,AirPods Max,Tokyo-Ginza,2024-01-23,3166.6359391130572,1.0
APPLE_WEB_00330,iPhone 15 Pro,Sydney-GeorgeSt,2024-03-29,2790.0309776828367,2.0
APPLE_WEB_00331,AirPods Max,Paris-Opera,2024-05-26,2184.1331845306004,1.0
APPLE_WEB_00332,Vision Pro,Paris-Opera,2024-02-04,4278.3121014017415,2.0
APPLE_WEB_00333,Vision Pro,London-RegentSt,2024-03-14,2107.3979549528785,1.0
APPLE_WEB_00334,Vision Pro,London-RegentSt,2024-02-17,2817.756158408009,2.0
APPLE_WEB_00335,MacBook Air M3,Sydney-GeorgeSt,2024-01-12,430.82752353537654,2.0
APPLE_WEB_00336,Vision Pro,Tokyo-Ginza,2024-01-15,4168.36176859222,2.0
APPLE_WEB_00338,Apple Watch Ultra,NYC-FifthAve,2024-05-22,3150.9271567612122,1.0
APPLE_WEB_00340,Vision Pro,Paris-Opera,2024-04-26,689.537518094389,1.0
APPLE_WEB_00341,Apple Watch Ultra,London-RegentSt,2024-05-15,6523.543613824208,2.0
APPLE_WEB_00342,iPhone 15 Pro,London-RegentSt,2024-05-11,5084.855544264325,2.0
APPLE_WEB_00344,MacBook Air M3,Sydney-GeorgeSt,2024-06-18,5036.971804009197,2.0
APPLE_WEB_00346,Vision Pro,Sydney-GeorgeSt,2024-05-02,550.6004714414812,2.0
APPLE_WEB_00347,MacBook Air M3,NYC-FifthAve,2024-01-26,3730.280648049351,2.0
APPLE_WEB_00348,MacBook Air M3,NYC-FifthAve,2024-03-12,1514.1659432485949,1.0
APPLE_WEB_00349,Apple Watch Ultra,Paris-Opera,2024-01-19,2759.3709863718145,1.0
APPLE_WEB_00350,iPhone 15 Pro,London-RegentSt,2024-06-12,2378.6431606122555,1.0
APPLE_WEB_00351,iPhone 15 Pro,London-RegentSt,2024-04-17,2105.870520901348,1.0
APPLE_WEB_00353,AirPods Max,Sydney-GeorgeSt,2024-03-18,823.8473744270971,1.0
APPLE_WEB_00355,iPhone 15 Pro,NYC-FifthAve,2024-06-15,1491.5542485114645,1.0
APPLE_WEB_00356,MacBook Air M3,Paris-Opera,2024-01-19,6939.065397552749,2.0
APPLE_WEB_00357,iPhone 15 Pro,Sydney-GeorgeSt,2024-02-05,4156.327820623197,2.0
APPLE_WEB_00359,AirPods Max,Paris-Opera,2024-05-09,725.9167001086694,2.0
APPLE_WEB_00360,Vision Pro,Tokyo-Ginza,2024-02-19,1833.2194320763185,2.0
APPLE_WEB_00361,Apple Watch Ultra,London-RegentSt,2024-03-10,2444.0094959976313,2.0
APPLE_WEB_00362,Vision Pro,Paris-Opera,2024-01-30,2704.244392241986,2.0
APPLE_WEB_00366,Apple Watch Ultra,Paris-Opera,2024-01-05,1474.6946362773685,1.0
APPLE_WEB_00367,iPhone 15 Pro,London-RegentSt,2024-05-29,2966.6522020485395,1.0
APPLE_WEB_00368,iPhone 15 Pro,Paris-Opera,2024-05-21,2912.8479139510205,1.0
APPLE_WEB_00369,iPad Pro,London-RegentSt,2024-03-25,1015.6893605995405,1.0
APPLE_WEB_00371,Vision Pro,Tokyo-Ginza,2024-05-29,6144.289100018735,2.0
APPLE_WEB_00372,Vision Pro,London-RegentSt,2024-02-18,5996.604215201945,2.0
APPLE_WEB_00375,MacBook Air M3,London-RegentSt,2024-01-20,713.7776155045342,1.0
APPLE_WEB_00376,Vision Pro,Paris-Opera,2024-02-02,2067.300491173626,1.0
APPLE_WEB_00377,iPad Pro,Paris-Opera,2024-05-04,2172.072400220794,1.0
APPLE_WEB_00378,AirPods Max,London-RegentSt,2024-04-26,2944.98880718539,2.0
APPLE_WEB_00379,Apple Watch Ultra,Paris-Opera,2024-06-21,3669.1649196671005,2.0
APPLE_WEB_00381,iPad Pro,Sydney-GeorgeSt,2024-06-08,2130.05268407002,2.0
APPLE_WEB_00382,AirPods Max,Tokyo-Ginza,2024-01-31,2159.6041621504546,1.0
APPLE_WEB_00383,MacBook Air M3,Tokyo-Ginza,2024-05-05,775.3068753445701,1.0
APPLE_WEB_00384,iPad Pro,NYC-FifthAve,2024-03-23,2216.7074222435704,1.0
APPLE_WEB_00386,Apple Watch Ultra,Sydney-GeorgeSt,2024-01-17,3691.505143729583,2.0
APPLE_WEB_00388,Apple Watch Ultra,Tokyo-Ginza,2024-01-07,5596.711091546061,2.0
APPLE_WEB_00389,Vision Pro,Sydney-GeorgeSt,2024-03-26,2917.8027080603665,1.0
APPLE_WEB_00390,MacBook Air M3,Sydney-GeorgeSt,2024-03-19,1531.4389738657962,1.0
APPLE_WEB_00391,AirPods Max,Sydney-GeorgeSt,2024-03-05,1182.1194166134537,2.0
APPLE_WEB_00392,AirPods Max,Sydney-GeorgeSt,2024-03-22,1883.6978242209095,2.0
APPLE_WEB_00394,Apple Watch Ultra,Paris-Opera,2024-02-03,2050.969933756266,2.0
APPLE_WEB_00395,Vision Pro,Sydney-GeorgeSt,2024-06-28,3466.3621919454863,2.0
APPLE_WEB_00396,iPhone 15 Pro,NYC-FifthAve,2024-04-14,2774.505752730882,1.0
APPLE_WEB_00397,MacBook Air M3,NYC-FifthAve,2024-01-29,4896.027919023294,2.0
APPLE_WEB_00398,iPad Pro,Paris-Opera,2024-01-21,258.49679600303523,1.0
APPLE_WEB_00400,iPhone 15 Pro,Paris-Opera,2024-03-09,1647.588243179284,1.0
APPLE_WEB_00403,Apple Watch Ultra,Tokyo-Ginza,2024-05-14,1307.499884243513,1.0
APPLE_WEB_00406,Vision Pro,Paris-Opera,2024-02-18,2832.273171260518,2.0
APPLE_WEB_00408,MacBook Air M3,Tokyo-Ginza,2024-05-19,6785.6143609861465,2.0
APPLE_WEB_00409,MacBook Air M3,Paris-Opera,2024-05-23,1766.8722450343096,1.0
APPLE_WEB_00417,MacBook Air M3,Tokyo-Ginza,2024-06-28,2582.1819855826043,1.0
APPLE_WEB_00418,Vision Pro,Sydney-GeorgeSt,2024-02-13,1774.8882183188464,1.0
APPLE_WEB_00421,Apple Watch Ultra,NYC-FifthAve,2024-05-23,1590.9077262985809,1.0
APPLE_WEB_00422,MacBook Air M3,London-RegentSt,2024-03-04,3099.489127504822,1.0
APPLE_WEB_00424,Apple Watch Ultra,Paris-Opera,2024-05-16,4894.338900590627,2.0
APPLE_WEB_00425,Vision Pro,NYC-FifthAve,2024-01-12,5973.842112221402,2.0
APPLE_WEB_00426,iPad Pro,Tokyo-Ginza,2024-01-20,2654.9682826601534,1.0
APPLE_WEB_00427,Apple Watch Ultra,London-RegentSt,2024-04-10,1158.8862062020241,1.0
APPLE_WEB_00429,MacBook Air M3,Sydney-GeorgeSt,2024-04-12,2896.8832057185696,2.0
APPLE_WEB_00430,iPhone 15 Pro,Paris-Opera,2024-06-21,691.402847170915,1.0
APPLE_WEB_00431,MacBook Air M3,Sydney-GeorgeSt,2024-01-03,3075.264525956501,1.0
APPLE_WEB_00432,Vision Pro,London-RegentSt,2024-01-24,4995.838792196281,2.0
APPLE_WEB_00435,Vision Pro,Paris-Opera,2024-06-21,2909.690350034808,1.0
APPLE_WEB_00436,iPhone 15 Pro,Paris-Opera,2024-03-03,2607.6538938630015,1.0
APPLE_WEB_00437,Vision Pro,Paris-Opera,2024-02-26,2829.606506311779,1.0
APPLE_WEB_00440,MacBook Air M3,London-RegentSt,2024-03-01,2109.782746105608,1.0
APPLE_WEB_00442,iPad Pro,London-RegentSt,2024-02-15,3299.0890560386974,1.0
APPLE_WEB_00443,MacBook Air M3,Sydney-GeorgeSt,2024-02-18,5932.63224017679,2.0
APPLE_WEB_00445,Vision Pro,NYC-FifthAve,2024-03-10,3202.37373562631,2.0
APPLE_WEB_00446,iPhone 15 Pro,Paris-Opera,2024-01-31,4370.917507479302,2.0
APPLE_WEB_00448,Vision Pro,London-RegentSt,2024-01-14,1058.1759049320112,1.0
APPLE_WEB_00449,AirPods Max,NYC-FifthAve,2024-02-13,3289.2465381166394,2.0
APPLE_WEB_00450,AirPods Max,NYC-FifthAve,2024-04-16,484.5556652353249,2.0
APPLE_WEB_00453,AirPods Max,NYC-FifthAve,2024-05-21,5837.832849671445,2.0
APPLE_WEB_00454,AirPods Max,London-RegentSt,2024-03-27,6860.172664173041,2.0
APPLE_WEB_00455,iPhone 15 Pro,Paris-Opera,2024-03-25,1268.9466649700141,1.0
APPLE_WEB_00456,iPhone 15 Pro,London-RegentSt,2024-05-06,513.5027950723354,1.0
APPLE_WEB_00457,AirPods Max,Sydney-GeorgeSt,2024-05-31,4866.502671589266,2.0
APPLE_WEB_00459,MacBook Air M3,NYC-FifthAve,2024-04-07,2194.473542104769,1.0
APPLE_WEB_00460,MacBook Air M3,London-RegentSt,2024-02-26,1208.067889496725,2.0
APPLE_WEB_00462,iPad Pro,London-RegentSt,2024-02-28,5562.178709345071,2.0
APPLE_WEB_00465,iPhone 15 Pro,Sydney-GeorgeSt,2024-06-03,6186.381702373306,2.0
APPLE_WEB_00466,Vision Pro,NYC-FifthAve,2024-03-06,3448.415141194749,1.0
APPLE_WEB_00468,iPad Pro,Sydney-GeorgeSt,2024-05-26,2899.4876512227597,1.0
APPLE_WEB_00469,Apple Watch Ultra,Paris-Opera,2024-05-31,815.6929672603122,1.0
APPLE_WEB_00470,Vision Pro,NYC-FifthAve,2024-02-24,4150.979286039002,2.0
APPLE_WEB_00471,iPad Pro,London-RegentSt,2024-01-12,1882.0420633577385,1.0
APPLE_WEB_00473,iPad Pro,Paris-Opera,2024-04-10,809.7928025163911,1.0
APPLE_WEB_00474,Apple Watch Ultra,NYC-FifthAve,2024-01-19,1612.889919901336,1.0
APPLE_WEB_00475,AirPods Max,Sydney-GeorgeSt,2024-03-03,1831.546826953271,1.0
APPLE_WEB_00477,iPad Pro,NYC-FifthAve,2024-03-09,2340.171640729357,1.0
APPLE_WEB_00479,Vision Pro,Paris-Opera,2024-01-09,6819.102808439407,2.0
APPLE_WEB_00480,MacBook Air M3,Tokyo-Ginza,2024-04-30,502.2222607248888,1.0
APPLE_WEB_00481,Apple Watch Ultra,Paris-Opera,2024-05-10,4650.241772081311,2.0
APPLE_WEB_00482,iPad Pro,Sydney-GeorgeSt,2024-06-09,1429.1531377349131,2.0
APPLE_WEB_00483,iPad Pro,London-RegentSt,2024-03-22,3180.062776316423,1.0
APPLE_WEB_00484,Apple Watch Ultra,Sydney-GeorgeSt,2024-01-17,1596.653381321797,1.0
APPLE_WEB_00485,AirPods Max,Paris-Opera,2024-02-02,5944.789579981321,2.0
APPLE_WEB_00489,Apple Watch Ultra,Paris-Opera,2024-05-21,2700.833331542457,1.0
APPLE_WEB_00491,iPad Pro,Tokyo-Ginza,2024-05-30,6372.494506957293,2.0
APPLE_WEB_00492,Vision Pro,Sydney-GeorgeSt,2024-04-09,1635.5771826276537,1.0
APPLE_WEB_00493,iPhone 15 Pro,NYC-FifthAve,2024-03-24,3040.0100112530154,2.0
APPLE_WEB_00494,iPad Pro,NYC-FifthAve,2024-05-29,5244.95377396911,2.0
APPLE_WEB_00495,AirPods Max,Paris-Opera,2024-01-28,3198.2954447399943,1.0
APPLE_WEB_00498,Apple Watch Ultra,NYC-FifthAve,2024-01-09,359.30895274371755,1.0
APPLE_WEB_00500,AirPods Max,NYC-FifthAve,2024-01-02,692.6711682193892,2.0
APPLE_WEB_00501,Vision Pro,Sydney-GeorgeSt,2024-01-16,1276.167692088033,1.0
APPLE_WEB_00503,iPad Pro,Sydney-GeorgeSt,2024-01-20,3772.543944153793,2.0
APPLE_WEB_00504,iPad Pro,Paris-Opera,2024-05-16,516.3242000907403,1.0
APPLE_WEB_00505,Apple Watch Ultra,Sydney-GeorgeSt,2024-01-08,693.9896622919869,2.0
APPLE_WEB_00506,MacBook Air M3,Tokyo-Ginza,2024-04-14,3187.176776187717,2.0
APPLE_WEB_00508,Apple Watch Ultra,Paris-Opera,2024-04-01,4993.75163059638,2.0
APPLE_WEB_00509,iPhone 15 Pro,Tokyo-Ginza,2024-06-10,2780.3486294704526,1.0
APPLE_WEB_00510,iPhone 15 Pro,London-RegentSt,2024-06-01,1035.3916474352075,1.0
APPLE_WEB_00513,Vision Pro,Sydney-GeorgeSt,2024-05-20,1074.9024362888335,1.0
APPLE_WEB_00514,Apple Watch Ultra,Paris-Opera,2024-02-12,154.82779002788936,1.0
APPLE_WEB_00516,iPhone 15 Pro,Sydney-GeorgeSt,2024-03-28,278.58679221577944,1.0
APPLE_WEB_00518,AirPods Max,Tokyo-Ginza,2024-05-26,1792.2519757461998,1.0
APPLE_WEB_00519,Apple Watch Ultra,Tokyo-Ginza,2024-04-17,2109.6904820015616,2.0
APPLE_WEB_00520,iPhone 15 Pro,Sydney-GeorgeSt,2024-01-12,3187.64907861559,1.0
APPLE_WEB_00521,iPad Pro,NYC-FifthAve,2024-01-08,5100.213008978276,2.0
APPLE_WEB_00524,iPhone 15 Pro,Paris-Opera,2024-06-16,439.9997492868769,1.0
APPLE_WEB_00526,AirPods Max,Tokyo-Ginza,2024-02-20,4612.688219534125,2.0
APPLE_WEB_00528,Vision Pro,Sydney-GeorgeSt,2024-01-02,2568.7891969207362,1.0
APPLE_WEB_00529,Vision Pro,NYC-FifthAve,2024-03-21,3856.940764971928,2.0
APPLE_WEB_00532,iPad Pro,Paris-Opera,2024-05-25,2978.686703275986,1.0
APPLE_WEB_00534,iPhone 15 Pro,Paris-Opera,2024-06-04,2819.541747546848,1.0
APPLE_WEB_00535,iPad Pro,London-RegentSt,2024-06-08,462.2040914489413,1.0
APPLE_WEB_00537,iPhone 15 Pro,NYC-FifthAve,2024-06-13,687.1675294852542,1.0
APPLE_WEB_00539,MacBook Air M3,Sydney-GeorgeSt,2024-03-04,4274.964796316667,2.0
APPLE_WEB_00541,iPad Pro,Tokyo-Ginza,2024-04-29,602.6635007390757,1.0
APPLE_WEB_00543,AirPods Max,Tokyo-Ginza,2024-01-06,1524.6862559861243,1.0
APPLE_WEB_00544,AirPods Max,Sydney-GeorgeSt,2024-05-01,3546.1170690768195,2.0
APPLE_WEB_00545,MacBook Air M3,Paris-Opera,2024-05-13,2784.1760468493076,2.0
APPLE_WEB_00547,AirPods Max,Paris-Opera,2024-01-22,233.25986274462247,1.0
APPLE_WEB_00549,iPad Pro,Sydney-GeorgeSt,2024-04-07,5909.821708445062,2.0
APPLE_WEB_00550,iPad Pro,Paris-Opera,2024-01-21,323.27235201071386,1.0
APPLE_WEB_00551,iPad Pro,Sydney-GeorgeSt,2024-01-24,1965.0692059272794,1.0
APPLE_WEB_00552,iPhone 15 Pro,Sydney-GeorgeSt,2024-06-27,2239.409663188985,1.0
APPLE_WEB_00553,iPad Pro,London-RegentSt,2024-05-31,3095.660748441884,1.0
APPLE_WEB_00554,AirPods Max,NYC-FifthAve,2024-01-05,5183.713513517591,2.0
APPLE_WEB_00555,MacBook Air M3,Sydney-GeorgeSt,2024-03-31,3185.3972657733902,1.0
APPLE_WEB_00557,Vision Pro,NYC-FifthAve,2024-01-20,1099.2922861365575,2.0
APPLE_WEB_00558,Apple Watch Ultra,London-RegentSt,2024-05-26,6620.843712383182,2.0
APPLE_WEB_00559,iPhone 15 Pro,Tokyo-Ginza,2024-04-11,5344.147033574509,2.0
APPLE_WEB_00560,Vision Pro,Sydney-GeorgeSt,2024-06-27,2696.2599049428395,1.0
APPLE_WEB_00562,iPhone 15 Pro,Sydney-GeorgeSt,2024-04-25,804.5991173307174,1.0
APPLE_WEB_00566,Vision Pro,Tokyo-Ginza,2024-05-31,1337.8713206553355,1.0
APPLE_WEB_00567,iPhone 15 Pro,London-RegentSt,2024-04-23,5605.475656418043,2.0
APPLE_WEB_00569,iPhone 15 Pro,Paris-Opera,2024-05-12,610.4054682038261,1.0
APPLE_WEB_00572,AirPods Max,London-RegentSt,2024-06-21,1304.5251994771454,1.0
APPLE_WEB_00573,MacBook Air M3,NYC-FifthAve,2024-03-06,938.3436878484948,2.0
APPLE_WEB_00574,MacBook Air M3,London-RegentSt,2024-03-06,945.3192040687906,1.0
APPLE_WEB_00576,Vision Pro,Tokyo-Ginza,2024-02-24,1114.7758569083999,1.0
APPLE_WEB_00577,Vision Pro,NYC-FifthAve,2024-05-24,2094.5777495771094,1.0
APPLE_WEB_00578,iPhone 15 Pro,NYC-FifthAve,2024-01-19,484.93026116150213,2.0
APPLE_WEB_00580,Vision Pro,London-RegentSt,2024-05-27,5794.451623671079,2.0
APPLE_WEB_00582,Apple Watch Ultra,London-RegentSt,2024-01-08,1881.9725370872313,1.0
APPLE_WEB_00584,MacBook Air M3,London-RegentSt,2024-04-02,5303.868878010588,2.0
APPLE_WEB_00585,iPhone 15 Pro,London-RegentSt,2024-03-28,4258.0940424578,2.0
APPLE_WEB_00586,iPad Pro,Paris-Opera,2024-06-05,960.7964392104105,1.0
APPLE_WEB_00587,Apple Watch Ultra,London-RegentSt,2024-06-03,2685.9766127148837,2.0
APPLE_WEB_00588,iPhone 15 Pro,Tokyo-Ginza,2024-05-20,5575.404859770289,2.0
APPLE_WEB_00589,MacBook Air M3,NYC-FifthAve,2024-06-13,1400.56184185596,1.0
APPLE_WEB_00591,iPhone 15 Pro,Sydney-GeorgeSt,2024-01-13,1383.2638181561194,2.0
APPLE_WEB_00592,Vision Pro,NYC-FifthAve,2024-06-23,2693.6973531451385,1.0
APPLE_WEB_00593,MacBook Air M3,Sydney-GeorgeSt,2024-05-19,484.0797879853863,1.0
APPLE_WEB_00594,iPad Pro,NYC-FifthAve,2024-01-28,1342.370070086297,1.0
APPLE_WEB_00595,iPhone 15 Pro,Paris-Opera,2024-04-14,502.99425785194904,1.0
APPLE_WEB_00596,iPhone 15 Pro,London-RegentSt,2024-01-31,1532.6199355160722,1.0
APPLE_WEB_00597,AirPods Max,Sydney-GeorgeSt,2024-04-09,3060.1019054173653,1.0
APPLE_WEB_00598,MacBook Air M3,Paris-Opera,2024-01-07,1124.1659794170764,1.0
APPLE_WEB_00599,Vision Pro,Paris-Opera,2024-05-28,2385.328296964979,2.0
APPLE_WEB_00600,iPhone 15 Pro,NYC-FifthAve,2024-01-13,4161.641221225627,2.0
APPLE_WEB_00601,MacBook Air M3,Sydney-GeorgeSt,2024-02-16,5528.783357448199,2.0
APPLE_WEB_00604,MacBook Air M3,Paris-Opera,2024-06-01,2055.3908255017286,2.0
APPLE_WEB_00605,iPhone 15 Pro,Paris-Opera,2024-04-28,2938.144686450323,2.0
APPLE_WEB_00606,Vision Pro,Tokyo-Ginza,2024-06-18,572.2165595081935,1.0
APPLE_WEB_00607,MacBook Air M3,NYC-FifthAve,2024-06-01,534.098362136342,1.0
APPLE_WEB_00608,AirPods Max,Tokyo-Ginza,2024-01-16,2604.1642979542617,2.0
APPLE_WEB_00609,iPad Pro,NYC-FifthAve,2024-02-20,3954.0949239587076,2.0
APPLE_WEB_00611,MacBook Air M3,London-RegentSt,2024-06-05,6320.328132560725,2.0
APPLE_WEB_00612,Apple Watch Ultra,London-RegentSt,2024-06-20,3448.7219412757104,2.0
APPLE_WEB_00613,MacBook Air M3,Paris-Opera,2024-02-25,3466.0039713902843,1.0
APPLE_WEB_00614,MacBook Air M3,Tokyo-Ginza,2024-01-17,6747.058680706609,2.0
APPLE_WEB_00615,iPad Pro,London-RegentSt,2024-01-25,2217.505505729511,1.0
APPLE_WEB_00616,Apple Watch Ultra,Paris-Opera,2024-04-13,1059.919785166266,1.0
APPLE_WEB_00618,MacBook Air M3,London-RegentSt,2024-06-22,1944.7998404635161,1.0
APPLE_WEB_00619,Vision Pro,Tokyo-Ginza,2024-04-14,3265.1449323328297,1.0
APPLE_WEB_00620,MacBook Air M3,Sydney-GeorgeSt,2024-01-15,3357.2379879613163,1.0
APPLE_WEB_00623,iPhone 15 Pro,NYC-FifthAve,2024-04-17,3502.186957850381,2.0
APPLE_WEB_00624,Apple Watch Ultra,Paris-Opera,2024-04-04,6964.174429251127,2.0
APPLE_WEB_00625,MacBook Air M3,Tokyo-Ginza,2024-02-17,991.9409362322034,2.0
APPLE_WEB_00626,iPad Pro,London-RegentSt,2024-03-29,2048.3490571411394,1.0
APPLE_WEB_00628,iPad Pro,NYC-FifthAve,2024-04-07,2800.045541891852,1.0
APPLE_WEB_00629,MacBook Air M3,Sydney-GeorgeSt,2024-01-08,3772.637964982721,2.0
APPLE_WEB_00630,iPad Pro,NYC-FifthAve,2024-04-03,2734.310070520461,1.0
APPLE_WEB_00631,Vision Pro,Sydney-GeorgeSt,2024-03-26,5524.291185741098,2.0
APPLE_WEB_00635,iPad Pro,London-RegentSt,2024-06-03,1102.5422441238884,1.0
APPLE_WEB_00636,Apple Watch Ultra,Paris-Opera,2024-03-07,280.35107761522545,1.0
APPLE_WEB_00637,MacBook Air M3,Tokyo-Ginza,2024-04-12,477.84497182215824,2.0
APPLE_WEB_00638,AirPods Max,Paris-Opera,2024-04-02,2225.273325190249,1.0
APPLE_WEB_00639,MacBook Air M3,London-RegentSt,2024-01-01,1529.5851292077207,1.0
APPLE_WEB_00641,Apple Watch Ultra,Sydney-GeorgeSt,2024-06-17,3351.798714715968,1.0
APPLE_WEB_00642,Apple Watch Ultra,Tokyo-Ginza,2024-05-28,5105.137705406395,2.0
APPLE_WEB_00644,Apple Watch Ultra,London-RegentSt,2024-01-23,1480.1737395341675,1.0
APPLE_WEB_00645,iPad Pro,NYC-FifthAve,2024-05-15,3927.9688833917967,2.0
APPLE_WEB_00646,iPad Pro,London-RegentSt,2024-03-08,3010.4517794591816,1.0
APPLE_WEB_00648,MacBook Air M3,Tokyo-Ginza,2024-01-04,2466.49285368669,1.0
APPLE_WEB_00651,AirPods Max,Sydney-GeorgeSt,2024-06-14,6816.546818433523,2.0
APPLE_WEB_00654,iPad Pro,Tokyo-Ginza,2024-04-21,6297.314989689657,2.0
APPLE_WEB_00656,iPhone 15 Pro,Sydney-GeorgeSt,2024-02-23,1744.092049804577,2.0
APPLE_WEB_00657,MacBook Air M3,Tokyo-Ginza,2024-02-01,393.3961009887077,1.0
APPLE_WEB_00659,AirPods Max,Tokyo-Ginza,2024-06-01,2156.236573240407,1.0
APPLE_WEB_00660,iPhone 15 Pro,Paris-Opera,2024-02-20,474.4787989040189,1.0
APPLE_WEB_00662,Vision Pro,Sydney-GeorgeSt,2024-06-15,3232.751536095461,1.0
APPLE_WEB_00663,Vision Pro,Sydney-GeorgeSt,2024-03-13,2105.2425121663673,2.0
APPLE_WEB_00665,iPad Pro,NYC-FifthAve,2024-03-05,4780.9126132158235,2.0
APPLE_WEB_00666,MacBook Air M3,Paris-Opera,2024-05-07,678.4290854594617,1.0
APPLE_WEB_00667,iPhone 15 Pro,London-RegentSt,2024-03-18,427.8036100852059,2.0
APPLE_WEB_00668,iPad Pro,Sydney-GeorgeSt,2024-02-28,5941.694332911352,2.0
APPLE_WEB_00669,iPhone 15 Pro,Sydney-GeorgeSt,2024-03-23,1970.4701651823455,1.0
APPLE_WEB_00671,Apple Watch Ultra,Paris-Opera,2024-03-29,2930.7718166123523,2.0
APPLE_WEB_00672,AirPods Max,NYC-FifthAve,2024-04-24,2212.9068854268244,2.0
APPLE_WEB_00674,iPhone 15 Pro,NYC-FifthAve,2024-05-03,339.9366397575871,2.0
APPLE_WEB_00675,iPhone 15 Pro,Paris-Opera,2024-01-27,2196.6445937543913,2.0
APPLE_WEB_00676,Vision Pro,Sydney-GeorgeSt,2024-03-18,2509.4967686075047,2.0
APPLE_WEB_00677,iPad Pro,NYC-FifthAve,2024-04-21,5540.541338342883,2.0
APPLE_WEB_00680,MacBook Air M3,Sydney-GeorgeSt,2024-05-27,1538.7851220246841,1.0
APPLE_WEB_00681,MacBook Air M3,Sydney-GeorgeSt,2024-03-02,1584.9037859934851,1.0
APPLE_WEB_00683,iPhone 15 Pro,Tokyo-Ginza,2024-06-25,1537.3551420323313,2.0
APPLE_WEB_00684,iPad Pro,NYC-FifthAve,2024-04-07,757.0445487292254,2.0
APPLE_WEB_00686,iPhone 15 Pro,Tokyo-Ginza,2024-01-20,4270.724116882991,2.0
APPLE_WEB_00687,Vision Pro,London-RegentSt,2024-04-20,2473.837499698849,1.0
APPLE_WEB_00688,iPhone 15 Pro,London-RegentSt,2024-01-27,179.92300580278086,1.0
APPLE_WEB_00689,Apple Watch Ultra,Tokyo-Ginza,2024-04-09,4787.657701190188,2.0
APPLE_WEB_00690,MacBook Air M3,NYC-FifthAve,2024-06-02,3047.7422852714003,1.0
APPLE_WEB_00691,iPad Pro,Sydney-GeorgeSt,2024-02-17,6625.522384197957,2.0
APPLE_WEB_00692,Apple Watch Ultra,Sydney-GeorgeSt,2024-01-25,2109.1643856386845,1.0
APPLE_WEB_00693,Apple Watch Ultra,NYC-FifthAve,2024-02-18,180.88078499970956,1.0
APPLE_WEB_00694,Vision Pro,London-RegentSt,2024-02-15,6712.096041664929,2.0
APPLE_WEB_00696,Apple Watch Ultra,Paris-Opera,2024-06-01,3128.492175817901,1.0
APPLE_WEB_00697,iPhone 15 Pro,Paris-Opera,2024-05-26,1856.8879486621852,1.0
APPLE_WEB_00700,AirPods Max,Tokyo-Ginza,2024-02-03,364.58094261016436,2.0
APPLE_WEB_00701,Vision Pro,London-RegentSt,2024-03-15,5196.623620058753,2.0
APPLE_WEB_00702,Apple Watch Ultra,Tokyo-Ginza,2024-05-06,1251.3275179841926,1.0
APPLE_WEB_00703,Vision Pro,London-RegentSt,2024-05-10,1083.7370493720164,1.0
APPLE_WEB_00704,Vision Pro,Tokyo-Ginza,2024-01-08,1965.627326202118,2.0
APPLE_WEB_00705,iPhone 15 Pro,NYC-FifthAve,2024-04-16,3139.320683404557,2.0
APPLE_WEB_00706,iPad Pro,London-RegentSt,2024-05-16,1370.6728601188709,1.0
APPLE_WEB_00707,Vision Pro,Paris-Opera,2024-05-02,3030.4280042042296,2.0
APPLE_WEB_00708,Apple Watch Ultra,Sydney-GeorgeSt,2024-04-16,3624.1701289024704,2.0
APPLE_WEB_00709,iPhone 15 Pro,London-RegentSt,2024-05-18,2908.3847098594156,1.0
APPLE_WEB_00710,Vision Pro,Tokyo-Ginza,2024-03-01,2287.05056460327,2.0
APPLE_WEB_00711,Vision Pro,Tokyo-Ginza,2024-02-24,6506.7256385058,2.0
APPLE_WEB_00712,AirPods Max,Sydney-GeorgeSt,2024-02-07,2336.9354179470192,1.0
APPLE_WEB_00714,iPad Pro,Paris-Opera,2024-05-19,1002.310759390832,2.0
APPLE_WEB_00718,Vision Pro,Tokyo-Ginza,2024-04-18,474.65403390669763,1.0
APPLE_WEB_00722,MacBook Air M3,Paris-Opera,2024-05-13,5249.820243548057,2.0
APPLE_WEB_00723,MacBook Air M3,Tokyo-Ginza,2024-05-05,672.792639556643,1.0
APPLE_WEB_00724,MacBook Air M3,Paris-Opera,2024-04-24,942.9791565346676,1.0
APPLE_WEB_00726,AirPods Max,Tokyo-Ginza,2024-06-04,918.265360021746,1.0
APPLE_WEB_00727,MacBook Air M3,Tokyo-Ginza,2024-01-19,3060.32419774719,2.0
APPLE_WEB_00728,iPad Pro,London-RegentSt,2024-06-26,2495.2323441327653,1.0
APPLE_WEB_00731,MacBook Air M3,Tokyo-Ginza,2024-02-18,824.0696236278343,1.0
APPLE_WEB_00732,iPad Pro,NYC-FifthAve,2024-03-02,3335.359636805545,1.0
APPLE_WEB_00733,iPad Pro,Sydney-GeorgeSt,2024-01-29,4795.6810012495425,2.0
APPLE_WEB_00734,iPhone 15 Pro,Paris-Opera,2024-02-23,5074.682192884801,2.0
APPLE_WEB_00735,iPad Pro,NYC-FifthAve,2024-03-26,5330.782102044175,2.0
APPLE_WEB_00736,iPad Pro,Tokyo-Ginza,2024-06-05,2506.6553879404746,2.0
APPLE_WEB_00737,Vision Pro,Sydney-GeorgeSt,2024-05-18,2984.7927441630773,2.0
APPLE_WEB_00739,Apple Watch Ultra,Paris-Opera,2024-03-19,741.4074981788874,1.0
APPLE_WEB_00740,Vision Pro,Sydney-GeorgeSt,2024-03-17,3437.353744296247,1.0
APPLE_WEB_00741,iPad Pro,Tokyo-Ginza,2024-03-07,1818.636458404429,2.0
APPLE_WEB_00742,iPad Pro,Paris-Opera,2024-03-02,5173.042167237953,2.0
APPLE_WEB_00743,Vision Pro,Tokyo-Ginza,2024-04-16,2564.6262250447717,1.0
APPLE_WEB_00744,Apple Watch Ultra,Paris-Opera,2024-05-16,5861.418339936077,2.0
APPLE_WEB_00745,iPhone 15 Pro,Paris-Opera,2024-06-01,5466.736523976874,2.0
APPLE_WEB_00747,iPad Pro,Sydney-GeorgeSt,2024-02-13,601.8936263121454,1.0
APPLE_WEB_00748,MacBook Air M3,Sydney-GeorgeSt,2024-05-13,2361.5709011932195,1.0
APPLE_WEB_00749,Apple Watch Ultra,London-RegentSt,2024-01-21,1998.4770725499186,2.0
APPLE_WEB_00750,MacBook Air M3,Paris-Opera,2024-06-18,2079.5787627052396,1.0
APPLE_WEB_00751,iPhone 15 Pro,Tokyo-Ginza,2024-01-08,5086.516534597587,2.0
APPLE_WEB_00752,iPad Pro,Paris-Opera,2024-05-17,2150.2293314505782,1.0
APPLE_WEB_00753,iPad Pro,Paris-Opera,2024-06-26,4018.4309803157225,2.0
APPLE_WEB_00755,Vision Pro,NYC-FifthAve,2024-03-01,1018.8888884178323,1.0
APPLE_WEB_00756,iPad Pro,Sydney-GeorgeSt,2024-04-19,5824.6853473100455,2.0
APPLE_WEB_00758,iPhone 15 Pro,Paris-Opera,2024-06-09,426.857271337828,1.0
APPLE_WEB_00760,Vision Pro,NYC-FifthAve,2024-05-13,260.36031062800953,1.0
APPLE_WEB_00761,Vision Pro,Sydney-GeorgeSt,2024-04-13,3723.715009662946,2.0
APPLE_WEB_00763,MacBook Air M3,Sydney-GeorgeSt,2024-03-31,3172.425862943934,1.0
APPLE_WEB_00764,AirPods Max,Sydney-GeorgeSt,2024-05-22,3491.0073622452674,1.0
APPLE_WEB_00765,Vision Pro,Tokyo-Ginza,2024-05-28,3368.1072309432566,1.0
APPLE_WEB_00768,MacBook Air M3,Sydney-GeorgeSt,2024-03-25,2027.6423319015973,1.0
APPLE_WEB_00769,iPad Pro,Tokyo-Ginza,2024-05-06,4173.605560446329,2.0
APPLE_WEB_00770,iPad Pro,Tokyo-Ginza,2024-01-20,5025.855780221933,2.0
APPLE_WEB_00771,iPad Pro,Sydney-GeorgeSt,2024-02-28,1380.9076301322932,1.0
APPLE_WEB_00772,Apple Watch Ultra,London-RegentSt,2024-04-22,6870.7346990298865,2.0
APPLE_WEB_00773,MacBook Air M3,Sydney-GeorgeSt,2024-05-18,2127.9431981630078,1.0
APPLE_WEB_00774,Apple Watch Ultra,Sydney-GeorgeSt,2024-03-15,2412.2815387880173,1.0
APPLE_WEB_00775,Vision Pro,NYC-FifthAve,2024-03-29,624.5936450403774,2.0
APPLE_WEB_00776,iPhone 15 Pro,Paris-Opera,2024-03-11,1998.2975819588908,1.0
APPLE_WEB_00778,iPad Pro,Tokyo-Ginza,2024-04-28,193.51820514933962,1.0
APPLE_WEB_00779,Apple Watch Ultra,Tokyo-Ginza,2024-06-14,5907.164531423451,2.0
APPLE_WEB_00780,iPhone 15 Pro,Sydney-GeorgeSt,2024-03-06,6684.82655951917,2.0
APPLE_WEB_00781,iPad Pro,Paris-Opera,2024-03-15,4588.973093581293,2.0
APPLE_WEB_00782,Apple Watch Ultra,NYC-FifthAve,2024-06-06,4993.794987484463,2.0
APPLE_WEB_00783,iPad Pro,Sydney-GeorgeSt,2024-01-07,958.9838833914914,1.0
APPLE_WEB_00785,AirPods Max,NYC-FifthAve,2024-04-28,1609.7270706770962,2.0
APPLE_WEB_00787,Vision Pro,Tokyo-Ginza,2024-06-05,2384.570012875533,1.0
APPLE_WEB_00788,iPad Pro,London-RegentSt,2024-02-27,5578.619503697567,2.0
APPLE_WEB_00789,AirPods Max,Paris-Opera,2024-06-08,630.1997898080119,2.0
APPLE_WEB_00790,iPad Pro,Paris-Opera,2024-02-09,6816.5376179288905,2.0
APPLE_WEB_00791,MacBook Air M3,Paris-Opera,2024-02-25,2254.057773135021,1.0
APPLE_WEB_00792,AirPods Max,Paris-Opera,2024-01-13,2722.115024766736,2.0
APPLE_WEB_00795,Apple Watch Ultra,Tokyo-Ginza,2024-05-31,4171.91182989588,2.0
APPLE_WEB_00798,MacBook Air M3,NYC-FifthAve,2024-06-16,2064.349128054011,1.0
APPLE_WEB_00799,iPhone 15 Pro,NYC-FifthAve,2024-01-13,561.0401163270546,2.0
APPLE_WEB_00800,iPhone 15 Pro,Sydney-GeorgeSt,2024-03-22,1380.8446750441499,1.0
APPLE_WEB_00801,iPad Pro,NYC-FifthAve,2024-03-11,4029.5614790964046,2.0
APPLE_WEB_00803,Apple Watch Ultra,NYC-FifthAve,2024-03-17,6670.73812496924,2.0
APPLE_WEB_00804,AirPods Max,NYC-FifthAve,2024-02-08,6119.14499588,2.0
APPLE_WEB_00805,AirPods Max,Paris-Opera,2024-04-29,2141.263059346725,2.0
APPLE_WEB_00806,Vision Pro,Sydney-GeorgeSt,2024-05-29,6015.7177178420425,2.0
APPLE_WEB_00808,AirPods Max,Tokyo-Ginza,2024-06-25,1367.1067557091274,1.0
APPLE_WEB_00809,Vision Pro,NYC-FifthAve,2024-05-06,1266.8781477374207,1.0
APPLE_WEB_00810,AirPods Max,Paris-Opera,2024-05-29,3074.621876038474,1.0
APPLE_WEB_00811,AirPods Max,Paris-Opera,2024-01-20,3063.1546450029946,1.0
APPLE_WEB_00812,iPhone 15 Pro,Sydney-GeorgeSt,2024-05-22,1282.8073444410747,2.0
APPLE_WEB_00815,Vision Pro,London-RegentSt,2024-04-28,5464.759768175183,2.0
APPLE_WEB_00816,AirPods Max,London-RegentSt,2024-01-13,3715.095390581921,2.0
APPLE_WEB_00817,iPhone 15 Pro,Sydney-GeorgeSt,2024-04-03,5835.707572327076,2.0
APPLE_WEB_00818,Apple Watch Ultra,London-RegentSt,2024-06-28,893.1177914514033,1.0
APPLE_WEB_00819,iPhone 15 Pro,NYC-FifthAve,2024-06-06,1089.7214944857199,2.0
APPLE_WEB_00820,iPad Pro,Tokyo-Ginza,2024-02-13,6515.3048279887125,2.0
APPLE_WEB_00821,AirPods Max,NYC-FifthAve,2024-05-19,1710.4751147672941,2.0
APPLE_WEB_00823,iPad Pro,Tokyo-Ginza,2024-04-24,2187.2973624085803,1.0
APPLE_WEB_00826,MacBook Air M3,Tokyo-Ginza,2024-05-28,1539.6223022411184,1.0
APPLE_WEB_00828,iPad Pro,Sydney-GeorgeSt,2024-04-28,2398.284979736146,2.0
APPLE_WEB_00829,MacBook Air M3,Paris-Opera,2024-02-12,2619.6557089156854,1.0
APPLE_WEB_00830,Apple Watch Ultra,Paris-Opera,2024-04-14,327.3175026065643,2.0
APPLE_WEB_00831,Apple Watch Ultra,Tokyo-Ginza,2024-04-13,2806.4003561663158,1.0
APPLE_WEB_00833,iPad Pro,Paris-Opera,2024-06-14,3293.4179424297445,1.0
APPLE_WEB_00836,iPad Pro,London-RegentSt,2024-04-13,3178.0625714619973,1.0
APPLE_WEB_00837,iPad Pro,NYC-FifthAve,2024-01-27,2241.3578049341504,2.0
APPLE_WEB_00838,MacBook Air M3,London-RegentSt,2024-06-23,6087.847958476461,2.0
APPLE_WEB_00840,iPhone 15 Pro,Sydney-GeorgeSt,2024-05-01,1542.7102749217916,2.0
APPLE_WEB_00842,AirPods Max,NYC-FifthAve,2024-02-15,6660.323763978552,2.0
APPLE_WEB_00843,Apple Watch Ultra,Tokyo-Ginza,2024-04-22,521.884961252698,1.0
APPLE_WEB_00844,iPad Pro,Paris-Opera,2024-05-28,360.2921866132133,2.0
APPLE_WEB_00845,MacBook Air M3,London-RegentSt,2024-02-09,1891.9919797494467,1.0
APPLE_WEB_00846,MacBook Air M3,Sydney-GeorgeSt,2024-03-01,3305.761426377545,1.0
APPLE_WEB_00847,AirPods Max,Sydney-GeorgeSt,2024-04-11,383.97792015685354,1.0
APPLE_WEB_00848,iPad Pro,Paris-Opera,2024-04-13,6295.0042719637695,2.0
APPLE_WEB_00849,AirPods Max,London-RegentSt,2024-06-15,3038.8795112507314,1.0
APPLE_WEB_00852,iPhone 15 Pro,Sydney-GeorgeSt,2024-02-09,2461.0779325402264,1.0
APPLE_WEB_00853,iPhone 15 Pro,Sydney-GeorgeSt,2024-06-18,1187.3467154595103,2.0
APPLE_WEB_00855,Vision Pro,NYC-FifthAve,2024-06-14,2007.1366388092197,1.0
APPLE_WEB_00856,Vision Pro,Sydney-GeorgeSt,2024-03-12,2962.862354057797,1.0
APPLE_WEB_00857,Vision Pro,Paris-Opera,2024-06-11,1425.1393260484488,1.0
APPLE_WEB_00858,AirPods Max,London-RegentSt,2024-06-10,6551.471111029908,2.0
APPLE_WEB_00859,iPhone 15 Pro,Paris-Opera,2024-05-25,1503.1111138592078,1.0
APPLE_WEB_00860,iPad Pro,Paris-Opera,2024-05-07,2537.7185416160974,1.0
APPLE_WEB_00861,iPad Pro,Tokyo-Ginza,2024-03-21,6583.369746363402,2.0
APPLE_WEB_00862,AirPods Max,Paris-Opera,2024-06-24,1984.7355887156696,1.0
APPLE_WEB_00863,Apple Watch Ultra,Tokyo-Ginza,2024-03-05,1387.5532750972168,1.0
APPLE_WEB_00868,Vision Pro,London-RegentSt,2024-01-30,2816.6169924042574,2.0
APPLE_WEB_00869,MacBook Air M3,Paris-Opera,2024-06-15,274.08659715180306,1.0
APPLE_WEB_00872,iPad Pro,Tokyo-Ginza,2024-01-06,1939.6507570616795,2.0
APPLE_WEB_00875,Apple Watch Ultra,NYC-FifthAve,2024-01-03,2834.3801783280696,2.0
APPLE_WEB_00876,iPhone 15 Pro,Tokyo-Ginza,2024-04-22,2351.5351581649725,1.0
APPLE_WEB_00877,Apple Watch Ultra,Sydney-GeorgeSt,2024-06-23,1479.175300797558,2.0
APPLE_WEB_00880,iPad Pro,Tokyo-Ginza,2024-01-10,2358.9919605101336,1.0
APPLE_WEB_00882,MacBook Air M3,London-RegentSt,2024-04-30,2144.4764761409174,2.0
APPLE_WEB_00883,AirPods Max,Tokyo-Ginza,2024-01-18,849.1627370920068,1.0
APPLE_WEB_00885,iPad Pro,London-RegentSt,2024-05-09,1356.0600517853832,1.0
APPLE_WEB_00887,AirPods Max,NYC-FifthAve,2024-02-12,299.4313598876513,1.0
APPLE_WEB_00888,Apple Watch Ultra,London-RegentSt,2024-03-09,1781.7729386111926,2.0
APPLE_WEB_00890,AirPods Max,Sydney-GeorgeSt,2024-05-04,2362.623444086762,1.0
APPLE_WEB_00891,AirPods Max,Tokyo-Ginza,2024-06-28,3522.796590949724,2.0
APPLE_WEB_00892,AirPods Max,Paris-Opera,2024-02-24,1663.8855985746818,2.0
APPLE_WEB_00897,MacBook Air M3,Paris-Opera,2024-01-09,4789.867103786082,2.0
APPLE_WEB_00898,Vision Pro,Sydney-GeorgeSt,2024-03-15,563.285897952142,2.0
APPLE_WEB_00899,iPhone 15 Pro,London-RegentSt,2024-03-17,493.49052077636213,2.0
APPLE_WEB_00900,iPhone 15 Pro,Tokyo-Ginza,2024-06-07,1829.5661129279342,1.0
APPLE_WEB_00901,iPad Pro,London-RegentSt,2024-02-01,6095.524415846606,2.0
APPLE_WEB_00903,Apple Watch Ultra,Sydney-GeorgeSt,2024-04-28,2451.225393131534,1.0
APPLE_WEB_00904,iPhone 15 Pro,NYC-FifthAve,2024-04-04,183.5953390340045,1.0
APPLE_WEB_00906,MacBook Air M3,Tokyo-Ginza,2024-06-02,3045.945231290326,1.0
APPLE_WEB_00907,Vision Pro,NYC-FifthAve,2024-01-27,6754.168104320912,2.0
APPLE_WEB_00909,AirPods Max,NYC-FifthAve,2024-02-11,381.9225981017657,2.0
APPLE_WEB_00911,MacBook Air M3,NYC-FifthAve,2024-01-27,1080.3299675082321,2.0
APPLE_WEB_00912,Apple Watch Ultra,NYC-FifthAve,2024-06-16,3483.281213257582,2.0
APPLE_WEB_00913,Apple Watch Ultra,Paris-Opera,2024-06-24,350.21947548699063,2.0
APPLE_WEB_00916,MacBook Air M3,Sydney-GeorgeSt,2024-01-24,4146.179296837545,2.0
APPLE_WEB_00917,MacBook Air M3,London-RegentSt,2024-05-21,863.769980701723,2.0
APPLE_WEB_00918,Vision Pro,Paris-Opera,2024-06-21,1273.6336623856196,2.0
APPLE_WEB_00919,AirPods Max,NYC-FifthAve,2024-04-05,5547.347655500419,2.0
APPLE_WEB_00920,iPad Pro,Sydney-GeorgeSt,2024-05-30,4399.634140428395,2.0
APPLE_WEB_00921,Vision Pro,Tokyo-Ginza,2024-04-13,863.2939493421272,1.0
APPLE_WEB_00922,AirPods Max,NYC-FifthAve,2024-05-23,183.74040361585898,1.0
APPLE_WEB_00924,AirPods Max,Sydney-GeorgeSt,2024-04-07,2931.2167825881934,1.0
APPLE_WEB_00927,iPhone 15 Pro,Sydney-GeorgeSt,2024-02-04,1949.8090007862538,1.0
APPLE_WEB_00928,AirPods Max,London-RegentSt,2024-01-22,415.6400190987425,1.0
APPLE_WEB_00929,Apple Watch Ultra,Paris-Opera,2024-05-08,1439.0077923439624,1.0
APPLE_WEB_00930,AirPods Max,Tokyo-Ginza,2024-02-23,804.2002345344827,2.0
APPLE_WEB_00931,iPhone 15 Pro,Tokyo-Ginza,2024-02-15,3073.0944418444155,1.0
APPLE_WEB_00932,AirPods Max,London-RegentSt,2024-03-21,2461.582504029191,2.0
APPLE_WEB_00933,iPad Pro,NYC-FifthAve,2024-06-27,4855.9719855793655,2.0
APPLE_WEB_00934,iPhone 15 Pro,Paris-Opera,2024-04-18,561.4581555761365,1.0
APPLE_WEB_00935,AirPods Max,Tokyo-Ginza,2024-04-11,3070.5362506762895,1.0
APPLE_WEB_00937,iPad Pro,London-RegentSt,2024-02-11,5986.725887591604,2.0
APPLE_WEB_00938,iPad Pro,Paris-Opera,2024-05-16,2267.0298845373054,2.0
APPLE_WEB_00939,MacBook Air M3,London-RegentSt,2024-01-11,484.4791505436902,1.0
APPLE_WEB_00941,iPad Pro,Tokyo-Ginza,2024-03-05,2332.375901675825,2.0
APPLE_WEB_00943,iPad Pro,Paris-Opera,2024-04-19,769.0847798619802,1.0
APPLE_WEB_00945,iPad Pro,Paris-Opera,2024-04-27,4990.204240726962,2.0
APPLE_WEB_00946,Vision Pro,Paris-Opera,2024-01-11,2677.5752770936037,1.0
APPLE_WEB_00947,iPhone 15 Pro,Tokyo-Ginza,2024-01-28,1948.9251332633196,2.0
APPLE_WEB_00948,Vision Pro,Paris-Opera,2024-04-06,5756.285787240622,2.0
APPLE_WEB_00949,AirPods Max,Paris-Opera,2024-06-06,334.9227298781608,1.0
APPLE_WEB_00952,MacBook Air M3,London-RegentSt,2024-06-17,2590.759649115349,1.0
APPLE_WEB_00953,iPhone 15 Pro,NYC-FifthAve,2024-02-21,4314.177386792315,2.0
APPLE_WEB_00954,iPad Pro,Paris-Opera,2024-05-24,2898.344116789755,2.0
APPLE_WEB_00955,AirPods Max,NYC-FifthAve,2024-06-26,326.36507880887905,1.0
APPLE_WEB_00956,Apple Watch Ultra,London-RegentSt,2024-02-05,521.530353399146,1.0
APPLE_WEB_00957,Apple Watch Ultra,London-RegentSt,2024-04-30,4830.361308290308,2.0
APPLE_WEB_00958,AirPods Max,Paris-Opera,2024-01-31,3090.452371802122,1.0
APPLE_WEB_00960,Apple Watch Ultra,Paris-Opera,2024-03-06,1611.1963698600139,2.0
APPLE_WEB_00962,Vision Pro,Paris-Opera,2024-03-10,3401.0686411675647,1.0
APPLE_WEB_00965,iPad Pro,NYC-FifthAve,2024-01-29,6880.193375005701,2.0
APPLE_WEB_00966,Vision Pro,Paris-Opera,2024-04-26,2627.3948327349644,2.0
APPLE_WEB_00967,MacBook Air M3,Sydney-GeorgeSt,2024-06-14,2149.184040649875,1.0
APPLE_WEB_00968,iPad Pro,Paris-Opera,2024-01-11,5888.410854115818,2.0
APPLE_WEB_00969,Apple Watch Ultra,London-RegentSt,2024-01-22,1020.2700221684329,1.0
APPLE_WEB_00972,iPad Pro,Sydney-GeorgeSt,2024-02-11,399.68225933470364,2.0
APPLE_WEB_00973,iPad Pro,Tokyo-Ginza,2024-06-05,1958.9037068797575,1.0
APPLE_WEB_00977,iPhone 15 Pro,Sydney-GeorgeSt,2024-03-17,3087.97293828582,1.0
APPLE_WEB_00979,iPhone 15 Pro,NYC-FifthAve,2024-04-19,565.2439645740277,2.0
APPLE_WEB_00983,iPad Pro,Tokyo-Ginza,2024-04-01,4789.907338263268,2.0
APPLE_WEB_00986,MacBook Air M3,London-RegentSt,2024-04-27,1854.8677188639163,2.0
APPLE_WEB_00988,AirPods Max,Tokyo-Ginza,2024-05-26,3203.7272572163447,2.0
APPLE_WEB_00989,iPhone 15 Pro,NYC-FifthAve,2024-06-20,3075.415716041962,1.0
APPLE_WEB_00990,Apple Watch Ultra,London-RegentSt,2024-01-19,2621.7313654616746,1.0
APPLE_WEB_00991,Apple Watch Ultra,Tokyo-Ginza,2024-02-02,1047.8326814430734,1.0
APPLE_WEB_00992,iPad Pro,London-RegentSt,2024-02-06,716.1400407827809,2.0
APPLE_WEB_00993,Vision Pro,Sydney-GeorgeSt,2024-02-07,2327.167123729799,1.0
APPLE_WEB_00994,Apple Watch Ultra,Tokyo-Ginza,2024-01-28,2045.0211013875428,1.0
APPLE_WEB_00995,AirPods Max,London-RegentSt,2024-03-25,577.243022317698,1.0
APPLE_WEB_00998,MacBook Air M3,Paris-Opera,2024-02-14,3437.5265048742795,2.0
APPLE_WEB_01002,MacBook Air M3,NYC-FifthAve,2024-01-28,3202.3037987527637,1.0
APPLE_WEB_01003,AirPods Max,NYC-FifthAve,2024-03-15,2408.3638009992965,2.0
APPLE_WEB_01004,AirPods Max,Tokyo-Ginza,2024-03-06,436.71066457553866,1.0
APPLE_WEB_01006,Apple Watch Ultra,NYC-FifthAve,2024-06-21,6300.913198081129,2.0
APPLE_WEB_01008,iPad Pro,London-RegentSt,2024-05-08,2656.027968441466,1.0
APPLE_WEB_01009,iPhone 15 Pro,London-RegentSt,2024-05-25,1034.8479626517678,1.0
APPLE_WEB_01010,iPad Pro,NYC-FifthAve,2024-03-10,2130.9466989601533,1.0
APPLE_WEB_01011,Apple Watch Ultra,Paris-Opera,2024-01-18,2565.751413487384,1.0
APPLE_WEB_01014,Apple Watch Ultra,Sydney-GeorgeSt,2024-04-02,5702.018106675173,2.0
APPLE_WEB_01015,Vision Pro,Tokyo-Ginza,2024-04-14,5218.0870069404045,2.0
APPLE_WEB_01016,AirPods Max,Sydney-GeorgeSt,2024-04-08,6306.379735705438,2.0
APPLE_WEB_01017,MacBook Air M3,Sydney-GeorgeSt,2024-01-12,6048.413246540217,2.0
APPLE_WEB_01021,AirPods Max,NYC-FifthAve,2024-05-09,2910.5629653565666,2.0
APPLE_WEB_01022,MacBook Air M3,Tokyo-Ginza,2024-03-10,2066.9541325562054,1.0
APPLE_WEB_01023,Vision Pro,Tokyo-Ginza,2024-03-09,1569.5621999217421,1.0
APPLE_WEB_01024,Apple Watch Ultra,NYC-FifthAve,2024-03-02,151.96553192343177,1.0
APPLE_WEB_01025,iPad Pro,NYC-FifthAve,2024-01-14,5321.619950279189,2.0
APPLE_WEB_01027,iPad Pro,Paris-Opera,2024-03-20,5733.513481014657,2.0
APPLE_WEB_01028,MacBook Air M3,Tokyo-Ginza,2024-01-07,3937.52461450266,2.0
APPLE_WEB_01030,MacBook Air M3,Tokyo-Ginza,2024-06-22,1234.8994438316581,1.0
APPLE_WEB_01031,Vision Pro,Tokyo-Ginza,2024-05-10,533.2414136333682,1.0
APPLE_WEB_01038,iPad Pro,Sydney-GeorgeSt,2024-06-24,3702.9059234192337,2.0
APPLE_WEB_01040,MacBook Air M3,Paris-Opera,2024-01-24,2704.5043443220948,2.0
APPLE_WEB_01042,Vision Pro,Tokyo-Ginza,2024-03-19,3035.6132299433425,1.0
APPLE_WEB_01043,Vision Pro,Sydney-GeorgeSt,2024-04-05,6077.886260407838,2.0
APPLE_WEB_01044,Vision Pro,Paris-Opera,2024-03-19,1963.1472257413952,1.0
APPLE_WEB_01045,iPhone 15 Pro,Sydney-GeorgeSt,2024-06-07,1414.5595140193805,2.0
APPLE_WEB_01046,AirPods Max,NYC-FifthAve,2024-05-09,683.495588061694,2.0
APPLE_WEB_01047,AirPods Max,Sydney-GeorgeSt,2024-03-24,3058.1192694484043,1.0
APPLE_WEB_01048,iPhone 15 Pro,London-RegentSt,2024-02-19,2884.3907848861186,1.0
APPLE_WEB_01049,AirPods Max,Paris-Opera,2024-05-09,1672.5564378876372,1.0
APPLE_WEB_01050,Apple Watch Ultra,Sydney-GeorgeSt,2024-03-09,2420.559618133946,2.0
APPLE_WEB_01051,MacBook Air M3,NYC-FifthAve,2024-06-18,1291.7067505457878,1.0
APPLE_WEB_01052,AirPods Max,London-RegentSt,2024-01-22,3990.7699898713104,2.0
APPLE_WEB_01053,iPhone 15 Pro,NYC-FifthAve,2024-03-11,2598.7354613082703,1.0
APPLE_WEB_01054,iPad Pro,Tokyo-Ginza,2024-03-22,530.5040646266823,1.0
APPLE_WEB_01056,MacBook Air M3,London-RegentSt,2024-03-27,6959.786240101718,2.0
APPLE_WEB_01058,MacBook Air M3,NYC-FifthAve,2024-06-18,1625.8980811800952,1.0
APPLE_WEB_01061,iPad Pro,NYC-FifthAve,2024-03-18,3037.048466132033,1.0
APPLE_WEB_01065,iPhone 15 Pro,Tokyo-Ginza,2024-06-05,6161.599194499289,2.0
APPLE_WEB_01066,MacBook Air M3,London-RegentSt,2024-04-21,488.9183724879654,1.0
APPLE_WEB_01068,AirPods Max,London-RegentSt,2024-02-04,1084.758701915749,1.0
APPLE_WEB_01069,iPad Pro,NYC-FifthAve,2024-06-13,2896.6130208662034,1.0
APPLE_WEB_01070,Vision Pro,Sydney-GeorgeSt,2024-05-02,1922.5182655253557,2.0
APPLE_WEB_01071,iPad Pro,London-RegentSt,2024-04-09,844.4026124231527,1.0
APPLE_WEB_01072,Apple Watch Ultra,Sydney-GeorgeSt,2024-06-20,2891.1358103755633,1.0
APPLE_WEB_01076,AirPods Max,London-RegentSt,2024-01-23,872.1146126505038,1.0
APPLE_WEB_01078,MacBook Air M3,Sydney-GeorgeSt,2024-03-09,3003.361913589939,1.0
APPLE_WEB_01080,MacBook Air M3,Sydney-GeorgeSt,2024-03-27,1283.5319490735142,1.0
APPLE_WEB_01081,MacBook Air M3,London-RegentSt,2024-01-03,3290.2761503446022,1.0
APPLE_WEB_01082,Vision Pro,Paris-Opera,2024-01-14,361.65447739133344,1.0
APPLE_WEB_01083,AirPods Max,Paris-Opera,2024-06-06,4431.1926181982135,2.0
APPLE_WEB_01088,AirPods Max,Tokyo-Ginza,2024-06-24,6011.631659863095,2.0
APPLE_WEB_01089,iPhone 15 Pro,NYC-FifthAve,2024-04-19,1620.4869507783249,2.0
APPLE_WEB_01091,iPad Pro,London-RegentSt,2024-04-03,504.71350801669513,1.0
APPLE_WEB_01092,AirPods Max,London-RegentSt,2024-05-31,1971.3023827039406,1.0
APPLE_WEB_01093,MacBook Air M3,Sydney-GeorgeSt,2024-04-10,787.6934612415076,1.0
APPLE_WEB_01094,iPad Pro,London-RegentSt,2024-05-11,2765.8343984499184,2.0
APPLE_WEB_01095,AirPods Max,NYC-FifthAve,2024-04-17,2094.14076503617,1.0
APPLE_WEB_01096,Apple Watch Ultra,London-RegentSt,2024-01-19,3622.6009017105766,2.0
APPLE_WEB_01097,MacBook Air M3,NYC-FifthAve,2024-04-01,3114.210608334424,2.0
APPLE_WEB_01098,iPhone 15 Pro,Tokyo-Ginza,2024-02-11,3554.186219028169,2.0
APPLE_WEB_01099,iPad Pro,Tokyo-Ginza,2024-03-03,2697.5283588021425,1.0
APPLE_WEB_01100,AirPods Max,Paris-Opera,2024-02-21,5976.699759498224,2.0
APPLE_WEB_01101,Vision Pro,Sydney-GeorgeSt,2024-05-23,4458.437914478367,2.0
APPLE_WEB_01104,iPhone 15 Pro,London-RegentSt,2024-06-09,1967.995414899897,1.0
APPLE_WEB_01105,MacBook Air M3,Sydney-GeorgeSt,2024-03-08,1411.223954111531,1.0
APPLE_WEB_01106,MacBook Air M3,Paris-Opera,2024-02-18,4390.643880834341,2.0
APPLE_WEB_01107,Apple Watch Ultra,London-RegentSt,2024-05-05,3868.1765339602516,2.0
APPLE_WEB_01108,MacBook Air M3,London-RegentSt,2024-06-16,1850.9714040618592,1.0
APPLE_WEB_01111,MacBook Air M3,Tokyo-Ginza,2024-01-16,5446.092238056767,2.0
APPLE_WEB_01113,iPad Pro,Tokyo-Ginza,2024-04-26,5933.800253138868,2.0
APPLE_WEB_01115,AirPods Max,Sydney-GeorgeSt,2024-05-01,741.7254900618316,1.0
APPLE_WEB_01116,AirPods Max,London-RegentSt,2024-01-17,1060.7780518090676,2.0
APPLE_WEB_01117,AirPods Max,London-RegentSt,2024-03-12,1214.3675936096092,1.0
APPLE_WEB_01118,Vision Pro,Paris-Opera,2024-01-10,2322.245558411103,2.0
APPLE_WEB_01119,iPhone 15 Pro,London-RegentSt,2024-01-10,441.44891243060954,1.0
APPLE_WEB_01120,Apple Watch Ultra,Paris-Opera,2024-01-01,5595.347522383215,2.0
APPLE_WEB_01121,MacBook Air M3,Paris-Opera,2024-04-30,689.2804632784912,1.0
APPLE_WEB_01122,Vision Pro,London-RegentSt,2024-03-14,1094.4836583908595,2.0
APPLE_WEB_01123,iPhone 15 Pro,Paris-Opera,2024-05-06,2471.31826741592,2.0
APPLE_WEB_01124,MacBook Air M3,Paris-Opera,2024-02-22,1910.5727554438588,1.0
APPLE_WEB_01125,AirPods Max,Paris-Opera,2024-04-15,5684.875438208939,2.0
APPLE_WEB_01126,Apple Watch Ultra,Sydney-GeorgeSt,2024-03-26,6027.44724477985,2.0
APPLE_WEB_01130,Vision Pro,NYC-FifthAve,2024-03-25,3406.1948843940304,1.0
APPLE_WEB_01131,Apple Watch Ultra,Paris-Opera,2024-02-26,3516.7770936198576,2.0
APPLE_WEB_01132,MacBook Air M3,London-RegentSt,2024-06-28,1027.958314106008,2.0
APPLE_WEB_01133,Vision Pro,Paris-Opera,2024-02-26,1700.2735587488053,1.0
APPLE_WEB_01135,Vision Pro,Sydney-GeorgeSt,2024-04-23,527.0778694796832,2.0
APPLE_WEB_01137,MacBook Air M3,London-RegentSt,2024-05-18,928.5940682037817,2.0
APPLE_WEB_01138,Apple Watch Ultra,NYC-FifthAve,2024-02-09,6088.579209790155,2.0
APPLE_WEB_01139,iPad Pro,London-RegentSt,2024-01-19,4509.392631963463,2.0
APPLE_WEB_01140,iPhone 15 Pro,Sydney-GeorgeSt,2024-02-03,1402.1770173876507,2.0
APPLE_WEB_01142,MacBook Air M3,Tokyo-Ginza,2024-04-13,2397.200849187946,2.0
APPLE_WEB_01143,MacBook Air M3,Paris-Opera,2024-04-17,2662.4675544916363,1.0
APPLE_WEB_01144,MacBook Air M3,Sydney-GeorgeSt,2024-05-06,6058.901118857086,2.0
APPLE_WEB_01146,MacBook Air M3,Tokyo-Ginza,2024-01-05,2997.247456508886,2.0
APPLE_WEB_01148,Apple Watch Ultra,Tokyo-Ginza,2024-06-08,3191.745297305826,1.0
APPLE_WEB_01149,AirPods Max,London-RegentSt,2024-04-17,1386.0094458603282,1.0
APPLE_WEB_01150,iPad Pro,Sydney-GeorgeSt,2024-06-16,6967.743924426939,2.0
APPLE_WEB_01152,Apple Watch Ultra,NYC-FifthAve,2024-04-10,245.03350989207007,1.0
APPLE_WEB_01153,AirPods Max,Tokyo-Ginza,2024-01-28,3886.5673081608934,2.0
APPLE_WEB_01154,MacBook Air M3,Sydney-GeorgeSt,2024-04-15,6562.558860360963,2.0
APPLE_WEB_01156,Vision Pro,NYC-FifthAve,2024-06-19,3241.7505025423293,1.0
APPLE_WEB_01157,Apple Watch Ultra,London-RegentSt,2024-02-20,687.9753091492496,2.0
APPLE_WEB_01158,Apple Watch Ultra,NYC-FifthAve,2024-02-05,6883.061968198684,2.0
APPLE_WEB_01159,MacBook Air M3,Sydney-GeorgeSt,2024-03-01,2831.201367685956,1.0
APPLE_WEB_01161,Apple Watch Ultra,London-RegentSt,2024-01-28,4357.34467940585,2.0
APPLE_WEB_01162,iPhone 15 Pro,London-RegentSt,2024-06-15,2279.5241389684666,2.0
APPLE_WEB_01163,Vision Pro,London-RegentSt,2024-06-22,3343.795366104025,1.0
APPLE_WEB_01165,Vision Pro,NYC-FifthAve,2024-05-09,1080.397621290127,1.0
APPLE_WEB_01166,iPad Pro,Tokyo-Ginza,2024-02-17,3681.5741834491914,2.0
APPLE_WEB_01167,AirPods Max,NYC-FifthAve,2024-03-20,3016.535128567104,1.0
APPLE_WEB_01168,iPad Pro,Paris-Opera,2024-06-06,3247.6169486599083,2.0
APPLE_WEB_01169,Apple Watch Ultra,NYC-FifthAve,2024-05-03,2451.3380749707053,1.0
APPLE_WEB_01171,AirPods Max,Paris-Opera,2024-05-30,662.9698853299831,1.0
APPLE_WEB_01172,Vision Pro,Tokyo-Ginza,2024-03-17,1109.254998760433,1.0
APPLE_WEB_01173,Apple Watch Ultra,Paris-Opera,2024-04-09,778.31945616018,1.0
APPLE_WEB_01174,Apple Watch Ultra,Sydney-GeorgeSt,2024-06-20,1718.3808507080319,1.0
APPLE_WEB_01175,iPhone 15 Pro,London-RegentSt,2024-01-10,3296.545136624839,1.0
APPLE_WEB_01177,Vision Pro,NYC-FifthAve,2024-04-01,2506.9235771230674,1.0
APPLE_WEB_01178,MacBook Air M3,Sydney-GeorgeSt,2024-05-24,2709.9765944827313,1.0
APPLE_WEB_01181,MacBook Air M3,Paris-Opera,2024-05-01,1587.6705339626706,1.0
APPLE_WEB_01182,Vision Pro,Paris-Opera,2024-01-21,3119.620684198114,1.0
APPLE_WEB_01183,AirPods Max,Paris-Opera,2024-01-25,598.4198246601161,2.0
APPLE_WEB_01184,iPad Pro,Sydney-GeorgeSt,2024-02-26,3440.9548828903685,2.0
APPLE_WEB_01185,iPad Pro,Sydney-GeorgeSt,2024-06-18,2518.335093169899,1.0
APPLE_WEB_01186,Apple Watch Ultra,Paris-Opera,2024-02-24,3274.499503414857,2.0
APPLE_WEB_01188,MacBook Air M3,Sydney-GeorgeSt,2024-03-21,1000.8558927906882,1.0
APPLE_WEB_01189,iPad Pro,London-RegentSt,2024-02-11,6650.010785797314,2.0
APPLE_WEB_01192,Apple Watch Ultra,Paris-Opera,2024-06-06,1398.151164497912,2.0
APPLE_WEB_01195,iPhone 15 Pro,Paris-Opera,2024-02-01,175.03988003595373,1.0
APPLE_WEB_01197,iPhone 15 Pro,Sydney-GeorgeSt,2024-06-25,2535.9956501666957,2.0
APPLE_WEB_01199,iPhone 15 Pro,Tokyo-Ginza,2024-01-18,3387.683894263723,1.0
APPLE_WEB_01201,iPhone 15 Pro,Tokyo-Ginza,2024-05-16,1143.7194604445094,2.0
APPLE_WEB_01202,Vision Pro,Sydney-GeorgeSt,2024-03-22,1096.6035173817622,2.0
APPLE_WEB_01203,Apple Watch Ultra,Paris-Opera,2024-06-01,4909.429813176734,2.0
APPLE_WEB_01204,AirPods Max,Paris-Opera,2024-01-23,3803.8736493153933,2.0
APPLE_WEB_01206,Vision Pro,London-RegentSt,2024-06-26,3567.4732003884533,2.0
APPLE_WEB_01208,iPad Pro,NYC-FifthAve,2024-03-02,6885.716779111887,2.0
APPLE_WEB_01210,Vision Pro,Paris-Opera,2024-06-10,6906.925086593457,2.0
APPLE_WEB_01212,AirPods Max,NYC-FifthAve,2024-04-02,1060.2035922837708,2.0
APPLE_WEB_01213,Apple Watch Ultra,NYC-FifthAve,2024-03-28,6173.645285299697,2.0
APPLE_WEB_01214,AirPods Max,Tokyo-Ginza,2024-05-16,2691.306106131944,1.0
APPLE_WEB_01215,iPad Pro,Tokyo-Ginza,2024-05-31,598.5066556140163,1.0
APPLE_WEB_01218,iPhone 15 Pro,NYC-FifthAve,2024-04-08,2682.2132826434768,2.0
APPLE_WEB_01219,iPad Pro,Paris-Opera,2024-02-21,162.11885216018504,1.0
APPLE_WEB_01220,Apple Watch Ultra,Tokyo-Ginza,2024-03-07,5422.494486404954,2.0
APPLE_WEB_01222,iPhone 15 Pro,London-RegentSt,2024-01-13,480.87979520865775,1.0
APPLE_WEB_01223,iPad Pro,Tokyo-Ginza,2024-06-21,5325.119622575929,2.0
APPLE_WEB_01224,MacBook Air M3,Sydney-GeorgeSt,2024-03-11,2507.654264250437,2.0
APPLE_WEB_01225,AirPods Max,Tokyo-Ginza,2024-01-31,2536.7291346950847,1.0
APPLE_WEB_01226,iPhone 15 Pro,Paris-Opera,2024-06-08,2256.038543395592,2.0
APPLE_WEB_01227,AirPods Max,NYC-FifthAve,2024-02-08,998.8227574944076,1.0
APPLE_WEB_01229,AirPods Max,Sydney-GeorgeSt,2024-04-22,2716.366761697318,1.0
APPLE_WEB_01231,MacBook Air M3,London-RegentSt,2024-03-04,416.3543112313528,1.0
APPLE_WEB_01233,iPad Pro,NYC-FifthAve,2024-05-20,1775.3881119036664,1.0
APPLE_WEB_01234,AirPods Max,Paris-Opera,2024-02-14,2318.0037427709613,1.0
APPLE_WEB_01238,Apple Watch Ultra,Sydney-GeorgeSt,2024-01-03,1278.0418511768714,1.0
APPLE_WEB_01239,AirPods Max,NYC-FifthAve,2024-06-03,212.0516436244074,1.0
APPLE_WEB_01240,iPad Pro,Paris-Opera,2024-03-31,3412.860476851662,1.0
APPLE_WEB_01241,Apple Watch Ultra,Tokyo-Ginza,2024-04-08,2307.0644764253752,1.0
APPLE_WEB_01242,iPad Pro,Tokyo-Ginza,2024-03-24,5433.4866908912145,2.0
APPLE_WEB_01243,MacBook Air M3,NYC-FifthAve,2024-03-09,5827.870700187742,2.0
APPLE_WEB_01244,Apple Watch Ultra,London-RegentSt,2024-01-10,3419.228093698535,2.0
APPLE_WEB_01245,iPad Pro,NYC-FifthAve,2024-03-10,3798.645102397862,2.0
APPLE_WEB_01247,AirPods Max,NYC-FifthAve,2024-05-02,1192.8027815229025,1.0
APPLE_WEB_01249,Vision Pro,London-RegentSt,2024-03-30,3058.7172543442107,1.0
APPLE_WEB_01250,AirPods Max,NYC-FifthAve,2024-01-08,591.4554840988555,1.0
APPLE_WEB_01253,MacBook Air M3,London-RegentSt,2024-04-03,1905.1590273799397,1.0
APPLE_WEB_01256,iPad Pro,NYC-FifthAve,2024-03-13,4118.471664870014,2.0
APPLE_WEB_01257,Apple Watch Ultra,Tokyo-Ginza,2024-02-18,6772.607111061665,2.0
APPLE_WEB_01259,iPhone 15 Pro,NYC-FifthAve,2024-03-06,1085.3990680500206,1.0
APPLE_WEB_01260,iPhone 15 Pro,Paris-Opera,2024-06-18,4435.100539273155,2.0
APPLE_WEB_01262,Vision Pro,Paris-Opera,2024-01-02,367.5671393576579,1.0
APPLE_WEB_01263,iPhone 15 Pro,NYC-FifthAve,2024-03-05,1804.6623872173857,1.0
APPLE_WEB_01265,iPhone 15 Pro,Sydney-GeorgeSt,2024-06-02,1844.48318519493,2.0
APPLE_WEB_01266,iPad Pro,Paris-Opera,2024-01-28,615.0888711680088,1.0
APPLE_WEB_01267,MacBook Air M3,NYC-FifthAve,2024-01-15,982.8885740548571,1.0
APPLE_WEB_01268,AirPods Max,Tokyo-Ginza,2024-03-08,2935.1779251975454,1.0
APPLE_WEB_01270,MacBook Air M3,NYC-FifthAve,2024-01-07,2936.325469481406,1.0
APPLE_WEB_01272,iPhone 15 Pro,Sydney-GeorgeSt,2024-01-28,3310.4338492005486,2.0
APPLE_WEB_01273,iPhone 15 Pro,Paris-Opera,2024-02-23,763.5795089706486,1.0
APPLE_WEB_01274,iPad Pro,Sydney-GeorgeSt,2024-03-05,963.4113679352829,2.0
APPLE_WEB_01275,Apple Watch Ultra,Sydney-GeorgeSt,2024-04-10,3306.9519570522834,2.0
APPLE_WEB_01276,MacBook Air M3,NYC-FifthAve,2024-06-26,842.9171103980358,2.0
APPLE_WEB_01278,iPhone 15 Pro,Tokyo-Ginza,2024-06-07,709.3055056576434,1.0
APPLE_WEB_01280,MacBook Air M3,Paris-Opera,2024-06-27,2439.6463950237217,1.0
APPLE_WEB_01281,Apple Watch Ultra,Paris-Opera,2024-03-22,882.5745287012803,1.0
APPLE_WEB_01282,iPhone 15 Pro,Sydney-GeorgeSt,2024-04-08,3157.162014332609,2.0
APPLE_WEB_01283,AirPods Max,Sydney-GeorgeSt,2024-03-21,6567.830042482245,2.0
APPLE_WEB_01284,iPhone 15 Pro,London-RegentSt,2024-04-09,5228.287915218803,2.0
APPLE_WEB_01286,MacBook Air M3,London-RegentSt,2024-01-04,2795.8930374441256,1.0
APPLE_WEB_01288,MacBook Air M3,Sydney-GeorgeSt,2024-04-11,6112.046079496546,2.0
APPLE_WEB_01289,iPhone 15 Pro,NYC-FifthAve,2024-04-21,6408.957881192164,2.0
APPLE_WEB_01290,Apple Watch Ultra,Paris-Opera,2024-04-06,387.8014560462936,1.0
APPLE_WEB_01293,MacBook Air M3,NYC-FifthAve,2024-01-30,1694.9944975627704,2.0
APPLE_WEB_01294,AirPods Max,Tokyo-Ginza,2024-01-25,3436.2618363931138,1.0
APPLE_WEB_01295,AirPods Max,London-RegentSt,2024-05-16,6904.831613692103,2.0
APPLE_WEB_01296,MacBook Air M3,London-RegentSt,2024-02-16,319.82812836237053,1.0
APPLE_WEB_01297,iPad Pro,London-RegentSt,2024-02-13,2969.7262758773845,1.0
APPLE_WEB_01299,Vision Pro,NYC-FifthAve,2024-01-26,3862.5484027352372,2.0
APPLE_WEB_01300,Apple Watch Ultra,London-RegentSt,2024-02-18,1585.0667506745017,1.0
APPLE_WEB_01301,MacBook Air M3,London-RegentSt,2024-04-07,2538.3910153694887,1.0
APPLE_WEB_01303,iPad Pro,NYC-FifthAve,2024-04-20,4450.1505252327115,2.0
APPLE_WEB_01306,iPad Pro,NYC-FifthAve,2024-06-17,801.7490818139221,1.0
APPLE_WEB_01308,iPhone 15 Pro,Sydney-GeorgeSt,2024-04-26,1678.543290157568,2.0
APPLE_WEB_01309,iPad Pro,NYC-FifthAve,2024-06-04,2143.021322358194,1.0
APPLE_WEB_01311,iPhone 15 Pro,NYC-FifthAve,2024-06-24,4990.036500801507,2.0
APPLE_WEB_01313,Vision Pro,NYC-FifthAve,2024-03-14,2131.239639279348,1.0
APPLE_WEB_01314,Apple Watch Ultra,London-RegentSt,2024-01-06,972.6467010752709,1.0
APPLE_WEB_01317,Vision Pro,Tokyo-Ginza,2024-02-03,3004.0419393374973,1.0
APPLE_WEB_01319,AirPods Max,Paris-Opera,2024-04-25,497.9555736525097,1.0
APPLE_WEB_01320,Apple Watch Ultra,Tokyo-Ginza,2024-05-08,956.1815387561956,1.0
APPLE_WEB_01321,AirPods Max,London-RegentSt,2024-02-10,1519.725697037733,1.0
APPLE_WEB_01322,iPad Pro,Paris-Opera,2024-05-29,1500.247713786416,1.0
APPLE_WEB_01323,MacBook Air M3,Paris-Opera,2024-05-22,2826.80667427714,1.0
APPLE_WEB_01324,MacBook Air M3,Tokyo-Ginza,2024-06-08,390.4509937137542,2.0
APPLE_WEB_01325,AirPods Max,London-RegentSt,2024-04-24,152.89940904963024,1.0
APPLE_WEB_01326,AirPods Max,NYC-FifthAve,2024-02-17,2319.8815629227497,1.0
APPLE_WEB_01329,Apple Watch Ultra,London-RegentSt,2024-05-02,400.85711610826775,1.0
APPLE_WEB_01331,iPhone 15 Pro,Tokyo-Ginza,2024-04-08,2206.8732542209773,2.0
APPLE_WEB_01334,Apple Watch Ultra,Sydney-GeorgeSt,2024-02-27,295.8575620967292,1.0
APPLE_WEB_01337,iPad Pro,Sydney-GeorgeSt,2024-01-05,5779.638589570312,2.0
APPLE_WEB_01338,Vision Pro,Paris-Opera,2024-02-04,2177.21333810521,1.0
APPLE_WEB_01341,Apple Watch Ultra,London-RegentSt,2024-01-16,3768.7458827362243,2.0
APPLE_WEB_01344,iPhone 15 Pro,London-RegentSt,2024-03-14,2105.8656139113027,2.0
APPLE_WEB_01347,iPhone 15 Pro,Tokyo-Ginza,2024-02-26,5748.572877614682,2.0
APPLE_WEB_01348,AirPods Max,Sydney-GeorgeSt,2024-01-19,3868.543660873641,2.0
APPLE_WEB_01349,iPhone 15 Pro,NYC-FifthAve,2024-01-18,3562.7061786222425,2.0
APPLE_WEB_01350,AirPods Max,Tokyo-Ginza,2024-03-10,3573.5948820237313,2.0
APPLE_WEB_01351,iPad Pro,Sydney-GeorgeSt,2024-03-28,1254.7334981752638,1.0
APPLE_WEB_01352,iPad Pro,NYC-FifthAve,2024-05-06,5504.607461706635,2.0
APPLE_WEB_01353,AirPods Max,NYC-FifthAve,2024-02-04,2215.0391073714295,2.0
APPLE_WEB_01354,Vision Pro,NYC-FifthAve,2024-02-01,2473.8432597169926,2.0
APPLE_WEB_01355,AirPods Max,Paris-Opera,2024-05-16,1058.9475508897222,1.0
APPLE_WEB_01356,iPhone 15 Pro,NYC-FifthAve,2024-04-12,929.5772490933845,1.0
APPLE_WEB_01357,Vision Pro,NYC-FifthAve,2024-01-26,1639.5600292466388,2.0
APPLE_WEB_01359,MacBook Air M3,Paris-Opera,2024-05-21,2157.3141416723593,2.0
APPLE_WEB_01360,iPad Pro,NYC-FifthAve,2024-03-31,1091.6763331367474,2.0
APPLE_WEB_01361,iPhone 15 Pro,London-RegentSt,2024-02-06,491.5457841464751,2.0
APPLE_WEB_01364,iPad Pro,Paris-Opera,2024-05-26,2160.592301933295,1.0
APPLE_WEB_01365,Apple Watch Ultra,London-RegentSt,2024-04-16,1610.8045612389594,2.0
APPLE_WEB_01367,iPad Pro,Sydney-GeorgeSt,2024-05-02,1924.6948357945857,1.0
APPLE_WEB_01369,iPad Pro,Paris-Opera,2024-04-17,3477.3584424007668,1.0
APPLE_WEB_01373,AirPods Max,Sydney-GeorgeSt,2024-06-11,3291.4325086022104,2.0
APPLE_WEB_01374,MacBook Air M3,Tokyo-Ginza,2024-03-21,2297.6802529398087,2.0
APPLE_WEB_01375,AirPods Max,Paris-Opera,2024-04-09,3810.0313896795374,2.0
APPLE_WEB_01378,Vision Pro,Sydney-GeorgeSt,2024-03-28,863.401152328576,2.0
APPLE_WEB_01381,MacBook Air M3,Sydney-GeorgeSt,2024-04-25,3774.3375412130295,2.0
APPLE_WEB_01382,Vision Pro,London-RegentSt,2024-01-24,1759.0380740046955,1.0
APPLE_WEB_01383,iPhone 15 Pro,Sydney-GeorgeSt,2024-04-09,2462.7722230052204,1.0
APPLE_WEB_01385,Vision Pro,Paris-Opera,2024-06-16,2759.5300860165676,1.0
APPLE_WEB_01386,MacBook Air M3,London-RegentSt,2024-05-11,971.1258675329059,2.0
APPLE_WEB_01387,iPad Pro,Sydney-GeorgeSt,2024-06-04,2888.2078241961267,2.0
APPLE_WEB_01388,Apple Watch Ultra,Tokyo-Ginza,2024-05-27,717.059899161109,1.0
APPLE_WEB_01389,Vision Pro,Sydney-GeorgeSt,2024-05-30,3085.305209505385,2.0
APPLE_WEB_01390,MacBook Air M3,Tokyo-Ginza,2024-02-17,1962.70462661565,1.0
APPLE_WEB_01392,MacBook Air M3,Tokyo-Ginza,2024-03-20,1692.039109152648,1.0
APPLE_WEB_01394,AirPods Max,Tokyo-Ginza,2024-01-22,3104.114058226524,1.0
APPLE_WEB_01396,MacBook Air M3,NYC-FifthAve,2024-01-02,1150.3316151600925,1.0
APPLE_WEB_01398,iPad Pro,Sydney-GeorgeSt,2024-04-13,5944.406769941949,2.0
APPLE_WEB_01400,iPad Pro,NYC-FifthAve,2024-04-07,3170.4634360450036,2.0
APPLE_WEB_01401,iPhone 15 Pro,London-RegentSt,2024-03-24,3336.2371095361104,1.0
APPLE_WEB_01402,Vision Pro,London-RegentSt,2024-05-31,2618.257173997418,2.0
APPLE_WEB_01403,Vision Pro,NYC-FifthAve,2024-06-11,5534.905160096038,2.0
APPLE_WEB_01404,Apple Watch Ultra,London-RegentSt,2024-04-01,2035.083888510906,1.0
APPLE_WEB_01406,AirPods Max,London-RegentSt,2024-05-28,1282.1681874066755,1.0
APPLE_WEB_01407,iPhone 15 Pro,Sydney-GeorgeSt,2024-04-30,455.4782465170398,2.0
APPLE_WEB_01408,iPhone 15 Pro,NYC-FifthAve,2024-01-10,1340.2582964198537,1.0
APPLE_WEB_01409,iPhone 15 Pro,NYC-FifthAve,2024-06-01,1506.3175248530474,1.0
APPLE_WEB_01410,MacBook Air M3,Sydney-GeorgeSt,2024-02-08,5091.802953095147,2.0
APPLE_WEB_01412,Vision Pro,Paris-Opera,2024-03-17,1093.7631353172408,1.0
APPLE_WEB_01414,iPad Pro,Paris-Opera,2024-04-12,2480.803012336726,1.0
APPLE_WEB_01415,iPhone 15 Pro,NYC-FifthAve,2024-03-30,5487.379231527414,2.0
APPLE_WEB_01416,Apple Watch Ultra,NYC-FifthAve,2024-02-05,3313.707607617425,1.0
APPLE_WEB_01417,Apple Watch Ultra,Paris-Opera,2024-04-23,1954.1816298309009,1.0
APPLE_WEB_01418,MacBook Air M3,Paris-Opera,2024-02-02,4518.505167746416,2.0
APPLE_WEB_01420,MacBook Air M3,Sydney-GeorgeSt,2024-01-31,261.8372618556232,1.0
APPLE_WEB_01421,iPad Pro,NYC-FifthAve,2024-02-12,487.04803754241885,1.0
APPLE_WEB_01423,Apple Watch Ultra,NYC-FifthAve,2024-05-05,1071.8145570893275,1.0
APPLE_WEB_01425,iPhone 15 Pro,Sydney-GeorgeSt,2024-04-15,2479.0349888367377,2.0
APPLE_WEB_01426,iPad Pro,NYC-FifthAve,2024-01-20,6205.653629682701,2.0
APPLE_WEB_01427,Apple Watch Ultra,NYC-FifthAve,2024-04-02,2475.957273565306,2.0
APPLE_WEB_01430,iPad Pro,Paris-Opera,2024-06-19,3662.478845714603,2.0
APPLE_WEB_01431,MacBook Air M3,Sydney-GeorgeSt,2024-03-02,2025.7289290329982,2.0
APPLE_WEB_01432,Vision Pro,Paris-Opera,2024-03-30,2713.2807856458953,1.0
APPLE_WEB_01433,Apple Watch Ultra,Sydney-GeorgeSt,2024-03-16,6602.219980831818,2.0
APPLE_WEB_01434,iPad Pro,London-RegentSt,2024-05-16,2023.4278203989613,1.0
APPLE_WEB_01435,Apple Watch Ultra,Tokyo-Ginza,2024-01-08,1913.5282826256816,1.0
APPLE_WEB_01436,Vision Pro,Tokyo-Ginza,2024-06-10,1593.9102276874025,2.0
APPLE_WEB_01437,MacBook Air M3,London-RegentSt,2024-06-20,1581.429130854732,1.0
APPLE_WEB_01439,Apple Watch Ultra,NYC-FifthAve,2024-06-10,5119.052910942698,2.0
APPLE_WEB_01440,Apple Watch Ultra,Tokyo-Ginza,2024-05-17,4882.254377579101,2.0
APPLE_WEB_01441,iPhone 15 Pro,Tokyo-Ginza,2024-03-02,631.1251661648802,2.0
APPLE_WEB_01443,Vision Pro,NYC-FifthAve,2024-04-10,3945.2045587903,2.0
APPLE_WEB_01444,iPad Pro,Sydney-GeorgeSt,2024-03-22,1113.1228611452489,2.0
APPLE_WEB_01445,iPad Pro,Paris-Opera,2024-05-25,162.85832615478247,1.0
APPLE_WEB_01447,iPhone 15 Pro,Paris-Opera,2024-02-06,862.6483221488734,1.0
APPLE_WEB_01450,MacBook Air M3,Paris-Opera,2024-04-06,3240.0785586115844,1.0
APPLE_WEB_01452,iPad Pro,Paris-Opera,2024-04-12,3434.1651576904296,1.0
APPLE_WEB_01453,iPhone 15 Pro,Sydney-GeorgeSt,2024-03-17,2799.8590168839046,1.0
APPLE_WEB_01454,AirPods Max,Sydney-GeorgeSt,2024-04-11,425.26800514030526,2.0
APPLE_WEB_01455,iPhone 15 Pro,London-RegentSt,2024-03-01,912.8750154413076,1.0
APPLE_WEB_01457,AirPods Max,Sydney-GeorgeSt,2024-02-26,4459.795069206423,2.0
APPLE_WEB_01458,iPad Pro,NYC-FifthAve,2024-05-06,3756.206214719466,2.0
APPLE_WEB_01459,Apple Watch Ultra,Sydney-GeorgeSt,2024-03-17,615.7509516026115,1.0
APPLE_WEB_01460,iPhone 15 Pro,Tokyo-Ginza,2024-01-31,157.63009990629604,1.0
APPLE_WEB_01461,iPhone 15 Pro,Sydney-GeorgeSt,2024-06-02,268.79200408045426,2.0
APPLE_WEB_01462,Apple Watch Ultra,Sydney-GeorgeSt,2024-03-26,4354.995434305808,2.0
APPLE_WEB_01463,iPhone 15 Pro,Sydney-GeorgeSt,2024-04-27,5776.353501989452,2.0
APPLE_WEB_01465,iPad Pro,Paris-Opera,2024-06-05,2911.2835419366406,1.0
APPLE_WEB_01466,MacBook Air M3,Paris-Opera,2024-03-26,4720.633705947128,2.0
APPLE_WEB_01467,AirPods Max,NYC-FifthAve,2024-05-20,3207.736079912238,2.0
APPLE_WEB_01468,iPad Pro,Tokyo-Ginza,2024-03-18,971.1212336721335,1.0
APPLE_WEB_01469,Apple Watch Ultra,Paris-Opera,2024-01-12,1756.3006599703929,1.0
APPLE_WEB_01470,Apple Watch Ultra,NYC-FifthAve,2024-03-25,6336.87051358751,2.0
APPLE_WEB_01471,Apple Watch Ultra,Tokyo-Ginza,2024-03-14,5697.901316953516,2.0
APPLE_WEB_01474,iPad Pro,London-RegentSt,2024-03-19,4725.175838692293,2.0
APPLE_WEB_01475,Apple Watch Ultra,NYC-FifthAve,2024-04-15,1021.1784447665051,2.0
APPLE_WEB_01476,MacBook Air M3,Paris-Opera,2024-01-11,1415.1110345912819,2.0
APPLE_WEB_01478,AirPods Max,NYC-FifthAve,2024-05-31,1897.145673530547,1.0
APPLE_WEB_01479,iPad Pro,Tokyo-Ginza,2024-01-15,1500.8487465071635,1.0
APPLE_WEB_01480,Apple Watch Ultra,Sydney-GeorgeSt,2024-01-15,4958.798361827423,2.0
APPLE_WEB_01481,MacBook Air M3,London-RegentSt,2024-02-19,6298.7702690184415,2.0
APPLE_WEB_01482,MacBook Air M3,Paris-Opera,2024-04-13,1209.4890850742643,1.0
APPLE_WEB_01483,iPad Pro,Sydney-GeorgeSt,2024-02-11,975.5170555170546,1.0
APPLE_WEB_01484,Apple Watch Ultra,Sydney-GeorgeSt,2024-05-09,2057.5964550065437,1.0
APPLE_WEB_01485,Vision Pro,Paris-Opera,2024-05-06,6280.257207190963,2.0
APPLE_WEB_01487,AirPods Max,Sydney-GeorgeSt,2024-02-24,538.6807105714674,2.0
APPLE_WEB_01489,Vision Pro,London-RegentSt,2024-03-21,188.46418980190168,1.0
APPLE_WEB_01490,MacBook Air M3,Paris-Opera,2024-05-10,1131.2155290489054,1.0
APPLE_WEB_01492,MacBook Air M3,London-RegentSt,2024-05-01,2553.981987405339,1.0
APPLE_WEB_01493,iPhone 15 Pro,Tokyo-Ginza,2024-02-21,4107.975065645225,2.0
APPLE_WEB_01494,AirPods Max,Paris-Opera,2024-03-13,1676.9960542824126,1.0
APPLE_WEB_01495,Vision Pro,NYC-FifthAve,2024-05-16,4716.282223881413,2.0
APPLE_WEB_01496,Vision Pro,Tokyo-Ginza,2024-05-13,2905.01883664445,1.0
APPLE_WEB_01497,AirPods Max,Tokyo-Ginza,2024-05-08,906.5755689977713,1.0
APPLE_WEB_01498,Vision Pro,London-RegentSt,2024-03-21,5835.897405819932,2.0
APPLE_WEB_01500,AirPods Max,Paris-Opera,2024-05-31,1765.0811757015433,2.0
APPLE_WEB_01501,iPhone 15 Pro,London-RegentSt,2024-03-28,5035.307045467478,2.0
APPLE_WEB_01502,iPhone 15 Pro,London-RegentSt,2024-05-04,1021.2608640523858,2.0
APPLE_WEB_01503,iPhone 15 Pro,Tokyo-Ginza,2024-01-15,2417.8086274430357,1.0
APPLE_WEB_01506,MacBook Air M3,Sydney-GeorgeSt,2024-03-10,341.9445011551196,1.0
APPLE_WEB_01507,AirPods Max,Paris-Opera,2024-06-12,1962.3809830427197,1.0
APPLE_WEB_01508,Apple Watch Ultra,Paris-Opera,2024-03-25,2039.3803336951084,2.0
APPLE_WEB_01511,AirPods Max,Paris-Opera,2024-05-11,3506.0071263212476,2.0
APPLE_WEB_01513,AirPods Max,NYC-FifthAve,2024-03-24,1511.6867459210998,1.0
APPLE_WEB_01515,Apple Watch Ultra,Tokyo-Ginza,2024-05-21,1255.922778954712,2.0
APPLE_WEB_01517,AirPods Max,London-RegentSt,2024-02-28,6714.327390323469,2.0
APPLE_WEB_01519,Vision Pro,NYC-FifthAve,2024-05-10,1933.5358363728096,1.0
APPLE_WEB_01521,Apple Watch Ultra,London-RegentSt,2024-02-01,917.9259809510588,1.0
APPLE_WEB_01523,Vision Pro,Tokyo-Ginza,2024-04-23,3224.4175575933186,1.0
APPLE_WEB_01524,MacBook Air M3,Sydney-GeorgeSt,2024-05-27,2388.405262002056,1.0
APPLE_WEB_01525,Vision Pro,NYC-FifthAve,2024-06-06,2552.702974157735,1.0
APPLE_WEB_01527,iPad Pro,Sydney-GeorgeSt,2024-01-19,1584.565449961443,1.0
APPLE_WEB_01528,iPad Pro,NYC-FifthAve,2024-06-06,980.8436577620025,2.0
APPLE_WEB_01529,MacBook Air M3,Tokyo-Ginza,2024-03-29,2753.7752678144816,2.0
APPLE_WEB_01530,MacBook Air M3,NYC-FifthAve,2024-01-13,3846.107982965262,2.0
APPLE_WEB_01531,AirPods Max,NYC-FifthAve,2024-06-11,2077.1029837818305,1.0
APPLE_WEB_01532,MacBook Air M3,NYC-FifthAve,2024-02-28,4436.808987637733,2.0
APPLE_WEB_01533,iPhone 15 Pro,Sydney-GeorgeSt,2024-06-04,773.0259484691585,1.0
APPLE_WEB_01535,iPad Pro,NYC-FifthAve,2024-02-14,6537.869802840778,2.0
APPLE_WEB_01536,Apple Watch Ultra,London-RegentSt,2024-01-29,2351.034395129704,1.0
APPLE_WEB_01537,MacBook Air M3,London-RegentSt,2024-01-31,5352.674198287083,2.0
APPLE_WEB_01538,iPad Pro,Paris-Opera,2024-01-19,1207.600731298673,1.0
APPLE_WEB_01540,Apple Watch Ultra,Tokyo-Ginza,2024-06-13,1756.93324630143,1.0
APPLE_WEB_01541,iPad Pro,Paris-Opera,2024-06-28,4628.586121582871,2.0
APPLE_WEB_01542,AirPods Max,Tokyo-Ginza,2024-06-20,4405.444445836591,2.0
APPLE_WEB_01543,Apple Watch Ultra,NYC-FifthAve,2024-05-04,4072.0891983858555,2.0
APPLE_WEB_01545,iPhone 15 Pro,Tokyo-Ginza,2024-03-28,1853.0603578788707,1.0
APPLE_WEB_01546,Vision Pro,London-RegentSt,2024-03-06,590.6160593206193,2.0
APPLE_WEB_01547,Apple Watch Ultra,Sydney-GeorgeSt,2024-05-21,1159.035434337938,1.0
APPLE_WEB_01550,iPhone 15 Pro,Sydney-GeorgeSt,2024-02-28,2890.372038357081,1.0
APPLE_WEB_01553,MacBook Air M3,Paris-Opera,2024-01-15,5989.894746955974,2.0
APPLE_WEB_01554,AirPods Max,Tokyo-Ginza,2024-06-20,2073.705832410618,1.0
APPLE_WEB_01555,iPad Pro,NYC-FifthAve,2024-03-28,2812.4993156210644,2.0
APPLE_WEB_01557,Vision Pro,NYC-FifthAve,2024-03-01,3443.161249515587,2.0
APPLE_WEB_01558,Vision Pro,Tokyo-Ginza,2024-05-29,6018.13223381434,2.0
APPLE_WEB_01559,iPad Pro,London-RegentSt,2024-04-14,6516.142248101068,2.0
APPLE_WEB_01560,iPad Pro,Tokyo-Ginza,2024-02-26,1293.7399691956607,1.0
APPLE_WEB_01561,iPad Pro,Sydney-GeorgeSt,2024-04-29,1371.5288538933496,1.0
APPLE_WEB_01562,iPad Pro,Sydney-GeorgeSt,2024-01-20,129.81218578890343,1.0
APPLE_WEB_01564,Apple Watch Ultra,Tokyo-Ginza,2024-06-03,251.75374392679691,1.0
APPLE_WEB_01565,AirPods Max,NYC-FifthAve,2024-02-20,3969.654271242916,2.0
APPLE_WEB_01569,iPhone 15 Pro,Sydney-GeorgeSt,2024-01-12,1941.0224733515738,1.0
APPLE_WEB_01570,Apple Watch Ultra,Tokyo-Ginza,2024-03-29,4612.356403211057,2.0
APPLE_WEB_01571,AirPods Max,Tokyo-Ginza,2024-01-25,197.5494459429387,1.0
APPLE_WEB_01573,MacBook Air M3,London-RegentSt,2024-01-01,3121.0137991380057,1.0
APPLE_WEB_01575,MacBook Air M3,London-RegentSt,2024-03-12,1645.6750059666165,1.0
APPLE_WEB_01576,Apple Watch Ultra,Paris-Opera,2024-03-12,6489.091465897116,2.0
APPLE_WEB_01577,iPhone 15 Pro,Paris-Opera,2024-03-05,379.8237701377978,1.0
APPLE_WEB_01580,Apple Watch Ultra,Paris-Opera,2024-03-13,256.979010709574,1.0
APPLE_WEB_01581,Vision Pro,Sydney-GeorgeSt,2024-03-03,557.3358084073951,1.0
APPLE_WEB_01582,AirPods Max,Paris-Opera,2024-03-10,552.2746595256774,2.0
APPLE_WEB_01584,Vision Pro,Paris-Opera,2024-02-08,953.7909183764449,1.0
APPLE_WEB_01585,Apple Watch Ultra,Sydney-GeorgeSt,2024-02-21,6447.241138460915,2.0
APPLE_WEB_01587,MacBook Air M3,London-RegentSt,2024-06-27,3573.189119721974,2.0
APPLE_WEB_01593,Apple Watch Ultra,NYC-FifthAve,2024-03-23,388.9765406700256,1.0
APPLE_WEB_01595,Apple Watch Ultra,Sydney-GeorgeSt,2024-03-13,2404.366256271121,2.0
APPLE_WEB_01597,MacBook Air M3,Paris-Opera,2024-03-18,4376.297793792572,2.0
APPLE_WEB_01598,AirPods Max,Tokyo-Ginza,2024-02-20,3178.7215361726103,1.0
APPLE_WEB_01599,Vision Pro,Paris-Opera,2024-06-21,2660.071965281354,2.0
APPLE_WEB_01600,Apple Watch Ultra,NYC-FifthAve,2024-06-05,3332.1108097058677,2.0
APPLE_WEB_01601,iPad Pro,NYC-FifthAve,2024-03-14,583.0982834911579,1.0
APPLE_WEB_01602,iPad Pro,Tokyo-Ginza,2024-01-26,721.3914593483868,1.0
APPLE_WEB_01603,Apple Watch Ultra,Tokyo-Ginza,2024-04-12,2681.522598368105,1.0
APPLE_WEB_01604,iPad Pro,London-RegentSt,2024-02-07,1771.5308228723616,2.0
APPLE_WEB_01606,MacBook Air M3,Paris-Opera,2024-01-31,1117.5848718782017,1.0
APPLE_WEB_01607,Vision Pro,Sydney-GeorgeSt,2024-02-17,3333.575370513486,2.0
APPLE_WEB_01608,iPhone 15 Pro,NYC-FifthAve,2024-03-09,5526.222902287239,2.0
APPLE_WEB_01610,iPhone 15 Pro,Sydney-GeorgeSt,2024-04-01,3902.705562720782,2.0
APPLE_WEB_01611,iPhone 15 Pro,Tokyo-Ginza,2024-01-18,499.7597201998219,1.0
APPLE_WEB_01612,Apple Watch Ultra,Paris-Opera,2024-01-31,2705.848839709558,1.0
APPLE_WEB_01613,Vision Pro,London-RegentSt,2024-05-22,4390.768231408609,2.0
APPLE_WEB_01614,AirPods Max,Tokyo-Ginza,2024-01-24,409.3079344271283,2.0
APPLE_WEB_01615,Apple Watch Ultra,NYC-FifthAve,2024-01-26,317.7277811244305,1.0
APPLE_WEB_01618,Vision Pro,NYC-FifthAve,2024-03-10,6492.344631104134,2.0
APPLE_WEB_01620,MacBook Air M3,Sydney-GeorgeSt,2024-05-01,3277.207919001191,2.0
APPLE_WEB_01621,MacBook Air M3,London-RegentSt,2024-06-18,544.4668355146312,1.0
APPLE_WEB_01622,iPhone 15 Pro,NYC-FifthAve,2024-01-01,2289.8146964079024,2.0
APPLE_WEB_01623,iPhone 15 Pro,Sydney-GeorgeSt,2024-06-09,598.070545979634,2.0
APPLE_WEB_01625,iPhone 15 Pro,NYC-FifthAve,2024-03-29,2563.398720722531,1.0
APPLE_WEB_01626,Apple Watch Ultra,Tokyo-Ginza,2024-02-18,670.6039867736217,1.0
APPLE_WEB_01627,Vision Pro,Paris-Opera,2024-05-24,2712.1759231117467,2.0
APPLE_WEB_01628,iPad Pro,London-RegentSt,2024-05-27,1387.830798579176,1.0
APPLE_WEB_01629,Vision Pro,Sydney-GeorgeSt,2024-06-26,2263.6266288110965,2.0
APPLE_WEB_01631,Vision Pro,NYC-FifthAve,2024-03-05,522.8277103156672,2.0
APPLE_WEB_01633,Apple Watch Ultra,Tokyo-Ginza,2024-01-31,1564.1387363574117,2.0
APPLE_WEB_01637,iPad Pro,Sydney-GeorgeSt,2024-05-29,1121.9676434159196,2.0
APPLE_WEB_01638,Apple Watch Ultra,Tokyo-Ginza,2024-04-22,6597.913594514407,2.0
APPLE_WEB_01639,iPhone 15 Pro,London-RegentSt,2024-05-26,1963.834689342698,1.0
APPLE_WEB_01640,iPhone 15 Pro,Paris-Opera,2024-03-03,5088.683268073906,2.0
APPLE_WEB_01642,MacBook Air M3,Tokyo-Ginza,2024-05-23,6025.03829633694,2.0
APPLE_WEB_01643,iPhone 15 Pro,Sydney-GeorgeSt,2024-06-18,2263.116251427338,1.0
APPLE_WEB_01644,iPhone 15 Pro,Tokyo-Ginza,2024-05-20,394.2111654084948,1.0
APPLE_WEB_01645,MacBook Air M3,Sydney-GeorgeSt,2024-03-22,3162.825843590522,2.0
APPLE_WEB_01646,iPhone 15 Pro,Tokyo-Ginza,2024-03-20,4429.622997025544,2.0
APPLE_WEB_01648,iPad Pro,NYC-FifthAve,2024-01-19,4032.3573456643803,2.0
APPLE_WEB_01649,Apple Watch Ultra,NYC-FifthAve,2024-02-19,2440.901634663953,1.0
APPLE_WEB_01650,iPad Pro,Paris-Opera,2024-02-28,3419.32991452859,2.0
APPLE_WEB_01651,Apple Watch Ultra,London-RegentSt,2024-06-15,1250.314098925593,1.0
APPLE_WEB_01652,MacBook Air M3,Paris-Opera,2024-01-21,1328.0228407567465,1.0
APPLE_WEB_01653,AirPods Max,London-RegentSt,2024-02-13,2312.0885522539756,2.0
APPLE_WEB_01654,Apple Watch Ultra,Sydney-GeorgeSt,2024-02-20,1444.5686231782345,1.0
APPLE_WEB_01655,MacBook Air M3,London-RegentSt,2024-06-23,468.0893232401286,1.0
APPLE_WEB_01656,iPhone 15 Pro,Paris-Opera,2024-02-28,1679.5458514994084,1.0
APPLE_WEB_01657,Apple Watch Ultra,NYC-FifthAve,2024-03-29,1882.937030509721,1.0
APPLE_WEB_01658,iPad Pro,London-RegentSt,2024-01-14,3201.838770555823,1.0
APPLE_WEB_01659,Apple Watch Ultra,NYC-FifthAve,2024-03-25,1273.656291022462,1.0
APPLE_WEB_01660,MacBook Air M3,NYC-FifthAve,2024-01-26,2938.144749506133,1.0
APPLE_WEB_01663,iPhone 15 Pro,Paris-Opera,2024-05-21,1366.7258533159902,1.0
APPLE_WEB_01667,iPad Pro,Paris-Opera,2024-06-25,449.4655927851583,1.0
APPLE_WEB_01668,AirPods Max,Tokyo-Ginza,2024-03-09,5086.893095706245,2.0
APPLE_WEB_01670,iPhone 15 Pro,Sydney-GeorgeSt,2024-04-06,1691.7797517180406,2.0
APPLE_WEB_01671,AirPods Max,London-RegentSt,2024-05-11,3339.5075601018852,1.0
APPLE_WEB_01672,iPhone 15 Pro,London-RegentSt,2024-05-01,2119.850466539988,2.0
APPLE_WEB_01673,Apple Watch Ultra,NYC-FifthAve,2024-06-09,1967.3693302839224,2.0
APPLE_WEB_01675,Apple Watch Ultra,Tokyo-Ginza,2024-03-13,1090.2734335738032,1.0
APPLE_WEB_01676,Vision Pro,London-RegentSt,2024-01-16,2559.3067338807664,1.0
APPLE_WEB_01677,AirPods Max,NYC-FifthAve,2024-05-31,4387.492483106853,2.0
APPLE_WEB_01678,Vision Pro,NYC-FifthAve,2024-05-26,1003.3437064994172,1.0
APPLE_WEB_01680,Vision Pro,Tokyo-Ginza,2024-01-02,2985.366218711228,2.0
APPLE_WEB_01681,Apple Watch Ultra,NYC-FifthAve,2024-03-10,3462.660223127375,1.0
APPLE_WEB_01683,AirPods Max,NYC-FifthAve,2024-01-08,1507.0847844999846,1.0
APPLE_WEB_01685,AirPods Max,NYC-FifthAve,2024-03-11,5215.409557048737,2.0
APPLE_WEB_01687,MacBook Air M3,NYC-FifthAve,2024-01-14,891.963188340688,2.0
APPLE_WEB_01688,iPad Pro,Sydney-GeorgeSt,2024-04-01,314.310706120214,2.0
APPLE_WEB_01689,Vision Pro,Sydney-GeorgeSt,2024-01-19,2253.6101497674263,1.0
APPLE_WEB_01690,AirPods Max,NYC-FifthAve,2024-06-20,4814.189380957733,2.0
APPLE_WEB_01691,Apple Watch Ultra,NYC-FifthAve,2024-02-02,1754.8339485285915,2.0
APPLE_WEB_01693,AirPods Max,London-RegentSt,2024-01-25,2860.171293524657,1.0
APPLE_WEB_01696,Vision Pro,NYC-FifthAve,2024-03-03,1681.5436628827943,2.0
APPLE_WEB_01697,iPhone 15 Pro,Paris-Opera,2024-05-23,955.5912577636179,1.0
APPLE_WEB_01698,Apple Watch Ultra,Sydney-GeorgeSt,2024-03-12,3402.011103054116,1.0
APPLE_WEB_01699,iPhone 15 Pro,Paris-Opera,2024-02-19,2587.4720492914216,1.0
APPLE_WEB_01700,AirPods Max,Paris-Opera,2024-03-31,1497.59063429362,1.0
APPLE_WEB_01701,Vision Pro,Tokyo-Ginza,2024-05-21,3812.1346405030545,2.0
APPLE_WEB_01702,iPhone 15 Pro,London-RegentSt,2024-02-23,2229.5696417680238,1.0
APPLE_WEB_01703,AirPods Max,Sydney-GeorgeSt,2024-05-07,2500.3318111285957,2.0
APPLE_WEB_01704,iPhone 15 Pro,NYC-FifthAve,2024-04-09,4902.826226047476,2.0
APPLE_WEB_01706,AirPods Max,Paris-Opera,2024-01-12,2865.133717414879,1.0
APPLE_WEB_01708,AirPods Max,Tokyo-Ginza,2024-03-29,3630.41534899079,2.0
APPLE_WEB_01709,AirPods Max,Sydney-GeorgeSt,2024-03-17,2945.5889487800064,1.0
APPLE_WEB_01710,MacBook Air M3,Paris-Opera,2024-04-29,6208.317947170253,2.0
APPLE_WEB_01711,iPad Pro,NYC-FifthAve,2024-03-17,2654.192746830004,1.0
APPLE_WEB_01713,AirPods Max,NYC-FifthAve,2024-02-09,1399.7324075168394,2.0
APPLE_WEB_01714,iPad Pro,Paris-Opera,2024-01-03,2617.2438038984264,1.0
APPLE_WEB_01715,Apple Watch Ultra,London-RegentSt,2024-04-18,556.4640336280524,1.0
APPLE_WEB_01716,Vision Pro,Tokyo-Ginza,2024-03-18,2126.7217261935148,2.0
APPLE_WEB_01720,iPad Pro,Paris-Opera,2024-02-19,1564.2599324736177,1.0
APPLE_WEB_01725,iPhone 15 Pro,London-RegentSt,2024-06-27,1157.580246361546,2.0
APPLE_WEB_01726,iPhone 15 Pro,London-RegentSt,2024-03-06,1412.3827878904547,2.0
APPLE_WEB_01727,MacBook Air M3,NYC-FifthAve,2024-02-07,662.4138808568893,1.0
APPLE_WEB_01733,iPhone 15 Pro,Paris-Opera,2024-03-12,3205.722638195689,2.0
APPLE_WEB_01736,iPad Pro,NYC-FifthAve,2024-02-21,3148.701287300419,2.0
APPLE_WEB_01738,AirPods Max,London-RegentSt,2024-06-17,256.453860180359,1.0
APPLE_WEB_01739,Vision Pro,Paris-Opera,2024-04-01,1035.1293488851925,2.0
APPLE_WEB_01741,MacBook Air M3,Paris-Opera,2024-02-28,1677.52263834197,1.0
APPLE_WEB_01742,MacBook Air M3,NYC-FifthAve,2024-01-18,2330.585752837592,1.0
APPLE_WEB_01743,iPad Pro,Paris-Opera,2024-04-03,2539.450068056153,1.0
APPLE_WEB_01744,MacBook Air M3,Paris-Opera,2024-01-25,1261.1385368870071,1.0
APPLE_WEB_01745,iPad Pro,NYC-FifthAve,2024-06-23,823.9031525889948,1.0
APPLE_WEB_01747,AirPods Max,London-RegentSt,2024-02-12,1852.4678159228142,2.0
APPLE_WEB_01752,MacBook Air M3,Paris-Opera,2024-02-01,4132.415115175557,2.0
APPLE_WEB_01753,iPad Pro,London-RegentSt,2024-05-14,1294.4422819433314,1.0
APPLE_WEB_01754,MacBook Air M3,Sydney-GeorgeSt,2024-04-19,6594.812086075087,2.0
APPLE_WEB_01756,Vision Pro,Sydney-GeorgeSt,2024-01-31,445.1797099726434,1.0
APPLE_WEB_01757,Vision Pro,Sydney-GeorgeSt,2024-04-20,1673.719053348549,2.0
APPLE_WEB_01758,AirPods Max,Paris-Opera,2024-06-11,5822.077749357091,2.0
APPLE_WEB_01759,Apple Watch Ultra,NYC-FifthAve,2024-04-11,1756.749953198036,1.0
APPLE_WEB_01760,iPad Pro,Tokyo-Ginza,2024-04-06,1529.029484795057,1.0
APPLE_WEB_01761,Apple Watch Ultra,NYC-FifthAve,2024-04-02,2686.815719593752,1.0
APPLE_WEB_01762,iPhone 15 Pro,Tokyo-Ginza,2024-05-18,2844.126027373913,1.0
APPLE_WEB_01763,AirPods Max,London-RegentSt,2024-06-05,136.91098693331713,1.0
APPLE_WEB_01764,Vision Pro,Paris-Opera,2024-03-11,4595.703741266388,2.0
APPLE_WEB_01765,MacBook Air M3,NYC-FifthAve,2024-03-07,1193.9359160597471,1.0
APPLE_WEB_01766,AirPods Max,Paris-Opera,2024-05-21,2247.193384061762,1.0
APPLE_WEB_01767,iPad Pro,NYC-FifthAve,2024-05-13,2139.9564766579515,1.0
APPLE_WEB_01770,iPad Pro,Paris-Opera,2024-01-02,2790.497177485718,1.0
APPLE_WEB_01771,Vision Pro,Tokyo-Ginza,2024-02-07,395.1646198642008,1.0
APPLE_WEB_01773,Apple Watch Ultra,Paris-Opera,2024-01-24,5402.6933265303,2.0
APPLE_WEB_01775,Vision Pro,Sydney-GeorgeSt,2024-04-24,3145.4870979532434,1.0
APPLE_WEB_01776,iPhone 15 Pro,NYC-FifthAve,2024-05-04,3181.7124442976606,1.0
APPLE_WEB_01777,AirPods Max,Sydney-GeorgeSt,2024-05-06,2681.670700936857,1.0
APPLE_WEB_01778,AirPods Max,London-RegentSt,2024-03-04,2448.5474046998493,1.0
APPLE_WEB_01779,iPhone 15 Pro,Sydney-GeorgeSt,2024-01-08,5912.665191583218,2.0
APPLE_WEB_01780,iPhone 15 Pro,London-RegentSt,2024-01-02,1797.590244558752,2.0
APPLE_WEB_01781,MacBook Air M3,NYC-FifthAve,2024-03-27,2099.09584129343,2.0
APPLE_WEB_01782,iPhone 15 Pro,Sydney-GeorgeSt,2024-05-18,5214.842642833336,2.0
APPLE_WEB_01783,AirPods Max,Paris-Opera,2024-06-28,945.16018417107,2.0
APPLE_WEB_01786,Apple Watch Ultra,Tokyo-Ginza,2024-01-23,5130.638680384873,2.0
APPLE_WEB_01787,AirPods Max,London-RegentSt,2024-06-22,3024.802495887923,2.0
APPLE_WEB_01788,Apple Watch Ultra,Tokyo-Ginza,2024-03-10,1792.2432914227045,2.0
APPLE_WEB_01790,iPhone 15 Pro,Paris-Opera,2024-06-03,1035.706010861089,1.0
APPLE_WEB_01792,Vision Pro,Tokyo-Ginza,2024-03-16,1043.5781943578972,1.0
APPLE_WEB_01793,AirPods Max,Paris-Opera,2024-03-03,1018.2512331607286,2.0
APPLE_WEB_01794,Vision Pro,NYC-FifthAve,2024-05-12,2938.059803838755,2.0
APPLE_WEB_01797,MacBook Air M3,London-RegentSt,2024-06-09,940.7590746874768,1.0
APPLE_WEB_01798,MacBook Air M3,Paris-Opera,2024-04-07,1245.1719788471178,1.0
APPLE_WEB_01799,iPhone 15 Pro,Paris-Opera,2024-01-17,6533.115192651956,2.0
APPLE_WEB_01800,iPhone 15 Pro,Tokyo-Ginza,2024-02-17,484.58098837204767,1.0
APPLE_WEB_01802,iPad Pro,London-RegentSt,2024-01-06,3245.978962007989,2.0
APPLE_WEB_01803,Vision Pro,Paris-Opera,2024-05-04,3179.9345616274227,1.0
APPLE_WEB_01805,iPhone 15 Pro,Tokyo-Ginza,2024-05-17,6690.6351197056165,2.0
APPLE_WEB_01808,MacBook Air M3,NYC-FifthAve,2024-02-23,1183.0036514115197,1.0
APPLE_WEB_01809,iPhone 15 Pro,Paris-Opera,2024-04-14,2248.4103383925826,1.0
APPLE_WEB_01810,Apple Watch Ultra,Sydney-GeorgeSt,2024-04-30,129.81868904430792,1.0
APPLE_WEB_01812,iPhone 15 Pro,Sydney-GeorgeSt,2024-03-08,2425.5222641828673,1.0
APPLE_WEB_01813,AirPods Max,London-RegentSt,2024-05-04,1945.3655468969062,1.0
APPLE_WEB_01814,Vision Pro,London-RegentSt,2024-05-12,251.0184712124873,1.0
APPLE_WEB_01815,iPad Pro,NYC-FifthAve,2024-04-20,1158.3084217161247,1.0
APPLE_WEB_01816,Apple Watch Ultra,Tokyo-Ginza,2024-05-02,2394.316236214428,1.0
APPLE_WEB_01818,iPhone 15 Pro,NYC-FifthAve,2024-04-22,1746.9037793489565,1.0
APPLE_WEB_01820,Apple Watch Ultra,Tokyo-Ginza,2024-01-26,2216.2035989912815,1.0
APPLE_WEB_01821,AirPods Max,Tokyo-Ginza,2024-02-20,2200.1453951396966,2.0
APPLE_WEB_01823,AirPods Max,NYC-FifthAve,2024-03-11,1102.2895987452819,1.0
APPLE_WEB_01825,AirPods Max,Sydney-GeorgeSt,2024-04-27,2515.9577615148696,2.0
APPLE_WEB_01826,iPad Pro,Tokyo-Ginza,2024-05-13,2074.163145444032,1.0
APPLE_WEB_01828,Apple Watch Ultra,London-RegentSt,2024-04-12,3319.8593991195285,1.0
APPLE_WEB_01830,AirPods Max,London-RegentSt,2024-05-28,4899.467652261988,2.0
APPLE_WEB_01831,iPhone 15 Pro,Tokyo-Ginza,2024-04-18,5679.013765320183,2.0
APPLE_WEB_01833,AirPods Max,NYC-FifthAve,2024-03-11,144.1801009035728,1.0
APPLE_WEB_01834,Vision Pro,Tokyo-Ginza,2024-02-22,503.18769059040665,1.0
APPLE_WEB_01836,AirPods Max,Sydney-GeorgeSt,2024-02-06,1251.042332263198,1.0
APPLE_WEB_01837,Apple Watch Ultra,Paris-Opera,2024-05-03,6413.008182627522,2.0
APPLE_WEB_01838,iPhone 15 Pro,London-RegentSt,2024-06-09,329.91665602153705,2.0
APPLE_WEB_01842,Apple Watch Ultra,NYC-FifthAve,2024-04-02,3592.6435805366423,2.0
APPLE_WEB_01844,iPad Pro,London-RegentSt,2024-05-13,3418.1879308575453,1.0
APPLE_WEB_01845,Apple Watch Ultra,Sydney-GeorgeSt,2024-02-11,558.9046700976378,1.0
APPLE_WEB_01846,AirPods Max,Paris-Opera,2024-06-12,1635.9309002683362,1.0
APPLE_WEB_01847,Vision Pro,Sydney-GeorgeSt,2024-04-08,5456.717985281569,2.0
APPLE_WEB_01850,MacBook Air M3,Sydney-GeorgeSt,2024-06-02,4412.946319262095,2.0
APPLE_WEB_01854,Vision Pro,Paris-Opera,2024-05-28,4790.801004565059,2.0
APPLE_WEB_01855,MacBook Air M3,London-RegentSt,2024-04-18,2216.5298987671767,1.0
APPLE_WEB_01856,AirPods Max,London-RegentSt,2024-01-17,1687.4794735095486,1.0
APPLE_WEB_01857,MacBook Air M3,Tokyo-Ginza,2024-06-21,2069.396160697317,1.0
APPLE_WEB_01859,MacBook Air M3,NYC-FifthAve,2024-04-25,3198.6715966345387,2.0
APPLE_WEB_01860,iPhone 15 Pro,Tokyo-Ginza,2024-05-26,2698.864650107533,1.0
APPLE_WEB_01861,Apple Watch Ultra,NYC-FifthAve,2024-01-24,3428.9901746240366,2.0
APPLE_WEB_01863,AirPods Max,NYC-FifthAve,2024-06-27,6074.424724218652,2.0
APPLE_WEB_01864,Vision Pro,London-RegentSt,2024-04-08,4903.504694544035,2.0
APPLE_WEB_01865,MacBook Air M3,Tokyo-Ginza,2024-06-15,704.4621552277996,1.0
APPLE_WEB_01866,Vision Pro,NYC-FifthAve,2024-05-19,704.1829569685275,1.0
APPLE_WEB_01867,Apple Watch Ultra,NYC-FifthAve,2024-03-17,1785.4029410532555,1.0
APPLE_WEB_01868,iPad Pro,Tokyo-Ginza,2024-01-24,6703.097742561557,2.0
APPLE_WEB_01873,iPhone 15 Pro,Tokyo-Ginza,2024-01-08,2694.4982879008903,1.0
APPLE_WEB_01874,Vision Pro,London-RegentSt,2024-04-05,1403.7830217112821,1.0
APPLE_WEB_01875,AirPods Max,Sydney-GeorgeSt,2024-05-02,5537.555840078496,2.0
APPLE_WEB_01877,AirPods Max,Tokyo-Ginza,2024-03-02,775.4877062054056,1.0
APPLE_WEB_01879,iPhone 15 Pro,London-RegentSt,2024-03-20,3448.3083576390504,1.0
APPLE_WEB_01881,AirPods Max,Sydney-GeorgeSt,2024-01-08,1416.2727532101278,1.0
APPLE_WEB_01882,AirPods Max,Tokyo-Ginza,2024-01-14,5372.91084994661,2.0
APPLE_WEB_01883,Vision Pro,Tokyo-Ginza,2024-06-23,469.6685623671042,1.0
APPLE_WEB_01884,AirPods Max,Paris-Opera,2024-01-12,1741.6711058913297,2.0
APPLE_WEB_01885,MacBook Air M3,NYC-FifthAve,2024-01-22,3071.8671820509367,1.0
APPLE_WEB_01886,Apple Watch Ultra,Sydney-GeorgeSt,2024-02-14,653.533735606561,1.0
APPLE_WEB_01887,AirPods Max,Paris-Opera,2024-03-31,1542.7612004674322,1.0
APPLE_WEB_01889,iPhone 15 Pro,Tokyo-Ginza,2024-05-05,6314.675485958993,2.0
APPLE_WEB_01892,AirPods Max,NYC-FifthAve,2024-06-05,1291.6789367821257,2.0
APPLE_WEB_01893,MacBook Air M3,Tokyo-Ginza,2024-03-25,3215.7279233251566,1.0
APPLE_WEB_01894,AirPods Max,Paris-Opera,2024-03-09,2530.466742595585,1.0
APPLE_WEB_01895,AirPods Max,Sydney-GeorgeSt,2024-01-15,1758.0312647187661,1.0
APPLE_WEB_01897,AirPods Max,Sydney-GeorgeSt,2024-01-04,409.6791668693468,2.0
APPLE_WEB_01898,iPad Pro,NYC-FifthAve,2024-06-11,3393.3123020619287,1.0
APPLE_WEB_01899,Vision Pro,Sydney-GeorgeSt,2024-04-01,4146.75967255682,2.0
APPLE_WEB_01900,AirPods Max,Paris-Opera,2024-04-06,6700.564091629822,2.0
APPLE_WEB_01901,Vision Pro,Paris-Opera,2024-01-07,5678.720180510753,2.0
APPLE_WEB_01902,Apple Watch Ultra,Sydney-GeorgeSt,2024-05-19,5670.52683631543,2.0
APPLE_WEB_01903,AirPods Max,NYC-FifthAve,2024-05-05,3211.1495466972897,1.0
APPLE_WEB_01904,Apple Watch Ultra,London-RegentSt,2024-01-15,1495.9373451608408,1.0
APPLE_WEB_01907,Vision Pro,NYC-FifthAve,2024-03-20,3545.9259239538783,2.0
APPLE_WEB_01909,MacBook Air M3,London-RegentSt,2024-06-04,711.4035734082443,1.0
APPLE_WEB_01910,MacBook Air M3,NYC-FifthAve,2024-02-18,1182.7405811436597,1.0
APPLE_WEB_01911,Apple Watch Ultra,Tokyo-Ginza,2024-01-03,2816.718154185043,1.0
APPLE_WEB_01912,AirPods Max,Tokyo-Ginza,2024-02-14,2612.033209649767,1.0
APPLE_WEB_01919,MacBook Air M3,Paris-Opera,2024-02-21,3645.170869306436,2.0
APPLE_WEB_01921,iPad Pro,Tokyo-Ginza,2024-02-04,3143.794833192775,1.0
APPLE_WEB_01922,iPad Pro,London-RegentSt,2024-04-20,3338.3414377782956,2.0
APPLE_WEB_01923,iPhone 15 Pro,NYC-FifthAve,2024-01-13,1561.2581355951756,1.0
APPLE_WEB_01924,MacBook Air M3,Paris-Opera,2024-01-01,3285.2588864151126,2.0
APPLE_WEB_01925,Vision Pro,Paris-Opera,2024-04-17,4646.9327154119865,2.0
APPLE_WEB_01927,iPad Pro,Tokyo-Ginza,2024-05-13,3341.7027726696565,1.0
APPLE_WEB_01928,Vision Pro,Tokyo-Ginza,2024-01-10,1807.1801397195152,1.0
APPLE_WEB_01929,Apple Watch Ultra,Tokyo-Ginza,2024-02-15,1454.2275678394194,2.0
APPLE_WEB_01930,MacBook Air M3,Tokyo-Ginza,2024-03-06,587.0933586278705,1.0
APPLE_WEB_01931,AirPods Max,Paris-Opera,2024-03-27,2521.47445747341,1.0
APPLE_WEB_01933,MacBook Air M3,Sydney-GeorgeSt,2024-04-28,1532.9158076327496,1.0
APPLE_WEB_01934,iPad Pro,London-RegentSt,2024-05-19,3142.8504354431993,2.0
APPLE_WEB_01936,MacBook Air M3,NYC-FifthAve,2024-04-01,3433.703050208676,2.0
APPLE_WEB_01937,AirPods Max,Sydney-GeorgeSt,2024-04-17,1217.438331436033,1.0
APPLE_WEB_01938,MacBook Air M3,Sydney-GeorgeSt,2024-04-16,6078.303623465429,2.0
APPLE_WEB_01939,MacBook Air M3,Tokyo-Ginza,2024-04-26,1104.607805453455,1.0
APPLE_WEB_01940,Apple Watch Ultra,NYC-FifthAve,2024-06-13,2977.410131001693,1.0
APPLE_WEB_01941,Vision Pro,NYC-FifthAve,2024-04-17,4859.5819871404,2.0
APPLE_WEB_01942,MacBook Air M3,Paris-Opera,2024-06-25,5866.968366552938,2.0
APPLE_WEB_01943,iPhone 15 Pro,Paris-Opera,2024-03-14,1560.1682718502052,1.0
APPLE_WEB_01944,AirPods Max,Sydney-GeorgeSt,2024-02-12,1748.8582784681087,1.0
APPLE_WEB_01945,AirPods Max,London-RegentSt,2024-01-15,2148.8551693579548,1.0
APPLE_WEB_01946,AirPods Max,Tokyo-Ginza,2024-06-12,232.71235073336953,1.0
APPLE_WEB_01947,Vision Pro,Sydney-GeorgeSt,2024-06-20,3268.373982626685,1.0
APPLE_WEB_01948,Vision Pro,Paris-Opera,2024-03-07,1427.8762515807039,2.0
APPLE_WEB_01950,iPad Pro,London-RegentSt,2024-04-25,5690.518928692385,2.0
APPLE_WEB_01954,AirPods Max,Sydney-GeorgeSt,2024-01-26,611.1843025563478,1.0
APPLE_WEB_01955,iPad Pro,London-RegentSt,2024-04-26,2037.9152187419315,1.0
APPLE_WEB_01956,Vision Pro,NYC-FifthAve,2024-01-05,849.5894411919894,2.0
APPLE_WEB_01957,Apple Watch Ultra,London-RegentSt,2024-04-21,2544.049626685846,1.0
APPLE_WEB_01959,Vision Pro,Paris-Opera,2024-03-28,6944.187633734672,2.0
APPLE_WEB_01961,AirPods Max,Paris-Opera,2024-02-13,1295.9165911553257,1.0
APPLE_WEB_01962,Vision Pro,Sydney-GeorgeSt,2024-06-15,2665.810865466718,2.0
APPLE_WEB_01964,Apple Watch Ultra,Tokyo-Ginza,2024-02-22,4641.001605255441,2.0
APPLE_WEB_01965,AirPods Max,Sydney-GeorgeSt,2024-05-06,2556.8021528411955,1.0
APPLE_WEB_01966,AirPods Max,Paris-Opera,2024-06-17,5638.3599967221,2.0
APPLE_WEB_01968,MacBook Air M3,Sydney-GeorgeSt,2024-02-01,1854.501086896331,1.0
APPLE_WEB_01969,Apple Watch Ultra,NYC-FifthAve,2024-05-24,3800.4049811795094,2.0
APPLE_WEB_01972,Apple Watch Ultra,Tokyo-Ginza,2024-03-03,171.98933661404095,1.0
APPLE_WEB_01973,MacBook Air M3,Paris-Opera,2024-03-17,2460.5239854179126,1.0
APPLE_WEB_01975,MacBook Air M3,Sydney-GeorgeSt,2024-04-22,1387.9183839517016,1.0
APPLE_WEB_01976,MacBook Air M3,Paris-Opera,2024-01-16,488.3434701369292,2.0
APPLE_WEB_01977,Apple Watch Ultra,Paris-Opera,2024-05-22,5143.629553128394,2.0
APPLE_WEB_01978,Apple Watch Ultra,Paris-Opera,2024-02-01,2932.1164616239867,1.0
APPLE_WEB_01980,Apple Watch Ultra,Tokyo-Ginza,2024-05-05,2448.888516460835,2.0
APPLE_WEB_01982,Vision Pro,London-RegentSt,2024-02-19,1010.0647905180471,2.0
APPLE_WEB_01983,iPhone 15 Pro,NYC-FifthAve,2024-04-04,855.7060003861117,1.0
APPLE_WEB_01984,iPhone 15 Pro,Paris-Opera,2024-05-26,2923.3425984312225,1.0
APPLE_WEB_01985,iPhone 15 Pro,Tokyo-Ginza,2024-06-14,5914.156390954169,2.0
APPLE_WEB_01988,iPhone 15 Pro,Sydney-GeorgeSt,2024-01-08,1252.4994476254374,2.0
APPLE_WEB_01989,Vision Pro,Tokyo-Ginza,2024-02-26,5352.032977046938,2.0
APPLE_WEB_01991,MacBook Air M3,Sydney-GeorgeSt,2024-03-02,3455.4675667001197,1.0
APPLE_WEB_01994,iPhone 15 Pro,Sydney-GeorgeSt,2024-03-29,2334.888064423526,1.0
APPLE_WEB_01995,iPhone 15 Pro,Tokyo-Ginza,2024-05-29,3840.9890483806016,2.0
APPLE_WEB_01996,Apple Watch Ultra,Sydney-GeorgeSt,2024-06-06,2139.11932632312,1.0
APPLE_WEB_01998,Apple Watch Ultra,Tokyo-Ginza,2024-03-14,5345.8408448436985,2.0
APPLE_WEB_01999,AirPods Max,London-RegentSt,2024-04-05,2494.5620644037485,1.0
APPLE_WEB_02000,Apple Watch Ultra,Sydney-GeorgeSt,2024-03-04,1674.677323489288,1.0
APPLE_WEB_02001,iPhone 15 Pro,Sydney-GeorgeSt,2024-03-25,4470.110934223842,2.0
APPLE_WEB_02002,Apple Watch Ultra,London-RegentSt,2024-06-13,492.70575023202935,1.0
APPLE_WEB_02003,iPhone 15 Pro,NYC-FifthAve,2024-03-10,2453.2945347687805,1.0
APPLE_WEB_02006,MacBook Air M3,Tokyo-Ginza,2024-04-19,478.72076809907617,1.0
APPLE_WEB_02007,iPad Pro,Paris-Opera,2024-03-08,5614.936867492033,2.0
APPLE_WEB_02009,AirPods Max,NYC-FifthAve,2024-01-19,2605.074511627665,2.0
APPLE_WEB_02011,Vision Pro,Sydney-GeorgeSt,2024-01-08,1684.9710868336488,2.0
APPLE_WEB_02012,AirPods Max,London-RegentSt,2024-02-23,1989.044812581975,2.0
APPLE_WEB_02013,iPad Pro,London-RegentSt,2024-01-08,3172.079387069194,2.0
APPLE_WEB_02014,AirPods Max,NYC-FifthAve,2024-05-22,5918.014240020184,2.0
APPLE_WEB_02018,MacBook Air M3,Tokyo-Ginza,2024-03-26,5324.3216297917925,2.0
APPLE_WEB_02020,AirPods Max,London-RegentSt,2024-02-16,2807.07353947142,1.0
APPLE_WEB_02021,AirPods Max,Tokyo-Ginza,2024-04-05,4470.680549841617,2.0
APPLE_WEB_02022,AirPods Max,London-RegentSt,2024-02-23,1588.1191779598103,1.0
APPLE_WEB_02024,MacBook Air M3,Tokyo-Ginza,2024-04-04,2729.1957505381606,1.0
APPLE_WEB_02025,iPhone 15 Pro,Sydney-GeorgeSt,2024-05-24,1170.723047772161,2.0
APPLE_WEB_02026,Apple Watch Ultra,Sydney-GeorgeSt,2024-06-26,879.3279227142667,1.0
APPLE_WEB_02028,AirPods Max,London-RegentSt,2024-02-16,4597.845167551436,2.0
APPLE_WEB_02029,Vision Pro,NYC-FifthAve,2024-06-08,1571.7427300482045,1.0
APPLE_WEB_02033,MacBook Air M3,London-RegentSt,2024-02-29,3501.786435318058,2.0
APPLE_WEB_02035,MacBook Air M3,London-RegentSt,2024-05-04,1325.794044766664,1.0
APPLE_WEB_02036,iPhone 15 Pro,Paris-Opera,2024-02-11,3920.9869236743875,2.0
APPLE_WEB_02039,iPhone 15 Pro,London-RegentSt,2024-04-02,1371.0555206233955,1.0
APPLE_WEB_02040,Vision Pro,Paris-Opera,2024-02-22,709.2946812247919,1.0
APPLE_WEB_02041,Apple Watch Ultra,Sydney-GeorgeSt,2024-01-17,231.08817323633835,1.0
APPLE_WEB_02042,iPad Pro,Sydney-GeorgeSt,2024-06-24,1969.1882704449213,1.0
APPLE_WEB_02043,MacBook Air M3,NYC-FifthAve,2024-06-02,774.3327914668039,1.0
APPLE_WEB_02044,AirPods Max,NYC-FifthAve,2024-03-09,2558.4101482055694,1.0
APPLE_WEB_02045,Apple Watch Ultra,London-RegentSt,2024-06-28,2872.8835449742146,1.0
APPLE_WEB_02048,Vision Pro,Sydney-GeorgeSt,2024-04-22,6156.914081979692,2.0
APPLE_WEB_02049,iPhone 15 Pro,London-RegentSt,2024-03-09,2490.7565340923493,1.0
APPLE_WEB_02050,Vision Pro,Tokyo-Ginza,2024-02-01,691.511564324753,2.0
APPLE_WEB_02051,Vision Pro,Paris-Opera,2024-04-18,3300.5910442975,2.0
APPLE_WEB_02052,Vision Pro,Paris-Opera,2024-02-25,2114.8309316099676,1.0
APPLE_WEB_02053,iPad Pro,Paris-Opera,2024-03-10,3254.224799885435,1.0
APPLE_WEB_02054,iPad Pro,Paris-Opera,2024-03-24,1069.0945672381706,2.0
APPLE_WEB_02055,Apple Watch Ultra,Tokyo-Ginza,2024-01-20,2816.633660565136,1.0
APPLE_WEB_02058,Apple Watch Ultra,Paris-Opera,2024-03-31,1646.3937020836706,1.0
APPLE_WEB_02062,Vision Pro,London-RegentSt,2024-03-09,5557.80897335716,2.0
APPLE_WEB_02064,Apple Watch Ultra,NYC-FifthAve,2024-02-17,5720.881119592147,2.0
APPLE_WEB_02066,MacBook Air M3,Paris-Opera,2024-01-04,2981.0917030715445,1.0
APPLE_WEB_02068,Vision Pro,Sydney-GeorgeSt,2024-03-09,4066.59735457591,2.0
APPLE_WEB_02069,iPhone 15 Pro,Paris-Opera,2024-06-09,1952.714454169219,1.0
APPLE_WEB_02071,AirPods Max,Paris-Opera,2024-04-16,5190.170880553912,2.0
APPLE_WEB_02072,AirPods Max,Paris-Opera,2024-02-11,2531.040944151968,1.0
APPLE_WEB_02073,Apple Watch Ultra,Tokyo-Ginza,2024-06-21,5683.819252401391,2.0
APPLE_WEB_02074,iPad Pro,London-RegentSt,2024-01-05,2205.652625511249,1.0
APPLE_WEB_02076,iPad Pro,NYC-FifthAve,2024-02-16,3177.5197029903698,1.0
APPLE_WEB_02077,Apple Watch Ultra,Sydney-GeorgeSt,2024-05-12,2543.5250051041025,1.0
APPLE_WEB_02078,AirPods Max,Paris-Opera,2024-06-19,2118.0791352594288,1.0
APPLE_WEB_02079,iPad Pro,Tokyo-Ginza,2024-06-24,5942.703343078992,2.0
APPLE_WEB_02080,iPad Pro,Tokyo-Ginza,2024-05-23,6188.202803780946,2.0
APPLE_WEB_02081,AirPods Max,Paris-Opera,2024-03-30,1797.4764009645362,2.0
APPLE_WEB_02082,iPhone 15 Pro,London-RegentSt,2024-05-29,3717.0740995941806,2.0
APPLE_WEB_02083,Apple Watch Ultra,Sydney-GeorgeSt,2024-02-07,3763.3572848797758,2.0
APPLE_WEB_02084,MacBook Air M3,Sydney-GeorgeSt,2024-05-21,3662.805483296942,2.0
APPLE_WEB_02086,Vision Pro,Tokyo-Ginza,2024-02-12,383.6186439805334,1.0
APPLE_WEB_02087,iPad Pro,Tokyo-Ginza,2024-02-18,3082.178078615265,1.0
APPLE_WEB_02088,iPad Pro,Paris-Opera,2024-03-11,2077.1129157528826,1.0
APPLE_WEB_02090,Vision Pro,Tokyo-Ginza,2024-05-05,2264.797013520931,1.0
APPLE_WEB_02091,iPad Pro,Tokyo-Ginza,2024-06-18,563.8539749211717,1.0
APPLE_WEB_02092,Vision Pro,NYC-FifthAve,2024-05-17,4031.679504352299,2.0
APPLE_WEB_02094,MacBook Air M3,NYC-FifthAve,2024-04-22,659.3655951080837,1.0
APPLE_WEB_02095,Vision Pro,London-RegentSt,2024-01-03,3410.988257131666,2.0
APPLE_WEB_02097,Apple Watch Ultra,London-RegentSt,2024-06-04,462.4865235554649,2.0
APPLE_WEB_02098,iPhone 15 Pro,NYC-FifthAve,2024-06-19,1050.1183143640515,1.0
APPLE_WEB_02099,Apple Watch Ultra,Sydney-GeorgeSt,2024-03-26,6994.605401822184,2.0
APPLE_WEB_02101,AirPods Max,Paris-Opera,2024-05-05,2535.9060222091475,1.0
APPLE_WEB_02102,iPhone 15 Pro,Paris-Opera,2024-01-14,4310.875396025659,2.0
APPLE_WEB_02103,Apple Watch Ultra,Tokyo-Ginza,2024-01-16,3120.085484850742,1.0
APPLE_WEB_02104,iPhone 15 Pro,Tokyo-Ginza,2024-01-21,992.5790935061746,1.0
APPLE_WEB_02105,iPhone 15 Pro,Paris-Opera,2024-05-28,2561.1380667629796,2.0
APPLE_WEB_02108,iPad Pro,Sydney-GeorgeSt,2024-04-16,536.7692165156639,1.0
APPLE_WEB_02109,Apple Watch Ultra,Tokyo-Ginza,2024-06-23,2144.777602123451,2.0
APPLE_WEB_02111,Apple Watch Ultra,Paris-Opera,2024-02-09,1513.7750737349158,2.0
APPLE_WEB_02113,iPad Pro,Sydney-GeorgeSt,2024-06-16,757.4929702846168,2.0
APPLE_WEB_02115,AirPods Max,Tokyo-Ginza,2024-04-11,854.6404045472696,2.0
APPLE_WEB_02117,iPhone 15 Pro,London-RegentSt,2024-01-29,1732.3097777215874,2.0
APPLE_WEB_02119,MacBook Air M3,Paris-Opera,2024-02-13,380.89369525438326,1.0
APPLE_WEB_02121,iPad Pro,Tokyo-Ginza,2024-02-02,895.2704456349452,1.0
APPLE_WEB_02122,AirPods Max,Tokyo-Ginza,2024-02-17,2389.2693598716623,1.0
APPLE_WEB_02124,MacBook Air M3,London-RegentSt,2024-03-26,981.6139383575007,2.0
APPLE_WEB_02125,Vision Pro,London-RegentSt,2024-05-25,6690.977463309143,2.0
APPLE_WEB_02126,Vision Pro,Paris-Opera,2024-06-18,4607.172070880814,2.0
APPLE_WEB_02127,iPhone 15 Pro,Paris-Opera,2024-03-19,2478.197135938756,1.0
APPLE_WEB_02128,MacBook Air M3,Paris-Opera,2024-03-31,967.5109826898085,1.0
APPLE_WEB_02129,iPhone 15 Pro,London-RegentSt,2024-01-15,1609.1394218404173,1.0
APPLE_WEB_02131,MacBook Air M3,Tokyo-Ginza,2024-01-10,5096.895539216119,2.0
APPLE_WEB_02132,AirPods Max,Tokyo-Ginza,2024-02-10,1053.262435035492,1.0
APPLE_WEB_02133,Vision Pro,Tokyo-Ginza,2024-03-28,6619.137113261637,2.0
APPLE_WEB_02134,Vision Pro,London-RegentSt,2024-03-14,2654.8922749959916,2.0
APPLE_WEB_02136,iPhone 15 Pro,Paris-Opera,2024-05-20,2570.5985806506437,2.0
APPLE_WEB_02138,MacBook Air M3,Paris-Opera,2024-02-20,2737.1647541357756,1.0
APPLE_WEB_02139,Apple Watch Ultra,Sydney-GeorgeSt,2024-03-28,2613.457272331916,1.0
APPLE_WEB_02140,Vision Pro,Sydney-GeorgeSt,2024-03-21,961.4636274782674,2.0
APPLE_WEB_02141,AirPods Max,Paris-Opera,2024-02-08,6585.1742470060735,2.0
APPLE_WEB_02142,iPad Pro,Sydney-GeorgeSt,2024-01-13,739.9303839952223,2.0
APPLE_WEB_02143,Apple Watch Ultra,Tokyo-Ginza,2024-03-21,1242.091371327612,1.0
APPLE_WEB_02147,iPhone 15 Pro,Tokyo-Ginza,2024-04-28,1840.454982373312,1.0
APPLE_WEB_02148,Apple Watch Ultra,NYC-FifthAve,2024-01-23,4233.483818523953,2.0
APPLE_WEB_02149,MacBook Air M3,London-RegentSt,2024-01-24,1741.8271782984468,1.0
APPLE_WEB_02151,Apple Watch Ultra,Sydney-GeorgeSt,2024-06-18,988.3623089286251,1.0
APPLE_WEB_02153,MacBook Air M3,Paris-Opera,2024-01-21,1436.398808366986,1.0
APPLE_WEB_02154,AirPods Max,London-RegentSt,2024-05-27,1858.6139879650675,1.0
APPLE_WEB_02155,iPad Pro,Sydney-GeorgeSt,2024-05-03,761.2194849088103,2.0
APPLE_WEB_02156,iPhone 15 Pro,Tokyo-Ginza,2024-06-23,3374.276750299625,2.0
APPLE_WEB_02158,Apple Watch Ultra,Paris-Opera,2024-02-09,1567.670930544343,1.0
APPLE_WEB_02162,AirPods Max,London-RegentSt,2024-04-13,6052.1457912720425,2.0
APPLE_WEB_02164,MacBook Air M3,London-RegentSt,2024-01-29,5100.421601898144,2.0
APPLE_WEB_02165,iPhone 15 Pro,Paris-Opera,2024-05-01,5218.204541658382,2.0
APPLE_WEB_02166,iPad Pro,Tokyo-Ginza,2024-01-12,756.3761704642567,1.0
APPLE_WEB_02167,MacBook Air M3,Tokyo-Ginza,2024-05-13,3423.4696918539425,2.0
APPLE_WEB_02171,iPad Pro,Paris-Opera,2024-05-01,4621.792266083412,2.0
APPLE_WEB_02172,iPhone 15 Pro,NYC-FifthAve,2024-03-02,6898.719719800077,2.0
APPLE_WEB_02174,Vision Pro,Tokyo-Ginza,2024-03-15,2343.309665136026,1.0
APPLE_WEB_02175,MacBook Air M3,Tokyo-Ginza,2024-04-22,3451.914118021968,1.0
APPLE_WEB_02178,MacBook Air M3,Paris-Opera,2024-04-30,536.0271801994637,2.0
APPLE_WEB_02179,iPhone 15 Pro,NYC-FifthAve,2024-02-01,2349.380667527214,1.0
APPLE_WEB_02180,iPhone 15 Pro,Sydney-GeorgeSt,2024-03-06,1962.2425568596464,2.0
APPLE_WEB_02182,MacBook Air M3,Paris-Opera,2024-05-31,1854.880705729956,2.0
APPLE_WEB_02183,AirPods Max,London-RegentSt,2024-05-14,2316.080659312103,2.0
APPLE_WEB_02184,iPad Pro,London-RegentSt,2024-05-21,364.06050771768923,2.0
APPLE_WEB_02185,MacBook Air M3,Tokyo-Ginza,2024-06-01,6708.901827040347,2.0
APPLE_WEB_02186,AirPods Max,London-RegentSt,2024-04-02,2109.393709475189,2.0
APPLE_WEB_02187,iPad Pro,Paris-Opera,2024-06-05,3462.3054380810563,2.0
APPLE_WEB_02190,MacBook Air M3,Tokyo-Ginza,2024-03-04,5577.503140233357,2.0
APPLE_WEB_02191,iPhone 15 Pro,Paris-Opera,2024-03-16,1119.913822834797,1.0
APPLE_WEB_02192,Vision Pro,NYC-FifthAve,2024-03-11,5973.329212926859,2.0
APPLE_WEB_02195,MacBook Air M3,Paris-Opera,2024-01-06,5980.492619530608,2.0
APPLE_WEB_02197,iPad Pro,NYC-FifthAve,2024-01-18,1434.6960567186682,2.0
APPLE_WEB_02198,MacBook Air M3,Paris-Opera,2024-01-25,836.2439624306384,1.0
APPLE_WEB_02199,Vision Pro,London-RegentSt,2024-04-13,2557.639211691496,1.0
APPLE_WEB_02200,MacBook Air M3,Sydney-GeorgeSt,2024-06-27,3378.991794934967,1.0
APPLE_WEB_02201,Apple Watch Ultra,Sydney-GeorgeSt,2024-03-27,5676.182936875608,2.0
APPLE_WEB_02202,AirPods Max,Paris-Opera,2024-03-20,6934.185040264933,2.0
APPLE_WEB_02203,AirPods Max,Sydney-GeorgeSt,2024-04-14,4121.884882196591,2.0
APPLE_WEB_02204,MacBook Air M3,Sydney-GeorgeSt,2024-03-16,1525.2190125661632,1.0
APPLE_WEB_02206,Vision Pro,NYC-FifthAve,2024-01-23,4165.9987506945035,2.0
APPLE_WEB_02208,AirPods Max,Sydney-GeorgeSt,2024-02-17,1366.2376549955934,1.0
APPLE_WEB_02209,Apple Watch Ultra,Tokyo-Ginza,2024-03-31,4335.30108095287,2.0
APPLE_WEB_02210,Apple Watch Ultra,Paris-Opera,2024-06-07,3497.332489317701,1.0
APPLE_WEB_02211,MacBook Air M3,Paris-Opera,2024-05-30,952.5010137248233,2.0
APPLE_WEB_02214,Vision Pro,NYC-FifthAve,2024-05-09,2076.4254301945343,2.0
APPLE_WEB_02215,Apple Watch Ultra,Paris-Opera,2024-04-15,1915.9870704012349,1.0
APPLE_WEB_02216,Apple Watch Ultra,NYC-FifthAve,2024-06-13,2628.8878215796,1.0
APPLE_WEB_02217,MacBook Air M3,London-RegentSt,2024-05-13,4221.701297060663,2.0
APPLE_WEB_02219,MacBook Air M3,Tokyo-Ginza,2024-06-19,1152.580510228398,1.0
APPLE_WEB_02220,iPad Pro,London-RegentSt,2024-05-27,665.3423128994017,2.0
APPLE_WEB_02221,Apple Watch Ultra,Paris-Opera,2024-01-19,2926.6973089086096,1.0
APPLE_WEB_02225,AirPods Max,NYC-FifthAve,2024-02-19,3019.300680374958,1.0
APPLE_WEB_02226,AirPods Max,London-RegentSt,2024-02-05,1721.5263232139084,2.0
APPLE_WEB_02228,iPad Pro,NYC-FifthAve,2024-02-17,4597.669831721551,2.0
APPLE_WEB_02229,iPad Pro,Tokyo-Ginza,2024-06-10,5171.68742667079,2.0
APPLE_WEB_02232,iPad Pro,Paris-Opera,2024-03-27,641.7383789187706,1.0
APPLE_WEB_02234,iPhone 15 Pro,Sydney-GeorgeSt,2024-04-16,4701.308179722877,2.0
APPLE_WEB_02235,iPhone 15 Pro,Paris-Opera,2024-03-21,2025.3379010632236,1.0
APPLE_WEB_02236,Vision Pro,Tokyo-Ginza,2024-02-12,2277.2544986443536,2.0
APPLE_WEB_02238,MacBook Air M3,Paris-Opera,2024-05-31,6349.391341829978,2.0
APPLE_WEB_02239,iPhone 15 Pro,Tokyo-Ginza,2024-06-10,1637.492450882819,1.0
APPLE_WEB_02241,iPad Pro,London-RegentSt,2024-01-20,948.8302946662543,1.0
APPLE_WEB_02243,iPad Pro,Tokyo-Ginza,2024-06-10,1264.6994068065612,1.0
APPLE_WEB_02244,Vision Pro,Paris-Opera,2024-06-01,6853.05269188787,2.0
APPLE_WEB_02245,iPad Pro,Paris-Opera,2024-01-18,4384.978086784274,2.0
APPLE_WEB_02246,Apple Watch Ultra,Paris-Opera,2024-06-28,893.9943787704775,1.0
APPLE_WEB_02251,Vision Pro,NYC-FifthAve,2024-05-02,498.94417869992765,2.0
APPLE_WEB_02252,Apple Watch Ultra,Sydney-GeorgeSt,2024-06-08,707.6087568430154,1.0
APPLE_WEB_02253,AirPods Max,Tokyo-Ginza,2024-02-25,6933.122171050256,2.0
APPLE_WEB_02255,Apple Watch Ultra,Paris-Opera,2024-02-10,982.9637805327259,2.0
APPLE_WEB_02257,AirPods Max,Sydney-GeorgeSt,2024-06-20,3421.1021954664475,2.0
APPLE_WEB_02258,Apple Watch Ultra,NYC-FifthAve,2024-01-27,5513.977873699988,2.0
APPLE_WEB_02260,iPhone 15 Pro,Tokyo-Ginza,2024-04-27,2810.110789147493,1.0
APPLE_WEB_02261,Vision Pro,Tokyo-Ginza,2024-05-19,2939.2989435536942,1.0
APPLE_WEB_02262,MacBook Air M3,NYC-FifthAve,2024-03-19,484.80323859028175,2.0
APPLE_WEB_02266,iPhone 15 Pro,Paris-Opera,2024-02-16,1251.4982970763517,1.0
APPLE_WEB_02268,iPad Pro,Tokyo-Ginza,2024-06-03,5270.057293769032,2.0
APPLE_WEB_02269,MacBook Air M3,Tokyo-Ginza,2024-04-25,3771.344660774203,2.0
APPLE_WEB_02272,AirPods Max,Sydney-GeorgeSt,2024-02-07,6366.827382784655,2.0
APPLE_WEB_02273,iPad Pro,London-RegentSt,2024-01-23,1955.1361839408612,1.0
APPLE_WEB_02274,AirPods Max,Sydney-GeorgeSt,2024-03-26,6762.313138412853,2.0
APPLE_WEB_02275,Apple Watch Ultra,Paris-Opera,2024-03-05,5021.76799963453,2.0
APPLE_WEB_02276,iPad Pro,Tokyo-Ginza,2024-06-23,2838.0336368996605,2.0
APPLE_WEB_02277,iPhone 15 Pro,NYC-FifthAve,2024-05-25,3393.490187217955,1.0
APPLE_WEB_02278,Apple Watch Ultra,Tokyo-Ginza,2024-02-13,1358.9057224419187,1.0
APPLE_WEB_02279,AirPods Max,Tokyo-Ginza,2024-06-13,1027.790561247412,1.0
APPLE_WEB_02280,Apple Watch Ultra,Sydney-GeorgeSt,2024-01-24,392.1360004081246,2.0
APPLE_WEB_02282,iPhone 15 Pro,Sydney-GeorgeSt,2024-04-09,3072.30463393043,1.0
APPLE_WEB_02283,AirPods Max,Paris-Opera,2024-04-08,3304.6672479310746,1.0
APPLE_WEB_02284,iPad Pro,Paris-Opera,2024-04-03,621.9552293002025,2.0
APPLE_WEB_02285,Apple Watch Ultra,Tokyo-Ginza,2024-04-14,5509.093178393133,2.0
APPLE_WEB_02287,iPhone 15 Pro,Sydney-GeorgeSt,2024-06-01,1665.2701056080593,1.0
APPLE_WEB_02290,Vision Pro,Paris-Opera,2024-01-28,6851.53633563318,2.0
APPLE_WEB_02292,MacBook Air M3,NYC-FifthAve,2024-03-18,3491.97400296941,1.0
APPLE_WEB_02293,Apple Watch Ultra,Paris-Opera,2024-03-30,1846.5311505889815,2.0
APPLE_WEB_02294,iPad Pro,Sydney-GeorgeSt,2024-02-18,2153.692537364399,2.0
APPLE_WEB_02296,Vision Pro,NYC-FifthAve,2024-03-20,5653.471939793778,2.0
APPLE_WEB_02297,Apple Watch Ultra,NYC-FifthAve,2024-06-08,3410.968074937066,1.0
APPLE_WEB_02300,Vision Pro,London-RegentSt,2024-06-14,1310.0845818114171,1.0
APPLE_WEB_02301,MacBook Air M3,NYC-FifthAve,2024-03-04,1215.4952476462395,2.0
APPLE_WEB_02304,Vision Pro,London-RegentSt,2024-04-27,2396.9665234657296,2.0
APPLE_WEB_02305,iPad Pro,Tokyo-Ginza,2024-04-29,4529.670726521509,2.0
APPLE_WEB_02306,Apple Watch Ultra,NYC-FifthAve,2024-05-17,2839.9610961856674,2.0
APPLE_WEB_02307,iPhone 15 Pro,Paris-Opera,2024-05-28,2538.044891494787,2.0
APPLE_WEB_02308,iPad Pro,Tokyo-Ginza,2024-05-10,3649.7590479024325,2.0
APPLE_WEB_02309,MacBook Air M3,Paris-Opera,2024-04-24,307.69684837046225,1.0
APPLE_WEB_02310,iPad Pro,Sydney-GeorgeSt,2024-06-19,6021.297594726683,2.0
APPLE_WEB_02312,Apple Watch Ultra,Paris-Opera,2024-03-12,3908.969193987329,2.0
APPLE_WEB_02313,Vision Pro,NYC-FifthAve,2024-01-24,5282.690795277687,2.0
APPLE_WEB_02314,MacBook Air M3,Tokyo-Ginza,2024-06-10,2180.2658234337982,1.0
APPLE_WEB_02316,Apple Watch Ultra,Paris-Opera,2024-01-24,928.760663167113,1.0
APPLE_WEB_02317,Vision Pro,Tokyo-Ginza,2024-06-12,2480.5760014207053,1.0
APPLE_WEB_02318,iPhone 15 Pro,Sydney-GeorgeSt,2024-04-03,2109.7223337370688,2.0
APPLE_WEB_02320,Vision Pro,NYC-FifthAve,2024-06-21,2952.147062358352,1.0
APPLE_WEB_02321,MacBook Air M3,Tokyo-Ginza,2024-04-29,3465.2346725135394,1.0
APPLE_WEB_02323,iPad Pro,Tokyo-Ginza,2024-04-03,1287.091429460993,1.0
APPLE_WEB_02325,Vision Pro,London-RegentSt,2024-03-29,6677.791364927347,2.0
APPLE_WEB_02327,iPhone 15 Pro,Sydney-GeorgeSt,2024-05-21,3789.7139487118566,2.0
APPLE_WEB_02328,iPad Pro,NYC-FifthAve,2024-04-20,6401.199983285617,2.0
APPLE_WEB_02329,iPad Pro,NYC-FifthAve,2024-02-15,3196.920268833285,2.0
APPLE_WEB_02331,iPad Pro,NYC-FifthAve,2024-05-26,1771.0310183641698,1.0
APPLE_WEB_02332,iPad Pro,NYC-FifthAve,2024-04-03,5444.331510507057,2.0
APPLE_WEB_02333,MacBook Air M3,Sydney-GeorgeSt,2024-02-11,325.12865571700434,2.0
APPLE_WEB_02337,iPhone 15 Pro,Sydney-GeorgeSt,2024-02-24,3167.879232700803,2.0
APPLE_WEB_02339,MacBook Air M3,Sydney-GeorgeSt,2024-06-04,2430.284970735603,2.0
APPLE_WEB_02340,iPad Pro,Paris-Opera,2024-02-07,1929.2199353950466,1.0
APPLE_WEB_02343,iPhone 15 Pro,NYC-FifthAve,2024-01-21,1148.0327525988787,1.0
APPLE_WEB_02345,iPad Pro,London-RegentSt,2024-05-08,352.8031166561096,1.0
APPLE_WEB_02346,Vision Pro,Sydney-GeorgeSt,2024-03-23,6681.7104605132035,2.0
APPLE_WEB_02347,Apple Watch Ultra,Paris-Opera,2024-06-15,1706.1106837702844,1.0
APPLE_WEB_02350,Vision Pro,Sydney-GeorgeSt,2024-03-19,6979.311359200347,2.0
APPLE_WEB_02351,Apple Watch Ultra,London-RegentSt,2024-02-07,976.708514058024,1.0
APPLE_WEB_02352,Vision Pro,Paris-Opera,2024-02-15,2088.21174082528,2.0
APPLE_WEB_02353,MacBook Air M3,NYC-FifthAve,2024-01-08,748.164506950644,1.0
APPLE_WEB_02354,AirPods Max,NYC-FifthAve,2024-02-13,4826.834472229204,2.0
APPLE_WEB_02355,iPad Pro,Paris-Opera,2024-01-06,887.0816478656042,1.0
APPLE_WEB_02356,iPad Pro,Sydney-GeorgeSt,2024-05-13,3015.629130564774,2.0
APPLE_WEB_02357,Apple Watch Ultra,London-RegentSt,2024-01-02,3949.7669898219824,2.0
APPLE_WEB_02358,AirPods Max,NYC-FifthAve,2024-05-05,1563.5399733756315,2.0
APPLE_WEB_02361,iPhone 15 Pro,Paris-Opera,2024-04-01,6529.418969835124,2.0
APPLE_WEB_02362,iPad Pro,NYC-FifthAve,2024-01-18,1688.0957785007263,2.0
APPLE_WEB_02364,MacBook Air M3,Paris-Opera,2024-03-04,5907.193017443325,2.0
APPLE_WEB_02365,MacBook Air M3,Sydney-GeorgeSt,2024-04-10,3999.256733689768,2.0
APPLE_WEB_02367,MacBook Air M3,NYC-FifthAve,2024-01-01,2047.767805573847,2.0
APPLE_WEB_02368,iPhone 15 Pro,Tokyo-Ginza,2024-03-16,2217.937704055252,2.0
APPLE_WEB_02369,MacBook Air M3,Tokyo-Ginza,2024-06-15,3443.8753295805755,1.0
APPLE_WEB_02370,Apple Watch Ultra,Paris-Opera,2024-04-20,6288.609749376879,2.0
APPLE_WEB_02371,Vision Pro,London-RegentSt,2024-05-04,3903.951506433207,2.0
APPLE_WEB_02372,iPad Pro,Sydney-GeorgeSt,2024-01-02,2537.9120324824053,1.0
APPLE_WEB_02373,Vision Pro,NYC-FifthAve,2024-04-27,2324.5184473947957,1.0
APPLE_WEB_02374,Apple Watch Ultra,NYC-FifthAve,2024-04-02,1685.1923849802513,1.0
APPLE_WEB_02376,iPad Pro,NYC-FifthAve,2024-01-25,763.2339382611359,1.0
APPLE_WEB_02382,iPad Pro,London-RegentSt,2024-06-25,2240.1831922061683,1.0
APPLE_WEB_02384,Vision Pro,London-RegentSt,2024-02-01,6662.217990913601,2.0
APPLE_WEB_02385,iPad Pro,London-RegentSt,2024-03-14,1815.539335186992,2.0
APPLE_WEB_02386,iPhone 15 Pro,NYC-FifthAve,2024-02-09,2917.7999311666554,2.0
APPLE_WEB_02388,Apple Watch Ultra,Tokyo-Ginza,2024-05-31,3015.6348221709595,1.0
APPLE_WEB_02389,MacBook Air M3,NYC-FifthAve,2024-03-24,3574.606977250254,2.0
APPLE_WEB_02391,MacBook Air M3,London-RegentSt,2024-02-11,6106.617409150865,2.0
APPLE_WEB_02392,AirPods Max,London-RegentSt,2024-01-30,2324.002676546693,1.0
APPLE_WEB_02394,Apple Watch Ultra,Tokyo-Ginza,2024-06-25,3420.931473657238,1.0
APPLE_WEB_02395,MacBook Air M3,London-RegentSt,2024-03-10,2305.3135057693958,1.0
APPLE_WEB_02396,Apple Watch Ultra,Sydney-GeorgeSt,2024-05-12,3497.7720576837455,1.0
APPLE_WEB_02398,iPad Pro,Sydney-GeorgeSt,2024-03-04,811.3156168626775,1.0
APPLE_WEB_02399,Vision Pro,London-RegentSt,2024-02-11,2510.798999873697,1.0
APPLE_WEB_02400,iPhone 15 Pro,Sydney-GeorgeSt,2024-05-29,158.7059882023728,1.0
APPLE_WEB_02401,MacBook Air M3,Sydney-GeorgeSt,2024-05-08,1399.0046626564467,1.0
APPLE_WEB_02403,MacBook Air M3,Tokyo-Ginza,2024-06-08,2301.954440292726,1.0
APPLE_WEB_02404,Apple Watch Ultra,Tokyo-Ginza,2024-01-12,6905.775516913367,2.0
APPLE_WEB_02405,MacBook Air M3,Tokyo-Ginza,2024-05-12,2745.438912359687,1.0
APPLE_WEB_02406,AirPods Max,Tokyo-Ginza,2024-04-05,526.5892281027767,1.0
APPLE_WEB_02407,iPad Pro,London-RegentSt,2024-01-04,1617.4577481331112,2.0
APPLE_WEB_02409,iPad Pro,Sydney-GeorgeSt,2024-02-07,2569.924311614021,2.0
APPLE_WEB_02410,MacBook Air M3,Sydney-GeorgeSt,2024-02-06,1603.6318467835954,2.0
APPLE_WEB_02412,iPad Pro,NYC-FifthAve,2024-05-01,3009.0274864114613,1.0
APPLE_WEB_02414,iPhone 15 Pro,Sydney-GeorgeSt,2024-02-19,6578.955375128663,2.0
APPLE_WEB_02415,AirPods Max,Tokyo-Ginza,2024-06-05,2238.1427981262946,1.0
APPLE_WEB_02417,Apple Watch Ultra,London-RegentSt,2024-01-17,1273.2124574704362,1.0
APPLE_WEB_02419,MacBook Air M3,London-RegentSt,2024-03-16,2225.7025344650583,1.0
APPLE_WEB_02420,Vision Pro,Tokyo-Ginza,2024-02-13,2307.7014494907207,2.0
APPLE_WEB_02421,Apple Watch Ultra,Tokyo-Ginza,2024-04-02,6540.769987499882,2.0
APPLE_WEB_02422,iPad Pro,Tokyo-Ginza,2024-06-20,4303.365167403994,2.0
APPLE_WEB_02423,Vision Pro,London-RegentSt,2024-06-06,1087.9018566168293,1.0
APPLE_WEB_02424,iPhone 15 Pro,NYC-FifthAve,2024-02-02,2689.713823270618,2.0
APPLE_WEB_02425,iPhone 15 Pro,Tokyo-Ginza,2024-02-26,1713.4234950957105,2.0
APPLE_WEB_02426,iPhone 15 Pro,Sydney-GeorgeSt,2024-01-04,5581.711043739467,2.0
APPLE_WEB_02428,Apple Watch Ultra,Paris-Opera,2024-04-24,4647.896107304853,2.0
APPLE_WEB_02431,AirPods Max,Paris-Opera,2024-04-24,6480.427553778561,2.0
APPLE_WEB_02432,MacBook Air M3,Sydney-GeorgeSt,2024-02-28,1381.020968570842,1.0
APPLE_WEB_02433,MacBook Air M3,Sydney-GeorgeSt,2024-02-05,2122.1196354896656,1.0
APPLE_WEB_02434,iPhone 15 Pro,Tokyo-Ginza,2024-04-23,4717.689909236155,2.0
APPLE_WEB_02435,iPad Pro,London-RegentSt,2024-06-11,2421.1343025774213,1.0
APPLE_WEB_02436,Apple Watch Ultra,Paris-Opera,2024-06-01,1308.7403223665913,1.0
APPLE_WEB_02438,MacBook Air M3,Paris-Opera,2024-05-12,2356.5710070262744,1.0
APPLE_WEB_02439,MacBook Air M3,London-RegentSt,2024-02-01,6500.307147744351,2.0
APPLE_WEB_02441,Vision Pro,London-RegentSt,2024-05-01,664.014173927721,1.0
APPLE_WEB_02443,iPad Pro,Paris-Opera,2024-04-04,4039.94705964939,2.0
APPLE_WEB_02444,iPad Pro,Tokyo-Ginza,2024-01-05,6122.172001556566,2.0
APPLE_WEB_02446,iPhone 15 Pro,Paris-Opera,2024-02-26,3748.277404139741,2.0
APPLE_WEB_02448,iPad Pro,NYC-FifthAve,2024-05-25,6119.711956489336,2.0
APPLE_WEB_02450,AirPods Max,London-RegentSt,2024-04-05,3243.142203841688,1.0
APPLE_WEB_02451,iPhone 15 Pro,Paris-Opera,2024-05-11,6292.970843916808,2.0
APPLE_WEB_02454,Vision Pro,Paris-Opera,2024-03-17,3075.3082705501206,2.0
APPLE_WEB_02455,MacBook Air M3,Tokyo-Ginza,2024-06-14,4507.28892341394,2.0
APPLE_WEB_02456,iPhone 15 Pro,London-RegentSt,2024-04-14,1002.5898916791833,1.0
APPLE_WEB_02457,MacBook Air M3,NYC-FifthAve,2024-03-19,264.73740841825713,1.0
APPLE_WEB_02458,MacBook Air M3,London-RegentSt,2024-05-06,1156.9895349383864,2.0
APPLE_WEB_02459,iPhone 15 Pro,London-RegentSt,2024-01-05,2148.907979019913,1.0
APPLE_WEB_02462,MacBook Air M3,London-RegentSt,2024-03-23,2062.0739608460435,2.0
APPLE_WEB_02463,iPhone 15 Pro,Tokyo-Ginza,2024-06-12,1140.765365894472,1.0
APPLE_WEB_02464,Vision Pro,Sydney-GeorgeSt,2024-06-11,1143.1187034114994,2.0
APPLE_WEB_02465,iPad Pro,Sydney-GeorgeSt,2024-02-05,4423.572916322691,2.0
APPLE_WEB_02466,Apple Watch Ultra,NYC-FifthAve,2024-05-14,483.66519652168853,1.0
APPLE_WEB_02467,Apple Watch Ultra,Tokyo-Ginza,2024-01-15,3429.788838504022,2.0
APPLE_WEB_02468,Vision Pro,Paris-Opera,2024-03-03,5827.0540700737965,2.0
APPLE_WEB_02470,MacBook Air M3,Paris-Opera,2024-05-10,959.4719462589845,2.0
APPLE_WEB_02471,Apple Watch Ultra,NYC-FifthAve,2024-05-17,2338.9695070126872,1.0
APPLE_WEB_02472,iPhone 15 Pro,Paris-Opera,2024-01-13,3180.616235717282,2.0
APPLE_WEB_02473,AirPods Max,Paris-Opera,2024-04-29,3281.7884681546516,1.0
APPLE_WEB_02474,iPad Pro,Sydney-GeorgeSt,2024-06-27,2740.1419935001154,2.0
APPLE_WEB_02475,Vision Pro,London-RegentSt,2024-03-16,4582.36599978439,2.0
APPLE_WEB_02476,MacBook Air M3,Tokyo-Ginza,2024-03-15,3024.8821560435904,2.0
APPLE_WEB_02477,MacBook Air M3,London-RegentSt,2024-05-28,3297.210780456495,1.0
APPLE_WEB_02478,Vision Pro,London-RegentSt,2024-03-27,2355.383386396973,1.0
APPLE_WEB_02479,iPhone 15 Pro,Sydney-GeorgeSt,2024-03-18,1042.5552168571273,2.0
APPLE_WEB_02484,Apple Watch Ultra,NYC-FifthAve,2024-01-15,1777.5827866118195,2.0
APPLE_WEB_02485,Vision Pro,Tokyo-Ginza,2024-04-04,4043.7325643174736,2.0
APPLE_WEB_02488,AirPods Max,Paris-Opera,2024-02-16,2227.023167193941,1.0
APPLE_WEB_02489,Apple Watch Ultra,Paris-Opera,2024-01-18,2769.8610782382093,1.0
APPLE_WEB_02492,AirPods Max,London-RegentSt,2024-03-22,6984.264325484925,2.0
APPLE_WEB_02493,MacBook Air M3,Sydney-GeorgeSt,2024-01-17,5896.6420713426105,2.0
APPLE_WEB_02494,MacBook Air M3,London-RegentSt,2024-02-19,3269.2526867176584,1.0
APPLE_WEB_02495,Vision Pro,Tokyo-Ginza,2024-06-21,3213.1442563188343,1.0
APPLE_WEB_02496,iPhone 15 Pro,NYC-FifthAve,2024-03-31,2273.906287813827,1.0
APPLE_WEB_02498,Vision Pro,Tokyo-Ginza,2024-05-07,1688.5010008126894,1.0
APPLE_WEB_02499,AirPods Max,Tokyo-Ginza,2024-02-07,1820.7825442271592,1.0
APPLE_WEB_02500,iPad Pro,NYC-FifthAve,2024-06-14,1301.9971498020423,1.0
APPLE_WEB_02502,Vision Pro,Sydney-GeorgeSt,2024-05-15,212.83172238922035,1.0
APPLE_WEB_02505,Apple Watch Ultra,London-RegentSt,2024-01-13,3099.8047978679906,1.0
APPLE_WEB_02506,iPad Pro,Sydney-GeorgeSt,2024-02-14,512.3794985597965,1.0
APPLE_WEB_02507,iPad Pro,London-RegentSt,2024-04-19,1906.6893962685995,2.0
APPLE_WEB_02511,Vision Pro,NYC-FifthAve,2024-05-14,1162.2388878888305,1.0
APPLE_WEB_02512,MacBook Air M3,London-RegentSt,2024-04-09,1300.6333104573803,1.0
APPLE_WEB_02513,Vision Pro,Paris-Opera,2024-02-18,206.87009389380847,1.0
APPLE_WEB_02514,iPad Pro,London-RegentSt,2024-04-10,5666.524764545267,2.0
APPLE_WEB_02516,AirPods Max,Sydney-GeorgeSt,2024-01-31,3320.685033307622,1.0
APPLE_WEB_02517,iPhone 15 Pro,Tokyo-Ginza,2024-02-28,6628.571027579329,2.0
APPLE_WEB_02519,MacBook Air M3,London-RegentSt,2024-06-26,2588.3337878228504,1.0
APPLE_WEB_02520,MacBook Air M3,London-RegentSt,2024-01-16,4236.702950707733,2.0
APPLE_WEB_02521,iPad Pro,Paris-Opera,2024-03-15,1847.7653096834667,1.0
APPLE_WEB_02522,AirPods Max,Sydney-GeorgeSt,2024-01-09,1035.9817591467645,2.0
APPLE_WEB_02524,Vision Pro,Tokyo-Ginza,2024-03-19,5645.052610570185,2.0
APPLE_WEB_02525,iPad Pro,Tokyo-Ginza,2024-01-22,2721.1594822862776,1.0
APPLE_WEB_02526,MacBook Air M3,NYC-FifthAve,2024-04-26,847.406828646296,2.0
APPLE_WEB_02527,MacBook Air M3,Sydney-GeorgeSt,2024-02-11,6546.167577342116,2.0
APPLE_WEB_02528,AirPods Max,Tokyo-Ginza,2024-02-15,6442.116661532546,2.0
APPLE_WEB_02529,iPhone 15 Pro,Tokyo-Ginza,2024-01-02,1793.3770935046507,2.0
APPLE_WEB_02530,AirPods Max,NYC-FifthAve,2024-02-22,4336.181810118369,2.0
APPLE_WEB_02533,AirPods Max,Sydney-GeorgeSt,2024-05-27,5404.879110787683,2.0
APPLE_WEB_02534,Vision Pro,NYC-FifthAve,2024-01-18,625.312734639361,1.0
APPLE_WEB_02536,Vision Pro,Paris-Opera,2024-06-02,3668.3276385186077,2.0
APPLE_WEB_02537,iPhone 15 Pro,Tokyo-Ginza,2024-04-18,2901.7144625250376,1.0
APPLE_WEB_02539,AirPods Max,London-RegentSt,2024-01-06,994.4614310280958,1.0
APPLE_WEB_02540,AirPods Max,Sydney-GeorgeSt,2024-03-08,4265.25609880257,2.0
APPLE_WEB_02541,iPhone 15 Pro,NYC-FifthAve,2024-04-22,1557.4848239719354,2.0
APPLE_WEB_02542,Vision Pro,Paris-Opera,2024-06-24,3117.8756612016327,1.0
APPLE_WEB_02543,iPad Pro,London-RegentSt,2024-05-12,462.2021073131404,1.0
APPLE_WEB_02545,iPhone 15 Pro,London-RegentSt,2024-01-29,188.6639798968094,1.0
APPLE_WEB_02546,Vision Pro,Paris-Opera,2024-05-27,3161.330207358095,2.0
APPLE_WEB_02548,AirPods Max,NYC-FifthAve,2024-04-04,2242.456387985966,1.0
APPLE_WEB_02549,MacBook Air M3,Tokyo-Ginza,2024-05-13,2026.982498840606,2.0
APPLE_WEB_02550,AirPods Max,Paris-Opera,2024-03-19,1710.348563974773,2.0
APPLE_WEB_02551,Vision Pro,Paris-Opera,2024-03-11,744.5744746481361,1.0
APPLE_WEB_02553,MacBook Air M3,Tokyo-Ginza,2024-02-21,3912.457579968183,2.0
APPLE_WEB_02554,iPhone 15 Pro,Sydney-GeorgeSt,2024-02-22,5387.885366390638,2.0
APPLE_WEB_02556,iPhone 15 Pro,Sydney-GeorgeSt,2024-03-04,1472.280863361196,1.0
APPLE_WEB_02558,iPhone 15 Pro,London-RegentSt,2024-06-09,2961.605915428783,1.0
APPLE_WEB_02560,AirPods Max,Paris-Opera,2024-03-11,2622.9211345966764,1.0
APPLE_WEB_02563,MacBook Air M3,Sydney-GeorgeSt,2024-01-08,3402.624229811138,1.0
APPLE_WEB_02564,MacBook Air M3,Paris-Opera,2024-01-04,1453.271178365619,1.0
APPLE_WEB_02565,Apple Watch Ultra,NYC-FifthAve,2024-01-26,2131.1326309881824,1.0
APPLE_WEB_02566,MacBook Air M3,Paris-Opera,2024-05-08,2858.933568732497,1.0
APPLE_WEB_02567,iPhone 15 Pro,London-RegentSt,2024-01-06,1845.0430422791635,1.0
APPLE_WEB_02568,Vision Pro,Paris-Opera,2024-02-14,1473.1554803494175,2.0
APPLE_WEB_02570,AirPods Max,Tokyo-Ginza,2024-04-14,1082.225980757241,2.0
APPLE_WEB_02572,iPhone 15 Pro,London-RegentSt,2024-06-22,1526.1102893914162,2.0
APPLE_WEB_02574,AirPods Max,London-RegentSt,2024-01-30,1158.7475156422188,1.0
APPLE_WEB_02576,Vision Pro,Sydney-GeorgeSt,2024-02-22,3800.204776812547,2.0
APPLE_WEB_02577,MacBook Air M3,Tokyo-Ginza,2024-01-04,3490.107183215979,2.0
APPLE_WEB_02579,AirPods Max,NYC-FifthAve,2024-06-03,313.6330221369594,1.0
APPLE_WEB_02582,iPhone 15 Pro,NYC-FifthAve,2024-03-27,2943.267777785577,2.0
APPLE_WEB_02583,MacBook Air M3,Sydney-GeorgeSt,2024-02-15,2795.2855891007093,1.0
APPLE_WEB_02584,MacBook Air M3,London-RegentSt,2024-06-04,2125.287318950267,2.0
APPLE_WEB_02586,iPhone 15 Pro,London-RegentSt,2024-02-14,2197.2100528487485,1.0
APPLE_WEB_02588,iPad Pro,London-RegentSt,2024-02-26,4830.14700513676,2.0
APPLE_WEB_02589,AirPods Max,Paris-Opera,2024-04-02,3634.326782394289,2.0
APPLE_WEB_02590,iPhone 15 Pro,Sydney-GeorgeSt,2024-06-03,312.2140213434193,1.0
APPLE_WEB_02591,MacBook Air M3,Tokyo-Ginza,2024-02-29,1411.9439552326492,1.0
APPLE_WEB_02594,MacBook Air M3,Tokyo-Ginza,2024-03-21,506.6607672585774,2.0
APPLE_WEB_02595,Vision Pro,NYC-FifthAve,2024-04-04,1729.1363144318223,2.0
APPLE_WEB_02596,Apple Watch Ultra,London-RegentSt,2024-04-11,1080.1103689180345,1.0
APPLE_WEB_02597,AirPods Max,NYC-FifthAve,2024-06-02,919.3212100894539,2.0
APPLE_WEB_02598,AirPods Max,NYC-FifthAve,2024-01-20,1091.6910124134565,1.0
APPLE_WEB_02603,AirPods Max,Sydney-GeorgeSt,2024-04-26,2972.5593903577587,2.0
APPLE_WEB_02604,MacBook Air M3,Paris-Opera,2024-03-07,1365.3684118396634,2.0
APPLE_WEB_02606,iPad Pro,Sydney-GeorgeSt,2024-01-18,2040.5423417993586,2.0
APPLE_WEB_02607,Vision Pro,Sydney-GeorgeSt,2024-01-25,1053.903409190216,1.0
APPLE_WEB_02610,Apple Watch Ultra,Sydney-GeorgeSt,2024-04-17,951.4938300146581,1.0
APPLE_WEB_02611,Vision Pro,London-RegentSt,2024-03-20,855.6025425869817,1.0
APPLE_WEB_02613,iPad Pro,NYC-FifthAve,2024-04-12,2034.0237950449196,1.0
APPLE_WEB_02614,AirPods Max,Tokyo-Ginza,2024-03-21,5021.048109052533,2.0
APPLE_WEB_02615,MacBook Air M3,Tokyo-Ginza,2024-02-17,1001.7930812000807,2.0
APPLE_WEB_02617,Apple Watch Ultra,Paris-Opera,2024-01-20,1126.7966403864675,1.0
APPLE_WEB_02618,Vision Pro,Paris-Opera,2024-05-27,896.1794256661998,2.0
APPLE_WEB_02621,Apple Watch Ultra,NYC-FifthAve,2024-05-24,4795.10333893898,2.0
APPLE_WEB_02622,Vision Pro,Paris-Opera,2024-04-02,1065.2516971571326,1.0
APPLE_WEB_02623,Vision Pro,Paris-Opera,2024-06-11,1906.3457077630965,1.0
APPLE_WEB_02624,MacBook Air M3,Paris-Opera,2024-06-20,1140.647661110089,1.0
APPLE_WEB_02625,AirPods Max,Paris-Opera,2024-06-24,4097.809219918663,2.0
APPLE_WEB_02629,AirPods Max,London-RegentSt,2024-02-15,3063.347653417899,1.0
APPLE_WEB_02631,Vision Pro,Tokyo-Ginza,2024-01-15,2693.7188019517566,2.0
APPLE_WEB_02634,MacBook Air M3,NYC-FifthAve,2024-01-01,5597.54280346707,2.0
APPLE_WEB_02635,Apple Watch Ultra,Tokyo-Ginza,2024-02-25,3489.6994542273446,2.0
APPLE_WEB_02636,Apple Watch Ultra,London-RegentSt,2024-01-30,398.4969163039035,2.0
APPLE_WEB_02637,Apple Watch Ultra,NYC-FifthAve,2024-06-20,1470.4054967308027,1.0
APPLE_WEB_02638,iPhone 15 Pro,London-RegentSt,2024-03-21,5671.05688004672,2.0
APPLE_WEB_02640,Vision Pro,NYC-FifthAve,2024-05-11,1006.795187621976,2.0
APPLE_WEB_02642,Apple Watch Ultra,Tokyo-Ginza,2024-01-04,940.5078359610661,1.0
APPLE_WEB_02643,AirPods Max,Sydney-GeorgeSt,2024-01-10,538.8531884822185,1.0
APPLE_WEB_02644,Apple Watch Ultra,Tokyo-Ginza,2024-06-27,3071.6539191718175,2.0
APPLE_WEB_02648,iPhone 15 Pro,Sydney-GeorgeSt,2024-03-27,5934.7622042428375,2.0
APPLE_WEB_02650,iPhone 15 Pro,Tokyo-Ginza,2024-01-18,199.8536003300594,1.0
APPLE_WEB_02653,AirPods Max,NYC-FifthAve,2024-03-31,3215.5514390626895,1.0
APPLE_WEB_02654,AirPods Max,Tokyo-Ginza,2024-04-14,5322.245733409289,2.0
APPLE_WEB_02655,iPad Pro,Sydney-GeorgeSt,2024-02-17,3959.309355926212,2.0
APPLE_WEB_02656,Vision Pro,Paris-Opera,2024-01-03,525.1544916777261,1.0
APPLE_WEB_02657,Apple Watch Ultra,London-RegentSt,2024-01-31,425.4016382026167,1.0
APPLE_WEB_02658,iPad Pro,Paris-Opera,2024-02-02,1321.7538539606423,2.0
APPLE_WEB_02659,AirPods Max,NYC-FifthAve,2024-04-17,5603.305504600103,2.0
APPLE_WEB_02661,AirPods Max,Paris-Opera,2024-03-09,2964.984636119805,1.0
APPLE_WEB_02666,Apple Watch Ultra,NYC-FifthAve,2024-01-22,6905.905058945504,2.0
APPLE_WEB_02667,iPad Pro,London-RegentSt,2024-05-22,6272.361289288248,2.0
APPLE_WEB_02669,iPhone 15 Pro,London-RegentSt,2024-06-02,3363.6418653142146,1.0
APPLE_WEB_02670,MacBook Air M3,Sydney-GeorgeSt,2024-04-16,4465.717301279237,2.0
APPLE_WEB_02672,MacBook Air M3,Paris-Opera,2024-01-14,2256.4740309579634,2.0
APPLE_WEB_02674,Vision Pro,Tokyo-Ginza,2024-02-06,461.28764395609454,2.0
APPLE_WEB_02676,iPad Pro,Tokyo-Ginza,2024-04-05,4460.442639104937,2.0
APPLE_WEB_02677,iPhone 15 Pro,Tokyo-Ginza,2024-03-21,5154.214753643989,2.0
APPLE_WEB_02678,Vision Pro,Tokyo-Ginza,2024-01-18,1336.0010079530991,2.0
APPLE_WEB_02679,Apple Watch Ultra,Tokyo-Ginza,2024-06-22,2577.6690313808967,1.0
APPLE_WEB_02683,Vision Pro,Paris-Opera,2024-01-12,6713.7022425013665,2.0
APPLE_WEB_02684,Vision Pro,NYC-FifthAve,2024-05-14,3231.9972071461357,2.0
APPLE_WEB_02685,iPhone 15 Pro,Tokyo-Ginza,2024-04-01,808.1026026792454,1.0
APPLE_WEB_02686,Vision Pro,NYC-FifthAve,2024-02-14,3227.1165544531477,2.0
APPLE_WEB_02687,AirPods Max,London-RegentSt,2024-02-04,2732.442262946748,1.0
APPLE_WEB_02688,MacBook Air M3,Paris-Opera,2024-01-17,1292.5750461905866,1.0
APPLE_WEB_02689,Vision Pro,NYC-FifthAve,2024-05-25,2618.276594625891,2.0
APPLE_WEB_02690,Vision Pro,Paris-Opera,2024-06-10,1582.2983162775333,1.0
APPLE_WEB_02692,MacBook Air M3,Sydney-GeorgeSt,2024-06-26,5023.827553325892,2.0
APPLE_WEB_02693,Apple Watch Ultra,Tokyo-Ginza,2024-02-15,5332.748644872767,2.0
APPLE_WEB_02695,Vision Pro,Sydney-GeorgeSt,2024-03-23,1784.2309565802332,2.0
APPLE_WEB_02696,iPad Pro,NYC-FifthAve,2024-03-06,4515.283858633489,2.0
APPLE_WEB_02697,iPhone 15 Pro,Sydney-GeorgeSt,2024-05-17,2601.3075375004623,2.0
APPLE_WEB_02698,MacBook Air M3,Paris-Opera,2024-05-17,6002.07417833764,2.0
APPLE_WEB_02699,MacBook Air M3,NYC-FifthAve,2024-03-09,1438.67858136618,2.0
APPLE_WEB_02701,Apple Watch Ultra,NYC-FifthAve,2024-01-27,1771.6743965704868,1.0
APPLE_WEB_02702,MacBook Air M3,London-RegentSt,2024-03-26,3758.956373239658,2.0
APPLE_WEB_02703,Vision Pro,Paris-Opera,2024-01-14,1487.2295977098893,1.0
APPLE_WEB_02704,iPhone 15 Pro,Paris-Opera,2024-05-12,4383.214448560553,2.0
APPLE_WEB_02706,iPad Pro,Paris-Opera,2024-03-17,6917.003023392559,2.0
APPLE_WEB_02708,iPhone 15 Pro,Sydney-GeorgeSt,2024-02-27,3129.3597174400047,1.0
APPLE_WEB_02710,Vision Pro,NYC-FifthAve,2024-05-13,1590.853435438846,1.0
APPLE_WEB_02711,AirPods Max,Sydney-GeorgeSt,2024-03-12,6764.796788405158,2.0
APPLE_WEB_02712,AirPods Max,NYC-FifthAve,2024-06-16,3243.156117885873,1.0
APPLE_WEB_02714,Vision Pro,NYC-FifthAve,2024-04-25,4176.226322123693,2.0
APPLE_WEB_02715,AirPods Max,London-RegentSt,2024-03-13,6941.3690070721,2.0
APPLE_WEB_02717,Vision Pro,NYC-FifthAve,2024-03-22,765.33490436429,2.0
APPLE_WEB_02718,iPhone 15 Pro,Paris-Opera,2024-05-15,5547.3789246372,2.0
APPLE_WEB_02719,iPhone 15 Pro,Sydney-GeorgeSt,2024-05-19,1983.4959131271467,1.0
APPLE_WEB_02720,Apple Watch Ultra,Tokyo-Ginza,2024-04-02,1008.258526758688,2.0
APPLE_WEB_02721,Apple Watch Ultra,London-RegentSt,2024-01-17,5459.9978920597705,2.0
APPLE_WEB_02722,iPhone 15 Pro,NYC-FifthAve,2024-03-20,6566.458749331812,2.0
APPLE_WEB_02724,AirPods Max,NYC-FifthAve,2024-03-05,3398.1582057267033,1.0
APPLE_WEB_02726,AirPods Max,NYC-FifthAve,2024-05-19,3353.17210607174,1.0
APPLE_WEB_02727,Apple Watch Ultra,Sydney-GeorgeSt,2024-06-28,2701.6265863473823,1.0
APPLE_WEB_02728,Vision Pro,NYC-FifthAve,2024-03-06,523.4896978764881,2.0
APPLE_WEB_02729,iPad Pro,Paris-Opera,2024-04-04,1387.7720828914048,2.0
APPLE_WEB_02730,iPad Pro,NYC-FifthAve,2024-05-31,2891.657343559288,2.0
APPLE_WEB_02731,Apple Watch Ultra,Tokyo-Ginza,2024-05-22,2880.969515300855,2.0
APPLE_WEB_02732,Vision Pro,London-RegentSt,2024-01-04,1537.1753485795828,1.0
APPLE_WEB_02733,AirPods Max,Sydney-GeorgeSt,2024-05-01,2542.746022139271,2.0
APPLE_WEB_02734,iPad Pro,NYC-FifthAve,2024-01-15,3424.4659902023604,2.0
APPLE_WEB_02735,Vision Pro,Tokyo-Ginza,2024-05-31,1581.2023018628622,1.0
APPLE_WEB_02736,iPad Pro,London-RegentSt,2024-06-20,2205.9026961102836,2.0
APPLE_WEB_02737,MacBook Air M3,Sydney-GeorgeSt,2024-01-05,2468.3800904868167,2.0
APPLE_WEB_02744,iPad Pro,Sydney-GeorgeSt,2024-01-24,803.0548004658353,1.0
APPLE_WEB_02745,Apple Watch Ultra,Tokyo-Ginza,2024-06-09,2359.6627506322116,1.0
APPLE_WEB_02746,iPhone 15 Pro,Tokyo-Ginza,2024-04-28,345.4727859535083,1.0
APPLE_WEB_02747,MacBook Air M3,Paris-Opera,2024-01-31,980.5303454816063,1.0
APPLE_WEB_02748,Vision Pro,London-RegentSt,2024-05-15,1757.5480989303849,1.0
APPLE_WEB_02749,Apple Watch Ultra,NYC-FifthAve,2024-05-06,1265.8005198185078,1.0
APPLE_WEB_02750,AirPods Max,Tokyo-Ginza,2024-03-03,628.1338168760076,1.0
APPLE_WEB_02751,MacBook Air M3,NYC-FifthAve,2024-04-22,2931.1433075134837,2.0
APPLE_WEB_02753,Apple Watch Ultra,NYC-FifthAve,2024-02-25,437.4733459170553,1.0
APPLE_WEB_02754,MacBook Air M3,NYC-FifthAve,2024-06-24,2905.8296469822703,1.0
APPLE_WEB_02757,MacBook Air M3,Tokyo-Ginza,2024-03-05,5270.7861327794835,2.0
APPLE_WEB_02758,iPad Pro,Sydney-GeorgeSt,2024-02-11,3494.6138838051365,1.0
APPLE_WEB_02760,MacBook Air M3,Tokyo-Ginza,2024-02-20,2902.769949105111,2.0
APPLE_WEB_02761,AirPods Max,Sydney-GeorgeSt,2024-02-26,2538.5566351852094,1.0
APPLE_WEB_02763,MacBook Air M3,Tokyo-Ginza,2024-05-05,1675.0491371537182,1.0
APPLE_WEB_02764,Apple Watch Ultra,Paris-Opera,2024-06-23,6233.216720552831,2.0
APPLE_WEB_02765,MacBook Air M3,Paris-Opera,2024-03-06,6858.819163943037,2.0
APPLE_WEB_02766,MacBook Air M3,NYC-FifthAve,2024-01-16,6413.27547535125,2.0
APPLE_WEB_02767,Apple Watch Ultra,London-RegentSt,2024-04-28,3680.990133531798,2.0
APPLE_WEB_02768,MacBook Air M3,Sydney-GeorgeSt,2024-04-17,5589.826247042478,2.0
APPLE_WEB_02770,iPad Pro,Sydney-GeorgeSt,2024-03-31,6129.4711320929255,2.0
APPLE_WEB_02772,Vision Pro,NYC-FifthAve,2024-03-27,1230.01005448389,1.0
APPLE_WEB_02773,Vision Pro,Tokyo-Ginza,2024-02-10,1619.063211488176,2.0
APPLE_WEB_02775,iPad Pro,Paris-Opera,2024-02-05,6007.970762918425,2.0
APPLE_WEB_02776,AirPods Max,NYC-FifthAve,2024-01-26,2051.077572389525,1.0
APPLE_WEB_02777,Vision Pro,London-RegentSt,2024-02-03,2437.9003748717305,2.0
APPLE_WEB_02778,AirPods Max,NYC-FifthAve,2024-03-24,757.9235281203769,2.0
APPLE_WEB_02779,MacBook Air M3,Sydney-GeorgeSt,2024-04-21,5417.459892731719,2.0
APPLE_WEB_02780,Vision Pro,Sydney-GeorgeSt,2024-06-19,3286.7226873559243,1.0
APPLE_WEB_02783,Vision Pro,NYC-FifthAve,2024-01-04,3453.0190308543474,1.0
APPLE_WEB_02784,AirPods Max,Paris-Opera,2024-05-12,5934.495940617152,2.0
APPLE_WEB_02786,iPad Pro,London-RegentSt,2024-06-21,2488.0428860882075,2.0
APPLE_WEB_02787,AirPods Max,Sydney-GeorgeSt,2024-06-21,1489.399182316553,1.0
APPLE_WEB_02789,AirPods Max,Sydney-GeorgeSt,2024-02-06,862.7468454124729,1.0
APPLE_WEB_02793,iPad Pro,Tokyo-Ginza,2024-03-05,2836.0616648218493,2.0
APPLE_WEB_02795,AirPods Max,Tokyo-Ginza,2024-01-08,2351.617175131035,1.0
APPLE_WEB_02796,AirPods Max,London-RegentSt,2024-01-19,1373.6115819933468,1.0
APPLE_WEB_02798,AirPods Max,Tokyo-Ginza,2024-04-29,1017.2408445956854,1.0
APPLE_WEB_02799,MacBook Air M3,Sydney-GeorgeSt,2024-06-07,1833.0754220864621,2.0
APPLE_WEB_02801,Apple Watch Ultra,Paris-Opera,2024-01-04,2127.512981866452,2.0
APPLE_WEB_02802,Apple Watch Ultra,NYC-FifthAve,2024-05-24,2857.0828263822596,2.0
APPLE_WEB_02805,Apple Watch Ultra,NYC-FifthAve,2024-06-02,4143.204647252389,2.0
APPLE_WEB_02807,iPad Pro,London-RegentSt,2024-03-12,4134.258701171297,2.0
APPLE_WEB_02809,iPhone 15 Pro,NYC-FifthAve,2024-05-28,5937.763924061413,2.0
APPLE_WEB_02810,Vision Pro,Sydney-GeorgeSt,2024-04-05,3421.6205996874096,1.0
APPLE_WEB_02811,AirPods Max,London-RegentSt,2024-06-26,1882.0681237758306,2.0
APPLE_WEB_02813,iPhone 15 Pro,Tokyo-Ginza,2024-05-19,3303.1189189962415,1.0
APPLE_WEB_02814,iPad Pro,Tokyo-Ginza,2024-02-03,3663.4213302911353,2.0
APPLE_WEB_02816,AirPods Max,NYC-FifthAve,2024-04-15,5892.1282522074625,2.0
APPLE_WEB_02817,Vision Pro,Paris-Opera,2024-04-10,893.420091038829,2.0
APPLE_WEB_02818,AirPods Max,Sydney-GeorgeSt,2024-04-19,5334.565990901906,2.0
APPLE_WEB_02820,Vision Pro,Tokyo-Ginza,2024-02-01,1885.682619225599,1.0
APPLE_WEB_02822,iPhone 15 Pro,Paris-Opera,2024-02-03,1864.3725746036791,1.0
APPLE_WEB_02823,iPad Pro,Paris-Opera,2024-02-27,637.1717893550245,1.0
APPLE_WEB_02824,MacBook Air M3,NYC-FifthAve,2024-05-15,3548.745212381322,2.0
APPLE_WEB_02825,iPad Pro,Tokyo-Ginza,2024-02-19,603.7828563222436,1.0
APPLE_WEB_02827,iPad Pro,Tokyo-Ginza,2024-03-21,1983.9504073817961,1.0
APPLE_WEB_02828,iPhone 15 Pro,Paris-Opera,2024-03-30,2635.4959606488437,1.0
APPLE_WEB_02829,iPad Pro,NYC-FifthAve,2024-04-14,414.35864316786495,1.0
APPLE_WEB_02830,iPad Pro,Tokyo-Ginza,2024-03-06,2863.596712494137,1.0
APPLE_WEB_02831,Apple Watch Ultra,London-RegentSt,2024-01-19,2247.029599400139,1.0
APPLE_WEB_02832,iPad Pro,Sydney-GeorgeSt,2024-06-11,914.3788320279544,1.0
APPLE_WEB_02833,MacBook Air M3,NYC-FifthAve,2024-05-04,2374.8576896818367,1.0
APPLE_WEB_02836,AirPods Max,London-RegentSt,2024-05-21,5604.928584735338,2.0
APPLE_WEB_02837,AirPods Max,Tokyo-Ginza,2024-06-12,1861.324201215548,1.0
APPLE_WEB_02838,Apple Watch Ultra,Tokyo-Ginza,2024-06-28,3917.1603661591535,2.0
APPLE_WEB_02840,AirPods Max,Tokyo-Ginza,2024-02-23,4389.88458862388,2.0
APPLE_WEB_02844,iPhone 15 Pro,Sydney-GeorgeSt,2024-01-06,3324.070503427357,2.0
APPLE_WEB_02845,iPad Pro,Sydney-GeorgeSt,2024-04-06,5593.208146188388,2.0
APPLE_WEB_02846,MacBook Air M3,Tokyo-Ginza,2024-04-25,2905.1979640160653,1.0
APPLE_WEB_02847,Vision Pro,London-RegentSt,2024-04-10,1580.4769678236255,1.0
APPLE_WEB_02850,Vision Pro,Sydney-GeorgeSt,2024-04-28,1838.3971089908316,1.0
APPLE_WEB_02853,AirPods Max,Paris-Opera,2024-05-30,208.203164897752,1.0
APPLE_WEB_02854,iPad Pro,Paris-Opera,2024-02-13,2774.0756334282614,2.0
APPLE_WEB_02855,Apple Watch Ultra,Sydney-GeorgeSt,2024-06-27,6451.062825485051,2.0
APPLE_WEB_02856,iPad Pro,Paris-Opera,2024-03-13,6013.965550365527,2.0
APPLE_WEB_02857,MacBook Air M3,Sydney-GeorgeSt,2024-05-14,3916.293404557079,2.0
APPLE_WEB_02858,iPhone 15 Pro,Paris-Opera,2024-01-07,1870.1222588103885,1.0
APPLE_WEB_02860,AirPods Max,Sydney-GeorgeSt,2024-05-29,1706.3806016363992,1.0
APPLE_WEB_02861,AirPods Max,Paris-Opera,2024-03-28,2761.3637717243773,1.0
APPLE_WEB_02863,AirPods Max,Tokyo-Ginza,2024-02-13,2005.4959056739267,1.0
APPLE_WEB_02864,Apple Watch Ultra,London-RegentSt,2024-02-03,6372.970904371871,2.0
APPLE_WEB_02865,MacBook Air M3,NYC-FifthAve,2024-01-28,2837.644153404755,1.0
APPLE_WEB_02866,Vision Pro,London-RegentSt,2024-01-31,411.91709925427153,1.0
APPLE_WEB_02867,Vision Pro,Paris-Opera,2024-02-24,931.2337833038694,2.0
APPLE_WEB_02868,Apple Watch Ultra,NYC-FifthAve,2024-06-26,1392.8871530695078,1.0
APPLE_WEB_02870,iPhone 15 Pro,London-RegentSt,2024-01-25,6382.03637276934,2.0
APPLE_WEB_02871,iPhone 15 Pro,Paris-Opera,2024-03-29,5557.726385267286,2.0
APPLE_WEB_02872,iPad Pro,Tokyo-Ginza,2024-03-30,2969.3187656217115,2.0
APPLE_WEB_02874,Vision Pro,London-RegentSt,2024-02-22,2304.6858602863945,1.0
APPLE_WEB_02877,AirPods Max,Tokyo-Ginza,2024-02-25,755.8866166963318,2.0
APPLE_WEB_02878,iPhone 15 Pro,Paris-Opera,2024-02-16,347.79260944206453,1.0
APPLE_WEB_02879,AirPods Max,Tokyo-Ginza,2024-04-14,5351.295177313764,2.0
APPLE_WEB_02880,Apple Watch Ultra,Sydney-GeorgeSt,2024-05-02,1713.3385503285738,2.0
APPLE_WEB_02881,iPad Pro,NYC-FifthAve,2024-04-17,2991.553048062979,1.0
APPLE_WEB_02885,Vision Pro,NYC-FifthAve,2024-01-01,2233.0107244775627,1.0
APPLE_WEB_02888,Vision Pro,NYC-FifthAve,2024-05-05,1852.710412233769,1.0
APPLE_WEB_02890,iPhone 15 Pro,Paris-Opera,2024-02-02,5867.92536787035,2.0
APPLE_WEB_02892,iPad Pro,Tokyo-Ginza,2024-01-22,3322.58607088327,1.0
APPLE_WEB_02893,iPad Pro,Sydney-GeorgeSt,2024-05-22,1342.7154555043003,2.0
APPLE_WEB_02895,MacBook Air M3,London-RegentSt,2024-01-31,959.7600132607397,1.0
APPLE_WEB_02897,MacBook Air M3,NYC-FifthAve,2024-03-27,989.5821613734107,1.0
APPLE_WEB_02899,iPad Pro,Paris-Opera,2024-02-02,3879.6367194423437,2.0
APPLE_WEB_02900,iPhone 15 Pro,Paris-Opera,2024-05-12,3417.621507387894,1.0
APPLE_WEB_02905,Vision Pro,London-RegentSt,2024-05-28,2513.1469070476505,1.0
APPLE_WEB_02906,iPhone 15 Pro,NYC-FifthAve,2024-05-28,1414.9108472058524,1.0
APPLE_WEB_02911,iPad Pro,Sydney-GeorgeSt,2024-01-20,2107.3376703408576,2.0
APPLE_WEB_02912,AirPods Max,NYC-FifthAve,2024-01-02,5716.040739979174,2.0
APPLE_WEB_02913,MacBook Air M3,Paris-Opera,2024-04-18,6845.601477223543,2.0
APPLE_WEB_02914,MacBook Air M3,Sydney-GeorgeSt,2024-02-18,2906.5638119647974,1.0
APPLE_WEB_02915,iPhone 15 Pro,Sydney-GeorgeSt,2024-02-14,1433.92417835692,1.0
APPLE_WEB_02916,MacBook Air M3,NYC-FifthAve,2024-01-24,282.60792645347533,1.0
APPLE_WEB_02922,iPhone 15 Pro,Sydney-GeorgeSt,2024-04-12,6225.85727180194,2.0
APPLE_WEB_02923,Vision Pro,Paris-Opera,2024-03-19,2832.914756971966,2.0
APPLE_WEB_02924,iPad Pro,NYC-FifthAve,2024-03-27,6622.799268943486,2.0
APPLE_WEB_02925,Vision Pro,London-RegentSt,2024-02-07,2282.6272786902055,2.0
APPLE_WEB_02926,Apple Watch Ultra,Paris-Opera,2024-05-13,1713.67640418567,1.0
APPLE_WEB_02927,MacBook Air M3,Tokyo-Ginza,2024-01-07,1940.875323638479,1.0
APPLE_WEB_02928,MacBook Air M3,London-RegentSt,2024-06-02,2406.700958198715,2.0
APPLE_WEB_02929,AirPods Max,Tokyo-Ginza,2024-04-28,2111.61765930626,1.0
APPLE_WEB_02932,AirPods Max,Sydney-GeorgeSt,2024-06-02,283.78420861203324,1.0
APPLE_WEB_02933,Vision Pro,Paris-Opera,2024-01-03,5981.180927725963,2.0
APPLE_WEB_02935,iPhone 15 Pro,London-RegentSt,2024-01-15,2011.7564660684777,1.0
APPLE_WEB_02936,Apple Watch Ultra,NYC-FifthAve,2024-05-04,5263.132907129656,2.0
APPLE_WEB_02937,Apple Watch Ultra,Tokyo-Ginza,2024-04-12,2323.2146379655996,2.0
APPLE_WEB_02938,MacBook Air M3,Paris-Opera,2024-01-13,2960.93312280505,1.0
APPLE_WEB_02939,Vision Pro,London-RegentSt,2024-01-12,1405.3706386343479,2.0
APPLE_WEB_02940,iPhone 15 Pro,London-RegentSt,2024-01-06,3375.4855178130592,2.0
APPLE_WEB_02941,MacBook Air M3,London-RegentSt,2024-05-17,1567.6600342779614,1.0
APPLE_WEB_02942,MacBook Air M3,Tokyo-Ginza,2024-03-08,3215.2573671919845,2.0
APPLE_WEB_02943,MacBook Air M3,London-RegentSt,2024-02-22,2355.5241218727956,2.0
APPLE_WEB_02944,iPhone 15 Pro,NYC-FifthAve,2024-02-03,2577.2091015809524,1.0
APPLE_WEB_02945,AirPods Max,NYC-FifthAve,2024-06-25,1423.4399654574197,1.0
APPLE_WEB_02946,iPad Pro,Sydney-GeorgeSt,2024-03-06,162.60217414581865,1.0
APPLE_WEB_02948,MacBook Air M3,Tokyo-Ginza,2024-04-05,5170.342151604325,2.0
APPLE_WEB_02953,AirPods Max,Paris-Opera,2024-06-12,2395.0772055070124,2.0
APPLE_WEB_02954,Apple Watch Ultra,London-RegentSt,2024-04-30,3007.032337634898,1.0
APPLE_WEB_02955,iPad Pro,Sydney-GeorgeSt,2024-05-15,2791.8587996873002,1.0
APPLE_WEB_02960,AirPods Max,Sydney-GeorgeSt,2024-05-03,6539.024092994866,2.0
APPLE_WEB_02961,iPhone 15 Pro,NYC-FifthAve,2024-05-09,896.3811848857339,1.0
APPLE_WEB_02962,iPad Pro,NYC-FifthAve,2024-02-11,2596.1711220498137,1.0
APPLE_WEB_02963,Vision Pro,Tokyo-Ginza,2024-02-11,3255.3898811315744,1.0
APPLE_WEB_02967,MacBook Air M3,Tokyo-Ginza,2024-01-13,4837.213678191175,2.0
APPLE_WEB_02968,AirPods Max,London-RegentSt,2024-06-06,795.2418843918666,1.0
APPLE_WEB_02970,MacBook Air M3,Tokyo-Ginza,2024-02-25,248.80982734031565,1.0
APPLE_WEB_02971,Apple Watch Ultra,London-RegentSt,2024-02-19,3484.3490150191847,2.0
APPLE_WEB_02973,iPhone 15 Pro,London-RegentSt,2024-02-05,4492.333785410946,2.0
APPLE_WEB_02975,MacBook Air M3,London-RegentSt,2024-03-04,4534.214161952765,2.0
APPLE_WEB_02976,iPad Pro,NYC-FifthAve,2024-06-20,2599.900192691531,1.0
APPLE_WEB_02977,MacBook Air M3,Sydney-GeorgeSt,2024-03-04,4351.582024639993,2.0
APPLE_WEB_02978,AirPods Max,Paris-Opera,2024-06-09,2724.7517127589194,2.0
APPLE_WEB_02980,Apple Watch Ultra,Paris-Opera,2024-01-28,1512.9789567127002,1.0
APPLE_WEB_02982,MacBook Air M3,Sydney-GeorgeSt,2024-05-03,6294.151769019933,2.0
APPLE_WEB_02984,iPhone 15 Pro,London-RegentSt,2024-03-09,2576.585383741065,1.0
APPLE_WEB_02985,iPad Pro,London-RegentSt,2024-03-09,2362.460667607237,2.0
APPLE_WEB_02986,Apple Watch Ultra,Sydney-GeorgeSt,2024-01-10,5074.922110037337,2.0
APPLE_WEB_02990,Vision Pro,NYC-FifthAve,2024-01-27,2806.8780294127564,2.0
APPLE_WEB_02991,Vision Pro,London-RegentSt,2024-03-25,894.4158520445872,1.0
APPLE_WEB_02994,iPad Pro,Tokyo-Ginza,2024-04-06,1960.7166490712657,1.0
APPLE_WEB_02996,Vision Pro,Paris-Opera,2024-06-10,1914.7602224628754,1.0
APPLE_WEB_02997,iPhone 15 Pro,London-RegentSt,2024-04-12,2137.323177612474,1.0
APPLE_WEB_03001,MacBook Air M3,Sydney-GeorgeSt,2024-04-19,1805.6424352281122,1.0
APPLE_WEB_03002,iPhone 15 Pro,NYC-FifthAve,2024-01-04,4899.050808297268,2.0
APPLE_WEB_03003,MacBook Air M3,Tokyo-Ginza,2024-05-22,5547.1146689403095,2.0
APPLE_WEB_03004,Vision Pro,London-RegentSt,2024-03-08,2341.1122623539977,1.0
APPLE_WEB_03006,AirPods Max,Paris-Opera,2024-02-14,1796.9886905858216,1.0
APPLE_WEB_03007,iPhone 15 Pro,Tokyo-Ginza,2024-04-07,570.421035987044,2.0
APPLE_WEB_03009,iPad Pro,Paris-Opera,2024-05-26,4984.291227233296,2.0
APPLE_WEB_03010,MacBook Air M3,Paris-Opera,2024-03-29,3469.1810441493903,1.0
APPLE_WEB_03011,AirPods Max,Tokyo-Ginza,2024-05-25,3362.8736393501435,2.0
APPLE_WEB_03014,MacBook Air M3,Paris-Opera,2024-05-24,3161.639590742425,1.0
APPLE_WEB_03015,Apple Watch Ultra,Sydney-GeorgeSt,2024-02-24,858.413191097333,1.0
APPLE_WEB_03018,Apple Watch Ultra,Tokyo-Ginza,2024-06-14,1810.3209121275588,2.0
APPLE_WEB_03019,Apple Watch Ultra,Tokyo-Ginza,2024-02-20,2549.833853634903,1.0
APPLE_WEB_03020,Vision Pro,Paris-Opera,2024-05-09,4251.067069657174,2.0
APPLE_WEB_03021,Apple Watch Ultra,London-RegentSt,2024-04-19,4559.811641575705,2.0
APPLE_WEB_03022,iPhone 15 Pro,London-RegentSt,2024-01-20,3404.048311169598,1.0
APPLE_WEB_03025,AirPods Max,Tokyo-Ginza,2024-01-10,4342.507897055745,2.0
APPLE_WEB_03026,iPad Pro,NYC-FifthAve,2024-04-11,2050.306034837741,1.0
APPLE_WEB_03027,Vision Pro,Tokyo-Ginza,2024-01-21,5269.251685449592,2.0
APPLE_WEB_03028,iPad Pro,Tokyo-Ginza,2024-02-14,2342.3350087934527,2.0
APPLE_WEB_03029,Apple Watch Ultra,NYC-FifthAve,2024-05-19,1158.1827119198788,2.0
APPLE_WEB_03033,Apple Watch Ultra,Paris-Opera,2024-06-23,202.9833013255598,1.0
APPLE_WEB_03034,iPad Pro,Sydney-GeorgeSt,2024-04-02,2662.6549289964737,1.0
APPLE_WEB_03035,Apple Watch Ultra,Tokyo-Ginza,2024-01-15,961.8072871110411,2.0
APPLE_WEB_03036,MacBook Air M3,Tokyo-Ginza,2024-03-20,753.3537521013659,1.0
APPLE_WEB_03037,MacBook Air M3,Sydney-GeorgeSt,2024-04-05,2426.6552540283824,1.0
APPLE_WEB_03038,Apple Watch Ultra,Sydney-GeorgeSt,2024-04-09,2016.0791758814917,1.0
APPLE_WEB_03039,Vision Pro,NYC-FifthAve,2024-01-07,1415.2895903741162,1.0
APPLE_WEB_03040,MacBook Air M3,London-RegentSt,2024-06-20,181.59706152822915,1.0
APPLE_WEB_03043,MacBook Air M3,London-RegentSt,2024-04-24,2226.195812426308,1.0
APPLE_WEB_03044,AirPods Max,London-RegentSt,2024-02-08,2479.483443758447,1.0
APPLE_WEB_03045,MacBook Air M3,Sydney-GeorgeSt,2024-03-28,1089.3430555345178,1.0
APPLE_WEB_03048,Vision Pro,Tokyo-Ginza,2024-05-18,2676.293220967258,1.0
APPLE_WEB_03050,Vision Pro,Paris-Opera,2024-02-16,2813.4777678510463,1.0
APPLE_WEB_03051,iPad Pro,Tokyo-Ginza,2024-05-15,2357.479162664037,2.0
APPLE_WEB_03052,AirPods Max,NYC-FifthAve,2024-02-27,2376.4822826044256,2.0
APPLE_WEB_03054,AirPods Max,NYC-FifthAve,2024-04-30,5115.8699511912555,2.0
APPLE_WEB_03055,Vision Pro,Sydney-GeorgeSt,2024-06-18,6704.997028785781,2.0
APPLE_WEB_03056,iPad Pro,London-RegentSt,2024-05-31,1171.5464282322398,2.0
APPLE_WEB_03057,MacBook Air M3,NYC-FifthAve,2024-01-13,5550.531226166055,2.0
APPLE_WEB_03058,MacBook Air M3,Tokyo-Ginza,2024-01-28,6949.56947560233,2.0
APPLE_WEB_03059,MacBook Air M3,Tokyo-Ginza,2024-01-01,2124.3173888539195,2.0
APPLE_WEB_03060,MacBook Air M3,Tokyo-Ginza,2024-05-08,2065.9266775087126,1.0
APPLE_WEB_03061,MacBook Air M3,NYC-FifthAve,2024-02-22,2889.9433648439262,1.0
APPLE_WEB_03062,Vision Pro,Sydney-GeorgeSt,2024-01-31,1395.2008563004094,1.0
APPLE_WEB_03063,MacBook Air M3,London-RegentSt,2024-01-04,2514.8400510453966,1.0
APPLE_WEB_03064,iPhone 15 Pro,Sydney-GeorgeSt,2024-02-19,5670.166200424611,2.0
APPLE_WEB_03065,iPad Pro,Tokyo-Ginza,2024-02-03,4091.503751004193,2.0
APPLE_WEB_03067,iPad Pro,Sydney-GeorgeSt,2024-05-08,2518.747343547322,1.0
APPLE_WEB_03068,Apple Watch Ultra,London-RegentSt,2024-02-26,974.2099265280208,1.0
APPLE_WEB_03069,MacBook Air M3,London-RegentSt,2024-05-21,6761.3113806643705,2.0
APPLE_WEB_03071,Vision Pro,Tokyo-Ginza,2024-04-21,6254.967672919057,2.0
APPLE_WEB_03072,Vision Pro,Tokyo-Ginza,2024-03-06,1049.140866826654,1.0
APPLE_WEB_03073,MacBook Air M3,Paris-Opera,2024-01-28,2114.0612298501073,1.0
APPLE_WEB_03074,iPhone 15 Pro,Paris-Opera,2024-06-06,4657.124125157839,2.0
APPLE_WEB_03077,Vision Pro,NYC-FifthAve,2024-06-17,2881.683489183237,1.0
APPLE_WEB_03078,iPad Pro,NYC-FifthAve,2024-01-27,3165.93924815599,2.0
APPLE_WEB_03079,MacBook Air M3,NYC-FifthAve,2024-03-19,5228.679125259857,2.0
APPLE_WEB_03080,iPad Pro,Sydney-GeorgeSt,2024-02-27,215.0153561574715,1.0
APPLE_WEB_03081,iPhone 15 Pro,London-RegentSt,2024-03-15,3235.827899970341,1.0
APPLE_WEB_03082,iPad Pro,NYC-FifthAve,2024-05-27,4307.677950336261,2.0
APPLE_WEB_03083,AirPods Max,Sydney-GeorgeSt,2024-06-19,3791.687527945823,2.0
APPLE_WEB_03084,AirPods Max,Sydney-GeorgeSt,2024-04-13,2935.87880591889,1.0
APPLE_WEB_03085,AirPods Max,Tokyo-Ginza,2024-05-07,354.18744695896453,2.0
APPLE_WEB_03087,Vision Pro,Tokyo-Ginza,2024-02-27,353.51643442834506,1.0
APPLE_WEB_03089,MacBook Air M3,NYC-FifthAve,2024-06-14,6451.920653872686,2.0
APPLE_WEB_03091,iPad Pro,Tokyo-Ginza,2024-06-09,6533.132738910772,2.0
APPLE_WEB_03092,iPad Pro,Sydney-GeorgeSt,2024-06-20,2098.177390809303,2.0
APPLE_WEB_03093,iPad Pro,London-RegentSt,2024-05-03,4427.343520517424,2.0
APPLE_WEB_03094,iPhone 15 Pro,Tokyo-Ginza,2024-01-02,3738.0555897082427,2.0
APPLE_WEB_03095,iPad Pro,NYC-FifthAve,2024-04-25,2091.0170355520586,1.0
APPLE_WEB_03096,AirPods Max,Sydney-GeorgeSt,2024-05-05,2644.9296907174344,1.0
APPLE_WEB_03097,iPhone 15 Pro,London-RegentSt,2024-05-18,1634.8313568521596,1.0
APPLE_WEB_03100,iPad Pro,Tokyo-Ginza,2024-04-07,4952.020488913139,2.0
APPLE_WEB_03101,iPad Pro,Sydney-GeorgeSt,2024-03-22,2701.5948454706063,1.0
APPLE_WEB_03104,iPhone 15 Pro,Paris-Opera,2024-06-03,2995.8852581250385,1.0
APPLE_WEB_03105,iPad Pro,NYC-FifthAve,2024-05-05,2539.196604102797,1.0
APPLE_WEB_03107,iPhone 15 Pro,Paris-Opera,2024-06-28,5538.578036694248,2.0
APPLE_WEB_03108,AirPods Max,Sydney-GeorgeSt,2024-03-31,6755.046087117055,2.0
APPLE_WEB_03110,AirPods Max,NYC-FifthAve,2024-04-20,2790.3294710395503,1.0
APPLE_WEB_03113,AirPods Max,Paris-Opera,2024-05-22,233.12330306533283,1.0
APPLE_WEB_03116,Apple Watch Ultra,NYC-FifthAve,2024-03-17,3216.832721847701,1.0
APPLE_WEB_03117,Vision Pro,Sydney-GeorgeSt,2024-05-08,3434.692743962664,1.0
APPLE_WEB_03118,MacBook Air M3,Tokyo-Ginza,2024-03-18,2047.2895364841536,2.0
APPLE_WEB_03119,iPad Pro,Sydney-GeorgeSt,2024-05-12,2457.0216939114503,1.0
APPLE_WEB_03121,iPhone 15 Pro,Sydney-GeorgeSt,2024-05-10,1690.9199542473505,1.0
APPLE_WEB_03123,iPhone 15 Pro,Sydney-GeorgeSt,2024-02-03,3038.4730022427143,1.0
APPLE_WEB_03124,Vision Pro,NYC-FifthAve,2024-05-02,1585.1867642771867,1.0
APPLE_WEB_03125,AirPods Max,NYC-FifthAve,2024-01-20,2535.135189586347,2.0
APPLE_WEB_03126,iPhone 15 Pro,NYC-FifthAve,2024-02-14,2420.187131941807,1.0
APPLE_WEB_03127,Vision Pro,Sydney-GeorgeSt,2024-01-15,882.1908021751512,1.0
APPLE_WEB_03128,MacBook Air M3,London-RegentSt,2024-04-27,2994.5244939085974,2.0
APPLE_WEB_03129,iPad Pro,Sydney-GeorgeSt,2024-06-16,3724.5604678524487,2.0
APPLE_WEB_03130,Vision Pro,NYC-FifthAve,2024-03-04,6756.342664133861,2.0
APPLE_WEB_03132,Apple Watch Ultra,Tokyo-Ginza,2024-05-16,621.3256582353001,1.0
APPLE_WEB_03134,Apple Watch Ultra,Sydney-GeorgeSt,2024-06-05,2587.7731874726214,1.0
APPLE_WEB_03135,MacBook Air M3,NYC-FifthAve,2024-04-01,195.99529230983495,1.0
APPLE_WEB_03136,Apple Watch Ultra,Tokyo-Ginza,2024-06-27,3394.198786674308,1.0
APPLE_WEB_03138,Apple Watch Ultra,Tokyo-Ginza,2024-03-14,5831.467146436644,2.0
APPLE_WEB_03139,iPad Pro,Tokyo-Ginza,2024-05-17,363.7838642080893,2.0
APPLE_WEB_03140,Vision Pro,Paris-Opera,2024-05-28,2298.269235897588,2.0
APPLE_WEB_03141,iPad Pro,Sydney-GeorgeSt,2024-03-14,1081.0210801755375,1.0
APPLE_WEB_03142,AirPods Max,Tokyo-Ginza,2024-06-07,720.1360528787352,1.0
APPLE_WEB_03145,MacBook Air M3,London-RegentSt,2024-03-12,1526.9793642657748,1.0
APPLE_WEB_03147,AirPods Max,London-RegentSt,2024-05-13,2042.5739280165978,1.0
APPLE_WEB_03148,AirPods Max,Tokyo-Ginza,2024-03-23,1848.4644076612867,1.0
APPLE_WEB_03149,iPhone 15 Pro,Tokyo-Ginza,2024-01-31,603.3051346281864,1.0
APPLE_WEB_03150,iPhone 15 Pro,London-RegentSt,2024-05-11,1509.0024580245097,1.0
APPLE_WEB_03151,iPhone 15 Pro,Tokyo-Ginza,2024-03-03,2934.138682462438,1.0
APPLE_WEB_03152,iPhone 15 Pro,London-RegentSt,2024-05-24,4799.16824540468,2.0
APPLE_WEB_03153,AirPods Max,Sydney-GeorgeSt,2024-05-17,3444.0444968085885,2.0
APPLE_WEB_03156,iPad Pro,Paris-Opera,2024-01-07,2597.904499404732,2.0
APPLE_WEB_03157,iPhone 15 Pro,Tokyo-Ginza,2024-02-18,6792.915629378403,2.0
APPLE_WEB_03158,Apple Watch Ultra,Tokyo-Ginza,2024-02-12,1778.0449025736752,1.0
APPLE_WEB_03159,iPhone 15 Pro,Sydney-GeorgeSt,2024-06-21,4412.333335847085,2.0
APPLE_WEB_03161,iPhone 15 Pro,Sydney-GeorgeSt,2024-05-04,3345.018567889475,2.0
APPLE_WEB_03162,Apple Watch Ultra,NYC-FifthAve,2024-04-11,302.7399229072669,1.0
APPLE_WEB_03163,Apple Watch Ultra,Tokyo-Ginza,2024-01-03,1439.2395508999268,1.0
APPLE_WEB_03164,iPad Pro,Paris-Opera,2024-03-01,3019.647687809965,1.0
APPLE_WEB_03165,iPad Pro,NYC-FifthAve,2024-02-08,3434.8075570783258,1.0
APPLE_WEB_03167,MacBook Air M3,Tokyo-Ginza,2024-05-16,5009.005166355326,2.0
APPLE_WEB_03168,Apple Watch Ultra,Sydney-GeorgeSt,2024-02-23,631.8415686358782,1.0
APPLE_WEB_03169,Apple Watch Ultra,Tokyo-Ginza,2024-03-13,6644.867779029061,2.0
APPLE_WEB_03170,Apple Watch Ultra,NYC-FifthAve,2024-05-17,4816.915688967805,2.0
APPLE_WEB_03171,iPad Pro,Paris-Opera,2024-04-29,3130.1573713530993,1.0
APPLE_WEB_03172,AirPods Max,London-RegentSt,2024-05-17,3215.8930445902006,1.0
APPLE_WEB_03173,Apple Watch Ultra,London-RegentSt,2024-05-18,1583.5442935448166,1.0
APPLE_WEB_03174,AirPods Max,Tokyo-Ginza,2024-01-07,2588.0445355268084,1.0
APPLE_WEB_03176,iPad Pro,Tokyo-Ginza,2024-05-21,4967.607277068332,2.0
APPLE_WEB_03178,Vision Pro,Tokyo-Ginza,2024-03-28,2378.8363641800006,1.0
APPLE_WEB_03180,MacBook Air M3,Tokyo-Ginza,2024-05-21,861.120949260567,1.0
APPLE_WEB_03181,iPad Pro,Sydney-GeorgeSt,2024-02-27,144.1033065070322,1.0
APPLE_WEB_03182,AirPods Max,London-RegentSt,2024-01-16,2318.7947517175453,1.0
APPLE_WEB_03183,iPhone 15 Pro,London-RegentSt,2024-02-23,3137.8392105071166,1.0
APPLE_WEB_03184,Vision Pro,London-RegentSt,2024-02-17,1784.972939067203,2.0
APPLE_WEB_03185,Apple Watch Ultra,Tokyo-Ginza,2024-03-24,5488.064144974246,2.0
APPLE_WEB_03186,Vision Pro,Paris-Opera,2024-05-04,3087.6630706786727,1.0
APPLE_WEB_03187,AirPods Max,NYC-FifthAve,2024-05-05,4492.987102112927,2.0
APPLE_WEB_03188,AirPods Max,London-RegentSt,2024-03-31,2443.4442966042657,2.0
APPLE_WEB_03190,iPad Pro,Paris-Opera,2024-03-18,255.62062529633624,1.0
APPLE_WEB_03191,MacBook Air M3,Paris-Opera,2024-01-10,5042.252799981116,2.0
APPLE_WEB_03193,iPad Pro,NYC-FifthAve,2024-03-23,2799.682612699351,1.0
APPLE_WEB_03194,iPad Pro,London-RegentSt,2024-05-02,2090.238251314814,1.0
APPLE_WEB_03195,MacBook Air M3,Paris-Opera,2024-05-07,5832.824132959083,2.0
APPLE_WEB_03196,Vision Pro,Sydney-GeorgeSt,2024-05-03,712.3976373802072,1.0
APPLE_WEB_03198,Apple Watch Ultra,Tokyo-Ginza,2024-01-11,2909.3811288007287,1.0
APPLE_WEB_03200,iPhone 15 Pro,Tokyo-Ginza,2024-05-14,1275.9171834401268,1.0
APPLE_WEB_03201,Apple Watch Ultra,Tokyo-Ginza,2024-02-09,2198.485795639035,2.0
APPLE_WEB_03203,AirPods Max,Paris-Opera,2024-02-08,4339.91116983507,2.0
APPLE_WEB_03205,Apple Watch Ultra,NYC-FifthAve,2024-02-09,2024.7632800021865,2.0
APPLE_WEB_03206,Apple Watch Ultra,NYC-FifthAve,2024-05-19,1604.3844203959868,1.0
APPLE_WEB_03207,AirPods Max,NYC-FifthAve,2024-02-20,1772.8840018204432,2.0
APPLE_WEB_03208,iPhone 15 Pro,NYC-FifthAve,2024-05-14,5836.831100111394,2.0
APPLE_WEB_03209,AirPods Max,Sydney-GeorgeSt,2024-03-30,2195.4609450175194,2.0
APPLE_WEB_03211,MacBook Air M3,NYC-FifthAve,2024-01-30,200.04182564416953,1.0
APPLE_WEB_03212,MacBook Air M3,Paris-Opera,2024-06-01,2553.720577510971,1.0
APPLE_WEB_03213,Vision Pro,Sydney-GeorgeSt,2024-06-18,1559.3422054500413,1.0
APPLE_WEB_03214,Vision Pro,Tokyo-Ginza,2024-04-12,3449.9869592857663,1.0
APPLE_WEB_03220,MacBook Air M3,Sydney-GeorgeSt,2024-06-10,6069.5759747587645,2.0
APPLE_WEB_03221,iPhone 15 Pro,Sydney-GeorgeSt,2024-04-05,6818.57577952429,2.0
APPLE_WEB_03223,Vision Pro,Sydney-GeorgeSt,2024-02-06,5092.575562844904,2.0
APPLE_WEB_03224,iPhone 15 Pro,Tokyo-Ginza,2024-01-19,2643.9166266895313,1.0
APPLE_WEB_03225,MacBook Air M3,Paris-Opera,2024-06-06,2891.335191637857,2.0
APPLE_WEB_03226,iPhone 15 Pro,Sydney-GeorgeSt,2024-01-25,358.81688355975524,2.0
APPLE_WEB_03228,Apple Watch Ultra,London-RegentSt,2024-06-28,1473.1914050962998,2.0
APPLE_WEB_03229,Apple Watch Ultra,Sydney-GeorgeSt,2024-06-16,873.1799665082401,1.0
APPLE_WEB_03230,Vision Pro,Paris-Opera,2024-01-11,2776.5623304505525,1.0
APPLE_WEB_03231,Apple Watch Ultra,Sydney-GeorgeSt,2024-03-07,3601.2414872688882,2.0
APPLE_WEB_03233,iPhone 15 Pro,Sydney-GeorgeSt,2024-03-15,4575.9063296976265,2.0
APPLE_WEB_03234,AirPods Max,NYC-FifthAve,2024-01-30,902.1184104606233,1.0
APPLE_WEB_03236,Vision Pro,Tokyo-Ginza,2024-02-15,2641.519197564344,2.0
APPLE_WEB_03237,AirPods Max,London-RegentSt,2024-01-01,2333.5472114128115,1.0
APPLE_WEB_03238,Vision Pro,Paris-Opera,2024-06-26,5992.2597789307965,2.0
APPLE_WEB_03239,MacBook Air M3,Sydney-GeorgeSt,2024-04-30,1926.3114600773956,1.0
APPLE_WEB_03240,iPhone 15 Pro,Tokyo-Ginza,2024-05-19,3414.2649461151295,2.0
APPLE_WEB_03241,AirPods Max,Paris-Opera,2024-04-21,3135.2163290797785,2.0
APPLE_WEB_03243,MacBook Air M3,Tokyo-Ginza,2024-05-21,569.0760249816153,1.0
APPLE_WEB_03244,iPhone 15 Pro,London-RegentSt,2024-01-14,2755.363214126671,1.0
APPLE_WEB_03245,MacBook Air M3,Sydney-GeorgeSt,2024-05-18,582.854136633028,1.0
APPLE_WEB_03246,MacBook Air M3,Paris-Opera,2024-01-08,2001.7209322274152,1.0
APPLE_WEB_03247,iPhone 15 Pro,Tokyo-Ginza,2024-06-06,6925.251983879147,2.0
APPLE_WEB_03250,iPad Pro,Sydney-GeorgeSt,2024-02-21,5903.900042527941,2.0
APPLE_WEB_03251,iPad Pro,Sydney-GeorgeSt,2024-05-04,2826.935183653482,2.0
APPLE_WEB_03252,iPhone 15 Pro,London-RegentSt,2024-03-01,4836.586739370862,2.0
APPLE_WEB_03253,iPhone 15 Pro,Sydney-GeorgeSt,2024-02-09,1250.4137206812395,1.0
APPLE_WEB_03254,AirPods Max,Sydney-GeorgeSt,2024-03-28,6184.297601572808,2.0
APPLE_WEB_03255,Vision Pro,London-RegentSt,2024-01-23,1857.677721633636,1.0
APPLE_WEB_03256,Vision Pro,Tokyo-Ginza,2024-02-03,1910.3314191773215,2.0
APPLE_WEB_03257,AirPods Max,London-RegentSt,2024-01-07,6663.97774917584,2.0
APPLE_WEB_03260,iPhone 15 Pro,London-RegentSt,2024-06-20,1869.6469990448165,1.0
APPLE_WEB_03263,iPhone 15 Pro,Sydney-GeorgeSt,2024-03-08,799.7793106145875,1.0
APPLE_WEB_03266,iPad Pro,Paris-Opera,2024-02-29,1391.0111856869134,2.0
APPLE_WEB_03268,Apple Watch Ultra,Sydney-GeorgeSt,2024-03-18,2848.156595316124,1.0
APPLE_WEB_03269,Apple Watch Ultra,London-RegentSt,2024-03-12,1093.7801837667207,2.0
APPLE_WEB_03270,iPhone 15 Pro,Sydney-GeorgeSt,2024-04-03,2098.2642752297206,1.0
APPLE_WEB_03271,iPad Pro,Paris-Opera,2024-06-02,2875.127023373153,2.0
APPLE_WEB_03272,MacBook Air M3,Sydney-GeorgeSt,2024-01-11,3012.3527780942954,2.0
APPLE_WEB_03273,MacBook Air M3,Tokyo-Ginza,2024-03-21,6917.704066404413,2.0
APPLE_WEB_03274,MacBook Air M3,London-RegentSt,2024-02-17,2572.814469401627,2.0
APPLE_WEB_03276,MacBook Air M3,Sydney-GeorgeSt,2024-04-23,986.0906524739547,2.0
APPLE_WEB_03279,MacBook Air M3,London-RegentSt,2024-01-21,6263.681158111804,2.0
APPLE_WEB_03284,iPad Pro,Sydney-GeorgeSt,2024-01-22,258.51953834742324,1.0
APPLE_WEB_03285,MacBook Air M3,Sydney-GeorgeSt,2024-04-04,3678.9560790049454,2.0
APPLE_WEB_03288,AirPods Max,Tokyo-Ginza,2024-05-10,3284.9485458175427,1.0
APPLE_WEB_03289,Apple Watch Ultra,NYC-FifthAve,2024-01-02,2850.956520091694,2.0
APPLE_WEB_03290,iPhone 15 Pro,Sydney-GeorgeSt,2024-02-12,3127.616161596353,1.0
APPLE_WEB_03293,iPad Pro,NYC-FifthAve,2024-04-24,1778.2339371084277,2.0
APPLE_WEB_03296,Apple Watch Ultra,Sydney-GeorgeSt,2024-04-13,3636.360817846881,2.0
APPLE_WEB_03297,Apple Watch Ultra,Paris-Opera,2024-06-04,1118.3836014898307,1.0
APPLE_WEB_03298,Vision Pro,Paris-Opera,2024-02-18,266.895916954382,2.0
APPLE_WEB_03299,AirPods Max,NYC-FifthAve,2024-05-29,1754.0688385285023,1.0
APPLE_WEB_03301,iPad Pro,London-RegentSt,2024-04-04,2521.0291410730033,1.0
APPLE_WEB_03302,Apple Watch Ultra,NYC-FifthAve,2024-03-19,2031.0378589707216,1.0
APPLE_WEB_03303,AirPods Max,Sydney-GeorgeSt,2024-02-23,4163.193953524053,2.0
APPLE_WEB_03304,iPhone 15 Pro,Tokyo-Ginza,2024-02-16,3461.122567863662,1.0
APPLE_WEB_03305,Vision Pro,Tokyo-Ginza,2024-01-22,2498.5768908788104,1.0
APPLE_WEB_03306,iPhone 15 Pro,Paris-Opera,2024-02-10,1827.608085708912,1.0
APPLE_WEB_03307,MacBook Air M3,Sydney-GeorgeSt,2024-02-22,2890.47130497324,2.0
APPLE_WEB_03310,Apple Watch Ultra,Paris-Opera,2024-01-29,3107.2662405007063,1.0
APPLE_WEB_03311,iPhone 15 Pro,NYC-FifthAve,2024-04-06,177.15989503716014,1.0
APPLE_WEB_03314,Vision Pro,Tokyo-Ginza,2024-04-05,3411.595639609848,2.0
APPLE_WEB_03315,Vision Pro,Sydney-GeorgeSt,2024-05-20,2490.2123243061237,2.0
APPLE_WEB_03316,iPad Pro,NYC-FifthAve,2024-04-09,591.4220705259222,1.0
APPLE_WEB_03317,Apple Watch Ultra,NYC-FifthAve,2024-06-24,5080.363371679385,2.0
APPLE_WEB_03318,MacBook Air M3,London-RegentSt,2024-03-24,239.0474665824628,1.0
APPLE_WEB_03319,iPhone 15 Pro,Sydney-GeorgeSt,2024-04-06,2454.13086225794,2.0
APPLE_WEB_03321,Vision Pro,Sydney-GeorgeSt,2024-01-21,3864.619697204067,2.0
APPLE_WEB_03323,Vision Pro,London-RegentSt,2024-06-06,6384.646482072748,2.0
APPLE_WEB_03324,iPad Pro,Paris-Opera,2024-06-04,2956.0292413022576,1.0
APPLE_WEB_03326,AirPods Max,London-RegentSt,2024-03-09,6452.034139152868,2.0
APPLE_WEB_03327,AirPods Max,Sydney-GeorgeSt,2024-03-27,4108.909552864812,2.0
APPLE_WEB_03331,iPhone 15 Pro,NYC-FifthAve,2024-03-24,2391.943778009396,1.0
APPLE_WEB_03332,MacBook Air M3,London-RegentSt,2024-01-28,2585.439355826325,1.0
APPLE_WEB_03334,Apple Watch Ultra,Tokyo-Ginza,2024-06-06,1663.240850654365,1.0
APPLE_WEB_03336,Vision Pro,NYC-FifthAve,2024-02-12,3294.166327737799,1.0
APPLE_WEB_03337,Apple Watch Ultra,London-RegentSt,2024-02-04,5368.980509079596,2.0
APPLE_WEB_03340,iPad Pro,NYC-FifthAve,2024-06-25,998.0025347831273,1.0
APPLE_WEB_03341,iPhone 15 Pro,Paris-Opera,2024-05-22,6934.833449711874,2.0
APPLE_WEB_03342,iPhone 15 Pro,NYC-FifthAve,2024-01-23,3705.6418172997687,2.0
APPLE_WEB_03343,MacBook Air M3,London-RegentSt,2024-04-07,2093.8720642345716,2.0
APPLE_WEB_03345,iPad Pro,Sydney-GeorgeSt,2024-03-09,908.2684790077922,1.0
APPLE_WEB_03347,iPad Pro,London-RegentSt,2024-01-19,315.9193997832163,1.0
APPLE_WEB_03348,AirPods Max,Tokyo-Ginza,2024-03-26,663.4752796742025,1.0
APPLE_WEB_03349,Vision Pro,Tokyo-Ginza,2024-05-27,611.954822248808,1.0
APPLE_WEB_03352,MacBook Air M3,London-RegentSt,2024-04-01,999.2600490589115,2.0
APPLE_WEB_03353,iPhone 15 Pro,NYC-FifthAve,2024-06-25,226.8644704450693,1.0
APPLE_WEB_03355,AirPods Max,NYC-FifthAve,2024-05-25,1066.9622275804131,1.0
APPLE_WEB_03357,MacBook Air M3,London-RegentSt,2024-03-07,932.9657593564866,2.0
APPLE_WEB_03359,Vision Pro,Sydney-GeorgeSt,2024-05-19,590.2817805675558,1.0
APPLE_WEB_03360,AirPods Max,London-RegentSt,2024-02-04,6953.651538586507,2.0
APPLE_WEB_03362,iPad Pro,NYC-FifthAve,2024-06-10,1249.2511566693147,2.0
APPLE_WEB_03364,AirPods Max,Sydney-GeorgeSt,2024-05-05,6286.187613927827,2.0
APPLE_WEB_03365,MacBook Air M3,Paris-Opera,2024-04-22,498.44556626998815,2.0
APPLE_WEB_03368,MacBook Air M3,Tokyo-Ginza,2024-01-14,443.25021314996025,2.0
APPLE_WEB_03369,iPad Pro,NYC-FifthAve,2024-03-18,1029.4911746684274,2.0
APPLE_WEB_03371,iPhone 15 Pro,London-RegentSt,2024-03-19,512.0047506203729,1.0
APPLE_WEB_03373,Vision Pro,Sydney-GeorgeSt,2024-04-27,4305.1870983068475,2.0
APPLE_WEB_03374,iPad Pro,London-RegentSt,2024-02-14,2602.107762592755,1.0
APPLE_WEB_03375,iPhone 15 Pro,London-RegentSt,2024-03-23,5319.900810592911,2.0
APPLE_WEB_03380,Vision Pro,Sydney-GeorgeSt,2024-05-06,1701.1434806031857,2.0
APPLE_WEB_03381,iPhone 15 Pro,NYC-FifthAve,2024-05-04,1085.8016368691312,1.0
APPLE_WEB_03383,AirPods Max,Tokyo-Ginza,2024-04-12,2275.349536197669,1.0
APPLE_WEB_03384,iPad Pro,Sydney-GeorgeSt,2024-04-28,659.2280685461607,1.0
APPLE_WEB_03385,iPad Pro,Paris-Opera,2024-05-18,1970.4401996009738,1.0
APPLE_WEB_03386,Apple Watch Ultra,London-RegentSt,2024-03-04,649.9385526175438,2.0
APPLE_WEB_03387,iPhone 15 Pro,NYC-FifthAve,2024-03-02,1499.034117799234,1.0
APPLE_WEB_03389,AirPods Max,Tokyo-Ginza,2024-02-04,5851.6475288521015,2.0
APPLE_WEB_03390,MacBook Air M3,Tokyo-Ginza,2024-05-01,1691.775950088551,1.0
APPLE_WEB_03391,AirPods Max,Sydney-GeorgeSt,2024-03-09,2075.7074467424436,1.0
APPLE_WEB_03394,AirPods Max,NYC-FifthAve,2024-03-17,1229.3179390157727,1.0
APPLE_WEB_03395,MacBook Air M3,Tokyo-Ginza,2024-05-22,3387.292022664405,1.0
APPLE_WEB_03397,iPhone 15 Pro,Paris-Opera,2024-01-25,5907.834425604818,2.0
APPLE_WEB_03399,Vision Pro,NYC-FifthAve,2024-04-07,2179.0363827182264,1.0
APPLE_WEB_03400,MacBook Air M3,Sydney-GeorgeSt,2024-01-10,3001.7527167756944,2.0
APPLE_WEB_03401,MacBook Air M3,NYC-FifthAve,2024-05-18,5973.708063910076,2.0
APPLE_WEB_03403,iPad Pro,NYC-FifthAve,2024-01-04,2579.032827265032,2.0
APPLE_WEB_03404,Vision Pro,Paris-Opera,2024-01-29,1227.0659546276463,1.0
APPLE_WEB_03405,iPhone 15 Pro,Paris-Opera,2024-06-01,2236.924341083293,1.0
APPLE_WEB_03406,MacBook Air M3,Sydney-GeorgeSt,2024-06-12,2831.7203939951514,2.0
APPLE_WEB_03407,iPad Pro,NYC-FifthAve,2024-06-05,2994.722594406956,1.0
APPLE_WEB_03408,Apple Watch Ultra,NYC-FifthAve,2024-05-11,1940.022583036439,1.0
APPLE_WEB_03409,Apple Watch Ultra,NYC-FifthAve,2024-03-15,228.7304439969836,1.0
APPLE_WEB_03413,AirPods Max,NYC-FifthAve,2024-03-07,3797.6848241566704,2.0
APPLE_WEB_03419,Vision Pro,Tokyo-Ginza,2024-05-08,294.9536327459343,1.0
APPLE_WEB_03420,AirPods Max,NYC-FifthAve,2024-06-27,3032.784614025052,1.0
APPLE_WEB_03421,iPhone 15 Pro,Sydney-GeorgeSt,2024-03-19,2233.2296427811893,1.0
APPLE_WEB_03422,Apple Watch Ultra,Paris-Opera,2024-03-07,2966.6707007506066,1.0
APPLE_WEB_03424,Vision Pro,Paris-Opera,2024-05-04,6341.001912969814,2.0
APPLE_WEB_03425,MacBook Air M3,Sydney-GeorgeSt,2024-06-05,2775.527618940036,2.0
APPLE_WEB_03426,AirPods Max,NYC-FifthAve,2024-03-14,3230.313935917185,1.0
APPLE_WEB_03427,iPad Pro,London-RegentSt,2024-02-02,4871.186586641948,2.0
APPLE_WEB_03428,MacBook Air M3,London-RegentSt,2024-06-09,788.762125462269,1.0
APPLE_WEB_03429,MacBook Air M3,NYC-FifthAve,2024-05-14,1199.9368269377312,1.0
APPLE_WEB_03432,MacBook Air M3,Paris-Opera,2024-04-25,856.4697601124765,1.0
APPLE_WEB_03433,Vision Pro,London-RegentSt,2024-06-12,2189.5333778120275,1.0
APPLE_WEB_03434,AirPods Max,NYC-FifthAve,2024-03-17,267.15621874934425,1.0
APPLE_WEB_03435,iPhone 15 Pro,Tokyo-Ginza,2024-01-28,2898.8625755225553,2.0
APPLE_WEB_03436,AirPods Max,Paris-Opera,2024-06-14,6069.93729452676,2.0
APPLE_WEB_03437,MacBook Air M3,Tokyo-Ginza,2024-04-02,490.48840657432265,2.0
APPLE_WEB_03438,MacBook Air M3,NYC-FifthAve,2024-01-10,2677.0735593267264,2.0
APPLE_WEB_03439,iPhone 15 Pro,NYC-FifthAve,2024-01-18,689.836025210665,1.0
APPLE_WEB_03440,Apple Watch Ultra,NYC-FifthAve,2024-01-28,2419.0973813915634,1.0
APPLE_WEB_03441,iPhone 15 Pro,London-RegentSt,2024-04-04,2789.3047993837436,1.0
APPLE_WEB_03442,MacBook Air M3,London-RegentSt,2024-04-26,6390.926171106437,2.0
APPLE_WEB_03443,iPad Pro,London-RegentSt,2024-04-22,4657.355982605238,2.0
APPLE_WEB_03444,Apple Watch Ultra,NYC-FifthAve,2024-01-13,2571.4955296175294,2.0
APPLE_WEB_03445,Vision Pro,NYC-FifthAve,2024-04-28,859.7544541214669,2.0
APPLE_WEB_03446,iPad Pro,London-RegentSt,2024-04-29,153.17785724102944,1.0
APPLE_WEB_03447,Vision Pro,Paris-Opera,2024-02-21,1809.235788508385,1.0
APPLE_WEB_03450,Apple Watch Ultra,London-RegentSt,2024-04-02,3292.0830642282317,1.0
APPLE_WEB_03451,iPhone 15 Pro,NYC-FifthAve,2024-04-27,2011.0503760369597,1.0
APPLE_WEB_03452,MacBook Air M3,Paris-Opera,2024-06-14,2570.4316263572578,1.0
APPLE_WEB_03453,iPhone 15 Pro,NYC-FifthAve,2024-04-16,5748.7709970039,2.0
APPLE_WEB_03454,iPhone 15 Pro,Tokyo-Ginza,2024-04-19,5029.788579322011,2.0
APPLE_WEB_03455,Apple Watch Ultra,Tokyo-Ginza,2024-05-22,1801.6290344267472,2.0
APPLE_WEB_03456,Apple Watch Ultra,NYC-FifthAve,2024-06-24,3007.6420189947353,1.0
APPLE_WEB_03457,Vision Pro,Sydney-GeorgeSt,2024-02-05,1642.6268437509773,2.0
APPLE_WEB_03459,Vision Pro,NYC-FifthAve,2024-01-09,4745.280659293159,2.0
APPLE_WEB_03461,Apple Watch Ultra,Paris-Opera,2024-03-05,472.51052585052116,1.0
APPLE_WEB_03462,AirPods Max,Paris-Opera,2024-05-14,3225.099035255009,1.0
APPLE_WEB_03465,iPad Pro,Sydney-GeorgeSt,2024-04-20,1656.1943980823837,1.0
APPLE_WEB_03466,iPhone 15 Pro,Tokyo-Ginza,2024-03-16,4704.494754593103,2.0
APPLE_WEB_03467,Vision Pro,NYC-FifthAve,2024-02-11,2806.892285760254,1.0
APPLE_WEB_03469,Apple Watch Ultra,London-RegentSt,2024-05-24,829.5827462367969,1.0
APPLE_WEB_03470,iPad Pro,London-RegentSt,2024-06-17,699.229733475134,2.0
APPLE_WEB_03471,MacBook Air M3,Tokyo-Ginza,2024-05-09,1114.11998835958,2.0
APPLE_WEB_03472,MacBook Air M3,London-RegentSt,2024-05-20,1279.2121404509408,1.0
APPLE_WEB_03474,Apple Watch Ultra,NYC-FifthAve,2024-03-22,2051.4156065198013,1.0
APPLE_WEB_03475,MacBook Air M3,NYC-FifthAve,2024-06-27,3325.935761032924,2.0
APPLE_WEB_03476,AirPods Max,Paris-Opera,2024-06-13,2968.5228386914596,1.0
APPLE_WEB_03477,Apple Watch Ultra,Sydney-GeorgeSt,2024-04-11,2528.5844405721496,2.0
APPLE_WEB_03478,Vision Pro,Sydney-GeorgeSt,2024-02-06,1695.1129923897856,1.0
APPLE_WEB_03479,MacBook Air M3,Tokyo-Ginza,2024-04-11,216.8150757714484,1.0
APPLE_WEB_03480,Apple Watch Ultra,NYC-FifthAve,2024-05-11,5329.975772244241,2.0
APPLE_WEB_03482,iPhone 15 Pro,Tokyo-Ginza,2024-01-25,2286.242869867408,1.0
APPLE_WEB_03483,Vision Pro,London-RegentSt,2024-02-12,2719.711010910734,1.0
APPLE_WEB_03484,iPhone 15 Pro,Sydney-GeorgeSt,2024-04-17,541.3253507634356,2.0
APPLE_WEB_03485,iPhone 15 Pro,London-RegentSt,2024-01-22,3506.0617497066223,2.0
APPLE_WEB_03486,iPhone 15 Pro,London-RegentSt,2024-03-20,6146.024862785543,2.0
APPLE_WEB_03487,Vision Pro,NYC-FifthAve,2024-05-02,3373.4367102185893,2.0
APPLE_WEB_03489,iPad Pro,Tokyo-Ginza,2024-04-26,2105.986951941788,1.0
APPLE_WEB_03490,iPad Pro,Sydney-GeorgeSt,2024-02-08,676.4582788365205,1.0
APPLE_WEB_03492,iPad Pro,London-RegentSt,2024-03-10,4856.225263466176,2.0
APPLE_WEB_03499,Apple Watch Ultra,NYC-FifthAve,2024-04-16,2715.497563482377,1.0
APPLE_WEB_03502,Vision Pro,Sydney-GeorgeSt,2024-01-02,520.8020677116667,2.0
APPLE_WEB_03504,MacBook Air M3,Tokyo-Ginza,2024-01-20,2754.921236670037,1.0
APPLE_WEB_03505,iPhone 15 Pro,Tokyo-Ginza,2024-04-09,513.5602030562886,2.0
APPLE_WEB_03506,Apple Watch Ultra,NYC-FifthAve,2024-06-12,2847.2396340433265,2.0
APPLE_WEB_03507,Vision Pro,NYC-FifthAve,2024-02-23,3319.503848946538,2.0
APPLE_WEB_03513,iPhone 15 Pro,Tokyo-Ginza,2024-06-02,973.3402185979022,1.0
APPLE_WEB_03514,iPad Pro,London-RegentSt,2024-06-28,2820.32586366203,1.0
APPLE_WEB_03516,iPhone 15 Pro,London-RegentSt,2024-05-24,1907.676676123279,2.0
APPLE_WEB_03518,AirPods Max,Paris-Opera,2024-03-31,5792.069611991769,2.0
APPLE_WEB_03519,iPhone 15 Pro,NYC-FifthAve,2024-05-19,2579.0631713265616,2.0
APPLE_WEB_03520,MacBook Air M3,Tokyo-Ginza,2024-04-06,2525.1465583195627,1.0
APPLE_WEB_03523,Apple Watch Ultra,London-RegentSt,2024-05-11,998.6079229037312,1.0
APPLE_WEB_03525,Apple Watch Ultra,Tokyo-Ginza,2024-06-03,3597.4783350603466,2.0
APPLE_WEB_03526,iPhone 15 Pro,Sydney-GeorgeSt,2024-05-31,3276.2208865650396,1.0
APPLE_WEB_03529,Apple Watch Ultra,Sydney-GeorgeSt,2024-01-24,2222.05127478277,2.0
APPLE_WEB_03530,Vision Pro,Paris-Opera,2024-02-11,3591.5113331058324,2.0
APPLE_WEB_03531,MacBook Air M3,Paris-Opera,2024-04-17,993.5149213489974,1.0
APPLE_WEB_03533,Apple Watch Ultra,London-RegentSt,2024-05-15,3863.2582454392177,2.0
APPLE_WEB_03534,iPad Pro,NYC-FifthAve,2024-03-24,1319.9524509837956,1.0
APPLE_WEB_03535,Vision Pro,Sydney-GeorgeSt,2024-04-25,1415.0293189323306,1.0
APPLE_WEB_03539,MacBook Air M3,London-RegentSt,2024-06-04,534.7873590521622,2.0
APPLE_WEB_03540,AirPods Max,Sydney-GeorgeSt,2024-02-27,1021.8170865695083,1.0
APPLE_WEB_03541,Apple Watch Ultra,London-RegentSt,2024-02-02,2237.8429288262014,1.0
APPLE_WEB_03542,iPad Pro,Paris-Opera,2024-04-11,5351.513260471311,2.0
APPLE_WEB_03543,iPhone 15 Pro,Paris-Opera,2024-03-01,2029.4271966715,2.0
APPLE_WEB_03545,iPad Pro,London-RegentSt,2024-06-01,1126.7337581166175,1.0
APPLE_WEB_03547,AirPods Max,NYC-FifthAve,2024-03-22,1166.8644833761987,2.0
APPLE_WEB_03548,AirPods Max,Tokyo-Ginza,2024-01-28,2036.4026049671766,1.0
APPLE_WEB_03550,AirPods Max,Sydney-GeorgeSt,2024-04-19,211.55398600295504,1.0
APPLE_WEB_03551,iPad Pro,NYC-FifthAve,2024-06-04,1198.233177659229,2.0
APPLE_WEB_03552,Apple Watch Ultra,London-RegentSt,2024-03-08,825.3087424157738,2.0
APPLE_WEB_03553,MacBook Air M3,London-RegentSt,2024-05-09,6448.107051313814,2.0
APPLE_WEB_03555,MacBook Air M3,Paris-Opera,2024-04-07,2352.7374904835187,2.0
APPLE_WEB_03556,Vision Pro,Sydney-GeorgeSt,2024-02-11,244.82085388754288,1.0
APPLE_WEB_03557,Vision Pro,NYC-FifthAve,2024-02-01,2942.86262723968,1.0
APPLE_WEB_03558,AirPods Max,Sydney-GeorgeSt,2024-06-25,6122.7638574187085,2.0
APPLE_WEB_03559,Vision Pro,Sydney-GeorgeSt,2024-05-29,1245.7947055372597,1.0
APPLE_WEB_03560,MacBook Air M3,Sydney-GeorgeSt,2024-02-16,3843.5573313597047,2.0
APPLE_WEB_03561,iPhone 15 Pro,Tokyo-Ginza,2024-01-23,2055.5694389545433,1.0
APPLE_WEB_03562,Apple Watch Ultra,Tokyo-Ginza,2024-06-25,3129.3530944952377,1.0
APPLE_WEB_03563,MacBook Air M3,Sydney-GeorgeSt,2024-01-31,2573.4324383044227,1.0
APPLE_WEB_03564,iPad Pro,NYC-FifthAve,2024-04-03,670.0676262823872,2.0
APPLE_WEB_03565,iPhone 15 Pro,NYC-FifthAve,2024-02-15,2399.1444058056127,1.0
APPLE_WEB_03568,iPad Pro,Tokyo-Ginza,2024-02-07,3663.9600633859463,2.0
APPLE_WEB_03569,Apple Watch Ultra,Paris-Opera,2024-02-08,6160.213773632891,2.0
APPLE_WEB_03570,Vision Pro,London-RegentSt,2024-05-14,3951.742906773536,2.0
APPLE_WEB_03571,Apple Watch Ultra,Sydney-GeorgeSt,2024-04-14,2890.3885703581936,2.0
APPLE_WEB_03573,MacBook Air M3,NYC-FifthAve,2024-02-07,2584.9227644364437,1.0
APPLE_WEB_03574,iPhone 15 Pro,Paris-Opera,2024-05-04,301.4757092018658,1.0
APPLE_WEB_03576,MacBook Air M3,Tokyo-Ginza,2024-05-09,3193.514280645182,2.0
APPLE_WEB_03577,iPad Pro,Paris-Opera,2024-04-24,1988.4551493089202,2.0
APPLE_WEB_03578,iPad Pro,Sydney-GeorgeSt,2024-06-20,6759.980650451714,2.0
APPLE_WEB_03579,MacBook Air M3,Sydney-GeorgeSt,2024-04-16,2043.4744841753075,2.0
APPLE_WEB_03580,AirPods Max,NYC-FifthAve,2024-05-12,4010.128821332551,2.0
APPLE_WEB_03581,Vision Pro,Sydney-GeorgeSt,2024-05-25,1102.720556426686,1.0
APPLE_WEB_03583,iPhone 15 Pro,Tokyo-Ginza,2024-06-03,1954.4183253213666,1.0
APPLE_WEB_03585,Vision Pro,Sydney-GeorgeSt,2024-01-29,559.7657907719608,2.0
APPLE_WEB_03586,Apple Watch Ultra,Tokyo-Ginza,2024-02-20,5978.835081361908,2.0
APPLE_WEB_03587,iPhone 15 Pro,Paris-Opera,2024-02-25,1807.6956022970783,2.0
APPLE_WEB_03588,Apple Watch Ultra,NYC-FifthAve,2024-03-27,3107.749116415566,1.0
APPLE_WEB_03590,MacBook Air M3,London-RegentSt,2024-03-30,3124.0124452192786,1.0
APPLE_WEB_03591,Vision Pro,London-RegentSt,2024-06-05,3263.957058349639,1.0
APPLE_WEB_03592,Vision Pro,NYC-FifthAve,2024-03-14,1736.1712840437672,1.0
APPLE_WEB_03593,MacBook Air M3,Tokyo-Ginza,2024-04-05,1651.7637015023904,1.0
APPLE_WEB_03595,iPad Pro,London-RegentSt,2024-04-14,2648.4813713534927,2.0
APPLE_WEB_03597,iPhone 15 Pro,London-RegentSt,2024-03-27,2294.7675214950696,2.0
APPLE_WEB_03600,Vision Pro,NYC-FifthAve,2024-01-21,4636.175566724235,2.0
APPLE_WEB_03601,Apple Watch Ultra,Paris-Opera,2024-04-21,5809.939392104305,2.0
APPLE_WEB_03602,Apple Watch Ultra,London-RegentSt,2024-06-28,1939.5193732174703,2.0
APPLE_WEB_03603,iPad Pro,Sydney-GeorgeSt,2024-02-06,2148.097267005908,2.0
APPLE_WEB_03604,iPad Pro,London-RegentSt,2024-03-04,3194.1449806081196,1.0
APPLE_WEB_03605,iPad Pro,London-RegentSt,2024-05-11,283.2662638748053,1.0
APPLE_WEB_03608,iPad Pro,Tokyo-Ginza,2024-02-11,1447.6182397716952,2.0
APPLE_WEB_03609,Vision Pro,NYC-FifthAve,2024-05-03,2948.4783560251262,2.0
APPLE_WEB_03611,AirPods Max,Sydney-GeorgeSt,2024-03-27,5088.304698221117,2.0
APPLE_WEB_03613,iPad Pro,Paris-Opera,2024-01-26,6681.720931776703,2.0
APPLE_WEB_03614,Vision Pro,NYC-FifthAve,2024-01-04,2788.5387987204917,1.0
APPLE_WEB_03616,iPhone 15 Pro,London-RegentSt,2024-03-14,1653.2987689529193,1.0
APPLE_WEB_03619,Apple Watch Ultra,NYC-FifthAve,2024-03-22,2885.890710795619,2.0
APPLE_WEB_03620,iPhone 15 Pro,Tokyo-Ginza,2024-06-16,177.28689487425808,1.0
APPLE_WEB_03621,iPhone 15 Pro,Paris-Opera,2024-06-08,2378.1149620127317,2.0
APPLE_WEB_03622,iPad Pro,Sydney-GeorgeSt,2024-01-30,1519.1107704622855,2.0
APPLE_WEB_03623,iPad Pro,NYC-FifthAve,2024-02-03,3080.5128677136427,1.0
APPLE_WEB_03624,iPad Pro,Sydney-GeorgeSt,2024-05-01,1044.4160072787658,1.0
APPLE_WEB_03626,Vision Pro,Sydney-GeorgeSt,2024-01-02,2852.3318680903376,1.0
APPLE_WEB_03627,Vision Pro,NYC-FifthAve,2024-03-15,6858.030981423427,2.0
APPLE_WEB_03628,Apple Watch Ultra,Paris-Opera,2024-04-05,2882.560905678506,1.0
APPLE_WEB_03629,iPad Pro,Tokyo-Ginza,2024-02-02,3173.6052573429265,1.0
APPLE_WEB_03630,Apple Watch Ultra,Sydney-GeorgeSt,2024-04-23,2340.181838556407,1.0
APPLE_WEB_03632,Apple Watch Ultra,NYC-FifthAve,2024-04-10,1264.6085551532508,2.0
APPLE_WEB_03635,iPhone 15 Pro,Paris-Opera,2024-04-09,6215.197956663726,2.0
APPLE_WEB_03636,Apple Watch Ultra,Tokyo-Ginza,2024-02-24,6364.3584881850875,2.0
APPLE_WEB_03637,iPhone 15 Pro,Tokyo-Ginza,2024-06-10,5022.130969072123,2.0
APPLE_WEB_03640,iPhone 15 Pro,London-RegentSt,2024-03-02,2222.223098764467,1.0
APPLE_WEB_03644,MacBook Air M3,NYC-FifthAve,2024-01-12,2692.6412354790896,2.0
APPLE_WEB_03646,iPhone 15 Pro,London-RegentSt,2024-06-27,281.22700905610174,2.0
APPLE_WEB_03647,iPad Pro,NYC-FifthAve,2024-04-04,823.4567506574989,1.0
APPLE_WEB_03648,Vision Pro,Paris-Opera,2024-06-01,3213.025966179305,1.0
APPLE_WEB_03649,Apple Watch Ultra,Paris-Opera,2024-03-06,1868.7055400437443,1.0
APPLE_WEB_03651,Apple Watch Ultra,Sydney-GeorgeSt,2024-06-05,5952.9594518355325,2.0
APPLE_WEB_03653,iPad Pro,Tokyo-Ginza,2024-02-29,4180.256822319785,2.0
APPLE_WEB_03655,AirPods Max,Tokyo-Ginza,2024-06-26,958.710069874594,1.0
APPLE_WEB_03656,Apple Watch Ultra,Tokyo-Ginza,2024-02-08,3666.979442809133,2.0
APPLE_WEB_03658,Vision Pro,NYC-FifthAve,2024-04-09,1512.3746646241384,1.0
APPLE_WEB_03659,iPhone 15 Pro,Paris-Opera,2024-01-01,344.5381122805003,1.0
APPLE_WEB_03660,AirPods Max,Paris-Opera,2024-06-21,5535.874748871769,2.0
APPLE_WEB_03662,MacBook Air M3,Paris-Opera,2024-06-15,1740.8672521376905,2.0
APPLE_WEB_03663,Apple Watch Ultra,Sydney-GeorgeSt,2024-06-04,6148.245599061039,2.0
APPLE_WEB_03666,Vision Pro,Paris-Opera,2024-03-14,3230.886292949795,1.0
APPLE_WEB_03667,Apple Watch Ultra,Sydney-GeorgeSt,2024-04-13,1267.1503023453229,2.0
APPLE_WEB_03668,iPad Pro,Paris-Opera,2024-04-10,2501.751703299571,2.0
APPLE_WEB_03669,Vision Pro,London-RegentSt,2024-04-03,1859.193784404688,2.0
APPLE_WEB_03671,Vision Pro,Tokyo-Ginza,2024-04-17,1762.0618403759727,1.0
APPLE_WEB_03673,MacBook Air M3,Sydney-GeorgeSt,2024-01-23,1830.1828519089145,1.0
APPLE_WEB_03674,Apple Watch Ultra,Sydney-GeorgeSt,2024-06-18,1176.0732170793806,1.0
APPLE_WEB_03675,iPad Pro,London-RegentSt,2024-02-08,4794.783657569092,2.0
APPLE_WEB_03676,Apple Watch Ultra,Paris-Opera,2024-06-21,2191.5986584466364,1.0
APPLE_WEB_03682,Vision Pro,Tokyo-Ginza,2024-06-17,6466.531707368955,2.0
APPLE_WEB_03684,iPhone 15 Pro,London-RegentSt,2024-06-15,2910.8363341440518,2.0
APPLE_WEB_03685,MacBook Air M3,Sydney-GeorgeSt,2024-05-05,1969.5068654615811,1.0
APPLE_WEB_03688,iPad Pro,London-RegentSt,2024-05-29,2284.94978956698,1.0
APPLE_WEB_03690,Vision Pro,Tokyo-Ginza,2024-01-22,5232.02821653459,2.0
APPLE_WEB_03691,Vision Pro,London-RegentSt,2024-02-15,3488.2664693591005,1.0
APPLE_WEB_03692,iPhone 15 Pro,Sydney-GeorgeSt,2024-04-19,485.0164006927152,1.0
APPLE_WEB_03694,iPhone 15 Pro,Tokyo-Ginza,2024-06-12,2885.2355942998925,1.0
APPLE_WEB_03695,AirPods Max,Paris-Opera,2024-04-16,550.1494783101757,2.0
APPLE_WEB_03696,Apple Watch Ultra,Tokyo-Ginza,2024-01-16,4660.1007177522815,2.0
APPLE_WEB_03697,Vision Pro,NYC-FifthAve,2024-05-01,1473.0301527638549,2.0
APPLE_WEB_03698,iPhone 15 Pro,NYC-FifthAve,2024-02-28,913.9169928329861,1.0
APPLE_WEB_03703,iPad Pro,Paris-Opera,2024-04-09,3572.691425622307,2.0
APPLE_WEB_03704,AirPods Max,Tokyo-Ginza,2024-01-10,619.4682205573181,1.0
APPLE_WEB_03706,Vision Pro,Sydney-GeorgeSt,2024-04-01,5080.315847354957,2.0
APPLE_WEB_03707,Apple Watch Ultra,Paris-Opera,2024-02-13,4437.5382457889,2.0
APPLE_WEB_03708,AirPods Max,Sydney-GeorgeSt,2024-02-24,1205.5033271891748,2.0
APPLE_WEB_03709,Apple Watch Ultra,NYC-FifthAve,2024-01-10,3300.236802489679,1.0
APPLE_WEB_03711,MacBook Air M3,Tokyo-Ginza,2024-02-03,5304.397301899507,2.0
APPLE_WEB_03712,iPhone 15 Pro,Tokyo-Ginza,2024-05-07,5595.232546521334,2.0
APPLE_WEB_03715,AirPods Max,Sydney-GeorgeSt,2024-04-22,411.93071934893845,1.0
APPLE_WEB_03716,MacBook Air M3,NYC-FifthAve,2024-06-22,5912.951685297065,2.0
APPLE_WEB_03717,iPad Pro,Tokyo-Ginza,2024-06-24,2391.4643091976236,2.0
APPLE_WEB_03719,AirPods Max,Tokyo-Ginza,2024-04-14,2998.7272644563677,1.0
APPLE_WEB_03724,Vision Pro,Sydney-GeorgeSt,2024-04-02,1825.8887661031856,2.0
APPLE_WEB_03726,Vision Pro,Tokyo-Ginza,2024-04-18,2477.0171707065233,1.0
APPLE_WEB_03727,MacBook Air M3,London-RegentSt,2024-01-13,1804.1602239345616,2.0
APPLE_WEB_03730,AirPods Max,London-RegentSt,2024-02-12,965.8332877937193,1.0
APPLE_WEB_03731,iPhone 15 Pro,Tokyo-Ginza,2024-04-18,947.2301514582559,1.0
APPLE_WEB_03733,MacBook Air M3,Sydney-GeorgeSt,2024-01-01,1217.985865095615,1.0
APPLE_WEB_03734,Apple Watch Ultra,London-RegentSt,2024-06-17,6027.2772990632675,2.0
APPLE_WEB_03735,Apple Watch Ultra,London-RegentSt,2024-03-23,6854.760944508385,2.0
APPLE_WEB_03736,MacBook Air M3,NYC-FifthAve,2024-01-23,1188.5617888796903,1.0
APPLE_WEB_03740,iPhone 15 Pro,London-RegentSt,2024-01-28,1224.641446472493,2.0
APPLE_WEB_03741,Apple Watch Ultra,Paris-Opera,2024-03-21,3902.777889256247,2.0
APPLE_WEB_03742,iPad Pro,NYC-FifthAve,2024-06-04,3103.380951966196,1.0
APPLE_WEB_03743,MacBook Air M3,Sydney-GeorgeSt,2024-04-25,3977.200584264871,2.0
APPLE_WEB_03744,iPad Pro,NYC-FifthAve,2024-04-14,2680.1980235336814,1.0
APPLE_WEB_03746,Apple Watch Ultra,London-RegentSt,2024-05-05,465.21520323661196,1.0
APPLE_WEB_03747,Apple Watch Ultra,Paris-Opera,2024-01-10,785.1061275807783,2.0
APPLE_WEB_03749,iPad Pro,London-RegentSt,2024-05-16,4251.279124578765,2.0
APPLE_WEB_03752,iPhone 15 Pro,NYC-FifthAve,2024-02-27,6650.706803129369,2.0
APPLE_WEB_03753,MacBook Air M3,Tokyo-Ginza,2024-05-24,3097.9467714053894,2.0
APPLE_WEB_03755,iPad Pro,London-RegentSt,2024-03-31,1405.3923812450705,1.0
APPLE_WEB_03757,Apple Watch Ultra,Paris-Opera,2024-06-27,5698.283785682127,2.0
APPLE_WEB_03759,AirPods Max,Tokyo-Ginza,2024-02-18,5733.953105716977,2.0
APPLE_WEB_03762,Vision Pro,NYC-FifthAve,2024-04-07,2501.8923337633046,1.0
APPLE_WEB_03764,iPad Pro,Sydney-GeorgeSt,2024-02-14,3425.3760214232125,1.0
APPLE_WEB_03765,iPad Pro,Paris-Opera,2024-03-16,797.6290863299249,2.0
APPLE_WEB_03768,MacBook Air M3,Tokyo-Ginza,2024-05-15,3153.574586842058,1.0
APPLE_WEB_03769,iPad Pro,London-RegentSt,2024-06-14,924.1575295855552,1.0
APPLE_WEB_03770,iPhone 15 Pro,Paris-Opera,2024-04-07,2173.257310450852,2.0
APPLE_WEB_03771,AirPods Max,Tokyo-Ginza,2024-06-10,784.5660154131792,1.0
APPLE_WEB_03772,MacBook Air M3,Paris-Opera,2024-01-23,3407.3793431546233,1.0
APPLE_WEB_03774,AirPods Max,Paris-Opera,2024-03-11,2610.3861225360665,2.0
APPLE_WEB_03775,Apple Watch Ultra,London-RegentSt,2024-05-24,3405.3860201588086,1.0
APPLE_WEB_03779,AirPods Max,London-RegentSt,2024-06-08,1122.4479751053063,1.0
APPLE_WEB_03780,iPad Pro,Tokyo-Ginza,2024-01-14,527.1124203468542,2.0
APPLE_WEB_03781,MacBook Air M3,London-RegentSt,2024-05-03,3031.942201837591,1.0
APPLE_WEB_03782,Vision Pro,London-RegentSt,2024-01-18,2235.3259855871174,1.0
APPLE_WEB_03785,MacBook Air M3,Tokyo-Ginza,2024-02-24,2524.638688158166,2.0
APPLE_WEB_03786,Apple Watch Ultra,Paris-Opera,2024-06-15,6250.36493887289,2.0
APPLE_WEB_03787,Apple Watch Ultra,London-RegentSt,2024-06-17,1606.4394500507385,1.0
APPLE_WEB_03790,MacBook Air M3,Sydney-GeorgeSt,2024-01-17,5026.909618896216,2.0
APPLE_WEB_03791,AirPods Max,London-RegentSt,2024-01-08,202.42876069880117,1.0
APPLE_WEB_03792,Apple Watch Ultra,London-RegentSt,2024-02-09,5667.729041584227,2.0
APPLE_WEB_03793,Vision Pro,NYC-FifthAve,2024-06-23,2542.0639133160644,2.0
APPLE_WEB_03794,MacBook Air M3,NYC-FifthAve,2024-05-01,483.5862578579478,1.0
APPLE_WEB_03796,Apple Watch Ultra,NYC-FifthAve,2024-06-22,4122.201826314376,2.0
APPLE_WEB_03797,iPhone 15 Pro,Paris-Opera,2024-02-15,4118.356967332616,2.0
APPLE_WEB_03798,MacBook Air M3,NYC-FifthAve,2024-05-20,3717.5987457770184,2.0
APPLE_WEB_03800,Vision Pro,Sydney-GeorgeSt,2024-01-25,329.220717777502,2.0
APPLE_WEB_03802,AirPods Max,Paris-Opera,2024-04-25,2425.4757580430146,2.0
APPLE_WEB_03804,iPhone 15 Pro,Sydney-GeorgeSt,2024-03-24,952.4702627721772,2.0
APPLE_WEB_03805,iPad Pro,NYC-FifthAve,2024-03-17,993.339373860517,1.0
APPLE_WEB_03806,MacBook Air M3,London-RegentSt,2024-01-17,2430.8781563596285,1.0
APPLE_WEB_03807,MacBook Air M3,Tokyo-Ginza,2024-01-29,3275.4259280258752,1.0
APPLE_WEB_03808,Apple Watch Ultra,Sydney-GeorgeSt,2024-04-29,249.67732218775257,1.0
APPLE_WEB_03809,iPad Pro,Tokyo-Ginza,2024-04-03,1965.61986090024,2.0
APPLE_WEB_03810,iPad Pro,Tokyo-Ginza,2024-06-18,5181.785821576141,2.0
APPLE_WEB_03811,MacBook Air M3,Sydney-GeorgeSt,2024-03-24,6338.2706602489525,2.0
APPLE_WEB_03812,AirPods Max,Tokyo-Ginza,2024-02-04,1108.6753643977677,1.0
APPLE_WEB_03814,AirPods Max,Paris-Opera,2024-02-05,1251.3632236061292,2.0
APPLE_WEB_03816,Vision Pro,Sydney-GeorgeSt,2024-01-21,2478.8145472869433,1.0
APPLE_WEB_03819,iPad Pro,London-RegentSt,2024-05-26,3666.859081336589,2.0
APPLE_WEB_03821,MacBook Air M3,Tokyo-Ginza,2024-05-17,727.4293393032457,2.0
APPLE_WEB_03822,Vision Pro,London-RegentSt,2024-05-06,4485.95460145442,2.0
APPLE_WEB_03823,MacBook Air M3,Tokyo-Ginza,2024-03-11,1330.6266022283644,1.0
APPLE_WEB_03824,AirPods Max,Sydney-GeorgeSt,2024-01-06,6748.486871959931,2.0
APPLE_WEB_03827,iPad Pro,NYC-FifthAve,2024-06-26,846.560453126366,1.0
APPLE_WEB_03828,AirPods Max,Paris-Opera,2024-05-02,3456.4429142606905,2.0
APPLE_WEB_03829,Apple Watch Ultra,London-RegentSt,2024-03-18,1050.9355754679443,2.0
APPLE_WEB_03830,iPhone 15 Pro,London-RegentSt,2024-05-03,3113.8790300191436,1.0
APPLE_WEB_03831,Vision Pro,NYC-FifthAve,2024-06-15,1414.625658226306,1.0
APPLE_WEB_03832,AirPods Max,NYC-FifthAve,2024-02-27,3413.00777959034,2.0
APPLE_WEB_03837,iPhone 15 Pro,Tokyo-Ginza,2024-05-20,1469.8481168324188,1.0
APPLE_WEB_03840,AirPods Max,Tokyo-Ginza,2024-04-03,1777.1548476954326,2.0
APPLE_WEB_03842,iPad Pro,London-RegentSt,2024-06-17,5196.669044623241,2.0
APPLE_WEB_03843,MacBook Air M3,Paris-Opera,2024-03-08,1753.6597025730123,1.0
APPLE_WEB_03845,Apple Watch Ultra,Tokyo-Ginza,2024-04-13,1204.7411909401083,1.0
APPLE_WEB_03846,Apple Watch Ultra,Tokyo-Ginza,2024-02-15,2105.702349718583,1.0
APPLE_WEB_03847,Vision Pro,NYC-FifthAve,2024-01-09,6734.215381740545,2.0
APPLE_WEB_03850,AirPods Max,Paris-Opera,2024-01-16,5715.944340216235,2.0
APPLE_WEB_03851,iPhone 15 Pro,London-RegentSt,2024-04-05,4363.838687018896,2.0
APPLE_WEB_03853,Vision Pro,Tokyo-Ginza,2024-04-16,4280.274256574565,2.0
APPLE_WEB_03856,MacBook Air M3,Sydney-GeorgeSt,2024-03-07,2179.6149617193887,1.0
APPLE_WEB_03858,Apple Watch Ultra,London-RegentSt,2024-04-23,2075.347753560396,2.0
APPLE_WEB_03859,Vision Pro,Paris-Opera,2024-02-25,2606.3686460984873,2.0
APPLE_WEB_03860,Vision Pro,NYC-FifthAve,2024-04-15,153.6363467671504,1.0
APPLE_WEB_03861,MacBook Air M3,NYC-FifthAve,2024-03-03,4422.670031917764,2.0
APPLE_WEB_03862,iPad Pro,NYC-FifthAve,2024-02-21,2138.789201626275,1.0
APPLE_WEB_03863,MacBook Air M3,Paris-Opera,2024-04-12,1791.3946334150662,1.0
APPLE_WEB_03865,Vision Pro,Sydney-GeorgeSt,2024-03-21,1793.441359157126,2.0
APPLE_WEB_03866,iPad Pro,NYC-FifthAve,2024-02-11,890.4606355754655,1.0
APPLE_WEB_03867,MacBook Air M3,Paris-Opera,2024-02-18,3386.686886796838,1.0
APPLE_WEB_03868,MacBook Air M3,Tokyo-Ginza,2024-01-01,1723.6827158902522,2.0
APPLE_WEB_03869,AirPods Max,NYC-FifthAve,2024-02-03,4852.6476883583055,2.0
APPLE_WEB_03870,Apple Watch Ultra,Paris-Opera,2024-01-16,1746.453382971364,1.0
APPLE_WEB_03871,AirPods Max,London-RegentSt,2024-02-11,2673.7469499592557,1.0
APPLE_WEB_03872,iPad Pro,NYC-FifthAve,2024-01-07,1728.499340113532,2.0
APPLE_WEB_03873,Apple Watch Ultra,Paris-Opera,2024-03-25,2668.7057375692902,1.0
APPLE_WEB_03874,iPad Pro,NYC-FifthAve,2024-05-09,3008.0154855683313,2.0
APPLE_WEB_03877,Apple Watch Ultra,London-RegentSt,2024-03-16,1230.5644913353833,2.0
APPLE_WEB_03878,Apple Watch Ultra,NYC-FifthAve,2024-04-28,2610.913688970113,2.0
APPLE_WEB_03879,Vision Pro,Sydney-GeorgeSt,2024-04-29,2868.1259313148853,2.0
APPLE_WEB_03880,iPad Pro,Paris-Opera,2024-01-18,6471.4630673094125,2.0
APPLE_WEB_03882,MacBook Air M3,NYC-FifthAve,2024-02-11,2137.5895222008435,2.0
APPLE_WEB_03883,Vision Pro,Tokyo-Ginza,2024-05-15,3452.062203041939,1.0
APPLE_WEB_03884,Apple Watch Ultra,London-RegentSt,2024-04-29,3276.8389820449024,1.0
APPLE_WEB_03885,Vision Pro,Paris-Opera,2024-05-23,1751.42315347646,1.0
APPLE_WEB_03886,MacBook Air M3,NYC-FifthAve,2024-03-24,1555.092469205164,1.0
APPLE_WEB_03887,AirPods Max,Sydney-GeorgeSt,2024-06-01,3915.4883395099987,2.0
APPLE_WEB_03888,iPhone 15 Pro,Sydney-GeorgeSt,2024-04-30,2874.208159252536,2.0
APPLE_WEB_03889,AirPods Max,Tokyo-Ginza,2024-01-07,1166.7821807879068,2.0
APPLE_WEB_03890,MacBook Air M3,Sydney-GeorgeSt,2024-03-10,2452.870799052718,2.0
APPLE_WEB_03891,iPad Pro,Paris-Opera,2024-02-04,3459.612942135643,2.0
APPLE_WEB_03892,iPhone 15 Pro,Tokyo-Ginza,2024-02-16,3126.581267646416,1.0
APPLE_WEB_03893,iPad Pro,NYC-FifthAve,2024-02-02,4976.229436103125,2.0
APPLE_WEB_03894,Vision Pro,NYC-FifthAve,2024-01-09,3318.4732126651834,2.0
APPLE_WEB_03896,iPad Pro,Tokyo-Ginza,2024-01-23,2821.1403752492224,2.0
APPLE_WEB_03898,Apple Watch Ultra,Paris-Opera,2024-05-22,4260.72575896159,2.0
APPLE_WEB_03899,AirPods Max,Sydney-GeorgeSt,2024-01-29,859.0090162362247,2.0
APPLE_WEB_03900,AirPods Max,Tokyo-Ginza,2024-01-05,2386.0433710244038,1.0
APPLE_WEB_03902,MacBook Air M3,Paris-Opera,2024-06-23,1510.6316762377303,1.0
APPLE_WEB_03903,iPhone 15 Pro,London-RegentSt,2024-04-04,5125.852146701688,2.0
APPLE_WEB_03904,Vision Pro,NYC-FifthAve,2024-03-21,5059.081863918619,2.0
APPLE_WEB_03905,iPhone 15 Pro,Tokyo-Ginza,2024-02-02,1499.987889152358,1.0
APPLE_WEB_03907,iPhone 15 Pro,Sydney-GeorgeSt,2024-05-12,1664.7540405785116,1.0
APPLE_WEB_03908,Vision Pro,London-RegentSt,2024-06-24,2518.422680087998,2.0
APPLE_WEB_03909,MacBook Air M3,Tokyo-Ginza,2024-06-28,2602.3658524511675,1.0
APPLE_WEB_03910,iPhone 15 Pro,Paris-Opera,2024-06-27,1295.6971002638327,2.0
APPLE_WEB_03911,Apple Watch Ultra,Tokyo-Ginza,2024-01-24,4417.095812241965,2.0
APPLE_WEB_03913,iPhone 15 Pro,NYC-FifthAve,2024-05-16,6355.864074030656,2.0
APPLE_WEB_03915,iPad Pro,London-RegentSt,2024-03-19,5164.062062178876,2.0
APPLE_WEB_03916,Vision Pro,Sydney-GeorgeSt,2024-05-12,969.8588850641006,2.0
APPLE_WEB_03917,iPhone 15 Pro,Sydney-GeorgeSt,2024-04-21,679.292968331774,1.0
APPLE_WEB_03919,Vision Pro,Paris-Opera,2024-05-29,457.3883722349009,2.0
APPLE_WEB_03920,MacBook Air M3,Sydney-GeorgeSt,2024-03-21,2463.714698735737,2.0
APPLE_WEB_03921,Apple Watch Ultra,NYC-FifthAve,2024-02-26,192.12108424361497,1.0
APPLE_WEB_03924,Vision Pro,London-RegentSt,2024-03-17,4361.892874223883,2.0
APPLE_WEB_03925,Apple Watch Ultra,NYC-FifthAve,2024-01-11,6508.59078403364,2.0
APPLE_WEB_03927,iPad Pro,London-RegentSt,2024-05-23,4347.614917881537,2.0
APPLE_WEB_03929,MacBook Air M3,London-RegentSt,2024-04-26,1262.1437916833488,2.0
APPLE_WEB_03931,iPhone 15 Pro,NYC-FifthAve,2024-01-18,2158.7361898503977,2.0
APPLE_WEB_03932,Apple Watch Ultra,Paris-Opera,2024-06-14,5039.374667908292,2.0
APPLE_WEB_03934,iPad Pro,NYC-FifthAve,2024-01-17,728.1969124309738,1.0
APPLE_WEB_03935,iPhone 15 Pro,Sydney-GeorgeSt,2024-06-18,2697.0631779073738,1.0
APPLE_WEB_03936,Vision Pro,Sydney-GeorgeSt,2024-04-01,2313.6902023191237,1.0
APPLE_WEB_03937,MacBook Air M3,Tokyo-Ginza,2024-01-29,416.79022249522325,1.0
APPLE_WEB_03939,AirPods Max,NYC-FifthAve,2024-04-12,6789.845418540578,2.0
APPLE_WEB_03941,iPhone 15 Pro,Tokyo-Ginza,2024-04-11,2042.5580522865866,1.0
APPLE_WEB_03942,Vision Pro,London-RegentSt,2024-06-12,1694.616290925654,1.0
APPLE_WEB_03945,AirPods Max,Tokyo-Ginza,2024-02-05,1936.4982460215037,1.0
APPLE_WEB_03946,iPhone 15 Pro,Paris-Opera,2024-03-06,6193.65432069608,2.0
APPLE_WEB_03947,AirPods Max,Sydney-GeorgeSt,2024-03-03,1516.3195648899175,2.0
APPLE_WEB_03948,Apple Watch Ultra,Sydney-GeorgeSt,2024-03-15,3000.4141745576776,1.0
APPLE_WEB_03949,Vision Pro,NYC-FifthAve,2024-05-22,1518.566306684297,1.0
APPLE_WEB_03951,Vision Pro,London-RegentSt,2024-06-04,2304.298017367002,2.0
APPLE_WEB_03953,AirPods Max,Paris-Opera,2024-02-29,555.713180097905,1.0
APPLE_WEB_03954,iPhone 15 Pro,Tokyo-Ginza,2024-05-24,1154.8089681002286,1.0
APPLE_WEB_03955,MacBook Air M3,Paris-Opera,2024-03-20,2191.453134006972,1.0
APPLE_WEB_03956,iPad Pro,Paris-Opera,2024-01-10,5740.419892522656,2.0
APPLE_WEB_03958,Apple Watch Ultra,London-RegentSt,2024-02-04,2516.2169965965877,1.0
APPLE_WEB_03959,iPad Pro,NYC-FifthAve,2024-01-06,4004.0666653125672,2.0
APPLE_WEB_03960,iPhone 15 Pro,NYC-FifthAve,2024-05-02,2544.9668983413612,2.0
APPLE_WEB_03962,Vision Pro,Sydney-GeorgeSt,2024-06-09,6005.907814357867,2.0
APPLE_WEB_03964,iPad Pro,London-RegentSt,2024-02-17,1385.1556998873484,2.0
APPLE_WEB_03965,MacBook Air M3,NYC-FifthAve,2024-04-15,4511.862680440562,2.0
APPLE_WEB_03967,AirPods Max,Tokyo-Ginza,2024-01-05,676.5547468801645,1.0
APPLE_WEB_03969,Apple Watch Ultra,Paris-Opera,2024-01-13,1807.3210447031945,2.0
APPLE_WEB_03972,Vision Pro,Tokyo-Ginza,2024-04-05,325.0874373080756,2.0
APPLE_WEB_03973,Apple Watch Ultra,Sydney-GeorgeSt,2024-04-20,619.6155854253157,2.0
APPLE_WEB_03974,AirPods Max,Tokyo-Ginza,2024-01-02,2893.6250493570215,2.0
APPLE_WEB_03975,iPhone 15 Pro,NYC-FifthAve,2024-01-04,1960.655164455961,2.0
APPLE_WEB_03978,Apple Watch Ultra,Tokyo-Ginza,2024-03-23,6605.247191466196,2.0
APPLE_WEB_03979,AirPods Max,London-RegentSt,2024-02-04,808.1973199980201,2.0
APPLE_WEB_03981,iPad Pro,Sydney-GeorgeSt,2024-01-20,314.85928834825086,1.0
APPLE_WEB_03983,iPad Pro,Paris-Opera,2024-06-08,1533.7033911314807,2.0
APPLE_WEB_03984,MacBook Air M3,Paris-Opera,2024-02-28,1221.2886877599174,1.0
APPLE_WEB_03985,MacBook Air M3,London-RegentSt,2024-06-05,4117.440233418614,2.0
APPLE_WEB_03991,iPhone 15 Pro,NYC-FifthAve,2024-05-26,2018.7176524345875,1.0
APPLE_WEB_03992,MacBook Air M3,Sydney-GeorgeSt,2024-01-01,4624.231298667682,2.0
APPLE_WEB_03993,Vision Pro,Tokyo-Ginza,2024-06-10,5783.037765842909,2.0
APPLE_WEB_03995,MacBook Air M3,Sydney-GeorgeSt,2024-05-24,2612.7528048629893,1.0
APPLE_WEB_03997,MacBook Air M3,London-RegentSt,2024-01-01,5687.565071971438,2.0
APPLE_WEB_03998,iPhone 15 Pro,Paris-Opera,2024-05-23,2155.0366045016453,1.0
APPLE_WEB_03999,MacBook Air M3,Sydney-GeorgeSt,2024-05-03,2674.147110143838,1.0
APPLE_WEB_04000,Apple Watch Ultra,Paris-Opera,2024-01-07,3368.360952116677,1.0
APPLE_WEB_04002,iPad Pro,Tokyo-Ginza,2024-06-03,1481.1450986914015,1.0
APPLE_WEB_04004,iPad Pro,London-RegentSt,2024-01-24,2661.627785567525,1.0
APPLE_WEB_04005,iPad Pro,Tokyo-Ginza,2024-06-01,585.6707304076072,1.0
APPLE_WEB_04007,AirPods Max,Sydney-GeorgeSt,2024-01-25,1966.5041139028401,1.0
APPLE_WEB_04009,AirPods Max,London-RegentSt,2024-05-15,2544.3625176364885,1.0
APPLE_WEB_04012,iPhone 15 Pro,Paris-Opera,2024-01-11,1900.9084027147915,1.0
APPLE_WEB_04013,iPad Pro,Sydney-GeorgeSt,2024-04-02,452.89181561285795,1.0
APPLE_WEB_04015,iPhone 15 Pro,London-RegentSt,2024-02-10,2524.650864956538,1.0
APPLE_WEB_04017,Vision Pro,London-RegentSt,2024-03-05,5225.554605026986,2.0
APPLE_WEB_04018,Vision Pro,Tokyo-Ginza,2024-04-13,6705.400110452129,2.0
APPLE_WEB_04020,Vision Pro,Sydney-GeorgeSt,2024-06-28,487.89258830500006,1.0
APPLE_WEB_04021,iPad Pro,Sydney-GeorgeSt,2024-05-17,3126.083285957953,2.0
APPLE_WEB_04023,iPhone 15 Pro,Paris-Opera,2024-03-31,2613.0505239591325,1.0
APPLE_WEB_04024,iPad Pro,NYC-FifthAve,2024-01-14,5857.542951935359,2.0
APPLE_WEB_04025,iPad Pro,London-RegentSt,2024-06-13,2979.891780585371,1.0
APPLE_WEB_04027,iPad Pro,Paris-Opera,2024-04-06,633.8584444204149,1.0
APPLE_WEB_04028,AirPods Max,Paris-Opera,2024-03-25,2881.6109592650278,2.0
APPLE_WEB_04029,AirPods Max,Sydney-GeorgeSt,2024-06-13,3945.0438280032213,2.0
APPLE_WEB_04031,Apple Watch Ultra,London-RegentSt,2024-05-12,6310.977357347922,2.0
APPLE_WEB_04032,MacBook Air M3,Tokyo-Ginza,2024-01-29,2658.235306142669,1.0
APPLE_WEB_04035,Apple Watch Ultra,Paris-Opera,2024-01-23,131.88906961928808,1.0
APPLE_WEB_04036,MacBook Air M3,London-RegentSt,2024-05-12,1570.9794978049613,2.0
APPLE_WEB_04037,AirPods Max,NYC-FifthAve,2024-04-19,5569.356208706135,2.0
APPLE_WEB_04039,AirPods Max,Sydney-GeorgeSt,2024-03-08,1280.027651351704,1.0
APPLE_WEB_04040,MacBook Air M3,Paris-Opera,2024-02-25,614.9935738094462,2.0
APPLE_WEB_04041,Vision Pro,Sydney-GeorgeSt,2024-05-20,4707.205054333499,2.0
APPLE_WEB_04042,iPhone 15 Pro,NYC-FifthAve,2024-05-24,789.3744872270497,1.0
APPLE_WEB_04043,AirPods Max,Sydney-GeorgeSt,2024-05-29,1193.196742192392,1.0
APPLE_WEB_04044,iPhone 15 Pro,Paris-Opera,2024-03-22,2864.802293010086,1.0
APPLE_WEB_04045,iPhone 15 Pro,Paris-Opera,2024-02-04,3443.7263683193787,1.0
APPLE_WEB_04046,Apple Watch Ultra,London-RegentSt,2024-03-10,1587.4681695125014,1.0
APPLE_WEB_04047,MacBook Air M3,NYC-FifthAve,2024-02-07,2800.9057822621567,2.0
APPLE_WEB_04051,Vision Pro,Paris-Opera,2024-02-20,2260.0812785522453,1.0
APPLE_WEB_04052,Vision Pro,London-RegentSt,2024-05-10,565.6800979633485,1.0
APPLE_WEB_04053,AirPods Max,NYC-FifthAve,2024-04-02,2650.182846357287,2.0
APPLE_WEB_04054,MacBook Air M3,NYC-FifthAve,2024-03-16,1567.7233606075345,2.0
APPLE_WEB_04055,iPhone 15 Pro,Sydney-GeorgeSt,2024-04-24,621.3984487430505,2.0
APPLE_WEB_04056,iPhone 15 Pro,Tokyo-Ginza,2024-04-11,304.76986797571954,1.0
APPLE_WEB_04057,iPad Pro,Tokyo-Ginza,2024-01-21,2391.3956848171288,1.0
APPLE_WEB_04058,AirPods Max,Paris-Opera,2024-04-28,2602.3330586414795,1.0
APPLE_WEB_04059,iPhone 15 Pro,Paris-Opera,2024-06-06,1555.6846714582323,2.0
APPLE_WEB_04060,Apple Watch Ultra,NYC-FifthAve,2024-01-04,1018.5378993111498,1.0
APPLE_WEB_04061,AirPods Max,NYC-FifthAve,2024-04-02,2641.3078240043687,2.0
APPLE_WEB_04062,Apple Watch Ultra,Tokyo-Ginza,2024-05-25,3251.2787691577964,1.0
APPLE_WEB_04064,MacBook Air M3,Sydney-GeorgeSt,2024-01-22,3381.3399093818725,2.0
APPLE_WEB_04068,Vision Pro,Sydney-GeorgeSt,2024-03-10,1306.5107765137866,2.0
APPLE_WEB_04069,iPad Pro,NYC-FifthAve,2024-04-08,867.2973611995743,1.0
APPLE_WEB_04070,Apple Watch Ultra,London-RegentSt,2024-01-10,952.5117056564563,1.0
APPLE_WEB_04075,iPad Pro,Paris-Opera,2024-05-29,2641.563997348133,1.0
APPLE_WEB_04076,MacBook Air M3,London-RegentSt,2024-06-01,6124.0079815696245,2.0
APPLE_WEB_04078,iPhone 15 Pro,Paris-Opera,2024-05-03,2445.8255912255777,2.0
APPLE_WEB_04079,AirPods Max,London-RegentSt,2024-05-02,4640.207957751121,2.0
APPLE_WEB_04080,AirPods Max,Sydney-GeorgeSt,2024-04-18,1271.1796661879214,1.0
APPLE_WEB_04081,MacBook Air M3,Paris-Opera,2024-04-05,5226.216250762294,2.0
APPLE_WEB_04082,iPad Pro,Paris-Opera,2024-03-04,1186.3947100920375,1.0
APPLE_WEB_04084,iPhone 15 Pro,Sydney-GeorgeSt,2024-06-05,3425.6969458107196,1.0
APPLE_WEB_04086,MacBook Air M3,Tokyo-Ginza,2024-06-09,2815.9834416588437,1.0
APPLE_WEB_04087,Vision Pro,Tokyo-Ginza,2024-03-10,5462.805756619479,2.0
APPLE_WEB_04088,AirPods Max,Sydney-GeorgeSt,2024-05-08,616.3974994760179,1.0
APPLE_WEB_04089,AirPods Max,NYC-FifthAve,2024-03-04,1338.90621824559,1.0
APPLE_WEB_04093,iPhone 15 Pro,Paris-Opera,2024-01-12,4722.384748430718,2.0
APPLE_WEB_04094,Vision Pro,London-RegentSt,2024-02-22,6738.31376169681,2.0
APPLE_WEB_04096,Vision Pro,Paris-Opera,2024-01-16,3352.944497989599,1.0
APPLE_WEB_04097,Vision Pro,London-RegentSt,2024-06-18,2005.1980347524623,2.0
APPLE_WEB_04098,iPad Pro,Paris-Opera,2024-03-21,2818.080617907464,1.0
APPLE_WEB_04099,Apple Watch Ultra,Tokyo-Ginza,2024-05-20,2029.4984522661175,1.0
APPLE_WEB_04100,Apple Watch Ultra,Tokyo-Ginza,2024-03-08,2211.7694716904325,1.0
APPLE_WEB_04101,Vision Pro,NYC-FifthAve,2024-05-08,3444.5374587824103,1.0
APPLE_WEB_04102,iPhone 15 Pro,NYC-FifthAve,2024-02-07,5858.985757791081,2.0
APPLE_WEB_04103,iPad Pro,Paris-Opera,2024-05-31,416.0133518145749,1.0
APPLE_WEB_04104,AirPods Max,NYC-FifthAve,2024-05-24,3184.910783659463,2.0
APPLE_WEB_04105,AirPods Max,NYC-FifthAve,2024-05-27,5615.824947523565,2.0
APPLE_WEB_04106,iPhone 15 Pro,Sydney-GeorgeSt,2024-02-26,934.119666439195,2.0
APPLE_WEB_04107,Vision Pro,NYC-FifthAve,2024-03-11,5939.176725056964,2.0
APPLE_WEB_04109,Vision Pro,London-RegentSt,2024-01-13,3237.266080821056,2.0
APPLE_WEB_04111,MacBook Air M3,London-RegentSt,2024-02-19,6662.69304441618,2.0
APPLE_WEB_04112,AirPods Max,Tokyo-Ginza,2024-04-02,6053.987152983691,2.0
APPLE_WEB_04113,iPhone 15 Pro,NYC-FifthAve,2024-01-04,5720.162946634103,2.0
APPLE_WEB_04115,iPad Pro,Tokyo-Ginza,2024-02-07,5400.238072321304,2.0
APPLE_WEB_04116,AirPods Max,Tokyo-Ginza,2024-01-07,1708.235989084976,1.0
APPLE_WEB_04117,AirPods Max,London-RegentSt,2024-05-21,4700.063392342713,2.0
APPLE_WEB_04121,AirPods Max,Tokyo-Ginza,2024-03-11,6780.0437389491835,2.0
APPLE_WEB_04122,iPhone 15 Pro,NYC-FifthAve,2024-04-28,2636.9523987802777,1.0
APPLE_WEB_04123,Apple Watch Ultra,Sydney-GeorgeSt,2024-04-30,3436.8384551266363,1.0
APPLE_WEB_04124,Apple Watch Ultra,Tokyo-Ginza,2024-06-26,3629.0717023443485,2.0
APPLE_WEB_04126,iPad Pro,Paris-Opera,2024-04-27,2569.163817532942,2.0
APPLE_WEB_04130,Vision Pro,London-RegentSt,2024-05-21,2886.56170469782,1.0
APPLE_WEB_04131,Vision Pro,Sydney-GeorgeSt,2024-04-22,3617.9403243724432,2.0
APPLE_WEB_04133,iPhone 15 Pro,Tokyo-Ginza,2024-05-29,2591.382736999201,1.0
APPLE_WEB_04136,Apple Watch Ultra,Sydney-GeorgeSt,2024-02-08,3672.2771632655904,2.0
APPLE_WEB_04137,AirPods Max,NYC-FifthAve,2024-02-12,2956.3220527783697,2.0
APPLE_WEB_04138,iPhone 15 Pro,Sydney-GeorgeSt,2024-04-01,590.4062206471212,1.0
APPLE_WEB_04139,MacBook Air M3,NYC-FifthAve,2024-01-13,2108.2588700939423,1.0
APPLE_WEB_04140,Apple Watch Ultra,Sydney-GeorgeSt,2024-02-21,5977.407007847694,2.0
APPLE_WEB_04141,Apple Watch Ultra,Paris-Opera,2024-01-19,1747.240560575234,1.0
APPLE_WEB_04142,iPad Pro,Sydney-GeorgeSt,2024-05-23,765.6892318621003,1.0
APPLE_WEB_04143,iPad Pro,London-RegentSt,2024-02-13,6495.543731957313,2.0
APPLE_WEB_04147,iPad Pro,Paris-Opera,2024-04-26,990.5191731537041,1.0
APPLE_WEB_04148,Vision Pro,Sydney-GeorgeSt,2024-04-09,1399.8845062585624,1.0
APPLE_WEB_04149,iPhone 15 Pro,NYC-FifthAve,2024-01-03,3537.7516944664367,2.0
APPLE_WEB_04150,iPad Pro,London-RegentSt,2024-05-22,843.878338833959,1.0
APPLE_WEB_04151,AirPods Max,Tokyo-Ginza,2024-06-02,2437.1774992658393,2.0
APPLE_WEB_04153,MacBook Air M3,London-RegentSt,2024-04-16,450.6912749936793,2.0
APPLE_WEB_04155,iPad Pro,Sydney-GeorgeSt,2024-01-03,1261.0547190725642,1.0
APPLE_WEB_04156,AirPods Max,Sydney-GeorgeSt,2024-01-04,1590.5552403177544,1.0
APPLE_WEB_04159,iPad Pro,Paris-Opera,2024-02-03,3415.3984253110443,1.0
APPLE_WEB_04162,iPhone 15 Pro,Sydney-GeorgeSt,2024-04-09,1083.8461593577958,1.0
APPLE_WEB_04164,MacBook Air M3,Tokyo-Ginza,2024-05-07,3033.6365257857587,1.0
APPLE_WEB_04165,iPhone 15 Pro,Sydney-GeorgeSt,2024-04-01,2682.8057318359365,2.0
APPLE_WEB_04166,AirPods Max,NYC-FifthAve,2024-06-04,1261.1701722543453,1.0
APPLE_WEB_04167,MacBook Air M3,London-RegentSt,2024-02-20,369.7111694899936,1.0
APPLE_WEB_04168,AirPods Max,Paris-Opera,2024-05-26,1353.1758788633022,1.0
APPLE_WEB_04170,iPhone 15 Pro,Sydney-GeorgeSt,2024-05-13,2077.9061495243614,1.0
APPLE_WEB_04172,Vision Pro,Paris-Opera,2024-04-09,2205.600263338089,1.0
APPLE_WEB_04173,MacBook Air M3,NYC-FifthAve,2024-05-12,720.5007475055495,2.0
APPLE_WEB_04174,Apple Watch Ultra,Paris-Opera,2024-03-21,2673.243356572541,1.0
APPLE_WEB_04175,MacBook Air M3,Sydney-GeorgeSt,2024-06-06,4044.844565607425,2.0
APPLE_WEB_04176,MacBook Air M3,NYC-FifthAve,2024-02-13,1697.7846236843002,1.0
APPLE_WEB_04177,MacBook Air M3,Paris-Opera,2024-02-07,2193.265776429092,1.0
APPLE_WEB_04178,AirPods Max,Sydney-GeorgeSt,2024-03-28,1056.0087659148005,1.0
APPLE_WEB_04179,AirPods Max,Sydney-GeorgeSt,2024-03-26,1191.5775136706407,1.0
APPLE_WEB_04181,AirPods Max,Sydney-GeorgeSt,2024-03-18,2653.48371991715,1.0
APPLE_WEB_04183,MacBook Air M3,Tokyo-Ginza,2024-04-04,1333.9905780652189,2.0
APPLE_WEB_04184,iPad Pro,Paris-Opera,2024-06-09,4644.650538560751,2.0
APPLE_WEB_04185,Apple Watch Ultra,NYC-FifthAve,2024-02-25,1589.485915480687,1.0
APPLE_WEB_04186,MacBook Air M3,NYC-FifthAve,2024-05-25,856.5624111765025,2.0
APPLE_WEB_04187,iPad Pro,London-RegentSt,2024-06-27,1544.3245048485612,2.0
APPLE_WEB_04188,Apple Watch Ultra,London-RegentSt,2024-04-28,401.32653188107713,1.0
APPLE_WEB_04189,MacBook Air M3,London-RegentSt,2024-06-13,5180.691502926821,2.0
APPLE_WEB_04191,iPhone 15 Pro,Paris-Opera,2024-04-02,834.0409947850941,2.0
APPLE_WEB_04192,iPad Pro,Paris-Opera,2024-06-09,1208.5827137032625,2.0
APPLE_WEB_04193,MacBook Air M3,NYC-FifthAve,2024-01-09,2411.5737514301686,1.0
APPLE_WEB_04194,AirPods Max,Paris-Opera,2024-03-08,6173.490865320869,2.0
APPLE_WEB_04196,iPad Pro,London-RegentSt,2024-05-14,528.7310660269175,2.0
APPLE_WEB_04197,iPhone 15 Pro,NYC-FifthAve,2024-01-27,705.3759457889134,2.0
APPLE_WEB_04198,Apple Watch Ultra,Sydney-GeorgeSt,2024-06-05,5394.695374023514,2.0
APPLE_WEB_04199,MacBook Air M3,NYC-FifthAve,2024-06-15,1043.5866042924993,1.0
APPLE_WEB_04200,iPad Pro,Sydney-GeorgeSt,2024-04-03,2136.4676668423695,1.0
APPLE_WEB_04201,Vision Pro,Paris-Opera,2024-02-22,1957.1342188681954,2.0
APPLE_WEB_04202,Apple Watch Ultra,London-RegentSt,2024-02-09,6770.941924399333,2.0
APPLE_WEB_04205,iPad Pro,London-RegentSt,2024-02-07,4377.241065215592,2.0
APPLE_WEB_04207,Vision Pro,London-RegentSt,2024-03-26,5087.926297308438,2.0
APPLE_WEB_04208,iPhone 15 Pro,NYC-FifthAve,2024-04-28,690.4239894957601,2.0
APPLE_WEB_04209,Vision Pro,Paris-Opera,2024-02-04,2377.6650069605166,1.0
APPLE_WEB_04210,AirPods Max,Sydney-GeorgeSt,2024-03-19,2393.1315070575815,1.0
APPLE_WEB_04212,Vision Pro,Tokyo-Ginza,2024-01-22,1941.4431466717851,2.0
APPLE_WEB_04213,Vision Pro,Sydney-GeorgeSt,2024-02-27,2468.672814311007,1.0
APPLE_WEB_04217,iPad Pro,London-RegentSt,2024-05-13,5456.273662246479,2.0
APPLE_WEB_04218,Vision Pro,Paris-Opera,2024-03-29,3191.5917786216537,1.0
APPLE_WEB_04219,Apple Watch Ultra,Paris-Opera,2024-02-10,3304.0340523330783,1.0
APPLE_WEB_04221,MacBook Air M3,NYC-FifthAve,2024-01-20,4916.9603710607535,2.0
APPLE_WEB_04222,AirPods Max,Tokyo-Ginza,2024-03-28,6199.5479085987345,2.0
APPLE_WEB_04223,Vision Pro,Sydney-GeorgeSt,2024-02-06,1189.0149465961697,1.0
APPLE_WEB_04224,Apple Watch Ultra,Tokyo-Ginza,2024-06-09,3225.206631046338,1.0
APPLE_WEB_04226,Apple Watch Ultra,Paris-Opera,2024-05-25,3216.172914094793,1.0
APPLE_WEB_04227,Apple Watch Ultra,Paris-Opera,2024-06-13,2900.570176033955,1.0
APPLE_WEB_04228,iPhone 15 Pro,Sydney-GeorgeSt,2024-03-27,4706.602945646355,2.0
APPLE_WEB_04229,AirPods Max,Sydney-GeorgeSt,2024-06-24,179.91209163056376,1.0
APPLE_WEB_04230,iPad Pro,Paris-Opera,2024-01-05,6089.3860806306275,2.0
APPLE_WEB_04231,iPhone 15 Pro,Sydney-GeorgeSt,2024-06-11,1431.7000344751302,1.0
APPLE_WEB_04232,AirPods Max,Paris-Opera,2024-06-08,2690.359084088494,1.0
APPLE_WEB_04233,iPhone 15 Pro,Paris-Opera,2024-02-06,1170.3429922641376,2.0
APPLE_WEB_04234,iPad Pro,London-RegentSt,2024-04-19,4598.3416189687405,2.0
APPLE_WEB_04235,Apple Watch Ultra,Sydney-GeorgeSt,2024-05-02,1745.0630355307273,1.0
APPLE_WEB_04236,iPad Pro,Paris-Opera,2024-06-08,491.4309027874144,1.0
APPLE_WEB_04239,AirPods Max,NYC-FifthAve,2024-02-13,593.7349006735994,2.0
APPLE_WEB_04240,AirPods Max,Paris-Opera,2024-06-08,2515.620310967448,1.0
APPLE_WEB_04241,Vision Pro,Sydney-GeorgeSt,2024-03-18,1618.7794183356775,2.0
APPLE_WEB_04243,iPad Pro,London-RegentSt,2024-01-03,6964.648817073538,2.0
APPLE_WEB_04247,Apple Watch Ultra,London-RegentSt,2024-04-21,1575.309733548039,1.0
APPLE_WEB_04248,MacBook Air M3,Tokyo-Ginza,2024-02-01,927.0134063439737,2.0
APPLE_WEB_04250,iPhone 15 Pro,Tokyo-Ginza,2024-04-16,5599.367282474281,2.0
APPLE_WEB_04251,Apple Watch Ultra,Paris-Opera,2024-05-20,1608.4742185688224,2.0
APPLE_WEB_04252,Apple Watch Ultra,Paris-Opera,2024-05-03,4760.731994825563,2.0
APPLE_WEB_04253,iPad Pro,Paris-Opera,2024-02-29,1343.8807609525152,2.0
APPLE_WEB_04254,Apple Watch Ultra,Paris-Opera,2024-06-14,2192.381206992257,2.0
APPLE_WEB_04255,iPad Pro,Tokyo-Ginza,2024-04-13,1816.3778399643934,1.0
APPLE_WEB_04258,iPhone 15 Pro,NYC-FifthAve,2024-04-10,4829.672905410209,2.0
APPLE_WEB_04259,iPad Pro,Tokyo-Ginza,2024-04-15,3259.181247483029,2.0
APPLE_WEB_04260,iPad Pro,NYC-FifthAve,2024-06-19,6407.837597524805,2.0
APPLE_WEB_04261,Vision Pro,Sydney-GeorgeSt,2024-01-25,2116.529796343145,2.0
APPLE_WEB_04265,iPad Pro,Paris-Opera,2024-02-19,1904.288736199163,1.0
APPLE_WEB_04267,iPhone 15 Pro,Tokyo-Ginza,2024-05-15,4270.711435946184,2.0
APPLE_WEB_04268,iPhone 15 Pro,London-RegentSt,2024-02-18,5793.506629682271,2.0
APPLE_WEB_04269,Vision Pro,Paris-Opera,2024-05-14,2799.4284305103115,1.0
APPLE_WEB_04270,AirPods Max,Paris-Opera,2024-06-12,5087.537226424541,2.0
APPLE_WEB_04271,iPhone 15 Pro,London-RegentSt,2024-06-19,2519.5773174300584,2.0
APPLE_WEB_04272,MacBook Air M3,Tokyo-Ginza,2024-01-22,1489.429158028957,1.0
APPLE_WEB_04273,iPad Pro,Sydney-GeorgeSt,2024-05-26,4125.036194750513,2.0
APPLE_WEB_04274,MacBook Air M3,Sydney-GeorgeSt,2024-05-29,1953.1854357838047,1.0
APPLE_WEB_04275,Apple Watch Ultra,Tokyo-Ginza,2024-06-12,593.6495988116633,1.0
APPLE_WEB_04281,MacBook Air M3,Paris-Opera,2024-05-11,1367.1537884175893,2.0
APPLE_WEB_04282,Apple Watch Ultra,London-RegentSt,2024-02-29,5199.899898978705,2.0
APPLE_WEB_04283,Apple Watch Ultra,Paris-Opera,2024-06-23,238.3436056241914,1.0
APPLE_WEB_04284,Vision Pro,NYC-FifthAve,2024-05-26,6423.016832533484,2.0
APPLE_WEB_04286,iPhone 15 Pro,Sydney-GeorgeSt,2024-01-23,6038.299726094257,2.0
APPLE_WEB_04287,Vision Pro,Sydney-GeorgeSt,2024-01-10,3002.479806882653,2.0
APPLE_WEB_04288,iPhone 15 Pro,NYC-FifthAve,2024-05-30,1332.3128875986415,1.0
APPLE_WEB_04289,Apple Watch Ultra,Sydney-GeorgeSt,2024-06-01,550.6414580187662,1.0
APPLE_WEB_04293,iPhone 15 Pro,NYC-FifthAve,2024-02-29,2148.2941967411343,1.0
APPLE_WEB_04296,iPad Pro,Tokyo-Ginza,2024-05-24,5146.426087339544,2.0
APPLE_WEB_04297,MacBook Air M3,NYC-FifthAve,2024-05-05,1011.2035966723355,1.0
APPLE_WEB_04299,Vision Pro,Sydney-GeorgeSt,2024-06-16,3280.2454817379153,1.0
APPLE_WEB_04300,iPad Pro,London-RegentSt,2024-02-15,5170.676189710538,2.0
APPLE_WEB_04301,MacBook Air M3,Tokyo-Ginza,2024-04-15,435.61862842714936,2.0
APPLE_WEB_04302,MacBook Air M3,Sydney-GeorgeSt,2024-05-14,1735.102162959169,1.0
APPLE_WEB_04305,iPhone 15 Pro,London-RegentSt,2024-04-13,3653.747465377571,2.0
APPLE_WEB_04307,MacBook Air M3,London-RegentSt,2024-01-27,1356.4330693306592,2.0
APPLE_WEB_04308,AirPods Max,NYC-FifthAve,2024-05-20,2118.658982924569,1.0
APPLE_WEB_04310,MacBook Air M3,NYC-FifthAve,2024-04-26,690.6531089242649,2.0
APPLE_WEB_04311,Apple Watch Ultra,NYC-FifthAve,2024-06-09,1273.709260898904,1.0
APPLE_WEB_04312,iPad Pro,Paris-Opera,2024-03-07,5739.535596750145,2.0
APPLE_WEB_04313,MacBook Air M3,Paris-Opera,2024-01-08,3385.004059011297,2.0
APPLE_WEB_04319,Vision Pro,Tokyo-Ginza,2024-02-18,2317.535875177557,1.0
APPLE_WEB_04320,Vision Pro,London-RegentSt,2024-01-10,1247.3899386051303,2.0
APPLE_WEB_04321,iPad Pro,Sydney-GeorgeSt,2024-06-22,2044.382497316391,1.0
APPLE_WEB_04322,iPhone 15 Pro,Sydney-GeorgeSt,2024-03-26,789.4864904275147,2.0
APPLE_WEB_04323,AirPods Max,Tokyo-Ginza,2024-03-22,6727.462038520008,2.0
APPLE_WEB_04324,iPhone 15 Pro,NYC-FifthAve,2024-05-26,1099.4989646403367,2.0
APPLE_WEB_04325,AirPods Max,NYC-FifthAve,2024-02-04,1061.0419629933704,1.0
APPLE_WEB_04326,MacBook Air M3,Paris-Opera,2024-04-16,1232.5954232282797,1.0
APPLE_WEB_04329,Vision Pro,NYC-FifthAve,2024-03-06,3140.034469137855,1.0
APPLE_WEB_04331,MacBook Air M3,London-RegentSt,2024-03-11,422.55248190177707,2.0
APPLE_WEB_04332,iPhone 15 Pro,London-RegentSt,2024-06-12,2542.911893740645,1.0
APPLE_WEB_04333,AirPods Max,NYC-FifthAve,2024-06-21,3111.6311477109844,1.0
APPLE_WEB_04334,iPhone 15 Pro,Paris-Opera,2024-06-04,3385.9851539090496,1.0
APPLE_WEB_04335,iPad Pro,London-RegentSt,2024-02-18,380.66968859231145,1.0
APPLE_WEB_04336,Apple Watch Ultra,Paris-Opera,2024-04-23,1272.9202333349858,1.0
APPLE_WEB_04337,Apple Watch Ultra,Paris-Opera,2024-04-18,1547.5338881336788,2.0
APPLE_WEB_04338,iPhone 15 Pro,London-RegentSt,2024-01-25,1873.2553765284795,2.0
APPLE_WEB_04339,Vision Pro,London-RegentSt,2024-04-10,4096.874284472358,2.0
APPLE_WEB_04340,iPad Pro,Tokyo-Ginza,2024-04-09,3081.188263538358,2.0
APPLE_WEB_04341,MacBook Air M3,NYC-FifthAve,2024-05-31,2493.971353930361,2.0
APPLE_WEB_04342,Vision Pro,London-RegentSt,2024-04-14,1320.0070823659578,1.0
APPLE_WEB_04344,Apple Watch Ultra,Sydney-GeorgeSt,2024-01-17,2254.940173331637,1.0
APPLE_WEB_04346,iPhone 15 Pro,Tokyo-Ginza,2024-02-16,2626.971039352342,1.0
APPLE_WEB_04347,Vision Pro,Paris-Opera,2024-02-01,3977.6708098796275,2.0
APPLE_WEB_04349,Apple Watch Ultra,London-RegentSt,2024-04-24,5321.291473240473,2.0
APPLE_WEB_04350,MacBook Air M3,Tokyo-Ginza,2024-05-02,2055.6615271000264,1.0
APPLE_WEB_04351,MacBook Air M3,Paris-Opera,2024-01-18,308.7214013882166,1.0
APPLE_WEB_04353,MacBook Air M3,Paris-Opera,2024-02-12,2468.536528545785,1.0
APPLE_WEB_04354,iPhone 15 Pro,Sydney-GeorgeSt,2024-04-21,2204.687713398562,1.0
APPLE_WEB_04356,MacBook Air M3,NYC-FifthAve,2024-01-04,4242.00590709323,2.0
APPLE_WEB_04357,MacBook Air M3,London-RegentSt,2024-01-27,4864.60528648244,2.0
APPLE_WEB_04358,iPad Pro,Sydney-GeorgeSt,2024-03-28,2604.120077376344,2.0
APPLE_WEB_04359,Apple Watch Ultra,Tokyo-Ginza,2024-03-18,1867.8627183816673,2.0
APPLE_WEB_04360,iPad Pro,London-RegentSt,2024-03-16,4113.225711367213,2.0
APPLE_WEB_04361,iPhone 15 Pro,Sydney-GeorgeSt,2024-04-14,4041.9821097088475,2.0
APPLE_WEB_04362,Apple Watch Ultra,Tokyo-Ginza,2024-05-18,653.0907664406114,1.0
APPLE_WEB_04364,iPad Pro,Tokyo-Ginza,2024-03-19,6878.295954452639,2.0
APPLE_WEB_04366,AirPods Max,Paris-Opera,2024-02-27,2316.336495044614,2.0
APPLE_WEB_04368,Apple Watch Ultra,Sydney-GeorgeSt,2024-04-16,3712.402588414533,2.0
APPLE_WEB_04370,iPad Pro,NYC-FifthAve,2024-04-26,3199.6414998156215,1.0
APPLE_WEB_04371,MacBook Air M3,Tokyo-Ginza,2024-02-02,1557.4075374207732,2.0
APPLE_WEB_04372,Vision Pro,Tokyo-Ginza,2024-03-27,3136.7637138136442,1.0
APPLE_WEB_04373,iPhone 15 Pro,London-RegentSt,2024-04-25,3163.272946328738,1.0
APPLE_WEB_04374,AirPods Max,London-RegentSt,2024-02-04,2260.786407963804,2.0
APPLE_WEB_04375,Apple Watch Ultra,Sydney-GeorgeSt,2024-01-10,1367.10828206944,1.0
APPLE_WEB_04377,Vision Pro,Tokyo-Ginza,2024-02-03,3469.2442626204047,2.0
APPLE_WEB_04379,iPhone 15 Pro,Paris-Opera,2024-03-20,4948.329950863173,2.0
APPLE_WEB_04380,Vision Pro,NYC-FifthAve,2024-06-15,5952.060194336247,2.0
APPLE_WEB_04382,iPhone 15 Pro,Sydney-GeorgeSt,2024-04-27,343.5454330221956,1.0
APPLE_WEB_04383,AirPods Max,Tokyo-Ginza,2024-01-12,5100.058311686947,2.0
APPLE_WEB_04384,Vision Pro,Tokyo-Ginza,2024-01-14,1978.0623158651301,2.0
APPLE_WEB_04385,iPhone 15 Pro,London-RegentSt,2024-02-05,4752.402817287158,2.0
APPLE_WEB_04386,Vision Pro,Sydney-GeorgeSt,2024-05-21,4310.426330962471,2.0
APPLE_WEB_04387,Apple Watch Ultra,Sydney-GeorgeSt,2024-05-03,538.1925522563546,1.0
APPLE_WEB_04388,MacBook Air M3,Sydney-GeorgeSt,2024-06-10,3340.1777356934676,2.0
APPLE_WEB_04389,Apple Watch Ultra,Sydney-GeorgeSt,2024-06-23,4882.847258280501,2.0
APPLE_WEB_04390,iPad Pro,Paris-Opera,2024-05-21,555.2745329092568,1.0
APPLE_WEB_04392,AirPods Max,NYC-FifthAve,2024-06-04,1812.9573317262254,1.0
APPLE_WEB_04393,AirPods Max,Paris-Opera,2024-02-16,1401.6100000722874,1.0
APPLE_WEB_04394,AirPods Max,London-RegentSt,2024-03-27,6253.880161537944,2.0
APPLE_WEB_04395,MacBook Air M3,NYC-FifthAve,2024-05-14,6802.487081050507,2.0
APPLE_WEB_04397,MacBook Air M3,Sydney-GeorgeSt,2024-01-21,2354.2757922350565,2.0
APPLE_WEB_04400,MacBook Air M3,London-RegentSt,2024-06-07,2917.146443599875,1.0
APPLE_WEB_04401,iPad Pro,London-RegentSt,2024-05-06,2114.057694743619,1.0
APPLE_WEB_04403,iPad Pro,Paris-Opera,2024-05-23,758.7879996103711,1.0
APPLE_WEB_04404,Vision Pro,NYC-FifthAve,2024-01-12,5483.745947211292,2.0
APPLE_WEB_04405,AirPods Max,Tokyo-Ginza,2024-05-04,2138.6683784210472,1.0
APPLE_WEB_04406,iPhone 15 Pro,Paris-Opera,2024-05-23,2227.188022642775,1.0
APPLE_WEB_04407,Apple Watch Ultra,Sydney-GeorgeSt,2024-02-10,3535.0465606237394,2.0
APPLE_WEB_04409,iPad Pro,London-RegentSt,2024-06-13,3484.671525190615,1.0
APPLE_WEB_04411,AirPods Max,NYC-FifthAve,2024-03-29,264.9375869105714,2.0
APPLE_WEB_04412,Vision Pro,Sydney-GeorgeSt,2024-05-09,2872.4484596863967,2.0
APPLE_WEB_04413,Vision Pro,NYC-FifthAve,2024-03-07,3842.3859795726175,2.0
APPLE_WEB_04414,iPad Pro,Tokyo-Ginza,2024-05-21,2828.625851240794,1.0
APPLE_WEB_04416,AirPods Max,Paris-Opera,2024-04-01,2045.1219489252926,1.0
APPLE_WEB_04417,Vision Pro,Sydney-GeorgeSt,2024-03-23,660.2273608856759,1.0
APPLE_WEB_04418,iPad Pro,Tokyo-Ginza,2024-02-24,1451.2395868228564,1.0
APPLE_WEB_04419,Apple Watch Ultra,London-RegentSt,2024-01-05,1222.848678002435,2.0
APPLE_WEB_04421,iPhone 15 Pro,London-RegentSt,2024-05-15,3202.38674088293,1.0
APPLE_WEB_04423,Apple Watch Ultra,London-RegentSt,2024-05-22,2223.2223320348567,1.0
APPLE_WEB_04424,MacBook Air M3,Tokyo-Ginza,2024-05-06,3531.022578252829,2.0
APPLE_WEB_04425,MacBook Air M3,NYC-FifthAve,2024-04-03,1819.8120596598085,1.0
APPLE_WEB_04426,Vision Pro,Sydney-GeorgeSt,2024-04-08,1038.5535288029723,1.0
APPLE_WEB_04427,iPhone 15 Pro,Paris-Opera,2024-01-25,2455.0863336069433,1.0
APPLE_WEB_04428,Apple Watch Ultra,Sydney-GeorgeSt,2024-02-22,1040.7024247315433,1.0
APPLE_WEB_04430,Apple Watch Ultra,Sydney-GeorgeSt,2024-02-24,424.3548166562242,1.0
APPLE_WEB_04431,iPad Pro,Sydney-GeorgeSt,2024-06-03,738.5152360549993,1.0
APPLE_WEB_04432,AirPods Max,Paris-Opera,2024-05-09,2703.4656046591276,2.0
APPLE_WEB_04433,iPhone 15 Pro,NYC-FifthAve,2024-03-04,6131.586915531003,2.0
APPLE_WEB_04435,iPad Pro,Sydney-GeorgeSt,2024-05-05,1012.256433496444,1.0
APPLE_WEB_04438,Apple Watch Ultra,Tokyo-Ginza,2024-04-24,877.8411837200415,2.0
APPLE_WEB_04439,Apple Watch Ultra,Sydney-GeorgeSt,2024-06-28,3195.559166418886,2.0
APPLE_WEB_04441,iPhone 15 Pro,Tokyo-Ginza,2024-01-17,2164.1271614878824,1.0
APPLE_WEB_04442,AirPods Max,Tokyo-Ginza,2024-04-29,2733.487462070833,1.0
APPLE_WEB_04445,MacBook Air M3,Paris-Opera,2024-04-24,2231.4167652503997,1.0
APPLE_WEB_04446,Apple Watch Ultra,Tokyo-Ginza,2024-02-18,3964.925739449822,2.0
APPLE_WEB_04447,iPhone 15 Pro,Paris-Opera,2024-05-11,6332.11209256375,2.0
APPLE_WEB_04448,MacBook Air M3,Paris-Opera,2024-03-19,3855.890954101244,2.0
APPLE_WEB_04449,Vision Pro,Tokyo-Ginza,2024-05-11,4765.142962486193,2.0
APPLE_WEB_04450,iPhone 15 Pro,Paris-Opera,2024-05-20,1283.4542429406847,1.0
APPLE_WEB_04453,Vision Pro,Tokyo-Ginza,2024-02-24,2639.350928767066,1.0
APPLE_WEB_04454,iPhone 15 Pro,Sydney-GeorgeSt,2024-06-27,5235.968800399184,2.0
APPLE_WEB_04457,Vision Pro,London-RegentSt,2024-03-27,219.06157930623908,1.0
APPLE_WEB_04458,MacBook Air M3,NYC-FifthAve,2024-04-01,2396.8892633868186,1.0
APPLE_WEB_04460,Vision Pro,Paris-Opera,2024-05-09,1428.6697845453984,1.0
APPLE_WEB_04461,AirPods Max,NYC-FifthAve,2024-04-25,4345.079085932308,2.0
APPLE_WEB_04463,Apple Watch Ultra,Tokyo-Ginza,2024-06-17,1186.1610402955716,1.0
APPLE_WEB_04464,iPhone 15 Pro,Tokyo-Ginza,2024-03-31,551.5039346643498,2.0
APPLE_WEB_04465,AirPods Max,NYC-FifthAve,2024-04-08,4686.261937421981,2.0
APPLE_WEB_04466,MacBook Air M3,Tokyo-Ginza,2024-01-16,2745.6879412857584,1.0
APPLE_WEB_04467,iPhone 15 Pro,Sydney-GeorgeSt,2024-02-06,5468.234997276534,2.0
APPLE_WEB_04473,Vision Pro,Paris-Opera,2024-04-01,5277.6196711698385,2.0
APPLE_WEB_04474,iPhone 15 Pro,Tokyo-Ginza,2024-03-05,2073.3054677101463,1.0
APPLE_WEB_04476,Vision Pro,London-RegentSt,2024-03-06,1100.0494878208501,1.0
APPLE_WEB_04477,iPad Pro,Tokyo-Ginza,2024-05-14,2921.218246527189,1.0
APPLE_WEB_04479,MacBook Air M3,Tokyo-Ginza,2024-02-08,3167.706918975552,2.0
APPLE_WEB_04480,Apple Watch Ultra,Sydney-GeorgeSt,2024-05-29,1509.0862662668376,1.0
APPLE_WEB_04484,Apple Watch Ultra,Tokyo-Ginza,2024-05-19,6992.761079041078,2.0
APPLE_WEB_04485,MacBook Air M3,Tokyo-Ginza,2024-06-09,2154.8061114650054,1.0
APPLE_WEB_04486,AirPods Max,Tokyo-Ginza,2024-06-22,783.0039801113585,2.0
APPLE_WEB_04487,MacBook Air M3,Tokyo-Ginza,2024-03-25,1540.2168168713051,2.0
APPLE_WEB_04488,AirPods Max,Tokyo-Ginza,2024-03-03,1142.329299259011,1.0
APPLE_WEB_04489,AirPods Max,London-RegentSt,2024-05-02,2911.57455054149,2.0
APPLE_WEB_04491,iPad Pro,Tokyo-Ginza,2024-01-18,3154.4557157908703,2.0
APPLE_WEB_04492,Vision Pro,London-RegentSt,2024-06-19,414.00573192241006,2.0
APPLE_WEB_04493,MacBook Air M3,London-RegentSt,2024-03-17,1529.2230214591468,1.0
APPLE_WEB_04494,iPhone 15 Pro,Sydney-GeorgeSt,2024-06-21,1563.7320189650118,2.0
APPLE_WEB_04496,iPad Pro,Tokyo-Ginza,2024-02-02,3854.6297212774025,2.0
APPLE_WEB_04499,Apple Watch Ultra,London-RegentSt,2024-01-07,864.2216922575846,2.0
APPLE_WEB_04501,MacBook Air M3,Tokyo-Ginza,2024-04-10,6838.070586945649,2.0
APPLE_WEB_04502,iPhone 15 Pro,Paris-Opera,2024-04-17,5766.5633231075335,2.0
APPLE_WEB_04503,iPhone 15 Pro,Sydney-GeorgeSt,2024-05-03,2905.6003837786384,1.0
APPLE_WEB_04504,iPad Pro,London-RegentSt,2024-01-26,6043.183383993448,2.0
APPLE_WEB_04505,iPhone 15 Pro,Paris-Opera,2024-02-16,6171.043722703268,2.0
APPLE_WEB_04506,AirPods Max,London-RegentSt,2024-01-24,2800.955006535328,1.0
APPLE_WEB_04509,Vision Pro,Sydney-GeorgeSt,2024-02-06,3004.96717374956,1.0
APPLE_WEB_04510,Vision Pro,London-RegentSt,2024-05-25,1849.139650948729,1.0
APPLE_WEB_04511,iPad Pro,London-RegentSt,2024-04-29,3230.227152085856,1.0
APPLE_WEB_04513,Apple Watch Ultra,London-RegentSt,2024-03-02,5802.636379766059,2.0
APPLE_WEB_04514,Vision Pro,Tokyo-Ginza,2024-04-29,3013.1061759802924,1.0
APPLE_WEB_04515,AirPods Max,NYC-FifthAve,2024-06-27,3178.5750765601797,1.0
APPLE_WEB_04516,Vision Pro,Sydney-GeorgeSt,2024-06-17,6072.046005858562,2.0
APPLE_WEB_04517,MacBook Air M3,Tokyo-Ginza,2024-03-27,5883.175278354857,2.0
APPLE_WEB_04519,Vision Pro,Sydney-GeorgeSt,2024-01-31,1150.826024651185,1.0
APPLE_WEB_04520,MacBook Air M3,Sydney-GeorgeSt,2024-02-04,5752.702206779033,2.0
APPLE_WEB_04521,Apple Watch Ultra,Sydney-GeorgeSt,2024-05-25,3881.6307603078935,2.0
APPLE_WEB_04524,AirPods Max,Tokyo-Ginza,2024-04-17,1824.258672148577,1.0
APPLE_WEB_04525,iPad Pro,Sydney-GeorgeSt,2024-02-18,1883.3341687509746,1.0
APPLE_WEB_04526,MacBook Air M3,Tokyo-Ginza,2024-04-05,2602.7724415927746,1.0
APPLE_WEB_04529,Vision Pro,Tokyo-Ginza,2024-01-19,1462.1256065672155,2.0
APPLE_WEB_04531,Vision Pro,Paris-Opera,2024-03-31,2037.4670456209492,2.0
APPLE_WEB_04532,MacBook Air M3,Sydney-GeorgeSt,2024-03-31,979.2750643566102,1.0
APPLE_WEB_04534,iPhone 15 Pro,Tokyo-Ginza,2024-01-06,2505.2487477734435,2.0
APPLE_WEB_04537,iPhone 15 Pro,London-RegentSt,2024-02-21,1141.7845825467853,1.0
APPLE_WEB_04538,iPhone 15 Pro,Tokyo-Ginza,2024-05-19,906.8355346830286,1.0
APPLE_WEB_04539,Vision Pro,Paris-Opera,2024-01-22,570.7653768235027,2.0
APPLE_WEB_04541,MacBook Air M3,Sydney-GeorgeSt,2024-04-02,5911.859677941903,2.0
APPLE_WEB_04542,Apple Watch Ultra,London-RegentSt,2024-04-03,3311.620232184177,1.0
APPLE_WEB_04543,Vision Pro,Tokyo-Ginza,2024-02-11,510.1373216843889,1.0
APPLE_WEB_04544,iPad Pro,Tokyo-Ginza,2024-01-24,5134.789628042381,2.0
APPLE_WEB_04545,Vision Pro,Paris-Opera,2024-01-18,2804.573441012693,1.0
APPLE_WEB_04546,Vision Pro,Tokyo-Ginza,2024-01-12,6922.535760068069,2.0
APPLE_WEB_04548,iPhone 15 Pro,Tokyo-Ginza,2024-04-11,3010.5260885193024,2.0
APPLE_WEB_04549,iPad Pro,London-RegentSt,2024-06-21,4366.040759672516,2.0
APPLE_WEB_04550,iPad Pro,London-RegentSt,2024-03-12,3665.6068533316743,2.0
APPLE_WEB_04552,Apple Watch Ultra,London-RegentSt,2024-01-24,1843.728281414653,1.0
APPLE_WEB_04553,iPhone 15 Pro,Sydney-GeorgeSt,2024-05-17,2321.114449987436,1.0
APPLE_WEB_04555,AirPods Max,Tokyo-Ginza,2024-03-12,561.6950989735878,1.0
APPLE_WEB_04556,iPhone 15 Pro,Paris-Opera,2024-06-25,6265.314325980898,2.0
APPLE_WEB_04557,AirPods Max,London-RegentSt,2024-01-04,1038.9502808499406,2.0
APPLE_WEB_04558,iPad Pro,London-RegentSt,2024-06-15,4171.889825116337,2.0
APPLE_WEB_04559,Apple Watch Ultra,Paris-Opera,2024-05-03,2377.86997408369,2.0
APPLE_WEB_04561,AirPods Max,London-RegentSt,2024-06-20,1805.8051296535891,2.0
APPLE_WEB_04562,iPhone 15 Pro,NYC-FifthAve,2024-05-04,5129.2727747807285,2.0
APPLE_WEB_04563,MacBook Air M3,NYC-FifthAve,2024-01-12,1105.2755894178613,1.0
APPLE_WEB_04564,MacBook Air M3,London-RegentSt,2024-06-26,3409.9624356530403,1.0
APPLE_WEB_04565,Vision Pro,NYC-FifthAve,2024-02-06,823.6881543690379,1.0
APPLE_WEB_04567,iPad Pro,Tokyo-Ginza,2024-04-24,1348.5923868763225,2.0
APPLE_WEB_04569,MacBook Air M3,Paris-Opera,2024-01-30,4747.48850768839,2.0
APPLE_WEB_04570,Vision Pro,Paris-Opera,2024-06-26,1916.5397189458238,2.0
APPLE_WEB_04572,MacBook Air M3,NYC-FifthAve,2024-01-01,2205.5470316589635,2.0
APPLE_WEB_04575,Vision Pro,NYC-FifthAve,2024-03-14,2568.835347411539,1.0
APPLE_WEB_04576,iPad Pro,Tokyo-Ginza,2024-01-10,564.8418686502713,2.0
APPLE_WEB_04577,iPhone 15 Pro,Paris-Opera,2024-03-24,4133.195928626251,2.0
APPLE_WEB_04579,Vision Pro,Sydney-GeorgeSt,2024-04-25,2396.3046909005216,1.0
APPLE_WEB_04580,iPad Pro,Tokyo-Ginza,2024-04-27,4911.496562581654,2.0
APPLE_WEB_04581,iPhone 15 Pro,Sydney-GeorgeSt,2024-01-11,2702.2821665849788,1.0
APPLE_WEB_04582,iPhone 15 Pro,London-RegentSt,2024-04-23,777.898404545337,1.0
APPLE_WEB_04583,Vision Pro,Sydney-GeorgeSt,2024-03-29,3418.625761627985,2.0
APPLE_WEB_04584,iPhone 15 Pro,London-RegentSt,2024-01-21,6800.192006742104,2.0
APPLE_WEB_04585,iPad Pro,Sydney-GeorgeSt,2024-04-21,2906.416461489279,2.0
APPLE_WEB_04587,iPhone 15 Pro,Paris-Opera,2024-05-24,3179.3290443062347,1.0
APPLE_WEB_04589,MacBook Air M3,London-RegentSt,2024-04-09,3108.4305573354713,1.0
APPLE_WEB_04590,iPad Pro,Tokyo-Ginza,2024-01-23,454.0505492896871,2.0
APPLE_WEB_04591,iPhone 15 Pro,Tokyo-Ginza,2024-05-26,3309.2254819994346,1.0
APPLE_WEB_04592,MacBook Air M3,NYC-FifthAve,2024-05-19,5364.655885619306,2.0
APPLE_WEB_04593,AirPods Max,London-RegentSt,2024-06-03,3053.5800692747152,1.0
APPLE_WEB_04597,iPhone 15 Pro,Tokyo-Ginza,2024-01-09,709.1016006664569,1.0
APPLE_WEB_04598,iPad Pro,NYC-FifthAve,2024-02-09,3884.7733450869214,2.0
APPLE_WEB_04600,MacBook Air M3,Paris-Opera,2024-04-06,378.1454168549876,1.0
APPLE_WEB_04601,iPhone 15 Pro,NYC-FifthAve,2024-01-26,2986.593436831391,1.0
APPLE_WEB_04603,Apple Watch Ultra,Sydney-GeorgeSt,2024-02-28,3352.09188356042,1.0
APPLE_WEB_04605,AirPods Max,Paris-Opera,2024-06-22,4483.810680431547,2.0
APPLE_WEB_04609,Vision Pro,Sydney-GeorgeSt,2024-05-01,1131.6347670558,1.0
APPLE_WEB_04610,Vision Pro,London-RegentSt,2024-04-09,1755.927815858816,1.0
APPLE_WEB_04611,iPad Pro,Sydney-GeorgeSt,2024-02-08,2562.280110658215,2.0
APPLE_WEB_04612,MacBook Air M3,Tokyo-Ginza,2024-01-29,6138.154899755421,2.0
APPLE_WEB_04616,MacBook Air M3,Sydney-GeorgeSt,2024-06-22,3166.2717464819225,1.0
APPLE_WEB_04617,iPhone 15 Pro,Sydney-GeorgeSt,2024-06-27,1715.594028333673,1.0
APPLE_WEB_04620,Vision Pro,London-RegentSt,2024-01-03,1711.7168716275721,1.0
APPLE_WEB_04621,iPad Pro,London-RegentSt,2024-01-12,3267.749653943113,1.0
APPLE_WEB_04622,MacBook Air M3,Paris-Opera,2024-05-19,2458.1459410466255,2.0
APPLE_WEB_04625,iPad Pro,NYC-FifthAve,2024-03-01,2671.99255913976,1.0
APPLE_WEB_04626,AirPods Max,Paris-Opera,2024-06-15,2760.345306757446,1.0
APPLE_WEB_04627,Vision Pro,Paris-Opera,2024-02-26,4229.585931364027,2.0
APPLE_WEB_04628,AirPods Max,Tokyo-Ginza,2024-06-07,999.1031822770926,2.0
APPLE_WEB_04629,Vision Pro,London-RegentSt,2024-05-22,1390.5278737299407,1.0
APPLE_WEB_04630,MacBook Air M3,NYC-FifthAve,2024-02-05,1106.019048584227,2.0
APPLE_WEB_04632,Apple Watch Ultra,London-RegentSt,2024-05-11,2722.8215735147955,2.0
APPLE_WEB_04633,Apple Watch Ultra,Paris-Opera,2024-03-14,2626.0214337601883,1.0
APPLE_WEB_04634,AirPods Max,London-RegentSt,2024-01-22,971.301455164545,1.0
APPLE_WEB_04635,iPad Pro,London-RegentSt,2024-01-17,4227.037700725651,2.0
APPLE_WEB_04636,MacBook Air M3,Tokyo-Ginza,2024-02-18,3466.562142399505,1.0
APPLE_WEB_04637,MacBook Air M3,NYC-FifthAve,2024-02-03,2429.462905992958,2.0
APPLE_WEB_04641,iPhone 15 Pro,NYC-FifthAve,2024-03-11,1800.1900246430716,2.0
APPLE_WEB_04642,Apple Watch Ultra,Paris-Opera,2024-02-25,4899.176646370588,2.0
APPLE_WEB_04643,iPhone 15 Pro,Sydney-GeorgeSt,2024-06-05,3361.9595171168057,1.0
APPLE_WEB_04644,MacBook Air M3,Paris-Opera,2024-06-13,3066.760726263995,1.0
APPLE_WEB_04645,AirPods Max,Tokyo-Ginza,2024-05-26,3139.7604668134986,2.0
APPLE_WEB_04646,iPhone 15 Pro,Paris-Opera,2024-06-21,2717.8580340241274,2.0
APPLE_WEB_04647,MacBook Air M3,Paris-Opera,2024-03-05,4493.466525995851,2.0
APPLE_WEB_04648,Vision Pro,Tokyo-Ginza,2024-05-06,6473.593212395657,2.0
APPLE_WEB_04649,iPhone 15 Pro,Paris-Opera,2024-02-29,2935.3912782853968,1.0
APPLE_WEB_04650,iPad Pro,London-RegentSt,2024-04-11,951.7522000021469,1.0
APPLE_WEB_04651,iPhone 15 Pro,Sydney-GeorgeSt,2024-06-08,1826.39342242898,1.0
APPLE_WEB_04653,Vision Pro,Tokyo-Ginza,2024-03-07,2329.0317020081466,1.0
APPLE_WEB_04654,AirPods Max,NYC-FifthAve,2024-03-20,6949.049432164782,2.0
APPLE_WEB_04655,Vision Pro,Paris-Opera,2024-01-06,4019.650893799372,2.0
APPLE_WEB_04657,iPhone 15 Pro,Sydney-GeorgeSt,2024-06-16,1145.6757326829143,1.0
APPLE_WEB_04659,AirPods Max,Tokyo-Ginza,2024-01-05,650.8781916477305,1.0
APPLE_WEB_04662,iPhone 15 Pro,London-RegentSt,2024-02-13,3415.8702894591706,1.0
APPLE_WEB_04663,iPhone 15 Pro,NYC-FifthAve,2024-01-01,1881.6108783721472,1.0
APPLE_WEB_04664,Apple Watch Ultra,Sydney-GeorgeSt,2024-02-05,2391.552388479185,2.0
APPLE_WEB_04666,iPad Pro,Paris-Opera,2024-04-27,2541.781506949768,1.0
APPLE_WEB_04668,Vision Pro,London-RegentSt,2024-06-05,605.4348499041561,1.0
APPLE_WEB_04669,iPhone 15 Pro,NYC-FifthAve,2024-06-04,1537.397832969464,1.0
APPLE_WEB_04672,iPhone 15 Pro,London-RegentSt,2024-03-27,482.73652356937964,2.0
APPLE_WEB_04674,iPad Pro,Tokyo-Ginza,2024-04-10,2864.8683721630987,1.0
APPLE_WEB_04675,Apple Watch Ultra,Sydney-GeorgeSt,2024-01-13,680.4428481603707,1.0
APPLE_WEB_04677,iPhone 15 Pro,Paris-Opera,2024-02-07,1140.0889864166984,1.0
APPLE_WEB_04678,iPad Pro,Sydney-GeorgeSt,2024-02-18,1278.318735591005,1.0
APPLE_WEB_04680,MacBook Air M3,Sydney-GeorgeSt,2024-05-22,1995.7451906082338,2.0
APPLE_WEB_04682,iPad Pro,London-RegentSt,2024-02-10,2700.949864324697,1.0
APPLE_WEB_04683,AirPods Max,London-RegentSt,2024-02-07,6836.121561999116,2.0
APPLE_WEB_04684,iPhone 15 Pro,Tokyo-Ginza,2024-01-22,2667.542570432493,1.0
APPLE_WEB_04685,AirPods Max,London-RegentSt,2024-04-28,1086.1312115496867,2.0
APPLE_WEB_04686,iPhone 15 Pro,Sydney-GeorgeSt,2024-06-03,4117.688670569072,2.0
APPLE_WEB_04687,AirPods Max,NYC-FifthAve,2024-04-15,6831.635347624324,2.0
APPLE_WEB_04688,iPhone 15 Pro,Tokyo-Ginza,2024-02-09,2273.7871112126295,1.0
APPLE_WEB_04689,Apple Watch Ultra,Sydney-GeorgeSt,2024-02-09,1153.488184401518,2.0
APPLE_WEB_04690,iPhone 15 Pro,NYC-FifthAve,2024-02-14,194.8136746006171,1.0
APPLE_WEB_04692,iPhone 15 Pro,Sydney-GeorgeSt,2024-02-04,3245.5944648758505,1.0
APPLE_WEB_04693,MacBook Air M3,Sydney-GeorgeSt,2024-04-02,6378.923305901787,2.0
APPLE_WEB_04695,AirPods Max,Paris-Opera,2024-05-25,834.4363370061553,1.0
APPLE_WEB_04696,Apple Watch Ultra,London-RegentSt,2024-03-23,3154.0491365097027,1.0
APPLE_WEB_04697,iPad Pro,London-RegentSt,2024-04-14,1650.1839590705713,1.0
APPLE_WEB_04699,Apple Watch Ultra,Sydney-GeorgeSt,2024-06-03,1273.4112535726717,2.0
APPLE_WEB_04700,MacBook Air M3,NYC-FifthAve,2024-01-31,2237.5187257501166,1.0
APPLE_WEB_04701,MacBook Air M3,Sydney-GeorgeSt,2024-01-27,652.231886200596,2.0
APPLE_WEB_04702,Vision Pro,Sydney-GeorgeSt,2024-02-12,1052.2766972857817,1.0
APPLE_WEB_04706,iPad Pro,Tokyo-Ginza,2024-04-04,1645.292046577798,1.0
APPLE_WEB_04708,MacBook Air M3,London-RegentSt,2024-01-19,3137.675793411039,2.0
APPLE_WEB_04709,Apple Watch Ultra,London-RegentSt,2024-01-01,730.4509575015924,1.0
APPLE_WEB_04711,MacBook Air M3,London-RegentSt,2024-05-16,1222.9619001324209,2.0
APPLE_WEB_04712,Apple Watch Ultra,Sydney-GeorgeSt,2024-06-10,2742.8559402762216,1.0
APPLE_WEB_04713,AirPods Max,London-RegentSt,2024-02-21,6924.35860071929,2.0
APPLE_WEB_04714,iPad Pro,London-RegentSt,2024-01-31,1164.292263594152,1.0
APPLE_WEB_04715,Apple Watch Ultra,Tokyo-Ginza,2024-06-24,1105.7455082193878,1.0
APPLE_WEB_04718,AirPods Max,London-RegentSt,2024-01-27,2028.7142064968618,1.0
APPLE_WEB_04719,iPad Pro,Sydney-GeorgeSt,2024-05-20,530.1195676681505,1.0
APPLE_WEB_04720,iPad Pro,Paris-Opera,2024-04-30,537.9477262443309,2.0
APPLE_WEB_04721,MacBook Air M3,Paris-Opera,2024-04-02,915.475502430132,2.0
APPLE_WEB_04723,MacBook Air M3,Paris-Opera,2024-04-13,6133.048448476516,2.0
APPLE_WEB_04724,iPhone 15 Pro,NYC-FifthAve,2024-06-08,2414.9593096073568,1.0
APPLE_WEB_04725,Apple Watch Ultra,Tokyo-Ginza,2024-03-30,1132.8894654080273,2.0
APPLE_WEB_04726,MacBook Air M3,Tokyo-Ginza,2024-01-29,5783.750930631446,2.0
APPLE_WEB_04729,Apple Watch Ultra,London-RegentSt,2024-01-16,1772.4408745995984,2.0
APPLE_WEB_04730,MacBook Air M3,NYC-FifthAve,2024-04-30,1268.027985262083,1.0
APPLE_WEB_04731,Vision Pro,Sydney-GeorgeSt,2024-03-13,6937.344314229323,2.0
APPLE_WEB_04732,AirPods Max,London-RegentSt,2024-01-11,1236.403394354978,2.0
APPLE_WEB_04733,AirPods Max,Paris-Opera,2024-05-18,2293.167008837263,1.0
APPLE_WEB_04734,Vision Pro,London-RegentSt,2024-02-28,4179.236528732337,2.0
APPLE_WEB_04735,Vision Pro,Sydney-GeorgeSt,2024-06-05,4529.732460635148,2.0
APPLE_WEB_04736,AirPods Max,London-RegentSt,2024-03-23,273.18510281110593,2.0
APPLE_WEB_04737,iPad Pro,Paris-Opera,2024-04-29,2979.2201174170013,1.0
APPLE_WEB_04738,iPad Pro,Sydney-GeorgeSt,2024-04-22,995.034942582816,1.0
APPLE_WEB_04739,iPad Pro,NYC-FifthAve,2024-05-26,767.9146977993064,1.0
APPLE_WEB_04740,Apple Watch Ultra,NYC-FifthAve,2024-01-24,2436.5593673231638,2.0
APPLE_WEB_04741,MacBook Air M3,Sydney-GeorgeSt,2024-03-08,939.5814156451258,2.0
APPLE_WEB_04746,Apple Watch Ultra,Paris-Opera,2024-05-30,480.1111402726597,2.0
APPLE_WEB_04747,Vision Pro,NYC-FifthAve,2024-02-06,965.5773334503419,1.0
APPLE_WEB_04748,AirPods Max,Tokyo-Ginza,2024-04-04,408.45616333061673,2.0
APPLE_WEB_04749,Apple Watch Ultra,NYC-FifthAve,2024-02-22,3979.7318820101677,2.0
APPLE_WEB_04750,MacBook Air M3,London-RegentSt,2024-06-04,5848.7803699090555,2.0
APPLE_WEB_04751,AirPods Max,Paris-Opera,2024-06-09,1218.357474121992,1.0
APPLE_WEB_04752,AirPods Max,Tokyo-Ginza,2024-03-30,2157.2496097279236,2.0
APPLE_WEB_04753,iPhone 15 Pro,Paris-Opera,2024-02-11,2576.4452586517937,2.0
APPLE_WEB_04754,iPhone 15 Pro,Paris-Opera,2024-06-18,1975.5790447179536,1.0
APPLE_WEB_04755,iPad Pro,NYC-FifthAve,2024-06-22,2073.021121520179,2.0
APPLE_WEB_04759,AirPods Max,London-RegentSt,2024-03-23,346.1161961407147,2.0
APPLE_WEB_04760,AirPods Max,NYC-FifthAve,2024-01-07,996.7835859110843,2.0
APPLE_WEB_04762,Apple Watch Ultra,Tokyo-Ginza,2024-06-09,1918.9880731304816,1.0
APPLE_WEB_04763,AirPods Max,Paris-Opera,2024-06-10,2221.203554842842,2.0
APPLE_WEB_04765,iPhone 15 Pro,Paris-Opera,2024-01-31,2578.1445757953165,1.0
APPLE_WEB_04766,iPhone 15 Pro,Sydney-GeorgeSt,2024-01-31,2628.453039014881,1.0
APPLE_WEB_04767,AirPods Max,Paris-Opera,2024-01-06,4352.069848608557,2.0
APPLE_WEB_04768,AirPods Max,Paris-Opera,2024-01-31,3033.163923274227,1.0
APPLE_WEB_04770,MacBook Air M3,Paris-Opera,2024-02-17,5060.688624900249,2.0
APPLE_WEB_04771,AirPods Max,NYC-FifthAve,2024-06-06,1381.6463722980911,2.0
APPLE_WEB_04772,Vision Pro,London-RegentSt,2024-01-29,1141.5009290835758,1.0
APPLE_WEB_04773,Vision Pro,Tokyo-Ginza,2024-02-09,1456.9325099863202,1.0
APPLE_WEB_04774,AirPods Max,Tokyo-Ginza,2024-02-18,549.7192243556374,1.0
APPLE_WEB_04776,MacBook Air M3,Tokyo-Ginza,2024-03-25,2015.733938434826,2.0
APPLE_WEB_04777,AirPods Max,Tokyo-Ginza,2024-04-13,5287.35665427917,2.0
APPLE_WEB_04779,Apple Watch Ultra,NYC-FifthAve,2024-01-17,2061.526453583374,1.0
APPLE_WEB_04780,Apple Watch Ultra,Sydney-GeorgeSt,2024-01-22,4028.0029085389206,2.0
APPLE_WEB_04783,AirPods Max,London-RegentSt,2024-01-30,2465.1169517986946,1.0
APPLE_WEB_04784,MacBook Air M3,NYC-FifthAve,2024-01-17,6357.003161328872,2.0
APPLE_WEB_04785,MacBook Air M3,NYC-FifthAve,2024-05-11,1795.3414103090083,1.0
APPLE_WEB_04786,Apple Watch Ultra,Tokyo-Ginza,2024-06-18,1364.6912838006533,1.0
APPLE_WEB_04787,Apple Watch Ultra,Tokyo-Ginza,2024-04-30,4304.390580331212,2.0
APPLE_WEB_04789,MacBook Air M3,NYC-FifthAve,2024-04-24,398.5526782601476,1.0
APPLE_WEB_04790,Apple Watch Ultra,Tokyo-Ginza,2024-03-25,3080.6955774835005,1.0
APPLE_WEB_04791,iPhone 15 Pro,Paris-Opera,2024-03-23,3050.0579925797642,1.0
APPLE_WEB_04792,Apple Watch Ultra,NYC-FifthAve,2024-06-04,5152.606788687537,2.0
APPLE_WEB_04793,iPhone 15 Pro,London-RegentSt,2024-03-26,2981.5068725888855,1.0
APPLE_WEB_04795,iPhone 15 Pro,Paris-Opera,2024-06-03,3225.481611466893,2.0
APPLE_WEB_04796,Vision Pro,Tokyo-Ginza,2024-02-17,1141.0485988290363,1.0
APPLE_WEB_04797,Vision Pro,Sydney-GeorgeSt,2024-05-06,443.72422441254326,1.0
APPLE_WEB_04798,iPhone 15 Pro,Tokyo-Ginza,2024-03-22,2517.419488703754,1.0
APPLE_WEB_04801,Apple Watch Ultra,Tokyo-Ginza,2024-06-14,4049.7963023738275,2.0
APPLE_WEB_04802,Apple Watch Ultra,Tokyo-Ginza,2024-03-16,4628.777724204661,2.0
APPLE_WEB_04803,Apple Watch Ultra,London-RegentSt,2024-02-18,638.8837418312635,2.0
APPLE_WEB_04804,Vision Pro,NYC-FifthAve,2024-04-29,2168.8576402918516,2.0
APPLE_WEB_04806,MacBook Air M3,London-RegentSt,2024-01-28,2854.6408079161956,2.0
APPLE_WEB_04808,iPad Pro,Paris-Opera,2024-05-22,2523.338050135831,1.0
APPLE_WEB_04809,iPhone 15 Pro,Tokyo-Ginza,2024-04-12,6301.020783015715,2.0
APPLE_WEB_04810,Vision Pro,NYC-FifthAve,2024-03-09,2982.605462404856,1.0
APPLE_WEB_04811,MacBook Air M3,London-RegentSt,2024-01-15,5843.180562022788,2.0
APPLE_WEB_04812,iPad Pro,Sydney-GeorgeSt,2024-02-07,5952.144932193881,2.0
APPLE_WEB_04813,MacBook Air M3,Tokyo-Ginza,2024-06-01,4571.833365369962,2.0
APPLE_WEB_04814,iPhone 15 Pro,London-RegentSt,2024-02-01,762.5374871520366,1.0
APPLE_WEB_04815,AirPods Max,London-RegentSt,2024-02-22,3372.508848759156,1.0
APPLE_WEB_04816,Vision Pro,London-RegentSt,2024-01-27,4408.735353440124,2.0
APPLE_WEB_04819,MacBook Air M3,London-RegentSt,2024-02-12,1280.4415146358238,1.0
APPLE_WEB_04820,iPhone 15 Pro,NYC-FifthAve,2024-04-03,3181.681784519565,1.0
APPLE_WEB_04821,Apple Watch Ultra,Paris-Opera,2024-03-03,2514.4855049221624,1.0
APPLE_WEB_04823,Vision Pro,Paris-Opera,2024-06-06,334.140882032021,1.0
APPLE_WEB_04825,Vision Pro,NYC-FifthAve,2024-06-25,1037.5667407791536,2.0
APPLE_WEB_04828,AirPods Max,London-RegentSt,2024-05-18,621.197358399085,2.0
APPLE_WEB_04829,Apple Watch Ultra,Paris-Opera,2024-05-04,2739.8136971101258,1.0
APPLE_WEB_04832,AirPods Max,Tokyo-Ginza,2024-05-27,2566.4399194538983,1.0
APPLE_WEB_04833,iPhone 15 Pro,Sydney-GeorgeSt,2024-06-13,2421.3959814740847,1.0
APPLE_WEB_04838,iPad Pro,London-RegentSt,2024-03-10,3445.280758938836,1.0
APPLE_WEB_04841,iPhone 15 Pro,NYC-FifthAve,2024-05-17,1358.6038434097861,1.0
APPLE_WEB_04842,Vision Pro,London-RegentSt,2024-02-09,1326.168441604897,1.0
APPLE_WEB_04844,AirPods Max,Sydney-GeorgeSt,2024-05-28,2151.6814411964433,1.0
APPLE_WEB_04846,iPhone 15 Pro,Tokyo-Ginza,2024-04-11,1910.0210382523276,1.0
APPLE_WEB_04847,iPad Pro,Paris-Opera,2024-04-03,1958.9177349648025,2.0
APPLE_WEB_04848,Vision Pro,Tokyo-Ginza,2024-03-08,1540.6027739633378,1.0
APPLE_WEB_04849,MacBook Air M3,London-RegentSt,2024-05-29,3425.733198637275,2.0
APPLE_WEB_04853,Vision Pro,Paris-Opera,2024-03-15,470.76492580260015,2.0
APPLE_WEB_04854,iPhone 15 Pro,London-RegentSt,2024-06-12,4268.365900474023,2.0
APPLE_WEB_04856,Apple Watch Ultra,Paris-Opera,2024-06-28,3462.4351989466863,1.0
APPLE_WEB_04858,Apple Watch Ultra,Paris-Opera,2024-04-23,2212.715084237738,1.0
APPLE_WEB_04859,Apple Watch Ultra,Paris-Opera,2024-04-02,3551.0369171318043,2.0
APPLE_WEB_04860,Apple Watch Ultra,Paris-Opera,2024-04-18,2250.440787821102,2.0
APPLE_WEB_04861,Apple Watch Ultra,Tokyo-Ginza,2024-05-12,6557.118276749499,2.0
APPLE_WEB_04862,iPad Pro,Paris-Opera,2024-06-22,1151.2402386711067,1.0
APPLE_WEB_04863,Apple Watch Ultra,Tokyo-Ginza,2024-01-21,5141.283932021946,2.0
APPLE_WEB_04865,iPad Pro,Paris-Opera,2024-01-01,3134.8234673205216,2.0
APPLE_WEB_04866,iPad Pro,Sydney-GeorgeSt,2024-01-03,4966.595531819096,2.0
APPLE_WEB_04868,Apple Watch Ultra,Tokyo-Ginza,2024-02-01,1923.256530747235,1.0
APPLE_WEB_04869,iPad Pro,NYC-FifthAve,2024-04-02,619.367505824732,1.0
APPLE_WEB_04870,MacBook Air M3,Sydney-GeorgeSt,2024-02-04,3037.5593752502327,1.0
APPLE_WEB_04871,AirPods Max,Sydney-GeorgeSt,2024-05-22,4263.368382642791,2.0
APPLE_WEB_04872,iPhone 15 Pro,Sydney-GeorgeSt,2024-04-14,6176.956182595895,2.0
APPLE_WEB_04873,MacBook Air M3,Tokyo-Ginza,2024-04-15,1710.0924731334587,2.0
APPLE_WEB_04874,AirPods Max,NYC-FifthAve,2024-05-24,948.4747227817069,1.0
APPLE_WEB_04876,AirPods Max,Paris-Opera,2024-02-10,3699.726059085855,2.0
APPLE_WEB_04879,Vision Pro,Tokyo-Ginza,2024-03-01,2543.222700072152,1.0
APPLE_WEB_04881,Vision Pro,NYC-FifthAve,2024-04-25,493.5890351841062,1.0
APPLE_WEB_04883,Vision Pro,NYC-FifthAve,2024-03-10,4737.804447253525,2.0
APPLE_WEB_04884,Vision Pro,London-RegentSt,2024-03-26,2137.131966481843,2.0
APPLE_WEB_04885,Apple Watch Ultra,Paris-Opera,2024-02-19,675.4286620249857,1.0
APPLE_WEB_04886,Vision Pro,Tokyo-Ginza,2024-06-21,3101.8124511321953,2.0
APPLE_WEB_04887,iPad Pro,NYC-FifthAve,2024-04-30,2262.5724145140903,1.0
APPLE_WEB_04888,MacBook Air M3,Sydney-GeorgeSt,2024-04-15,1046.9605334213138,2.0
APPLE_WEB_04889,Apple Watch Ultra,Tokyo-Ginza,2024-05-18,2236.572793850134,1.0
APPLE_WEB_04890,iPhone 15 Pro,Paris-Opera,2024-01-14,773.028696375024,1.0
APPLE_WEB_04891,AirPods Max,Sydney-GeorgeSt,2024-02-24,3719.6665520141837,2.0
APPLE_WEB_04892,Apple Watch Ultra,Tokyo-Ginza,2024-06-08,4180.911500296224,2.0
APPLE_WEB_04893,Apple Watch Ultra,Sydney-GeorgeSt,2024-06-18,922.2474734326476,1.0
APPLE_WEB_04894,iPhone 15 Pro,Sydney-GeorgeSt,2024-01-26,2783.6937706740387,2.0
APPLE_WEB_04896,iPhone 15 Pro,Tokyo-Ginza,2024-04-09,3368.562536244889,1.0
APPLE_WEB_04900,Apple Watch Ultra,Paris-Opera,2024-04-14,3938.8889189666183,2.0
APPLE_WEB_04902,AirPods Max,NYC-FifthAve,2024-01-15,6671.138389116977,2.0
APPLE_WEB_04904,iPad Pro,Paris-Opera,2024-06-16,5162.207938448601,2.0
APPLE_WEB_04905,iPad Pro,NYC-FifthAve,2024-03-08,3548.1948835884746,2.0
APPLE_WEB_04906,AirPods Max,London-RegentSt,2024-01-22,1276.3089277503914,1.0
APPLE_WEB_04908,MacBook Air M3,Sydney-GeorgeSt,2024-01-28,2808.67271344655,2.0
APPLE_WEB_04909,Vision Pro,Tokyo-Ginza,2024-02-21,1055.3627587169362,1.0
APPLE_WEB_04910,iPad Pro,NYC-FifthAve,2024-01-02,2306.4456275534153,2.0
APPLE_WEB_04912,MacBook Air M3,Tokyo-Ginza,2024-02-05,1267.6965272799616,1.0
APPLE_WEB_04913,iPad Pro,NYC-FifthAve,2024-03-31,1226.3208890195483,1.0
APPLE_WEB_04915,MacBook Air M3,Paris-Opera,2024-02-16,1560.7080976282411,1.0
APPLE_WEB_04916,Apple Watch Ultra,Paris-Opera,2024-02-27,5556.826947189433,2.0
APPLE_WEB_04918,AirPods Max,NYC-FifthAve,2024-03-07,1193.1366745888247,1.0
APPLE_WEB_04919,MacBook Air M3,Paris-Opera,2024-01-08,2531.269749063142,1.0
APPLE_WEB_04920,Vision Pro,NYC-FifthAve,2024-02-13,3412.5454301734553,1.0
APPLE_WEB_04922,AirPods Max,Tokyo-Ginza,2024-04-09,671.7256228309568,1.0
APPLE_WEB_04923,Vision Pro,Tokyo-Ginza,2024-01-30,573.5778423870887,1.0
APPLE_WEB_04924,iPad Pro,London-RegentSt,2024-03-06,1156.4051350870939,1.0
APPLE_WEB_04925,MacBook Air M3,Sydney-GeorgeSt,2024-02-09,163.57966572314945,1.0
APPLE_WEB_04927,AirPods Max,Paris-Opera,2024-02-05,2156.0312515255523,1.0
APPLE_WEB_04928,iPad Pro,Sydney-GeorgeSt,2024-05-27,6395.468949961602,2.0
APPLE_WEB_04929,iPad Pro,London-RegentSt,2024-05-14,2566.184480988486,1.0
APPLE_WEB_04930,Vision Pro,Paris-Opera,2024-04-26,1462.6904752535156,1.0
APPLE_WEB_04931,AirPods Max,Sydney-GeorgeSt,2024-02-11,2331.542967930991,2.0
APPLE_WEB_04932,iPad Pro,Sydney-GeorgeSt,2024-03-10,2043.32935733821,1.0
APPLE_WEB_04933,MacBook Air M3,Paris-Opera,2024-04-15,1588.3794101062736,2.0
APPLE_WEB_04934,AirPods Max,Paris-Opera,2024-05-07,1361.445713967912,2.0
APPLE_WEB_04935,iPhone 15 Pro,Sydney-GeorgeSt,2024-06-02,3483.73285173676,2.0
APPLE_WEB_04936,iPhone 15 Pro,London-RegentSt,2024-02-11,1951.8341296128694,2.0
APPLE_WEB_04937,MacBook Air M3,London-RegentSt,2024-03-19,728.4891882944775,1.0
APPLE_WEB_04938,iPhone 15 Pro,Paris-Opera,2024-01-16,2348.166727038375,1.0
APPLE_WEB_04939,AirPods Max,Paris-Opera,2024-06-13,2218.396224375354,2.0
APPLE_WEB_04940,iPad Pro,Sydney-GeorgeSt,2024-05-05,5891.5819876113665,2.0
APPLE_WEB_04943,MacBook Air M3,Tokyo-Ginza,2024-04-07,3250.843206938698,1.0
APPLE_WEB_04944,AirPods Max,Paris-Opera,2024-02-01,981.3221834574695,1.0
APPLE_WEB_04945,Vision Pro,Paris-Opera,2024-05-05,2622.7143341116916,2.0
APPLE_WEB_04946,Vision Pro,Tokyo-Ginza,2024-02-16,1900.225132396643,1.0
APPLE_WEB_04947,iPhone 15 Pro,Paris-Opera,2024-05-22,3143.3929654640347,1.0
APPLE_WEB_04948,MacBook Air M3,London-RegentSt,2024-04-18,2813.6387596668137,1.0
APPLE_WEB_04950,AirPods Max,Tokyo-Ginza,2024-02-15,5079.092760919309,2.0
APPLE_WEB_04951,AirPods Max,NYC-FifthAve,2024-05-12,2671.7032992387803,2.0
APPLE_WEB_04952,iPhone 15 Pro,Sydney-GeorgeSt,2024-06-10,878.4528641968958,2.0
APPLE_WEB_04954,iPhone 15 Pro,NYC-FifthAve,2024-03-13,3885.0142144218735,2.0
APPLE_WEB_04955,AirPods Max,Tokyo-Ginza,2024-04-02,4723.165049278991,2.0
APPLE_WEB_04956,iPhone 15 Pro,NYC-FifthAve,2024-03-17,5082.662648671813,2.0
APPLE_WEB_04957,Vision Pro,Sydney-GeorgeSt,2024-01-12,981.4511089941333,1.0
APPLE_WEB_04959,MacBook Air M3,London-RegentSt,2024-06-20,2869.6691852807994,1.0
APPLE_WEB_04964,iPhone 15 Pro,Sydney-GeorgeSt,2024-04-20,1457.3063270513974,1.0
APPLE_WEB_04965,Apple Watch Ultra,Tokyo-Ginza,2024-04-12,1815.717154676273,2.0
APPLE_WEB_04966,Vision Pro,London-RegentSt,2024-03-15,1601.0760555256418,1.0
APPLE_WEB_04968,iPhone 15 Pro,Tokyo-Ginza,2024-06-14,1399.240498427614,1.0
APPLE_WEB_04970,MacBook Air M3,London-RegentSt,2024-05-02,2886.917219204314,2.0
APPLE_WEB_04971,iPad Pro,London-RegentSt,2024-03-26,2798.6424012614657,2.0
APPLE_WEB_04973,AirPods Max,NYC-FifthAve,2024-06-25,3058.4834505905046,1.0
APPLE_WEB_04974,AirPods Max,London-RegentSt,2024-05-29,2213.7550798251473,1.0
APPLE_WEB_04975,AirPods Max,London-RegentSt,2024-01-09,2150.4155387307665,1.0
APPLE_WEB_04977,MacBook Air M3,NYC-FifthAve,2024-06-09,3520.5180230858764,2.0
APPLE_WEB_04978,iPad Pro,Paris-Opera,2024-03-18,2202.098758085782,2.0
APPLE_WEB_04979,iPad Pro,Sydney-GeorgeSt,2024-04-06,2423.5900662014496,1.0
APPLE_WEB_04981,Apple Watch Ultra,Tokyo-Ginza,2024-02-02,1433.8158514995619,1.0
APPLE_WEB_04983,MacBook Air M3,London-RegentSt,2024-03-05,1795.5309272098586,1.0
APPLE_WEB_04984,AirPods Max,Tokyo-Ginza,2024-02-28,622.7920126632125,1.0
APPLE_WEB_04985,Apple Watch Ultra,Sydney-GeorgeSt,2024-06-13,1122.1283364012152,2.0
APPLE_WEB_04987,iPad Pro,Sydney-GeorgeSt,2024-05-06,2070.681691807542,1.0
APPLE_WEB_04988,iPad Pro,Tokyo-Ginza,2024-06-08,2162.040228165022,2.0
APPLE_WEB_04992,Apple Watch Ultra,London-RegentSt,2024-04-22,2469.886264767658,1.0
APPLE_WEB_04993,iPhone 15 Pro,NYC-FifthAve,2024-03-03,3089.497306940788,1.0
APPLE_WEB_04994,AirPods Max,NYC-FifthAve,2024-05-14,3175.9543238074907,1.0
APPLE_WEB_04995,Apple Watch Ultra,London-RegentSt,2024-05-27,6842.799116769999,2.0
APPLE_WEB_04996,MacBook Air M3,Paris-Opera,2024-03-27,3032.440028738679,1.0
APPLE_WEB_04997,Apple Watch Ultra,NYC-FifthAve,2024-04-28,433.5588229672708,1.0
RETAIL_00000,iPhone 15 Pro,London-RegentSt,2024-07-21,19417.787442787383,5.0
RETAIL_00001,Vision Pro,London-RegentSt,2024-10-24,9463.447139780552,3.0
RETAIL_00002,Vision Pro,Sydney-GeorgeSt,2024-10-18,24451.294396011905,9.0
RETAIL_00003,Vision Pro,Paris-Opera,2024-07-28,24666.868271238123,8.0
RETAIL_00004,Vision Pro,Sydney-GeorgeSt,2024-08-07,1929.3738498710431,3.0
RETAIL_00005,Apple Watch Ultra,Tokyo-Ginza,2024-12-04,241.17350762952947,7.0
RETAIL_00006,Vision Pro,Tokyo-Ginza,2024-10-05,6941.790876382553,2.0
RETAIL_00007,iPhone 15 Pro,Paris-Opera,2024-07-09,1613.0006805266964,5.0
RETAIL_00008,iPad Pro,NYC-FifthAve,2024-11-02,18386.225113784694,8.0
RETAIL_00009,Apple Watch Ultra,Tokyo-Ginza,2024-11-29,23803.593628149174,8.0
RETAIL_00010,iPhone 15 Pro,Sydney-GeorgeSt,2024-08-19,5743.636204979935,2.0
RETAIL_00011,Vision Pro,Sydney-GeorgeSt,2024-10-05,2923.013371754,1.0
RETAIL_00012,iPhone 15 Pro,Paris-Opera,2024-09-26,7947.164433047954,2.0
RETAIL_00014,AirPods Max,Paris-Opera,2024-12-03,9704.027058432715,9.0
RETAIL_00015,Vision Pro,NYC-FifthAve,2024-12-13,7647.885216079401,2.0
RETAIL_00017,AirPods Max,NYC-FifthAve,2024-10-07,21942.904288862086,6.0
RETAIL_00019,AirPods Max,Sydney-GeorgeSt,2024-09-25,3476.554986720445,8.0
RETAIL_00020,iPad Pro,Tokyo-Ginza,2024-09-17,1667.80023559151,3.0
RETAIL_00021,iPhone 15 Pro,Sydney-GeorgeSt,2024-10-25,5021.859003697315,2.0
RETAIL_00022,MacBook Air M3,Sydney-GeorgeSt,2024-09-22,9024.345751457202,3.0
RETAIL_00023,iPhone 15 Pro,Tokyo-Ginza,2024-10-19,21428.784638392684,6.0
RETAIL_00024,MacBook Air M3,Paris-Opera,2024-12-04,7970.553926715166,2.0
RETAIL_00025,Apple Watch Ultra,NYC-FifthAve,2024-11-04,9777.997775382655,8.0
RETAIL_00027,iPhone 15 Pro,Tokyo-Ginza,2024-08-06,3862.643336323401,3.0
RETAIL_00028,Apple Watch Ultra,Paris-Opera,2024-12-21,1104.439644464225,1.0
RETAIL_00029,AirPods Max,Tokyo-Ginza,2024-10-04,2940.23011070037,9.0
RETAIL_00030,iPad Pro,London-RegentSt,2024-11-16,21845.24937281459,9.0
RETAIL_00031,Vision Pro,London-RegentSt,2024-07-11,31870.347148381024,8.0
RETAIL_00032,iPad Pro,Tokyo-Ginza,2024-08-18,3151.5548038267,7.0
RETAIL_00033,AirPods Max,NYC-FifthAve,2024-12-22,34922.805661598424,9.0
RETAIL_00034,MacBook Air M3,London-RegentSt,2024-11-06,9127.114271677992,5.0
RETAIL_00035,MacBook Air M3,Tokyo-Ginza,2024-09-21,1495.827311485682,8.0
RETAIL_00036,iPad Pro,Paris-Opera,2024-07-03,12866.100448235287,5.0
RETAIL_00037,Vision Pro,London-RegentSt,2024-07-18,1087.1768136443698,4.0
RETAIL_00039,Apple Watch Ultra,Tokyo-Ginza,2024-11-24,3594.666244722514,5.0
RETAIL_00040,iPad Pro,NYC-FifthAve,2024-10-08,3202.849856403582,1.0
RETAIL_00041,iPad Pro,London-RegentSt,2024-12-14,22048.98158860104,7.0
RETAIL_00042,iPad Pro,NYC-FifthAve,2024-08-27,6086.677655878117,2.0
RETAIL_00043,iPad Pro,London-RegentSt,2024-08-06,2567.6553835309046,2.0
RETAIL_00044,iPad Pro,NYC-FifthAve,2024-10-05,10147.954343817313,9.0
RETAIL_00045,Apple Watch Ultra,London-RegentSt,2024-08-17,211.57648456596507,8.0
RETAIL_00046,Vision Pro,Tokyo-Ginza,2024-09-18,8258.363443829712,4.0
RETAIL_00047,MacBook Air M3,NYC-FifthAve,2024-11-20,3886.6052166758227,6.0
RETAIL_00048,Vision Pro,Sydney-GeorgeSt,2024-09-24,23458.386873249714,6.0
RETAIL_00049,Vision Pro,London-RegentSt,2024-11-19,6311.126479464498,7.0
RETAIL_00050,iPad Pro,Tokyo-Ginza,2024-12-07,14245.212685148083,9.0
RETAIL_00051,AirPods Max,London-RegentSt,2024-11-02,12776.640749267342,7.0
RETAIL_00053,Vision Pro,London-RegentSt,2024-10-16,8319.968657491578,6.0
RETAIL_00054,Vision Pro,Paris-Opera,2024-11-01,4905.0967901336135,5.0
RETAIL_00055,Apple Watch Ultra,Sydney-GeorgeSt,2024-07-20,11821.66426519612,3.0
RETAIL_00056,iPhone 15 Pro,Paris-Opera,2024-09-17,18825.74155170914,8.0
RETAIL_00057,MacBook Air M3,NYC-FifthAve,2024-08-25,17990.737378056678,7.0
RETAIL_00059,Vision Pro,Tokyo-Ginza,2024-08-06,23929.856661730504,8.0
RETAIL_00060,iPhone 15 Pro,Tokyo-Ginza,2024-08-28,3913.632098731707,4.0
RETAIL_00061,Apple Watch Ultra,London-RegentSt,2024-11-09,15180.928512186036,4.0
RETAIL_00062,MacBook Air M3,Tokyo-Ginza,2024-11-03,2775.44929932028,1.0
RETAIL_00064,AirPods Max,Paris-Opera,2024-11-30,8345.205727699522,4.0
RETAIL_00065,iPad Pro,Sydney-GeorgeSt,2024-12-15,6113.605784858509,7.0
RETAIL_00066,AirPods Max,Tokyo-Ginza,2024-12-02,7961.488031398935,5.0
RETAIL_00067,iPhone 15 Pro,Sydney-GeorgeSt,2024-12-04,8063.800226172516,5.0
RETAIL_00068,iPhone 15 Pro,Sydney-GeorgeSt,2024-11-10,355.4024608483346,2.0
RETAIL_00071,Apple Watch Ultra,Sydney-GeorgeSt,2024-12-16,22397.822168275372,9.0
RETAIL_00073,Vision Pro,Tokyo-Ginza,2024-07-15,1129.7160791076242,3.0
RETAIL_00075,AirPods Max,Sydney-GeorgeSt,2024-09-12,1109.6130835136219,2.0
RETAIL_00076,Vision Pro,London-RegentSt,2024-11-16,2703.9779406001517,8.0
RETAIL_00078,AirPods Max,Tokyo-Ginza,2024-10-07,11682.02688160006,8.0
RETAIL_00079,MacBook Air M3,Tokyo-Ginza,2024-08-13,19451.473239056606,8.0
RETAIL_00081,AirPods Max,Tokyo-Ginza,2024-07-20,7971.512857650426,2.0
RETAIL_00083,MacBook Air M3,Sydney-GeorgeSt,2024-12-09,17450.540599627704,5.0
RETAIL_00084,Vision Pro,London-RegentSt,2024-09-21,30410.703480822496,8.0
RETAIL_00085,Apple Watch Ultra,NYC-FifthAve,2024-12-08,2937.3599115136226,1.0
RETAIL_00087,MacBook Air M3,Paris-Opera,2024-07-28,2692.571395878432,2.0
RETAIL_00088,AirPods Max,Paris-Opera,2024-11-14,18600.161528036333,5.0
RETAIL_00089,AirPods Max,Paris-Opera,2024-08-19,21269.91535427792,6.0
RETAIL_00090,AirPods Max,Sydney-GeorgeSt,2024-11-17,12888.355329169764,4.0
RETAIL_00091,MacBook Air M3,Tokyo-Ginza,2024-07-21,12647.510556858455,6.0
RETAIL_00092,Apple Watch Ultra,Sydney-GeorgeSt,2024-11-20,2176.771077301726,3.0
RETAIL_00093,iPhone 15 Pro,Paris-Opera,2024-10-12,9225.942409470483,8.0
RETAIL_00094,iPad Pro,Sydney-GeorgeSt,2024-07-01,29820.54594887956,9.0
RETAIL_00095,iPhone 15 Pro,NYC-FifthAve,2024-07-09,18737.70253073066,5.0
RETAIL_00096,iPad Pro,Tokyo-Ginza,2024-11-02,25533.008542249703,8.0
RETAIL_00097,Vision Pro,Sydney-GeorgeSt,2024-08-28,8909.263707237284,3.0
RETAIL_00098,Vision Pro,Sydney-GeorgeSt,2024-10-17,1051.3939160343898,2.0
RETAIL_00099,Vision Pro,NYC-FifthAve,2024-09-14,3556.7725518811585,5.0
RETAIL_00100,iPhone 15 Pro,Sydney-GeorgeSt,2024-11-09,4458.137466262382,6.0
RETAIL_00101,AirPods Max,London-RegentSt,2024-07-04,11594.394032167487,8.0
RETAIL_00102,Vision Pro,London-RegentSt,2024-10-07,4014.009828048267,3.0
RETAIL_00104,iPhone 15 Pro,London-RegentSt,2024-10-25,40.85277292604155,4.0
RETAIL_00105,Vision Pro,Paris-Opera,2024-10-26,11345.822873880612,3.0
RETAIL_00106,Vision Pro,Paris-Opera,2024-11-18,283.7253852660165,6.0
RETAIL_00107,iPhone 15 Pro,Tokyo-Ginza,2024-12-09,6023.987734135142,3.0
RETAIL_00108,iPhone 15 Pro,Tokyo-Ginza,2024-11-07,1451.4066612941344,1.0
RETAIL_00109,AirPods Max,Tokyo-Ginza,2024-08-07,2256.4951701050404,6.0
RETAIL_00110,iPhone 15 Pro,NYC-FifthAve,2024-11-14,9925.430386906672,4.0
RETAIL_00111,iPhone 15 Pro,London-RegentSt,2024-08-21,26751.914116965792,9.0
RETAIL_00112,Apple Watch Ultra,Sydney-GeorgeSt,2024-10-01,6252.600309612125,3.0
RETAIL_00113,iPad Pro,NYC-FifthAve,2024-09-23,16145.404905237754,7.0
RETAIL_00114,AirPods Max,Sydney-GeorgeSt,2024-08-14,12636.465649710237,7.0
RETAIL_00115,MacBook Air M3,London-RegentSt,2024-08-23,7797.30353757076,3.0
RETAIL_00116,Apple Watch Ultra,Tokyo-Ginza,2024-07-16,1429.4695718142775,3.0
RETAIL_00119,AirPods Max,NYC-FifthAve,2024-07-07,29434.098968987106,8.0
RETAIL_00120,AirPods Max,Sydney-GeorgeSt,2024-07-31,18308.92896854505,6.0
RETAIL_00121,Vision Pro,NYC-FifthAve,2024-11-08,5573.087312799506,5.0
RETAIL_00122,iPhone 15 Pro,London-RegentSt,2024-08-09,4771.869921468695,2.0
RETAIL_00123,iPad Pro,Paris-Opera,2024-12-11,13053.053715395796,9.0
RETAIL_00124,iPad Pro,Tokyo-Ginza,2024-11-07,1289.499274547441,2.0
RETAIL_00125,Apple Watch Ultra,Tokyo-Ginza,2024-10-02,21433.228741699244,7.0
RETAIL_00126,Vision Pro,Sydney-GeorgeSt,2024-08-10,23742.265159159277,7.0
RETAIL_00127,iPhone 15 Pro,Paris-Opera,2024-11-26,16933.515914483363,7.0
RETAIL_00128,MacBook Air M3,Paris-Opera,2024-10-28,1251.2069390333809,2.0
RETAIL_00129,Apple Watch Ultra,Tokyo-Ginza,2024-11-13,8520.292058002731,9.0
RETAIL_00130,iPad Pro,Paris-Opera,2024-08-24,4459.237676663672,7.0
RETAIL_00131,Apple Watch Ultra,Paris-Opera,2024-07-07,16416.78848045334,5.0
RETAIL_00132,Apple Watch Ultra,London-RegentSt,2024-10-22,6646.625921629934,4.0
RETAIL_00134,iPhone 15 Pro,Sydney-GeorgeSt,2024-08-22,21305.15593023085,8.0
RETAIL_00135,AirPods Max,Sydney-GeorgeSt,2024-08-13,6695.684769658299,4.0
RETAIL_00136,AirPods Max,Paris-Opera,2024-08-07,16314.369574761804,6.0
RETAIL_00137,iPhone 15 Pro,Paris-Opera,2024-12-10,17851.441548694544,6.0
RETAIL_00138,iPad Pro,Sydney-GeorgeSt,2024-07-29,6480.6916041480035,2.0
RETAIL_00139,Apple Watch Ultra,Paris-Opera,2024-09-20,6839.07309993326,7.0
RETAIL_00140,iPhone 15 Pro,Tokyo-Ginza,2024-09-12,12503.438036656591,5.0
RETAIL_00142,iPhone 15 Pro,NYC-FifthAve,2024-12-16,4099.9523726325615,8.0
RETAIL_00144,MacBook Air M3,Tokyo-Ginza,2024-11-24,140.33910459092897,1.0
RETAIL_00145,MacBook Air M3,NYC-FifthAve,2024-10-22,9563.562148295143,3.0
RETAIL_00146,Apple Watch Ultra,Tokyo-Ginza,2024-09-13,6412.446092152508,3.0
RETAIL_00147,AirPods Max,London-RegentSt,2024-07-14,27826.125507702694,9.0
RETAIL_00148,Apple Watch Ultra,NYC-FifthAve,2024-11-08,3648.85656478748,1.0
RETAIL_00149,AirPods Max,NYC-FifthAve,2024-07-21,5785.2335454378435,4.0
RETAIL_00150,Vision Pro,London-RegentSt,2024-07-18,15691.584431411928,9.0
RETAIL_00151,Apple Watch Ultra,Sydney-GeorgeSt,2024-10-16,1562.1946707856373,1.0
RETAIL_00152,Apple Watch Ultra,Paris-Opera,2024-07-25,11287.575319723359,3.0
RETAIL_00153,Apple Watch Ultra,Paris-Opera,2024-09-30,3460.163657162178,1.0
RETAIL_00154,AirPods Max,London-RegentSt,2024-09-07,32438.571510392423,9.0
RETAIL_00155,MacBook Air M3,Sydney-GeorgeSt,2024-08-08,20747.082999824357,6.0
RETAIL_00156,Vision Pro,London-RegentSt,2024-10-24,8399.566896318629,5.0
RETAIL_00157,Vision Pro,Tokyo-Ginza,2024-12-10,1151.4805632624634,3.0
RETAIL_00158,Apple Watch Ultra,London-RegentSt,2024-12-07,284.10866360835655,3.0
RETAIL_00159,iPhone 15 Pro,NYC-FifthAve,2024-11-20,18020.194794695137,8.0
RETAIL_00160,iPad Pro,Tokyo-Ginza,2024-07-17,2112.391770059815,1.0
RETAIL_00161,iPad Pro,NYC-FifthAve,2024-10-24,4408.615796048038,2.0
RETAIL_00162,MacBook Air M3,Tokyo-Ginza,2024-09-10,11853.847539013777,4.0
RETAIL_00163,Vision Pro,London-RegentSt,2024-09-16,6709.825644462426,3.0
RETAIL_00164,iPad Pro,Paris-Opera,2024-07-03,3088.4029852900326,2.0
RETAIL_00165,iPhone 15 Pro,Tokyo-Ginza,2024-12-08,1743.100997062219,2.0
RETAIL_00166,AirPods Max,NYC-FifthAve,2024-08-08,11040.01265984949,3.0
RETAIL_00167,iPhone 15 Pro,Paris-Opera,2024-10-06,2294.0036706970814,1.0
RETAIL_00168,Apple Watch Ultra,Tokyo-Ginza,2024-10-14,581.8382897925654,7.0
RETAIL_00169,Apple Watch Ultra,Tokyo-Ginza,2024-07-28,12059.368809309408,6.0
RETAIL_00170,Apple Watch Ultra,London-RegentSt,2024-08-01,12341.248700042008,4.0
RETAIL_00171,AirPods Max,London-RegentSt,2024-12-20,5500.390319094172,3.0
RETAIL_00172,iPhone 15 Pro,Paris-Opera,2024-09-30,9115.281453440037,3.0
RETAIL_00173,AirPods Max,Sydney-GeorgeSt,2024-09-30,10727.7224343679,7.0
RETAIL_00174,AirPods Max,London-RegentSt,2024-12-04,4738.620078142645,6.0
RETAIL_00175,Apple Watch Ultra,Sydney-GeorgeSt,2024-10-28,2506.9825673367004,6.0
RETAIL_00176,AirPods Max,Tokyo-Ginza,2024-08-26,520.1060200083101,1.0
RETAIL_00177,iPhone 15 Pro,NYC-FifthAve,2024-10-27,3654.9456627915024,5.0
RETAIL_00179,iPhone 15 Pro,London-RegentSt,2024-10-05,27949.370614454194,8.0
RETAIL_00180,AirPods Max,Paris-Opera,2024-08-28,21882.992370359585,6.0
RETAIL_00181,iPhone 15 Pro,Paris-Opera,2024-07-10,15399.833871265531,4.0
RETAIL_00182,MacBook Air M3,Paris-Opera,2024-09-21,3267.786000323925,1.0
RETAIL_00183,iPad Pro,Tokyo-Ginza,2024-11-06,20052.266787552064,7.0
RETAIL_00184,MacBook Air M3,NYC-FifthAve,2024-07-24,13217.670660588257,8.0
RETAIL_00185,iPad Pro,Paris-Opera,2024-11-09,3087.9136483898133,1.0
RETAIL_00186,MacBook Air M3,London-RegentSt,2024-10-05,6393.059926637732,2.0
RETAIL_00187,iPad Pro,NYC-FifthAve,2024-11-08,4111.161149745708,3.0
RETAIL_00188,MacBook Air M3,Sydney-GeorgeSt,2024-10-26,3121.9847409618787,1.0
RETAIL_00189,AirPods Max,London-RegentSt,2024-10-07,7983.450090214754,3.0
RETAIL_00190,MacBook Air M3,Tokyo-Ginza,2024-08-31,11014.119707090811,8.0
RETAIL_00192,iPad Pro,NYC-FifthAve,2024-11-14,13393.524511545616,4.0
RETAIL_00193,MacBook Air M3,NYC-FifthAve,2024-09-25,6362.85405541292,2.0
RETAIL_00194,iPad Pro,Tokyo-Ginza,2024-10-12,7264.413270940331,5.0
RETAIL_00195,AirPods Max,London-RegentSt,2024-12-26,23752.24459806495,8.0
RETAIL_00196,iPhone 15 Pro,Sydney-GeorgeSt,2024-12-16,4839.548640251347,4.0
RETAIL_00197,iPad Pro,Paris-Opera,2024-07-18,24140.145914661007,7.0
RETAIL_00199,Vision Pro,Paris-Opera,2024-10-14,6525.264655117688,3.0
RETAIL_00200,iPad Pro,Tokyo-Ginza,2024-07-28,3567.800921247281,1.0
RETAIL_00202,MacBook Air M3,Paris-Opera,2024-09-15,3995.1512880849978,1.0
RETAIL_00203,Vision Pro,NYC-FifthAve,2024-07-12,5651.840802708844,3.0
RETAIL_00204,iPhone 15 Pro,Paris-Opera,2024-10-24,1689.237920181051,4.0
RETAIL_00205,MacBook Air M3,Tokyo-Ginza,2024-10-10,5805.557929193037,5.0
RETAIL_00206,iPad Pro,Paris-Opera,2024-12-15,1787.874481108826,1.0
RETAIL_00207,iPhone 15 Pro,Tokyo-Ginza,2024-07-18,9637.158371763206,8.0
RETAIL_00208,AirPods Max,NYC-FifthAve,2024-10-03,3838.636899623257,2.0
RETAIL_00209,iPhone 15 Pro,London-RegentSt,2024-07-30,33076.74247089252,9.0
RETAIL_00210,iPhone 15 Pro,Tokyo-Ginza,2024-12-13,1969.2963893919036,2.0
RETAIL_00211,Vision Pro,NYC-FifthAve,2024-10-19,1128.4997108635957,3.0
RETAIL_00212,iPad Pro,Paris-Opera,2024-11-20,17664.320078658886,8.0
RETAIL_00213,Apple Watch Ultra,London-RegentSt,2024-10-06,3908.4851933465475,3.0
RETAIL_00214,iPad Pro,NYC-FifthAve,2024-11-17,20915.585854586283,7.0
RETAIL_00215,Vision Pro,NYC-FifthAve,2024-10-14,8255.278985705974,7.0
RETAIL_00216,iPad Pro,Tokyo-Ginza,2024-11-01,12341.020539568564,4.0
RETAIL_00217,iPad Pro,Tokyo-Ginza,2024-10-26,1663.314299563699,2.0
RETAIL_00218,iPad Pro,London-RegentSt,2024-07-12,29754.930931396902,8.0
RETAIL_00219,iPhone 15 Pro,NYC-FifthAve,2024-07-24,5493.619439553788,3.0
RETAIL_00220,AirPods Max,NYC-FifthAve,2024-08-14,6980.981392342976,6.0
RETAIL_00221,iPhone 15 Pro,NYC-FifthAve,2024-07-06,3614.8624720903304,2.0
RETAIL_00222,Vision Pro,London-RegentSt,2024-08-01,5189.76528757616,6.0
RETAIL_00224,iPhone 15 Pro,London-RegentSt,2024-08-05,4933.758806510963,6.0
RETAIL_00225,iPad Pro,Paris-Opera,2024-11-30,22726.267357275672,6.0
RETAIL_00226,iPad Pro,Tokyo-Ginza,2024-09-01,2837.7581163553377,3.0
RETAIL_00227,iPad Pro,NYC-FifthAve,2024-10-09,11024.610770974476,7.0
RETAIL_00228,Vision Pro,Sydney-GeorgeSt,2024-12-01,1144.5437163472318,1.0
RETAIL_00229,iPhone 15 Pro,Paris-Opera,2024-12-10,26897.50659851665,7.0
RETAIL_00230,AirPods Max,Sydney-GeorgeSt,2024-08-13,888.9176025478412,5.0
RETAIL_00231,iPad Pro,London-RegentSt,2024-12-20,3252.9573659624925,1.0
RETAIL_00232,AirPods Max,NYC-FifthAve,2024-09-30,16059.955827842241,5.0
RETAIL_00233,Vision Pro,Sydney-GeorgeSt,2024-08-01,2376.412405960541,1.0
RETAIL_00234,MacBook Air M3,Sydney-GeorgeSt,2024-09-20,31710.949883555688,9.0
RETAIL_00235,iPad Pro,Tokyo-Ginza,2024-11-24,8078.386063997264,6.0
RETAIL_00236,iPhone 15 Pro,NYC-FifthAve,2024-08-22,16886.892175340596,9.0
RETAIL_00237,Vision Pro,Paris-Opera,2024-12-24,13417.741972398302,4.0
RETAIL_00239,Apple Watch Ultra,Sydney-GeorgeSt,2024-07-28,1422.286553528542,1.0
RETAIL_00240,Vision Pro,Paris-Opera,2024-11-09,19502.751063939246,5.0
RETAIL_00242,Apple Watch Ultra,Paris-Opera,2024-11-25,3903.6820205243457,2.0
RETAIL_00243,iPad Pro,Tokyo-Ginza,2024-11-04,14980.57173322639,5.0
RETAIL_00244,Apple Watch Ultra,NYC-FifthAve,2024-11-06,21721.031331477345,6.0
RETAIL_00245,iPhone 15 Pro,Sydney-GeorgeSt,2024-09-01,22997.370384099086,6.0
RETAIL_00246,iPhone 15 Pro,Sydney-GeorgeSt,2024-10-07,35740.69331132426,9.0
RETAIL_00247,Apple Watch Ultra,Tokyo-Ginza,2024-09-30,3052.1581194398623,6.0
RETAIL_00248,Apple Watch Ultra,Sydney-GeorgeSt,2024-11-27,5146.382540091364,6.0
RETAIL_00249,AirPods Max,Paris-Opera,2024-11-30,6445.235197756483,5.0
RETAIL_00250,Apple Watch Ultra,Tokyo-Ginza,2024-08-16,10859.265350363752,9.0
RETAIL_00251,iPhone 15 Pro,Sydney-GeorgeSt,2024-11-08,27720.07868498876,9.0
RETAIL_00252,MacBook Air M3,Tokyo-Ginza,2024-08-17,6610.479320976936,4.0
RETAIL_00254,Apple Watch Ultra,London-RegentSt,2024-11-22,13154.264514374361,5.0
RETAIL_00255,AirPods Max,Sydney-GeorgeSt,2024-10-25,6232.75851478474,7.0
RETAIL_00256,Apple Watch Ultra,London-RegentSt,2024-12-26,14456.71611116868,4.0
RETAIL_00257,Vision Pro,Sydney-GeorgeSt,2024-10-28,19965.114419414494,7.0
RETAIL_00258,Vision Pro,NYC-FifthAve,2024-09-20,998.8354800130634,2.0
RETAIL_00259,Apple Watch Ultra,Tokyo-Ginza,2024-12-20,8507.7810769448,8.0
RETAIL_00260,Apple Watch Ultra,Sydney-GeorgeSt,2024-07-16,3392.7938028072167,3.0
RETAIL_00261,AirPods Max,Tokyo-Ginza,2024-12-26,9133.614939649542,3.0
RETAIL_00262,iPad Pro,Tokyo-Ginza,2024-10-08,2595.6571805355707,6.0
RETAIL_00263,AirPods Max,Paris-Opera,2024-08-21,2995.897642718975,2.0
RETAIL_00264,MacBook Air M3,Paris-Opera,2024-10-24,1903.5399146140396,1.0
RETAIL_00266,Vision Pro,London-RegentSt,2024-11-01,17372.139267208804,6.0
RETAIL_00268,AirPods Max,Sydney-GeorgeSt,2024-11-14,11790.708546456224,4.0
RETAIL_00269,Apple Watch Ultra,Tokyo-Ginza,2024-09-28,356.24398112522533,3.0
RETAIL_00271,iPad Pro,Tokyo-Ginza,2024-08-21,15575.448596430051,6.0
RETAIL_00272,iPad Pro,Paris-Opera,2024-10-18,29057.212390291606,9.0
RETAIL_00273,AirPods Max,Tokyo-Ginza,2024-08-25,12605.086822199395,4.0
RETAIL_00274,MacBook Air M3,NYC-FifthAve,2024-09-20,1650.6472309967917,5.0
RETAIL_00275,Vision Pro,London-RegentSt,2024-12-04,1215.8147910361467,2.0
RETAIL_00276,iPad Pro,NYC-FifthAve,2024-07-01,14368.994727142643,7.0
RETAIL_00277,iPad Pro,NYC-FifthAve,2024-07-04,10845.355590410532,7.0
RETAIL_00278,Apple Watch Ultra,Sydney-GeorgeSt,2024-10-07,22084.702079085953,8.0
RETAIL_00279,MacBook Air M3,London-RegentSt,2024-07-23,18287.399918969673,8.0
RETAIL_00280,AirPods Max,Paris-Opera,2024-09-18,24342.392092033355,7.0
RETAIL_00281,iPad Pro,Sydney-GeorgeSt,2024-09-27,3328.259083177876,2.0
RETAIL_00282,iPad Pro,NYC-FifthAve,2024-09-29,5526.414100933422,7.0
RETAIL_00283,iPhone 15 Pro,Tokyo-Ginza,2024-09-25,9814.511274226523,6.0
RETAIL_00284,Vision Pro,Tokyo-Ginza,2024-07-15,22009.51293633653,8.0
RETAIL_00285,iPad Pro,Tokyo-Ginza,2024-08-14,32.65257809011723,1.0
RETAIL_00287,AirPods Max,NYC-FifthAve,2024-11-18,7685.4580005025455,6.0
RETAIL_00288,iPad Pro,London-RegentSt,2024-12-01,5857.663407161178,2.0
RETAIL_00289,iPhone 15 Pro,Sydney-GeorgeSt,2024-07-26,16739.702989020923,5.0
RETAIL_00291,iPad Pro,NYC-FifthAve,2024-09-18,16610.77494961715,6.0
RETAIL_00292,AirPods Max,NYC-FifthAve,2024-10-03,17918.892858471423,5.0
RETAIL_00293,MacBook Air M3,Tokyo-Ginza,2024-07-31,1144.2595555008984,1.0
RETAIL_00294,AirPods Max,London-RegentSt,2024-12-22,14701.736772014694,6.0
RETAIL_00295,MacBook Air M3,Paris-Opera,2024-10-13,13092.993202032874,9.0
RETAIL_00297,iPhone 15 Pro,London-RegentSt,2024-09-28,19676.387616534692,8.0
RETAIL_00298,MacBook Air M3,Tokyo-Ginza,2024-12-25,29698.651532177864,9.0
RETAIL_00300,AirPods Max,Paris-Opera,2024-11-11,5362.48817646367,4.0
RETAIL_00301,iPad Pro,Sydney-GeorgeSt,2024-09-21,18963.27343261818,6.0
RETAIL_00302,MacBook Air M3,Sydney-GeorgeSt,2024-09-09,17531.25208250624,6.0
RETAIL_00303,AirPods Max,Paris-Opera,2024-11-07,8266.38674472216,4.0
RETAIL_00304,iPhone 15 Pro,Sydney-GeorgeSt,2024-09-10,10088.101431247158,7.0
RETAIL_00306,iPad Pro,NYC-FifthAve,2024-11-29,3275.3628362062627,9.0
RETAIL_00307,Vision Pro,Sydney-GeorgeSt,2024-09-20,7960.9593211689125,6.0
RETAIL_00308,Apple Watch Ultra,Paris-Opera,2024-07-08,34482.41261675549,9.0
RETAIL_00310,Apple Watch Ultra,Tokyo-Ginza,2024-07-09,1648.641235605773,3.0
RETAIL_00311,iPad Pro,Tokyo-Ginza,2024-09-23,1540.7280801025972,2.0
RETAIL_00312,MacBook Air M3,Tokyo-Ginza,2024-11-20,23995.198464759338,6.0
RETAIL_00313,iPad Pro,Sydney-GeorgeSt,2024-12-19,3578.149949189564,2.0
RETAIL_00314,iPhone 15 Pro,Tokyo-Ginza,2024-12-09,9714.245398205128,5.0
RETAIL_00316,MacBook Air M3,Tokyo-Ginza,2024-12-14,10276.14487477082,6.0
RETAIL_00317,MacBook Air M3,Sydney-GeorgeSt,2024-07-11,16475.867423421936,6.0
RETAIL_00320,Vision Pro,Sydney-GeorgeSt,2024-11-01,11520.997194321231,4.0
RETAIL_00321,AirPods Max,Paris-Opera,2024-09-16,562.4555813264723,7.0
RETAIL_00322,Apple Watch Ultra,London-RegentSt,2024-08-06,687.028461017233,1.0
RETAIL_00323,iPad Pro,Sydney-GeorgeSt,2024-11-29,8200.389270819705,7.0
RETAIL_00324,Vision Pro,London-RegentSt,2024-12-13,5294.695771432258,7.0
RETAIL_00325,MacBook Air M3,Tokyo-Ginza,2024-12-21,3722.5481882508843,6.0
RETAIL_00326,Vision Pro,Tokyo-Ginza,2024-09-11,8058.415018371935,4.0
RETAIL_00327,iPad Pro,Sydney-GeorgeSt,2024-10-29,7120.69200391063,3.0
RETAIL_00328,AirPods Max,Tokyo-Ginza,2024-09-10,11485.920290521986,8.0
RETAIL_00329,Vision Pro,London-RegentSt,2024-12-01,11369.02990637388,6.0
RETAIL_00330,MacBook Air M3,Tokyo-Ginza,2024-07-23,11548.528861273273,3.0
RETAIL_00331,iPhone 15 Pro,Sydney-GeorgeSt,2024-11-04,7211.177782902243,2.0
RETAIL_00332,AirPods Max,Tokyo-Ginza,2024-07-11,5414.7747967432615,2.0
RETAIL_00333,iPhone 15 Pro,Paris-Opera,2024-10-30,6678.5775627531275,3.0
RETAIL_00334,iPad Pro,NYC-FifthAve,2024-11-06,10509.603627723413,5.0
RETAIL_00335,iPhone 15 Pro,London-RegentSt,2024-09-03,6243.312148804141,2.0
RETAIL_00337,iPhone 15 Pro,Tokyo-Ginza,2024-11-13,2765.631939096582,1.0
RETAIL_00338,iPad Pro,Tokyo-Ginza,2024-10-22,4784.186092267302,9.0
RETAIL_00339,iPhone 15 Pro,Tokyo-Ginza,2024-08-17,1002.250924898624,4.0
RETAIL_00341,iPhone 15 Pro,London-RegentSt,2024-11-13,137.60051679595927,4.0
RETAIL_00342,MacBook Air M3,Sydney-GeorgeSt,2024-09-20,1757.4583884627527,8.0
RETAIL_00343,AirPods Max,Tokyo-Ginza,2024-12-03,341.8810502245542,2.0
RETAIL_00344,iPad Pro,Paris-Opera,2024-12-15,4502.33050903616,2.0
RETAIL_00345,Apple Watch Ultra,Tokyo-Ginza,2024-08-25,20609.847199340085,6.0
RETAIL_00346,iPad Pro,London-RegentSt,2024-09-27,7654.923102258935,5.0
RETAIL_00347,iPad Pro,Sydney-GeorgeSt,2024-11-10,1753.2719876622596,2.0
RETAIL_00348,Apple Watch Ultra,NYC-FifthAve,2024-09-29,9505.97294075878,7.0
RETAIL_00350,Vision Pro,London-RegentSt,2024-11-11,7498.356771204148,2.0
RETAIL_00351,iPad Pro,Paris-Opera,2024-12-26,16879.803553757396,9.0
RETAIL_00352,iPhone 15 Pro,NYC-FifthAve,2024-08-27,14704.970556539689,4.0
RETAIL_00353,MacBook Air M3,Paris-Opera,2024-10-14,9578.674388526906,3.0
RETAIL_00356,AirPods Max,NYC-FifthAve,2024-07-23,710.0836534812706,2.0
RETAIL_00357,iPad Pro,Sydney-GeorgeSt,2024-07-22,7467.4811121020975,2.0
RETAIL_00358,iPad Pro,Tokyo-Ginza,2024-11-22,9231.425191478567,8.0
RETAIL_00360,AirPods Max,NYC-FifthAve,2024-09-19,9511.278347434527,9.0
RETAIL_00361,AirPods Max,Sydney-GeorgeSt,2024-10-19,3960.695235870332,2.0
RETAIL_00363,MacBook Air M3,Paris-Opera,2024-12-08,6789.5849474553215,2.0
RETAIL_00364,AirPods Max,Paris-Opera,2024-09-28,9666.723047174331,9.0
RETAIL_00365,AirPods Max,Sydney-GeorgeSt,2024-10-23,1958.3413144549631,1.0
RETAIL_00367,MacBook Air M3,Paris-Opera,2024-11-21,6253.792605775698,7.0
RETAIL_00368,iPad Pro,Paris-Opera,2024-11-03,9013.030982785256,4.0
RETAIL_00370,AirPods Max,Sydney-GeorgeSt,2024-11-10,14832.562738178503,5.0
RETAIL_00371,AirPods Max,Tokyo-Ginza,2024-12-12,4389.902346395296,2.0
RETAIL_00372,iPad Pro,NYC-FifthAve,2024-07-19,4359.435074297191,6.0
RETAIL_00373,Vision Pro,London-RegentSt,2024-07-26,7586.491063242021,5.0
RETAIL_00374,iPhone 15 Pro,London-RegentSt,2024-12-02,16666.904937560663,7.0
RETAIL_00375,iPad Pro,Sydney-GeorgeSt,2024-08-28,6326.827620156874,3.0
RETAIL_00376,iPhone 15 Pro,London-RegentSt,2024-07-01,10849.254093317082,4.0
RETAIL_00377,AirPods Max,NYC-FifthAve,2024-09-22,18219.48394437098,5.0
RETAIL_00378,iPad Pro,NYC-FifthAve,2024-07-18,11190.469743227255,7.0
RETAIL_00382,iPad Pro,Tokyo-Ginza,2024-07-10,17098.40093580052,8.0
RETAIL_00383,iPhone 15 Pro,Tokyo-Ginza,2024-12-23,27397.86051504255,7.0
RETAIL_00384,Vision Pro,NYC-FifthAve,2024-07-03,23679.030392925306,8.0
RETAIL_00386,MacBook Air M3,London-RegentSt,2024-08-09,17795.301651682046,8.0
RETAIL_00388,Vision Pro,Tokyo-Ginza,2024-12-24,766.8359160988778,1.0
RETAIL_00389,iPhone 15 Pro,Paris-Opera,2024-08-22,2618.834744698971,2.0
RETAIL_00391,iPad Pro,London-RegentSt,2024-10-13,15455.349170850177,5.0
RETAIL_00392,AirPods Max,Paris-Opera,2024-10-23,7921.792764458917,4.0
RETAIL_00394,Vision Pro,London-RegentSt,2024-07-07,3763.6314664278757,6.0
RETAIL_00395,Apple Watch Ultra,NYC-FifthAve,2024-12-15,14363.52607191293,6.0
RETAIL_00396,MacBook Air M3,Paris-Opera,2024-09-27,16467.82298401166,5.0
RETAIL_00397,AirPods Max,Sydney-GeorgeSt,2024-07-10,16872.391461663254,7.0
RETAIL_00398,iPad Pro,London-RegentSt,2024-09-04,7144.446335272431,6.0
RETAIL_00399,iPhone 15 Pro,Sydney-GeorgeSt,2024-07-06,2562.4734266654823,1.0
RETAIL_00401,iPad Pro,NYC-FifthAve,2024-08-18,9809.92317767842,9.0
RETAIL_00402,iPad Pro,London-RegentSt,2024-09-25,11412.494812621566,3.0
RETAIL_00403,MacBook Air M3,Paris-Opera,2024-07-13,27180.53812739013,8.0
RETAIL_00404,Apple Watch Ultra,London-RegentSt,2024-08-29,11417.252629384968,3.0
RETAIL_00405,Apple Watch Ultra,Paris-Opera,2024-11-28,9385.441160439339,3.0
RETAIL_00406,iPhone 15 Pro,London-RegentSt,2024-12-04,1353.4496915040277,3.0
RETAIL_00407,iPad Pro,Paris-Opera,2024-08-31,26930.082312073537,8.0
RETAIL_00408,Apple Watch Ultra,London-RegentSt,2024-09-16,3952.8780486162996,6.0
RETAIL_00409,MacBook Air M3,Tokyo-Ginza,2024-12-24,6522.250343555842,4.0
RETAIL_00410,Vision Pro,NYC-FifthAve,2024-07-24,7422.6072460124,5.0
RETAIL_00412,iPad Pro,Tokyo-Ginza,2024-12-25,1186.9504657003413,4.0
RETAIL_00413,MacBook Air M3,Paris-Opera,2024-09-23,138.3996377281252,1.0
RETAIL_00414,Vision Pro,Sydney-GeorgeSt,2024-10-16,2696.4275453162713,2.0
RETAIL_00415,Apple Watch Ultra,Tokyo-Ginza,2024-09-28,15325.748484009071,5.0
RETAIL_00416,AirPods Max,Sydney-GeorgeSt,2024-08-27,8553.900832824802,7.0
RETAIL_00417,MacBook Air M3,Paris-Opera,2024-08-16,2296.7640695970304,2.0
RETAIL_00419,Apple Watch Ultra,Sydney-GeorgeSt,2024-10-03,19601.59471999768,7.0
RETAIL_00420,iPad Pro,Sydney-GeorgeSt,2024-08-17,8258.370040406306,4.0
RETAIL_00421,MacBook Air M3,Sydney-GeorgeSt,2024-10-10,12406.353486083182,8.0
RETAIL_00422,Vision Pro,NYC-FifthAve,2024-09-24,1641.907636054701,2.0
RETAIL_00423,MacBook Air M3,Tokyo-Ginza,2024-11-14,29242.33918415603,9.0
RETAIL_00424,iPad Pro,London-RegentSt,2024-08-28,1292.6786434370138,2.0
RETAIL_00425,Apple Watch Ultra,NYC-FifthAve,2024-10-29,6693.414319399108,2.0
RETAIL_00426,AirPods Max,London-RegentSt,2024-12-10,11958.236598514733,3.0
RETAIL_00427,MacBook Air M3,Sydney-GeorgeSt,2024-12-02,2672.9016360415167,3.0
RETAIL_00428,Vision Pro,Sydney-GeorgeSt,2024-10-21,1599.5276731446784,1.0
RETAIL_00429,MacBook Air M3,Sydney-GeorgeSt,2024-10-09,34822.28863328911,9.0
RETAIL_00430,iPad Pro,Tokyo-Ginza,2024-10-27,3966.3723111790177,1.0
RETAIL_00431,AirPods Max,NYC-FifthAve,2024-07-25,18498.921380864373,8.0
RETAIL_00433,MacBook Air M3,Paris-Opera,2024-12-05,12442.679743718341,6.0
RETAIL_00434,Apple Watch Ultra,Sydney-GeorgeSt,2024-09-15,17267.74878673618,6.0
RETAIL_00435,AirPods Max,NYC-FifthAve,2024-07-24,13389.870433103597,6.0
RETAIL_00436,MacBook Air M3,London-RegentSt,2024-09-11,2036.3002455803507,5.0
RETAIL_00437,iPhone 15 Pro,NYC-FifthAve,2024-08-07,4606.655515495206,3.0
RETAIL_00438,iPhone 15 Pro,Tokyo-Ginza,2024-07-16,17364.604008266102,8.0
RETAIL_00439,iPhone 15 Pro,Tokyo-Ginza,2024-11-13,29094.882598631546,9.0
RETAIL_00440,Vision Pro,Tokyo-Ginza,2024-12-13,6659.38203727312,2.0
RETAIL_00441,MacBook Air M3,NYC-FifthAve,2024-08-01,11689.506650346917,6.0
RETAIL_00442,AirPods Max,NYC-FifthAve,2024-10-26,4810.6103974550315,8.0
RETAIL_00443,MacBook Air M3,NYC-FifthAve,2024-09-10,1942.2506512221464,1.0
RETAIL_00444,MacBook Air M3,Sydney-GeorgeSt,2024-10-19,31003.493208951782,8.0
RETAIL_00445,Vision Pro,London-RegentSt,2024-10-22,19977.71810014702,6.0
RETAIL_00448,AirPods Max,NYC-FifthAve,2024-11-09,1750.7906841648694,3.0
RETAIL_00449,Vision Pro,London-RegentSt,2024-08-13,6195.366743347867,5.0
RETAIL_00450,Vision Pro,Paris-Opera,2024-12-19,4338.917899888433,5.0
RETAIL_00451,iPhone 15 Pro,Paris-Opera,2024-12-06,8054.242410293293,3.0
RETAIL_00452,iPad Pro,NYC-FifthAve,2024-08-01,886.3419819534884,1.0
RETAIL_00453,AirPods Max,Sydney-GeorgeSt,2024-12-14,11996.5914854331,9.0
RETAIL_00454,AirPods Max,Sydney-GeorgeSt,2024-07-12,16186.178166227292,6.0
RETAIL_00455,iPhone 15 Pro,Tokyo-Ginza,2024-09-04,891.4493962085988,5.0
RETAIL_00456,MacBook Air M3,London-RegentSt,2024-10-24,11012.018913169828,7.0
RETAIL_00457,Vision Pro,NYC-FifthAve,2024-08-06,4779.995082294016,2.0
RETAIL_00458,AirPods Max,Tokyo-Ginza,2024-11-06,2081.458820396885,9.0
RETAIL_00459,MacBook Air M3,Sydney-GeorgeSt,2024-10-16,3636.191221810449,5.0
RETAIL_00460,Vision Pro,Sydney-GeorgeSt,2024-12-23,10161.469522688954,3.0
RETAIL_00461,iPad Pro,Sydney-GeorgeSt,2024-09-16,5669.369501303432,6.0
RETAIL_00462,iPad Pro,London-RegentSt,2024-08-28,1176.178146268489,1.0
RETAIL_00463,AirPods Max,Tokyo-Ginza,2024-08-29,18571.582385274978,8.0
RETAIL_00464,iPhone 15 Pro,Tokyo-Ginza,2024-11-12,3432.9633617407044,4.0
RETAIL_00466,iPad Pro,Sydney-GeorgeSt,2024-09-29,9677.689822125742,5.0
RETAIL_00467,MacBook Air M3,NYC-FifthAve,2024-12-25,3517.370520341582,1.0
RETAIL_00468,iPhone 15 Pro,Paris-Opera,2024-10-21,712.7710320540702,1.0
RETAIL_00469,Apple Watch Ultra,Paris-Opera,2024-09-07,15870.801971296476,8.0
RETAIL_00471,AirPods Max,Paris-Opera,2024-12-16,25051.186507871495,8.0
RETAIL_00472,Vision Pro,Paris-Opera,2024-07-23,7494.779292259229,7.0
RETAIL_00476,iPhone 15 Pro,Paris-Opera,2024-12-18,28787.04878198213,9.0
RETAIL_00477,AirPods Max,London-RegentSt,2024-07-03,1346.7646342218115,9.0
RETAIL_00478,iPad Pro,Tokyo-Ginza,2024-07-16,11107.328386006651,8.0
RETAIL_00479,iPhone 15 Pro,London-RegentSt,2024-12-13,3511.993078989277,9.0
RETAIL_00480,iPhone 15 Pro,NYC-FifthAve,2024-07-09,1285.887042845195,2.0
RETAIL_00481,iPad Pro,London-RegentSt,2024-09-12,435.5656640618938,6.0
RETAIL_00482,Apple Watch Ultra,Sydney-GeorgeSt,2024-09-25,11398.952367979175,5.0
RETAIL_00483,MacBook Air M3,Paris-Opera,2024-08-08,6130.89901244807,8.0
RETAIL_00485,iPhone 15 Pro,NYC-FifthAve,2024-11-26,11028.758399213239,9.0
RETAIL_00486,Vision Pro,London-RegentSt,2024-12-01,2387.020662517201,9.0
RETAIL_00487,MacBook Air M3,Sydney-GeorgeSt,2024-09-15,13886.958223460093,7.0
RETAIL_00488,Apple Watch Ultra,Paris-Opera,2024-07-07,4441.126501255259,3.0
RETAIL_00489,iPhone 15 Pro,Sydney-GeorgeSt,2024-10-03,4852.975862238553,4.0
RETAIL_00490,iPhone 15 Pro,Tokyo-Ginza,2024-12-06,11625.77965407512,5.0
RETAIL_00491,AirPods Max,London-RegentSt,2024-10-09,1725.5419159434125,1.0
RETAIL_00492,iPhone 15 Pro,London-RegentSt,2024-09-30,4497.183440787357,7.0
RETAIL_00493,Vision Pro,London-RegentSt,2024-08-22,64.59425080627113,1.0
RETAIL_00494,Apple Watch Ultra,Paris-Opera,2024-10-23,14596.88631629403,7.0
RETAIL_00495,iPhone 15 Pro,London-RegentSt,2024-11-19,3219.2530014132763,1.0
RETAIL_00496,MacBook Air M3,London-RegentSt,2024-11-04,9579.491009398154,5.0
RETAIL_00499,Apple Watch Ultra,NYC-FifthAve,2024-11-28,1486.4518570456585,3.0
RETAIL_00500,MacBook Air M3,NYC-FifthAve,2024-10-06,1820.0377512467285,1.0
RETAIL_00501,Vision Pro,London-RegentSt,2024-10-23,2170.0252322716187,1.0
RETAIL_00502,MacBook Air M3,London-RegentSt,2024-08-09,1226.4259042068136,3.0
RETAIL_00503,MacBook Air M3,London-RegentSt,2024-11-06,6919.26176107953,5.0
RETAIL_00504,iPad Pro,Tokyo-Ginza,2024-07-12,9351.471201266386,4.0
RETAIL_00505,AirPods Max,London-RegentSt,2024-11-26,4586.802123930238,3.0
RETAIL_00506,Vision Pro,NYC-FifthAve,2024-10-11,13097.960070089623,7.0
RETAIL_00507,Apple Watch Ultra,Paris-Opera,2024-08-08,1080.204249141518,6.0
RETAIL_00508,iPad Pro,NYC-FifthAve,2024-08-04,13229.563511902605,4.0
RETAIL_00509,MacBook Air M3,Tokyo-Ginza,2024-08-16,12181.889590638017,4.0
RETAIL_00510,iPhone 15 Pro,Sydney-GeorgeSt,2024-08-09,10030.68163463599,7.0
RETAIL_00512,Vision Pro,Sydney-GeorgeSt,2024-09-12,22760.358531964284,6.0
RETAIL_00513,iPad Pro,Sydney-GeorgeSt,2024-08-30,8621.569183511725,3.0
RETAIL_00514,AirPods Max,Paris-Opera,2024-10-22,11055.656959160637,3.0
RETAIL_00515,iPad Pro,Tokyo-Ginza,2024-07-11,15084.851677905588,7.0
RETAIL_00516,iPad Pro,London-RegentSt,2024-09-15,3649.043292203996,1.0
RETAIL_00517,iPhone 15 Pro,NYC-FifthAve,2024-07-24,2687.695134791311,3.0
RETAIL_00518,Apple Watch Ultra,Paris-Opera,2024-08-27,16443.247091478654,7.0
RETAIL_00521,iPad Pro,Tokyo-Ginza,2024-07-04,12374.697087067372,7.0
RETAIL_00522,AirPods Max,Sydney-GeorgeSt,2024-08-06,25947.226089565127,7.0
RETAIL_00523,Apple Watch Ultra,London-RegentSt,2024-11-04,10137.975628126555,3.0
RETAIL_00524,Vision Pro,Paris-Opera,2024-12-27,5008.058916075544,2.0
RETAIL_00525,Apple Watch Ultra,London-RegentSt,2024-08-10,6741.18532297128,6.0
RETAIL_00526,Apple Watch Ultra,Tokyo-Ginza,2024-07-30,1418.7700095562986,4.0
RETAIL_00527,iPhone 15 Pro,Sydney-GeorgeSt,2024-10-07,5715.230179014409,3.0
RETAIL_00528,Vision Pro,Paris-Opera,2024-09-25,20076.9385209664,8.0
RETAIL_00529,iPad Pro,London-RegentSt,2024-12-20,13767.060443993272,9.0
RETAIL_00530,iPhone 15 Pro,Sydney-GeorgeSt,2024-09-11,96.78869162071634,7.0
RETAIL_00531,MacBook Air M3,NYC-FifthAve,2024-07-28,30438.86048519406,8.0
RETAIL_00532,AirPods Max,Tokyo-Ginza,2024-09-21,6628.91809224504,5.0
RETAIL_00533,MacBook Air M3,Paris-Opera,2024-09-29,24686.20632864875,8.0
RETAIL_00534,AirPods Max,Paris-Opera,2024-12-27,13071.861390188478,7.0
RETAIL_00535,iPhone 15 Pro,Paris-Opera,2024-12-16,12425.64679201294,6.0
RETAIL_00536,MacBook Air M3,NYC-FifthAve,2024-10-03,12294.697375849475,9.0
RETAIL_00537,iPhone 15 Pro,Sydney-GeorgeSt,2024-11-14,24803.24587948659,9.0
RETAIL_00538,Vision Pro,NYC-FifthAve,2024-08-04,5061.148540638332,5.0
RETAIL_00540,AirPods Max,London-RegentSt,2024-08-21,25915.28681521619,7.0
RETAIL_00541,Vision Pro,Sydney-GeorgeSt,2024-09-04,33794.51426812676,9.0
RETAIL_00542,MacBook Air M3,Sydney-GeorgeSt,2024-07-16,26875.62815463024,9.0
RETAIL_00543,AirPods Max,Sydney-GeorgeSt,2024-11-12,23791.138852431584,8.0
RETAIL_00544,Vision Pro,London-RegentSt,2024-10-23,2285.771723286756,3.0
RETAIL_00545,Vision Pro,London-RegentSt,2024-07-13,27117.688105292884,7.0
RETAIL_00546,iPhone 15 Pro,Paris-Opera,2024-10-14,7172.502269806057,6.0
RETAIL_00547,Vision Pro,Paris-Opera,2024-07-29,27002.114155178253,9.0
RETAIL_00548,iPhone 15 Pro,Sydney-GeorgeSt,2024-11-02,18378.92573672672,5.0
RETAIL_00549,iPhone 15 Pro,Paris-Opera,2024-08-15,4834.694007589997,4.0
RETAIL_00550,Vision Pro,Paris-Opera,2024-10-18,15394.40824275007,5.0
RETAIL_00551,iPhone 15 Pro,Sydney-GeorgeSt,2024-09-26,3840.662243954208,1.0
RETAIL_00552,AirPods Max,London-RegentSt,2024-10-20,7003.996682696998,2.0
RETAIL_00553,iPad Pro,London-RegentSt,2024-09-22,20011.632880094152,6.0
RETAIL_00554,iPhone 15 Pro,Sydney-GeorgeSt,2024-10-31,3957.098455444134,6.0
RETAIL_00555,Apple Watch Ultra,Sydney-GeorgeSt,2024-11-27,6087.303217001117,8.0
RETAIL_00556,iPhone 15 Pro,Paris-Opera,2024-11-05,12904.327339736768,4.0
RETAIL_00557,Apple Watch Ultra,Sydney-GeorgeSt,2024-10-14,10239.198997727326,4.0
RETAIL_00558,AirPods Max,NYC-FifthAve,2024-08-28,22691.116071067998,8.0
RETAIL_00559,iPad Pro,Sydney-GeorgeSt,2024-08-25,10923.906242561343,7.0
RETAIL_00560,iPad Pro,London-RegentSt,2024-11-11,29114.276863592353,8.0
RETAIL_00561,iPad Pro,Tokyo-Ginza,2024-08-16,2006.4269613010968,3.0
RETAIL_00562,iPad Pro,NYC-FifthAve,2024-12-02,870.9131097613417,6.0
RETAIL_00563,iPhone 15 Pro,Paris-Opera,2024-11-26,5411.867594164524,2.0
RETAIL_00564,Apple Watch Ultra,Tokyo-Ginza,2024-07-29,29811.649758438514,8.0
RETAIL_00565,iPad Pro,Tokyo-Ginza,2024-08-18,10116.37505613442,7.0
RETAIL_00566,iPad Pro,Tokyo-Ginza,2024-08-18,18003.51284201034,7.0
RETAIL_00567,Vision Pro,Tokyo-Ginza,2024-12-05,4368.404652891832,5.0
RETAIL_00568,Apple Watch Ultra,NYC-FifthAve,2024-08-14,11676.135921750683,6.0
RETAIL_00569,Vision Pro,Paris-Opera,2024-10-25,21663.937365898855,8.0
RETAIL_00570,iPad Pro,NYC-FifthAve,2024-07-15,26152.21424326436,9.0
RETAIL_00571,iPhone 15 Pro,Tokyo-Ginza,2024-11-05,6105.5195850385335,2.0
RETAIL_00572,MacBook Air M3,NYC-FifthAve,2024-12-21,8778.889966760442,7.0
RETAIL_00574,AirPods Max,Paris-Opera,2024-11-27,10137.641573876248,5.0
RETAIL_00575,iPad Pro,Paris-Opera,2024-12-10,15825.294791887307,6.0
RETAIL_00577,Apple Watch Ultra,Sydney-GeorgeSt,2024-07-22,26721.02857139532,7.0
RETAIL_00578,Vision Pro,NYC-FifthAve,2024-09-18,10523.149504583167,4.0
RETAIL_00579,AirPods Max,Tokyo-Ginza,2024-09-17,2231.7275281981815,9.0
RETAIL_00580,iPad Pro,Sydney-GeorgeSt,2024-12-01,809.9996106956183,2.0
RETAIL_00581,AirPods Max,London-RegentSt,2024-10-24,2521.2078112091667,4.0
RETAIL_00582,Vision Pro,Sydney-GeorgeSt,2024-09-30,7694.005646625169,3.0
RETAIL_00583,AirPods Max,London-RegentSt,2024-09-19,8560.983026351609,8.0
RETAIL_00584,iPhone 15 Pro,Paris-Opera,2024-11-07,4468.765020650131,3.0
RETAIL_00585,AirPods Max,Tokyo-Ginza,2024-10-15,651.725309544818,1.0
RETAIL_00586,iPhone 15 Pro,London-RegentSt,2024-12-07,13895.218600903643,4.0
RETAIL_00587,Apple Watch Ultra,Tokyo-Ginza,2024-10-07,7007.83765029839,4.0
RETAIL_00588,iPhone 15 Pro,Tokyo-Ginza,2024-09-24,18250.51458783479,6.0
RETAIL_00590,AirPods Max,NYC-FifthAve,2024-10-05,5594.319432535721,3.0
RETAIL_00591,MacBook Air M3,Tokyo-Ginza,2024-10-13,15598.06650506748,5.0
RETAIL_00593,iPhone 15 Pro,London-RegentSt,2024-11-25,14825.362533585683,4.0
RETAIL_00594,iPad Pro,NYC-FifthAve,2024-10-07,12281.459450849905,8.0
RETAIL_00596,iPad Pro,Tokyo-Ginza,2024-11-17,602.3840163347513,4.0
RETAIL_00597,Apple Watch Ultra,Paris-Opera,2024-10-17,2099.6747545695366,1.0
RETAIL_00598,Apple Watch Ultra,Tokyo-Ginza,2024-08-01,22850.5130286505,9.0
RETAIL_00599,Apple Watch Ultra,London-RegentSt,2024-10-11,3391.7076873618516,7.0
RETAIL_00600,iPad Pro,London-RegentSt,2024-07-17,5056.042732794376,3.0
RETAIL_00601,Vision Pro,Sydney-GeorgeSt,2024-09-30,860.6177507741646,2.0
RETAIL_00602,iPhone 15 Pro,NYC-FifthAve,2024-09-02,24392.06549774586,7.0
RETAIL_00603,Apple Watch Ultra,Sydney-GeorgeSt,2024-09-13,6363.413411980437,3.0
RETAIL_00604,MacBook Air M3,Tokyo-Ginza,2024-11-10,3806.4881792749575,3.0
RETAIL_00605,AirPods Max,Tokyo-Ginza,2024-11-23,6536.2353607348905,4.0
RETAIL_00606,Vision Pro,London-RegentSt,2024-08-18,11895.445244076143,9.0
RETAIL_00607,iPhone 15 Pro,NYC-FifthAve,2024-11-15,16886.999931702907,7.0
RETAIL_00608,iPhone 15 Pro,Paris-Opera,2024-11-24,21070.948389190125,7.0
RETAIL_00609,Apple Watch Ultra,NYC-FifthAve,2024-09-09,10498.08371775687,7.0
RETAIL_00610,iPhone 15 Pro,Tokyo-Ginza,2024-11-23,10062.17424592858,9.0
RETAIL_00611,Apple Watch Ultra,London-RegentSt,2024-09-25,6329.000484862725,2.0
RETAIL_00612,MacBook Air M3,Paris-Opera,2024-11-27,173.3655634658112,5.0
RETAIL_00613,AirPods Max,NYC-FifthAve,2024-07-29,2453.8768145367508,2.0
RETAIL_00614,iPhone 15 Pro,Sydney-GeorgeSt,2024-12-07,16518.302712023615,6.0
RETAIL_00615,Vision Pro,Sydney-GeorgeSt,2024-08-30,9807.40051213052,3.0
RETAIL_00618,iPad Pro,London-RegentSt,2024-07-12,4186.616878051586,9.0
RETAIL_00621,iPhone 15 Pro,Paris-Opera,2024-08-30,6112.882209317792,2.0
RETAIL_00622,MacBook Air M3,Paris-Opera,2024-07-31,11649.418328502974,6.0
RETAIL_00623,iPhone 15 Pro,Paris-Opera,2024-07-07,7229.586113438416,4.0
RETAIL_00624,AirPods Max,Paris-Opera,2024-10-12,4070.4968902930477,5.0
RETAIL_00625,AirPods Max,Paris-Opera,2024-07-27,707.5328411656951,3.0
RETAIL_00626,iPad Pro,London-RegentSt,2024-09-14,18193.36240908334,6.0
RETAIL_00627,MacBook Air M3,Paris-Opera,2024-08-14,11925.447299052907,3.0
RETAIL_00628,iPad Pro,Sydney-GeorgeSt,2024-07-15,19014.229305719786,6.0
RETAIL_00629,Apple Watch Ultra,Sydney-GeorgeSt,2024-11-18,11495.343378734118,7.0
RETAIL_00630,MacBook Air M3,Sydney-GeorgeSt,2024-11-16,12780.726170312257,4.0
RETAIL_00631,iPad Pro,Sydney-GeorgeSt,2024-10-31,21316.418820043615,8.0
RETAIL_00632,Vision Pro,Sydney-GeorgeSt,2024-08-01,13980.132445451063,5.0
RETAIL_00634,Vision Pro,Sydney-GeorgeSt,2024-10-29,10288.103914478543,9.0
RETAIL_00635,Vision Pro,Tokyo-Ginza,2024-07-31,8694.21165601077,3.0
RETAIL_00636,AirPods Max,Tokyo-Ginza,2024-08-12,12405.311409951226,6.0
RETAIL_00637,iPad Pro,Tokyo-Ginza,2024-08-15,8081.103566774616,8.0
RETAIL_00638,iPad Pro,London-RegentSt,2024-07-27,1281.3695209327261,3.0
RETAIL_00640,iPhone 15 Pro,Tokyo-Ginza,2024-08-14,303.60281643757963,5.0
RETAIL_00641,iPhone 15 Pro,Tokyo-Ginza,2024-08-13,14789.73247079655,5.0
RETAIL_00642,iPad Pro,Paris-Opera,2024-08-01,529.7266999096083,3.0
RETAIL_00644,AirPods Max,NYC-FifthAve,2024-09-14,5747.17541925772,2.0
RETAIL_00645,Vision Pro,London-RegentSt,2024-12-17,6491.7064612870345,9.0
RETAIL_00646,MacBook Air M3,Tokyo-Ginza,2024-11-04,25395.191548419374,8.0
RETAIL_00647,AirPods Max,Sydney-GeorgeSt,2024-09-14,7176.2065907413335,7.0
RETAIL_00648,MacBook Air M3,NYC-FifthAve,2024-11-29,1273.692580009958,3.0
RETAIL_00649,iPad Pro,Paris-Opera,2024-08-21,17317.212761182316,5.0
RETAIL_00651,AirPods Max,NYC-FifthAve,2024-08-22,2350.0725295601887,9.0
RETAIL_00652,iPad Pro,NYC-FifthAve,2024-08-29,8033.834075594212,7.0
RETAIL_00653,AirPods Max,Sydney-GeorgeSt,2024-10-26,15672.037879922873,5.0
RETAIL_00654,Apple Watch Ultra,Tokyo-Ginza,2024-09-11,2039.8970184246987,4.0
RETAIL_00655,AirPods Max,Paris-Opera,2024-09-22,17338.207252634984,8.0
RETAIL_00659,Vision Pro,Tokyo-Ginza,2024-12-02,23354.296462189006,6.0
RETAIL_00660,Apple Watch Ultra,Tokyo-Ginza,2024-07-24,2316.011947988025,1.0
RETAIL_00661,MacBook Air M3,Paris-Opera,2024-09-19,28640.87619861831,8.0
RETAIL_00662,MacBook Air M3,Paris-Opera,2024-10-06,3337.52919291501,1.0
RETAIL_00663,MacBook Air M3,Paris-Opera,2024-08-15,11003.434581656331,5.0
RETAIL_00664,Apple Watch Ultra,Sydney-GeorgeSt,2024-08-08,15169.22496206647,9.0
RETAIL_00665,MacBook Air M3,NYC-FifthAve,2024-07-25,124.52264806121298,1.0
RETAIL_00666,MacBook Air M3,Sydney-GeorgeSt,2024-08-22,178.54374143278093,3.0
RETAIL_00667,iPad Pro,Sydney-GeorgeSt,2024-12-10,11970.401848280948,3.0
RETAIL_00669,MacBook Air M3,London-RegentSt,2024-10-30,26660.9187368435,9.0
RETAIL_00670,Vision Pro,Tokyo-Ginza,2024-08-15,11077.422494443295,4.0
RETAIL_00671,Vision Pro,Tokyo-Ginza,2024-08-22,7270.040739790029,8.0
RETAIL_00672,Apple Watch Ultra,NYC-FifthAve,2024-07-01,7565.864068349765,4.0
RETAIL_00676,AirPods Max,Tokyo-Ginza,2024-09-23,9617.077297267031,5.0
RETAIL_00677,Vision Pro,Tokyo-Ginza,2024-12-13,7028.602840120475,4.0
RETAIL_00678,iPhone 15 Pro,London-RegentSt,2024-10-26,9433.347330306564,8.0
RETAIL_00679,Apple Watch Ultra,London-RegentSt,2024-11-05,5954.51851640552,5.0
RETAIL_00680,AirPods Max,Sydney-GeorgeSt,2024-12-16,10016.07422736873,6.0
RETAIL_00681,Apple Watch Ultra,Paris-Opera,2024-08-17,2632.986453500185,2.0
RETAIL_00682,iPad Pro,Sydney-GeorgeSt,2024-08-17,1596.8249123207402,1.0
RETAIL_00683,iPad Pro,Sydney-GeorgeSt,2024-11-25,18779.142694845268,9.0
RETAIL_00684,iPad Pro,NYC-FifthAve,2024-09-06,3346.910611524742,1.0
RETAIL_00685,MacBook Air M3,Sydney-GeorgeSt,2024-12-06,9608.73936707463,7.0
RETAIL_00688,Vision Pro,NYC-FifthAve,2024-07-13,9145.379404531915,5.0
RETAIL_00689,iPad Pro,Paris-Opera,2024-12-05,4957.760503110411,4.0
RETAIL_00691,AirPods Max,Tokyo-Ginza,2024-11-22,9380.678942622511,6.0
RETAIL_00693,AirPods Max,London-RegentSt,2024-11-30,5959.605061190288,4.0
RETAIL_00694,iPhone 15 Pro,Paris-Opera,2024-08-21,8094.631914587044,6.0
RETAIL_00696,iPhone 15 Pro,NYC-FifthAve,2024-10-19,466.9354953280547,1.0
RETAIL_00697,MacBook Air M3,Sydney-GeorgeSt,2024-08-22,4329.801620076626,2.0
RETAIL_00698,iPad Pro,London-RegentSt,2024-10-01,3086.947909120111,2.0
RETAIL_00699,AirPods Max,Tokyo-Ginza,2024-07-30,26162.30323642309,9.0
RETAIL_00700,iPhone 15 Pro,Paris-Opera,2024-11-15,1947.0810141218378,3.0
RETAIL_00701,Apple Watch Ultra,NYC-FifthAve,2024-11-19,3202.5920293735444,8.0
RETAIL_00702,Apple Watch Ultra,Paris-Opera,2024-10-04,382.12932538553275,3.0
RETAIL_00703,Vision Pro,NYC-FifthAve,2024-11-25,2230.4855034829793,8.0
RETAIL_00704,MacBook Air M3,London-RegentSt,2024-10-25,13366.44684216048,5.0
RETAIL_00705,MacBook Air M3,Sydney-GeorgeSt,2024-10-03,2418.239880260982,1.0
RETAIL_00706,MacBook Air M3,Tokyo-Ginza,2024-07-08,19828.757836946897,7.0
RETAIL_00708,Vision Pro,Tokyo-Ginza,2024-09-28,2828.00368794687,1.0
RETAIL_00711,Apple Watch Ultra,Tokyo-Ginza,2024-10-19,255.49940663840107,1.0
RETAIL_00712,iPad Pro,Sydney-GeorgeSt,2024-12-02,7486.689461165412,2.0
RETAIL_00713,iPad Pro,London-RegentSt,2024-12-21,15593.360785141384,8.0
RETAIL_00714,iPad Pro,NYC-FifthAve,2024-12-23,23061.55403940749,6.0
RETAIL_00716,AirPods Max,Sydney-GeorgeSt,2024-09-05,16908.225465637533,7.0
RETAIL_00717,Apple Watch Ultra,Sydney-GeorgeSt,2024-12-08,3941.2921022614664,7.0
RETAIL_00719,iPhone 15 Pro,NYC-FifthAve,2024-11-10,5265.094583969667,3.0
RETAIL_00720,iPhone 15 Pro,Tokyo-Ginza,2024-10-01,19576.187446626653,7.0
RETAIL_00722,iPhone 15 Pro,Paris-Opera,2024-09-09,12130.26474103453,7.0
RETAIL_00723,iPhone 15 Pro,Paris-Opera,2024-11-16,7048.708442965518,2.0
RETAIL_00725,MacBook Air M3,Tokyo-Ginza,2024-09-01,1444.6506598848327,8.0
RETAIL_00727,Vision Pro,Tokyo-Ginza,2024-12-14,5846.0224657158815,6.0
RETAIL_00728,Apple Watch Ultra,Tokyo-Ginza,2024-08-30,8800.297145583656,4.0
RETAIL_00729,AirPods Max,Tokyo-Ginza,2024-08-18,18754.22297516917,7.0
RETAIL_00730,Apple Watch Ultra,NYC-FifthAve,2024-12-18,1525.1273357114324,9.0
RETAIL_00731,Apple Watch Ultra,Tokyo-Ginza,2024-08-18,9722.76471912092,4.0
RETAIL_00732,MacBook Air M3,Tokyo-Ginza,2024-07-23,19394.405879642807,6.0
RETAIL_00735,MacBook Air M3,London-RegentSt,2024-11-15,4745.907596847177,2.0
RETAIL_00736,Vision Pro,NYC-FifthAve,2024-08-03,222.4355951545076,8.0
RETAIL_00737,iPhone 15 Pro,London-RegentSt,2024-09-19,2943.5670799048894,1.0
RETAIL_00738,MacBook Air M3,Tokyo-Ginza,2024-07-26,27612.992871221984,8.0
RETAIL_00739,iPad Pro,Paris-Opera,2024-10-10,7312.24937253536,4.0
RETAIL_00740,iPad Pro,Tokyo-Ginza,2024-08-23,15503.585154062945,9.0
RETAIL_00741,AirPods Max,Tokyo-Ginza,2024-08-15,5258.140968575016,2.0
RETAIL_00742,iPhone 15 Pro,NYC-FifthAve,2024-08-03,7592.248121049333,3.0
RETAIL_00743,AirPods Max,Paris-Opera,2024-11-02,1016.4717082911504,2.0
RETAIL_00744,MacBook Air M3,London-RegentSt,2024-09-07,2067.535469152671,2.0
RETAIL_00745,iPad Pro,NYC-FifthAve,2024-09-08,10673.027960176538,4.0
RETAIL_00746,Apple Watch Ultra,Tokyo-Ginza,2024-12-02,5200.09195086352,5.0
RETAIL_00747,AirPods Max,Tokyo-Ginza,2024-12-19,10000.98337877956,3.0
RETAIL_00748,MacBook Air M3,NYC-FifthAve,2024-12-11,1397.09306816786,1.0
RETAIL_00749,iPhone 15 Pro,London-RegentSt,2024-10-03,483.2193253024509,2.0
RETAIL_00750,AirPods Max,Sydney-GeorgeSt,2024-09-10,596.3994913003796,1.0
RETAIL_00753,iPhone 15 Pro,London-RegentSt,2024-08-21,740.292788033858,2.0
RETAIL_00754,AirPods Max,Paris-Opera,2024-11-30,9949.020821070368,3.0
RETAIL_00755,Apple Watch Ultra,Paris-Opera,2024-10-16,542.1521866578048,2.0
RETAIL_00756,Apple Watch Ultra,Sydney-GeorgeSt,2024-07-27,30363.261059976994,9.0
RETAIL_00757,iPhone 15 Pro,NYC-FifthAve,2024-10-22,12889.095022452395,7.0
RETAIL_00758,iPhone 15 Pro,NYC-FifthAve,2024-11-17,15873.70712602419,5.0
RETAIL_00759,iPhone 15 Pro,Paris-Opera,2024-08-31,15360.067313137151,5.0
RETAIL_00760,Apple Watch Ultra,Sydney-GeorgeSt,2024-11-20,5988.075732458253,9.0
RETAIL_00762,Apple Watch Ultra,Tokyo-Ginza,2024-07-20,30105.2417183906,8.0
RETAIL_00763,Apple Watch Ultra,Sydney-GeorgeSt,2024-08-14,11311.886787846566,3.0
RETAIL_00764,AirPods Max,Tokyo-Ginza,2024-07-04,18633.575639512925,7.0
RETAIL_00765,Vision Pro,NYC-FifthAve,2024-12-07,19009.66452701909,8.0
RETAIL_00766,Vision Pro,Paris-Opera,2024-12-01,1468.794747126722,6.0
RETAIL_00767,MacBook Air M3,NYC-FifthAve,2024-08-12,1682.6745842833548,2.0
RETAIL_00768,iPad Pro,Sydney-GeorgeSt,2024-08-04,14887.76011113649,5.0
RETAIL_00769,iPad Pro,London-RegentSt,2024-09-29,19195.084007226887,5.0
RETAIL_00770,iPhone 15 Pro,NYC-FifthAve,2024-07-12,11549.593717835183,6.0
RETAIL_00771,iPhone 15 Pro,Tokyo-Ginza,2024-12-06,4740.597618989542,2.0
RETAIL_00772,Vision Pro,Sydney-GeorgeSt,2024-08-25,485.48626756635247,3.0
RETAIL_00774,AirPods Max,Paris-Opera,2024-10-29,23627.20881735654,7.0
RETAIL_00775,MacBook Air M3,Paris-Opera,2024-07-15,1166.4347235491737,2.0
RETAIL_00776,iPad Pro,Sydney-GeorgeSt,2024-08-22,3911.443058001548,7.0
RETAIL_00778,iPad Pro,Tokyo-Ginza,2024-08-14,2861.328036841625,1.0
RETAIL_00779,AirPods Max,NYC-FifthAve,2024-12-07,7083.696057935434,3.0
RETAIL_00780,AirPods Max,Tokyo-Ginza,2024-10-09,15654.533712820099,4.0
RETAIL_00781,AirPods Max,Sydney-GeorgeSt,2024-07-29,8716.047615487701,6.0
RETAIL_00782,MacBook Air M3,Paris-Opera,2024-09-29,16195.785367615028,7.0
RETAIL_00783,Vision Pro,Paris-Opera,2024-07-05,2220.2436663992257,1.0
RETAIL_00784,Apple Watch Ultra,Sydney-GeorgeSt,2024-08-03,7695.874996498128,2.0
RETAIL_00785,MacBook Air M3,Sydney-GeorgeSt,2024-09-05,13684.4064912056,4.0
RETAIL_00786,Apple Watch Ultra,NYC-FifthAve,2024-07-02,11525.524369897663,4.0
RETAIL_00787,MacBook Air M3,Paris-Opera,2024-09-20,2330.2462765719606,2.0
RETAIL_00788,iPad Pro,NYC-FifthAve,2024-10-22,8219.1061716131,5.0
RETAIL_00789,Vision Pro,NYC-FifthAve,2024-09-20,9295.618955192165,5.0
RETAIL_00790,Vision Pro,Tokyo-Ginza,2024-10-18,2161.054220690809,1.0
RETAIL_00791,MacBook Air M3,London-RegentSt,2024-07-22,17555.846769006766,7.0
RETAIL_00793,Apple Watch Ultra,Paris-Opera,2024-12-05,10621.53645224952,4.0
RETAIL_00794,MacBook Air M3,Paris-Opera,2024-12-20,6552.725220279634,2.0
RETAIL_00795,MacBook Air M3,London-RegentSt,2024-07-02,25203.91394263166,7.0
RETAIL_00797,MacBook Air M3,Tokyo-Ginza,2024-12-24,1635.1447117890311,9.0
RETAIL_00798,MacBook Air M3,London-RegentSt,2024-11-12,8666.626705588274,3.0
RETAIL_00799,MacBook Air M3,NYC-FifthAve,2024-09-02,2413.8961850358273,3.0
RETAIL_00800,MacBook Air M3,London-RegentSt,2024-12-04,3049.232271350252,1.0
RETAIL_00801,AirPods Max,Sydney-GeorgeSt,2024-09-21,3875.309958487565,2.0
RETAIL_00803,MacBook Air M3,Tokyo-Ginza,2024-09-30,31118.66399450646,9.0
RETAIL_00805,iPad Pro,London-RegentSt,2024-07-26,15691.035219300524,5.0
RETAIL_00806,iPad Pro,Paris-Opera,2024-09-06,4978.971730483894,8.0
RETAIL_00807,MacBook Air M3,Sydney-GeorgeSt,2024-08-18,14420.50184589522,7.0
RETAIL_00809,Vision Pro,London-RegentSt,2024-12-27,4564.759858792752,2.0
RETAIL_00810,iPad Pro,Tokyo-Ginza,2024-07-23,17367.950623325432,6.0
RETAIL_00812,MacBook Air M3,Sydney-GeorgeSt,2024-08-02,12825.818697543931,6.0
RETAIL_00813,Vision Pro,Paris-Opera,2024-09-22,11072.062684490034,4.0
RETAIL_00814,iPhone 15 Pro,Tokyo-Ginza,2024-07-14,7454.7452872525255,6.0
RETAIL_00815,Apple Watch Ultra,London-RegentSt,2024-12-12,18654.609604833196,6.0
RETAIL_00816,MacBook Air M3,Tokyo-Ginza,2024-07-10,991.6259680428501,4.0
RETAIL_00818,iPad Pro,Paris-Opera,2024-09-12,7395.105523053166,3.0
RETAIL_00819,AirPods Max,NYC-FifthAve,2024-07-17,21138.024855444055,7.0
RETAIL_00820,Apple Watch Ultra,Sydney-GeorgeSt,2024-12-01,1266.4099398070894,4.0
RETAIL_00822,iPhone 15 Pro,Tokyo-Ginza,2024-12-13,12722.630694840063,9.0
RETAIL_00823,AirPods Max,Sydney-GeorgeSt,2024-07-20,15797.573897441318,4.0
RETAIL_00824,Vision Pro,NYC-FifthAve,2024-10-08,9697.016200874607,7.0
RETAIL_00827,iPhone 15 Pro,Tokyo-Ginza,2024-09-12,10928.481995775368,9.0
RETAIL_00828,Apple Watch Ultra,NYC-FifthAve,2024-07-20,9847.145671248227,4.0
RETAIL_00829,iPad Pro,NYC-FifthAve,2024-07-05,11618.114864985055,8.0
RETAIL_00831,Apple Watch Ultra,London-RegentSt,2024-10-10,138.83195076936863,2.0
RETAIL_00832,AirPods Max,London-RegentSt,2024-07-02,24963.83122781318,9.0
RETAIL_00833,iPad Pro,Paris-Opera,2024-12-10,5489.174995084039,3.0
RETAIL_00834,MacBook Air M3,London-RegentSt,2024-07-13,6840.0260186780215,3.0
RETAIL_00835,MacBook Air M3,Sydney-GeorgeSt,2024-12-16,4069.0648932138115,6.0
RETAIL_00836,iPhone 15 Pro,Paris-Opera,2024-07-07,21582.51628570541,8.0
RETAIL_00837,iPhone 15 Pro,Sydney-GeorgeSt,2024-09-02,25107.43340109104,8.0
RETAIL_00838,AirPods Max,Sydney-GeorgeSt,2024-10-03,18262.237439316465,8.0
RETAIL_00839,MacBook Air M3,Tokyo-Ginza,2024-08-04,8529.198638912392,3.0
RETAIL_00840,MacBook Air M3,NYC-FifthAve,2024-10-09,31399.577514940487,8.0
RETAIL_00841,MacBook Air M3,London-RegentSt,2024-12-04,16781.194841954013,9.0
RETAIL_00842,AirPods Max,Tokyo-Ginza,2024-09-16,26320.606424280963,9.0
RETAIL_00843,Vision Pro,NYC-FifthAve,2024-08-03,20589.33686034034,9.0
RETAIL_00844,iPad Pro,Sydney-GeorgeSt,2024-11-23,26500.32904884808,7.0
RETAIL_00845,iPhone 15 Pro,NYC-FifthAve,2024-10-09,20834.36754342023,7.0
RETAIL_00846,iPad Pro,NYC-FifthAve,2024-07-13,6581.897249067664,3.0
RETAIL_00847,Apple Watch Ultra,Tokyo-Ginza,2024-09-04,10179.110432156598,5.0
RETAIL_00848,Apple Watch Ultra,NYC-FifthAve,2024-08-31,8008.094337937469,9.0
RETAIL_00849,Vision Pro,Paris-Opera,2024-09-14,924.6203909458306,1.0
RETAIL_00850,AirPods Max,London-RegentSt,2024-09-23,6426.140732889266,4.0
RETAIL_00851,MacBook Air M3,London-RegentSt,2024-12-05,12860.45532301687,9.0
RETAIL_00852,Vision Pro,Sydney-GeorgeSt,2024-11-22,20161.78735008053,9.0
RETAIL_00853,iPad Pro,Sydney-GeorgeSt,2024-11-09,6256.045917148013,2.0
RETAIL_00854,iPad Pro,London-RegentSt,2024-10-14,5518.962196964324,4.0
RETAIL_00855,AirPods Max,Tokyo-Ginza,2024-09-04,3149.8590718105306,1.0
RETAIL_00856,iPad Pro,Sydney-GeorgeSt,2024-12-15,1243.353747967601,4.0
RETAIL_00857,iPhone 15 Pro,London-RegentSt,2024-09-14,23590.235453854628,6.0
RETAIL_00858,AirPods Max,Tokyo-Ginza,2024-08-10,21724.953545912642,6.0
RETAIL_00860,Vision Pro,London-RegentSt,2024-11-07,3997.954455923037,9.0
RETAIL_00861,iPhone 15 Pro,Sydney-GeorgeSt,2024-10-25,12050.032579208586,7.0
RETAIL_00863,Apple Watch Ultra,London-RegentSt,2024-11-23,15972.965103611165,5.0
RETAIL_00864,iPhone 15 Pro,NYC-FifthAve,2024-07-13,1151.498250956859,7.0
RETAIL_00865,Vision Pro,Sydney-GeorgeSt,2024-07-14,2425.1515790667186,1.0
RETAIL_00867,iPhone 15 Pro,Paris-Opera,2024-09-06,4383.195467778257,2.0
RETAIL_00868,iPhone 15 Pro,Sydney-GeorgeSt,2024-12-14,7186.6207647096335,2.0
RETAIL_00869,iPhone 15 Pro,Tokyo-Ginza,2024-10-02,9102.33509686081,6.0
RETAIL_00870,Apple Watch Ultra,London-RegentSt,2024-12-07,25766.645022294768,9.0
RETAIL_00871,Vision Pro,NYC-FifthAve,2024-08-03,13958.400120153869,7.0
RETAIL_00872,iPad Pro,Paris-Opera,2024-07-19,12898.801434641335,4.0
RETAIL_00873,iPad Pro,Sydney-GeorgeSt,2024-07-07,8029.11699798893,4.0
RETAIL_00874,Vision Pro,NYC-FifthAve,2024-08-31,3922.7619526378785,3.0
RETAIL_00875,iPhone 15 Pro,Tokyo-Ginza,2024-08-17,5313.132074935475,2.0
RETAIL_00876,iPad Pro,Tokyo-Ginza,2024-07-01,959.1351745668995,3.0
RETAIL_00877,MacBook Air M3,Tokyo-Ginza,2024-10-20,4093.0726701950034,2.0
RETAIL_00878,Vision Pro,Tokyo-Ginza,2024-08-26,8666.797682559036,3.0
RETAIL_00879,MacBook Air M3,NYC-FifthAve,2024-07-29,105.25966420887096,1.0
RETAIL_00880,iPhone 15 Pro,Tokyo-Ginza,2024-12-14,24101.121654919927,8.0
RETAIL_00881,MacBook Air M3,NYC-FifthAve,2024-09-19,29768.669666651418,8.0
RETAIL_00882,MacBook Air M3,Sydney-GeorgeSt,2024-09-06,12307.333649599463,7.0
RETAIL_00884,Vision Pro,London-RegentSt,2024-10-08,888.3265360458245,3.0
RETAIL_00885,AirPods Max,Tokyo-Ginza,2024-07-20,8602.495668244932,4.0
RETAIL_00886,Vision Pro,Tokyo-Ginza,2024-10-25,15642.815007057052,4.0
RETAIL_00887,iPhone 15 Pro,Sydney-GeorgeSt,2024-09-07,5353.462881649388,2.0
RETAIL_00889,MacBook Air M3,Paris-Opera,2024-08-22,4233.358593841776,2.0
RETAIL_00890,AirPods Max,Tokyo-Ginza,2024-10-12,11521.09716680612,5.0
RETAIL_00891,MacBook Air M3,Paris-Opera,2024-08-04,16954.318391623623,5.0
RETAIL_00892,Apple Watch Ultra,Sydney-GeorgeSt,2024-08-07,5118.973649864265,5.0
RETAIL_00893,AirPods Max,London-RegentSt,2024-09-25,662.243990680935,2.0
RETAIL_00894,AirPods Max,Sydney-GeorgeSt,2024-07-28,10655.296394328627,4.0
RETAIL_00895,AirPods Max,Tokyo-Ginza,2024-10-12,32921.319575332716,9.0
RETAIL_00896,Vision Pro,Paris-Opera,2024-11-29,6676.24990122529,5.0
RETAIL_00897,Apple Watch Ultra,Tokyo-Ginza,2024-08-03,135.07896512628054,6.0
RETAIL_00898,iPhone 15 Pro,NYC-FifthAve,2024-11-13,13428.453919037733,9.0
RETAIL_00899,AirPods Max,Tokyo-Ginza,2024-12-04,460.4176028578497,1.0
RETAIL_00901,Vision Pro,NYC-FifthAve,2024-08-05,8781.654818974781,8.0
RETAIL_00904,AirPods Max,Tokyo-Ginza,2024-10-04,6786.285947068091,3.0
RETAIL_00905,Vision Pro,London-RegentSt,2024-08-23,4486.010875428674,3.0
RETAIL_00906,iPhone 15 Pro,Sydney-GeorgeSt,2024-10-23,20407.74016310327,9.0
RETAIL_00908,AirPods Max,Paris-Opera,2024-08-22,6035.1715868623705,3.0
RETAIL_00911,MacBook Air M3,London-RegentSt,2024-07-20,18195.238768224044,9.0
RETAIL_00912,iPad Pro,Tokyo-Ginza,2024-12-25,9973.655881208972,5.0
RETAIL_00913,Apple Watch Ultra,NYC-FifthAve,2024-07-19,29574.336803211623,8.0
RETAIL_00914,iPhone 15 Pro,Paris-Opera,2024-09-30,15419.221589643521,6.0
RETAIL_00915,Vision Pro,London-RegentSt,2024-07-18,1652.224291716876,1.0
RETAIL_00916,AirPods Max,London-RegentSt,2024-09-16,6910.30266028164,3.0
RETAIL_00917,Vision Pro,NYC-FifthAve,2024-07-13,1053.1476372529855,1.0
RETAIL_00918,MacBook Air M3,Paris-Opera,2024-08-15,10831.903500204851,5.0
RETAIL_00919,iPhone 15 Pro,Tokyo-Ginza,2024-09-02,2356.0852646524104,1.0
RETAIL_00921,Vision Pro,Tokyo-Ginza,2024-07-25,4230.270746190766,4.0
RETAIL_00922,Apple Watch Ultra,Tokyo-Ginza,2024-08-20,19558.51555382172,5.0
RETAIL_00924,AirPods Max,NYC-FifthAve,2024-12-09,9487.750427709487,8.0
RETAIL_00926,Apple Watch Ultra,Paris-Opera,2024-09-27,1976.1961663588168,1.0
RETAIL_00927,iPad Pro,London-RegentSt,2024-08-08,22572.218082671177,6.0
RETAIL_00928,Vision Pro,Tokyo-Ginza,2024-09-08,245.5010108133249,3.0
RETAIL_00930,AirPods Max,Tokyo-Ginza,2024-09-16,6055.786009700983,7.0
RETAIL_00932,AirPods Max,Sydney-GeorgeSt,2024-07-11,26118.941799737226,8.0
RETAIL_00933,MacBook Air M3,Paris-Opera,2024-08-31,9243.831697757956,6.0
RETAIL_00935,AirPods Max,NYC-FifthAve,2024-07-31,2894.536483400957,2.0
RETAIL_00936,Vision Pro,Paris-Opera,2024-12-07,2534.159695573324,1.0
RETAIL_00937,MacBook Air M3,Sydney-GeorgeSt,2024-10-19,24829.035387093758,7.0
RETAIL_00938,Vision Pro,Tokyo-Ginza,2024-10-27,35976.1288081938,9.0
RETAIL_00939,MacBook Air M3,NYC-FifthAve,2024-12-07,23436.201421171805,9.0
RETAIL_00940,iPad Pro,Sydney-GeorgeSt,2024-12-13,4971.023568870282,4.0
RETAIL_00941,Vision Pro,Tokyo-Ginza,2024-09-11,214.69411128876845,6.0
RETAIL_00944,MacBook Air M3,Tokyo-Ginza,2024-11-09,2653.229088146791,2.0
RETAIL_00945,iPhone 15 Pro,London-RegentSt,2024-11-08,25205.4625880094,8.0
RETAIL_00947,Vision Pro,Tokyo-Ginza,2024-09-21,4773.459205615669,3.0
RETAIL_00948,Apple Watch Ultra,Paris-Opera,2024-12-19,18548.92938129545,7.0
RETAIL_00949,Apple Watch Ultra,Sydney-GeorgeSt,2024-07-10,3691.516792718059,1.0
RETAIL_00950,Apple Watch Ultra,Paris-Opera,2024-07-23,7188.658773776768,2.0
RETAIL_00951,MacBook Air M3,Sydney-GeorgeSt,2024-07-14,1477.8631194701961,2.0
RETAIL_00952,iPhone 15 Pro,NYC-FifthAve,2024-10-10,1805.247907008497,4.0
RETAIL_00953,Apple Watch Ultra,London-RegentSt,2024-10-18,1956.1345383176604,2.0
RETAIL_00954,MacBook Air M3,Paris-Opera,2024-10-17,3230.6948889929336,4.0
RETAIL_00955,iPad Pro,Tokyo-Ginza,2024-10-05,18961.5341766168,5.0
RETAIL_00956,Apple Watch Ultra,Sydney-GeorgeSt,2024-12-05,14446.316785272913,6.0
RETAIL_00957,Apple Watch Ultra,NYC-FifthAve,2024-11-18,11841.895433303842,7.0
RETAIL_00958,iPad Pro,Sydney-GeorgeSt,2024-11-21,18577.2836151785,5.0
RETAIL_00959,iPhone 15 Pro,Tokyo-Ginza,2024-09-17,3753.8148679907927,3.0
RETAIL_00961,iPhone 15 Pro,Paris-Opera,2024-08-02,30927.73331923828,9.0
RETAIL_00962,AirPods Max,London-RegentSt,2024-11-30,7473.864500491328,2.0
RETAIL_00963,Apple Watch Ultra,Paris-Opera,2024-09-20,1310.8283940625308,9.0
RETAIL_00964,iPhone 15 Pro,NYC-FifthAve,2024-08-24,261.13235028050394,6.0
RETAIL_00965,iPad Pro,NYC-FifthAve,2024-10-12,32847.32176018818,9.0
RETAIL_00967,iPhone 15 Pro,Sydney-GeorgeSt,2024-11-09,6983.678106098901,2.0
RETAIL_00969,Apple Watch Ultra,Paris-Opera,2024-08-03,1172.191086716503,4.0
RETAIL_00971,MacBook Air M3,Tokyo-Ginza,2024-10-28,22918.699457887804,8.0
RETAIL_00972,Apple Watch Ultra,London-RegentSt,2024-07-15,1913.815798937877,1.0
RETAIL_00973,MacBook Air M3,Sydney-GeorgeSt,2024-08-06,13030.919147033243,6.0
RETAIL_00974,MacBook Air M3,NYC-FifthAve,2024-11-23,21196.50058471998,9.0
RETAIL_00975,Apple Watch Ultra,Tokyo-Ginza,2024-09-20,10196.767794191961,4.0
RETAIL_00976,MacBook Air M3,NYC-FifthAve,2024-08-26,4282.28197310354,5.0
RETAIL_00977,MacBook Air M3,NYC-FifthAve,2024-07-14,981.0802441810805,4.0
RETAIL_00978,iPhone 15 Pro,Sydney-GeorgeSt,2024-09-04,23677.871430754614,6.0
RETAIL_00980,iPad Pro,Sydney-GeorgeSt,2024-11-27,34442.038734745554,9.0
RETAIL_00981,MacBook Air M3,Paris-Opera,2024-10-19,20775.16535322097,7.0
RETAIL_00982,AirPods Max,London-RegentSt,2024-11-07,3443.0201023427035,3.0
RETAIL_00983,MacBook Air M3,NYC-FifthAve,2024-10-03,10834.979128473173,4.0
RETAIL_00985,iPhone 15 Pro,Sydney-GeorgeSt,2024-10-26,6609.314358196376,8.0
RETAIL_00986,MacBook Air M3,Paris-Opera,2024-10-25,10386.186150464004,3.0
RETAIL_00987,Vision Pro,Paris-Opera,2024-07-27,14049.339797131604,7.0
RETAIL_00988,Vision Pro,London-RegentSt,2024-10-30,15495.778278245703,4.0
RETAIL_00989,iPad Pro,NYC-FifthAve,2024-09-23,4632.453289499634,2.0
RETAIL_00990,AirPods Max,NYC-FifthAve,2024-11-22,4388.086871607626,2.0
RETAIL_00991,iPhone 15 Pro,NYC-FifthAve,2024-08-24,5525.580349389807,8.0
RETAIL_00992,Vision Pro,NYC-FifthAve,2024-08-22,1619.4024230498148,2.0
RETAIL_00993,MacBook Air M3,Sydney-GeorgeSt,2024-12-07,8829.621814867676,5.0
RETAIL_00994,MacBook Air M3,Sydney-GeorgeSt,2024-07-07,1480.771432129065,6.0
RETAIL_00996,AirPods Max,London-RegentSt,2024-10-10,1361.5681185766705,6.0
RETAIL_00997,iPhone 15 Pro,London-RegentSt,2024-09-18,13589.671074936761,7.0
RETAIL_00998,iPad Pro,Paris-Opera,2024-08-27,2012.34895317087,1.0
RETAIL_00999,iPhone 15 Pro,NYC-FifthAve,2024-08-31,10011.850934036675,5.0
RETAIL_01000,MacBook Air M3,NYC-FifthAve,2024-08-11,14976.251260462557,8.0
RETAIL_01001,AirPods Max,Paris-Opera,2024-09-09,388.0021447602896,2.0
RETAIL_01002,MacBook Air M3,London-RegentSt,2024-09-29,16699.267708830543,9.0
RETAIL_01003,Apple Watch Ultra,Sydney-GeorgeSt,2024-09-24,17406.7261589005,5.0
RETAIL_01004,iPhone 15 Pro,Paris-Opera,2024-10-21,1928.3012185082077,9.0
RETAIL_01005,iPhone 15 Pro,London-RegentSt,2024-12-03,10741.496314771695,6.0
RETAIL_01006,Apple Watch Ultra,London-RegentSt,2024-12-01,10612.13946270203,4.0
RETAIL_01007,iPhone 15 Pro,Paris-Opera,2024-10-20,23010.249644212032,7.0
RETAIL_01008,MacBook Air M3,NYC-FifthAve,2024-10-07,28817.217956218294,8.0
RETAIL_01009,Apple Watch Ultra,London-RegentSt,2024-11-25,12387.220057598153,6.0
RETAIL_01010,Apple Watch Ultra,London-RegentSt,2024-12-23,8596.072455405969,3.0
RETAIL_01011,MacBook Air M3,Sydney-GeorgeSt,2024-09-21,1722.885939739664,1.0
RETAIL_01012,iPhone 15 Pro,Paris-Opera,2024-08-12,8401.361568875665,9.0
RETAIL_01013,Apple Watch Ultra,Paris-Opera,2024-07-29,5539.129204467126,3.0
RETAIL_01014,MacBook Air M3,Paris-Opera,2024-07-31,7567.050176989942,8.0
RETAIL_01015,Apple Watch Ultra,Tokyo-Ginza,2024-07-24,2356.5582857672184,2.0
RETAIL_01016,Apple Watch Ultra,NYC-FifthAve,2024-09-19,188.46355590993937,7.0
RETAIL_01019,Apple Watch Ultra,London-RegentSt,2024-11-30,27604.937872382423,7.0
RETAIL_01020,Apple Watch Ultra,London-RegentSt,2024-10-19,4367.699930694409,3.0
RETAIL_01022,MacBook Air M3,Tokyo-Ginza,2024-12-02,8084.806125555911,9.0
RETAIL_01023,iPad Pro,Sydney-GeorgeSt,2024-09-12,4510.311992384382,6.0
RETAIL_01024,iPad Pro,NYC-FifthAve,2024-07-27,1603.5897235984335,2.0
RETAIL_01025,AirPods Max,Sydney-GeorgeSt,2024-12-25,17982.603262108758,7.0
RETAIL_01026,iPad Pro,London-RegentSt,2024-09-28,127.76299757636946,1.0
RETAIL_01027,Apple Watch Ultra,Sydney-GeorgeSt,2024-09-01,8074.368441249767,9.0
RETAIL_01028,MacBook Air M3,NYC-FifthAve,2024-12-07,2507.6097277146823,7.0
RETAIL_01029,AirPods Max,London-RegentSt,2024-11-30,1250.4092863276605,2.0
RETAIL_01030,MacBook Air M3,Tokyo-Ginza,2024-09-17,31973.634863474712,8.0
RETAIL_01031,Vision Pro,Tokyo-Ginza,2024-11-13,12819.272210278077,6.0
RETAIL_01032,iPad Pro,London-RegentSt,2024-09-14,1430.4403371358248,4.0
RETAIL_01033,MacBook Air M3,Sydney-GeorgeSt,2024-09-02,12567.712761260032,4.0
RETAIL_01034,iPad Pro,Tokyo-Ginza,2024-12-01,1105.5363311634171,1.0
RETAIL_01035,iPad Pro,London-RegentSt,2024-09-16,9033.150456549312,3.0
RETAIL_01036,iPhone 15 Pro,London-RegentSt,2024-09-24,700.0102776554468,9.0
RETAIL_01037,iPad Pro,Tokyo-Ginza,2024-09-14,28864.973728438257,9.0
RETAIL_01038,Vision Pro,London-RegentSt,2024-11-12,23667.068733338874,7.0
RETAIL_01039,iPad Pro,Paris-Opera,2024-10-02,25769.4893006739,7.0
RETAIL_01041,iPad Pro,NYC-FifthAve,2024-09-17,1054.7839615561684,1.0
RETAIL_01042,Apple Watch Ultra,Paris-Opera,2024-07-17,5670.135626077939,6.0
RETAIL_01043,Vision Pro,Sydney-GeorgeSt,2024-12-07,12710.130272417044,7.0
RETAIL_01044,Vision Pro,Sydney-GeorgeSt,2024-07-25,18359.15447122058,5.0
RETAIL_01045,Vision Pro,Paris-Opera,2024-09-19,5288.485760260194,2.0
RETAIL_01046,AirPods Max,Sydney-GeorgeSt,2024-12-08,3682.846566766324,3.0
RETAIL_01047,MacBook Air M3,London-RegentSt,2024-10-04,14181.067340458798,4.0
RETAIL_01048,AirPods Max,Tokyo-Ginza,2024-07-20,6654.411697243072,2.0
RETAIL_01049,iPad Pro,London-RegentSt,2024-12-17,775.6347316024167,8.0
RETAIL_01050,Apple Watch Ultra,Tokyo-Ginza,2024-07-11,18783.790597596493,5.0
RETAIL_01051,AirPods Max,Sydney-GeorgeSt,2024-07-24,1135.277805988456,6.0
RETAIL_01052,AirPods Max,NYC-FifthAve,2024-09-23,9618.418148346063,7.0
RETAIL_01053,AirPods Max,London-RegentSt,2024-12-04,1976.3910609421537,2.0
RETAIL_01054,iPad Pro,Tokyo-Ginza,2024-12-26,4645.275092168307,2.0
RETAIL_01055,AirPods Max,NYC-FifthAve,2024-12-13,2354.1587272250554,8.0
RETAIL_01056,Vision Pro,Tokyo-Ginza,2024-10-30,14841.274059325791,8.0
RETAIL_01057,AirPods Max,London-RegentSt,2024-12-21,21693.48935966503,6.0
RETAIL_01058,iPad Pro,NYC-FifthAve,2024-08-16,4154.408593321563,6.0
RETAIL_01059,MacBook Air M3,London-RegentSt,2024-09-29,12950.289192135577,6.0
RETAIL_01060,iPhone 15 Pro,NYC-FifthAve,2024-08-06,11464.967250757494,8.0
RETAIL_01061,AirPods Max,Sydney-GeorgeSt,2024-11-17,299.17793558536175,7.0
RETAIL_01062,MacBook Air M3,Paris-Opera,2024-12-12,4530.130333760267,2.0
RETAIL_01063,AirPods Max,NYC-FifthAve,2024-12-16,8357.270754263582,6.0
RETAIL_01065,iPad Pro,London-RegentSt,2024-08-31,19254.439026170825,5.0
RETAIL_01066,AirPods Max,Tokyo-Ginza,2024-11-05,15189.46797878814,5.0
RETAIL_01067,AirPods Max,Tokyo-Ginza,2024-08-14,9374.704010171303,7.0
RETAIL_01068,iPhone 15 Pro,London-RegentSt,2024-08-12,6010.950537090084,7.0
RETAIL_01069,Vision Pro,London-RegentSt,2024-09-10,2355.246532026745,1.0
RETAIL_01070,Vision Pro,London-RegentSt,2024-07-22,1099.3265639862398,7.0
RETAIL_01071,Vision Pro,Paris-Opera,2024-07-04,1787.1155136848283,2.0
RETAIL_01072,AirPods Max,London-RegentSt,2024-12-09,25618.179964904495,8.0
RETAIL_01074,MacBook Air M3,NYC-FifthAve,2024-09-21,11735.856617739208,4.0
RETAIL_01075,AirPods Max,NYC-FifthAve,2024-08-23,24512.417814167755,7.0
RETAIL_01076,MacBook Air M3,Tokyo-Ginza,2024-11-13,8041.946674755157,4.0
RETAIL_01077,Apple Watch Ultra,Sydney-GeorgeSt,2024-12-24,14403.60847916127,4.0
RETAIL_01078,Apple Watch Ultra,Tokyo-Ginza,2024-09-11,13230.304584675974,6.0
RETAIL_01079,iPhone 15 Pro,Sydney-GeorgeSt,2024-10-11,21901.444348208635,6.0
RETAIL_01080,AirPods Max,London-RegentSt,2024-12-14,279.04841495337166,5.0
RETAIL_01081,iPhone 15 Pro,NYC-FifthAve,2024-12-22,1443.700029841773,2.0
RETAIL_01082,iPad Pro,London-RegentSt,2024-12-06,21043.65796174978,6.0
RETAIL_01084,MacBook Air M3,Paris-Opera,2024-10-10,14057.635001032691,4.0
RETAIL_01085,Vision Pro,NYC-FifthAve,2024-07-11,7954.087915109581,6.0
RETAIL_01086,AirPods Max,London-RegentSt,2024-10-27,11687.18016653805,6.0
RETAIL_01087,Apple Watch Ultra,London-RegentSt,2024-12-14,8652.205523876906,4.0
RETAIL_01088,AirPods Max,Paris-Opera,2024-07-22,943.8937409217954,2.0
RETAIL_01089,Apple Watch Ultra,Tokyo-Ginza,2024-11-24,1492.7710076374833,3.0
RETAIL_01090,AirPods Max,London-RegentSt,2024-08-19,4541.79416560274,3.0
RETAIL_01091,Apple Watch Ultra,London-RegentSt,2024-09-25,20102.56547367244,8.0
RETAIL_01092,AirPods Max,Sydney-GeorgeSt,2024-10-19,929.2870251555914,6.0
RETAIL_01093,iPad Pro,London-RegentSt,2024-08-31,15639.346216985832,4.0
RETAIL_01094,AirPods Max,Paris-Opera,2024-08-13,5769.466766122202,6.0
RETAIL_01096,iPad Pro,London-RegentSt,2024-12-05,14973.698291262686,9.0
RETAIL_01097,AirPods Max,London-RegentSt,2024-12-07,7702.858630002394,2.0
RETAIL_01098,Vision Pro,Tokyo-Ginza,2024-08-16,4184.236463223631,6.0
RETAIL_01099,AirPods Max,London-RegentSt,2024-12-10,4280.153351498905,7.0
RETAIL_01100,Apple Watch Ultra,London-RegentSt,2024-08-18,22482.925394032776,7.0
RETAIL_01101,Apple Watch Ultra,Tokyo-Ginza,2024-11-25,1955.4439342645696,1.0
RETAIL_01103,iPad Pro,Tokyo-Ginza,2024-08-25,3287.921836959813,1.0
RETAIL_01104,Vision Pro,Paris-Opera,2024-08-09,13455.089553222111,4.0
RETAIL_01105,iPad Pro,Tokyo-Ginza,2024-08-12,1787.230435668684,4.0
RETAIL_01106,iPad Pro,Paris-Opera,2024-11-01,2554.633046372735,1.0
RETAIL_01107,AirPods Max,London-RegentSt,2024-07-09,391.07963489342455,8.0
RETAIL_01108,iPhone 15 Pro,Tokyo-Ginza,2024-08-23,7014.355616139776,2.0
RETAIL_01111,MacBook Air M3,Tokyo-Ginza,2024-07-21,7528.286597990366,2.0
RETAIL_01112,iPhone 15 Pro,Sydney-GeorgeSt,2024-10-14,33328.77360222348,9.0
RETAIL_01113,MacBook Air M3,Paris-Opera,2024-09-16,806.759146686828,1.0
RETAIL_01114,iPad Pro,Sydney-GeorgeSt,2024-08-17,2253.045555871654,2.0
RETAIL_01115,AirPods Max,NYC-FifthAve,2024-08-06,10592.25096524838,3.0
RETAIL_01116,iPhone 15 Pro,Paris-Opera,2024-10-16,4821.461427300145,4.0
RETAIL_01118,iPad Pro,London-RegentSt,2024-07-08,3833.376815842225,1.0
RETAIL_01119,iPhone 15 Pro,NYC-FifthAve,2024-09-23,13889.479205759995,5.0
RETAIL_01120,iPad Pro,Paris-Opera,2024-10-27,360.21055761937896,3.0
RETAIL_01124,Apple Watch Ultra,Paris-Opera,2024-11-14,2757.806399325722,5.0
RETAIL_01126,iPhone 15 Pro,Sydney-GeorgeSt,2024-12-08,13519.990055356671,6.0
RETAIL_01127,iPad Pro,NYC-FifthAve,2024-07-25,25219.70337416439,8.0
RETAIL_01128,MacBook Air M3,London-RegentSt,2024-12-09,2312.7058409695983,7.0
RETAIL_01129,MacBook Air M3,NYC-FifthAve,2024-08-21,1823.593731999232,1.0
RETAIL_01130,iPhone 15 Pro,Sydney-GeorgeSt,2024-09-15,2781.495994845709,4.0
RETAIL_01132,MacBook Air M3,NYC-FifthAve,2024-12-04,2771.004718211644,6.0
RETAIL_01133,Apple Watch Ultra,Paris-Opera,2024-11-24,6571.877588416801,3.0
RETAIL_01134,iPhone 15 Pro,NYC-FifthAve,2024-07-12,2220.405817380234,1.0
RETAIL_01135,Vision Pro,London-RegentSt,2024-09-04,5426.155797296084,2.0
RETAIL_01137,iPhone 15 Pro,London-RegentSt,2024-07-26,3497.3907037156823,3.0
RETAIL_01138,MacBook Air M3,NYC-FifthAve,2024-07-06,14074.758782065112,4.0
RETAIL_01139,Apple Watch Ultra,Tokyo-Ginza,2024-08-18,3959.51629824975,6.0
RETAIL_01140,Vision Pro,Tokyo-Ginza,2024-10-10,19923.83084101849,5.0
RETAIL_01142,MacBook Air M3,Paris-Opera,2024-08-22,4291.932187660228,4.0
RETAIL_01143,iPhone 15 Pro,Sydney-GeorgeSt,2024-11-01,10675.699553944758,5.0
RETAIL_01144,MacBook Air M3,Paris-Opera,2024-07-10,9235.531104353857,4.0
RETAIL_01146,MacBook Air M3,London-RegentSt,2024-09-18,18296.36189496477,9.0
RETAIL_01147,AirPods Max,Tokyo-Ginza,2024-07-14,3202.879829478068,1.0
RETAIL_01148,Apple Watch Ultra,Paris-Opera,2024-09-24,2753.5403875004604,1.0
RETAIL_01149,iPhone 15 Pro,Sydney-GeorgeSt,2024-11-07,4762.565896204869,2.0
RETAIL_01150,Vision Pro,Sydney-GeorgeSt,2024-12-08,4960.405459301741,9.0
RETAIL_01153,Apple Watch Ultra,Sydney-GeorgeSt,2024-12-14,16754.113453444264,6.0
RETAIL_01154,iPad Pro,London-RegentSt,2024-12-03,11837.61148648825,3.0
RETAIL_01155,iPad Pro,NYC-FifthAve,2024-10-28,22818.56986933487,7.0
RETAIL_01156,Apple Watch Ultra,London-RegentSt,2024-08-10,10733.692476804652,5.0
RETAIL_01157,iPhone 15 Pro,Paris-Opera,2024-12-26,8.76694315857901,2.0
RETAIL_01158,Vision Pro,NYC-FifthAve,2024-10-20,11647.126903712602,9.0
RETAIL_01159,iPhone 15 Pro,Sydney-GeorgeSt,2024-12-12,33711.97614341542,9.0
RETAIL_01160,iPhone 15 Pro,Tokyo-Ginza,2024-08-05,1675.5831266699695,4.0
RETAIL_01162,Apple Watch Ultra,Paris-Opera,2024-12-04,8779.905692265242,4.0
RETAIL_01163,Apple Watch Ultra,Sydney-GeorgeSt,2024-07-22,5558.126300357017,7.0
RETAIL_01164,iPhone 15 Pro,NYC-FifthAve,2024-10-06,8005.418942660898,9.0
RETAIL_01165,Apple Watch Ultra,Tokyo-Ginza,2024-07-17,4640.325474598803,3.0
RETAIL_01166,AirPods Max,London-RegentSt,2024-08-21,7806.639022542755,3.0
RETAIL_01167,Vision Pro,London-RegentSt,2024-07-31,6069.606064091395,2.0
RETAIL_01168,iPad Pro,Tokyo-Ginza,2024-11-14,4417.102385428224,3.0
RETAIL_01170,MacBook Air M3,Paris-Opera,2024-11-08,31055.4842004578,8.0
RETAIL_01171,AirPods Max,Paris-Opera,2024-08-17,1674.2475761117043,2.0
RETAIL_01172,Apple Watch Ultra,London-RegentSt,2024-09-20,28951.77264083648,9.0
RETAIL_01174,MacBook Air M3,London-RegentSt,2024-11-10,8503.631335754244,6.0
RETAIL_01175,Vision Pro,Tokyo-Ginza,2024-08-09,5272.796941232385,3.0
RETAIL_01176,AirPods Max,London-RegentSt,2024-08-14,17611.130174223512,7.0
RETAIL_01177,iPhone 15 Pro,Paris-Opera,2024-11-09,5135.779797580159,3.0
RETAIL_01178,Apple Watch Ultra,Sydney-GeorgeSt,2024-11-28,13093.61404521094,9.0
RETAIL_01179,iPad Pro,Sydney-GeorgeSt,2024-12-26,20062.35281896645,9.0
RETAIL_01180,AirPods Max,London-RegentSt,2024-08-23,3542.9045928891896,1.0
RETAIL_01181,iPad Pro,London-RegentSt,2024-07-14,1071.667935592598,1.0
RETAIL_01182,iPhone 15 Pro,NYC-FifthAve,2024-11-29,26750.72431110074,8.0
RETAIL_01183,AirPods Max,Sydney-GeorgeSt,2024-11-03,2238.664389723256,1.0
RETAIL_01184,Apple Watch Ultra,Sydney-GeorgeSt,2024-08-05,730.4990353068788,1.0
RETAIL_01185,Apple Watch Ultra,Tokyo-Ginza,2024-11-13,6410.182881576067,4.0
RETAIL_01186,Apple Watch Ultra,London-RegentSt,2024-10-12,15852.452544927282,8.0
RETAIL_01187,AirPods Max,Paris-Opera,2024-09-30,2046.7049306103781,4.0
RETAIL_01188,Apple Watch Ultra,London-RegentSt,2024-07-21,10150.197929548516,4.0
RETAIL_01189,AirPods Max,Tokyo-Ginza,2024-09-19,119.66666015055011,3.0
RETAIL_01190,Vision Pro,Tokyo-Ginza,2024-08-07,7833.931076374053,6.0
RETAIL_01191,iPhone 15 Pro,London-RegentSt,2024-07-13,2199.5790410090494,3.0
RETAIL_01192,Apple Watch Ultra,Tokyo-Ginza,2024-10-13,23982.75628567728,8.0
RETAIL_01193,Vision Pro,London-RegentSt,2024-09-12,3555.92754392988,9.0
RETAIL_01194,Apple Watch Ultra,Tokyo-Ginza,2024-09-04,5483.174024807287,6.0
RETAIL_01195,Vision Pro,Paris-Opera,2024-10-11,23659.759782604706,9.0
RETAIL_01197,AirPods Max,Paris-Opera,2024-12-27,25116.135661028995,8.0
RETAIL_01198,MacBook Air M3,Tokyo-Ginza,2024-11-02,2457.242033739756,5.0
RETAIL_01200,Apple Watch Ultra,Sydney-GeorgeSt,2024-07-27,9797.957992807724,5.0
RETAIL_01201,iPad Pro,NYC-FifthAve,2024-11-14,27.802557514624027,1.0
RETAIL_01202,AirPods Max,London-RegentSt,2024-11-20,10080.725758188662,6.0
RETAIL_01203,Apple Watch Ultra,Tokyo-Ginza,2024-08-17,3638.7670190477825,8.0
RETAIL_01204,iPhone 15 Pro,Sydney-GeorgeSt,2024-11-21,27999.176830857094,7.0
RETAIL_01205,Vision Pro,Sydney-GeorgeSt,2024-12-06,3945.6498674907925,3.0
RETAIL_01206,Apple Watch Ultra,Sydney-GeorgeSt,2024-07-17,4923.704641953726,2.0
RETAIL_01207,AirPods Max,Sydney-GeorgeSt,2024-10-29,13572.174475744192,4.0
RETAIL_01208,iPhone 15 Pro,Paris-Opera,2024-10-20,4210.533214211056,4.0
RETAIL_01211,iPad Pro,London-RegentSt,2024-09-26,24429.113077669288,7.0
RETAIL_01212,Vision Pro,Sydney-GeorgeSt,2024-08-19,10637.814847913525,3.0
RETAIL_01214,Apple Watch Ultra,NYC-FifthAve,2024-09-23,1220.5350863099522,1.0
RETAIL_01215,iPhone 15 Pro,Paris-Opera,2024-08-30,9420.179357906954,8.0
RETAIL_01216,Apple Watch Ultra,NYC-FifthAve,2024-10-08,3952.557597224048,2.0
RETAIL_01217,Vision Pro,London-RegentSt,2024-09-06,26308.106693764006,7.0
RETAIL_01218,Apple Watch Ultra,London-RegentSt,2024-11-07,13889.568548426978,4.0
RETAIL_01219,Apple Watch Ultra,NYC-FifthAve,2024-11-29,6230.274472305229,7.0
RETAIL_01220,MacBook Air M3,NYC-FifthAve,2024-12-24,2432.1397012068583,1.0
RETAIL_01221,Vision Pro,Paris-Opera,2024-07-30,4194.1600206871735,2.0
RETAIL_01222,Apple Watch Ultra,NYC-FifthAve,2024-09-16,19835.192375329192,8.0
RETAIL_01223,iPhone 15 Pro,London-RegentSt,2024-11-25,10346.727651993082,9.0
RETAIL_01224,MacBook Air M3,Tokyo-Ginza,2024-08-16,13979.3844542777,7.0
RETAIL_01225,Apple Watch Ultra,Paris-Opera,2024-11-24,1397.0700152216273,2.0
RETAIL_01226,AirPods Max,Tokyo-Ginza,2024-08-23,1569.1676065118509,1.0
RETAIL_01227,iPad Pro,NYC-FifthAve,2024-09-22,18186.129850745907,6.0
RETAIL_01228,iPhone 15 Pro,NYC-FifthAve,2024-09-04,34870.36297998158,9.0
RETAIL_01229,MacBook Air M3,London-RegentSt,2024-07-16,7187.687861179278,5.0
RETAIL_01230,iPhone 15 Pro,NYC-FifthAve,2024-09-09,3321.9524594311447,1.0
RETAIL_01233,AirPods Max,Sydney-GeorgeSt,2024-07-31,6084.68809828678,9.0
RETAIL_01234,MacBook Air M3,London-RegentSt,2024-12-01,9289.814542816344,4.0
RETAIL_01235,iPad Pro,London-RegentSt,2024-08-31,3988.418708136901,1.0
RETAIL_01236,Vision Pro,Sydney-GeorgeSt,2024-09-21,1062.1771195783256,1.0
RETAIL_01237,MacBook Air M3,Sydney-GeorgeSt,2024-07-06,17758.131215759822,5.0
RETAIL_01238,iPad Pro,Tokyo-Ginza,2024-09-17,16344.402236262367,8.0
RETAIL_01240,Apple Watch Ultra,Tokyo-Ginza,2024-07-17,522.9545129026629,1.0
RETAIL_01241,AirPods Max,Sydney-GeorgeSt,2024-07-21,1756.4681209505452,1.0
RETAIL_01242,Vision Pro,Tokyo-Ginza,2024-09-20,24519.008889993784,7.0
RETAIL_01243,Vision Pro,Sydney-GeorgeSt,2024-12-24,9675.97850432754,4.0
RETAIL_01244,Apple Watch Ultra,Sydney-GeorgeSt,2024-09-15,645.5610635177563,8.0
RETAIL_01245,iPhone 15 Pro,Tokyo-Ginza,2024-07-04,10080.767807710588,9.0
RETAIL_01246,iPad Pro,NYC-FifthAve,2024-09-29,2863.0284609857736,6.0
RETAIL_01247,MacBook Air M3,NYC-FifthAve,2024-11-27,2730.297420709304,1.0
RETAIL_01249,MacBook Air M3,Sydney-GeorgeSt,2024-12-13,10939.317650227484,4.0
RETAIL_01250,Apple Watch Ultra,Paris-Opera,2024-07-12,5092.015549299418,2.0
RETAIL_01251,AirPods Max,NYC-FifthAve,2024-08-12,987.0141144325598,8.0
RETAIL_01254,Vision Pro,NYC-FifthAve,2024-09-14,6427.015534497208,3.0
RETAIL_01255,iPad Pro,Sydney-GeorgeSt,2024-11-19,5043.077770952566,5.0
RETAIL_01256,MacBook Air M3,Sydney-GeorgeSt,2024-11-29,31678.15459802758,9.0
RETAIL_01257,iPhone 15 Pro,Tokyo-Ginza,2024-08-13,775.6074462651409,1.0
RETAIL_01258,iPhone 15 Pro,NYC-FifthAve,2024-10-17,9537.337862868895,4.0
RETAIL_01259,iPad Pro,Sydney-GeorgeSt,2024-09-04,6885.827369373336,2.0
RETAIL_01260,Vision Pro,Sydney-GeorgeSt,2024-12-04,7056.194725646538,2.0
RETAIL_01261,Apple Watch Ultra,Paris-Opera,2024-11-20,17204.59725602677,8.0
RETAIL_01262,AirPods Max,NYC-FifthAve,2024-11-15,8892.386859908875,9.0
RETAIL_01264,iPhone 15 Pro,Sydney-GeorgeSt,2024-08-28,5893.503015200959,3.0
RETAIL_01266,AirPods Max,NYC-FifthAve,2024-08-22,3641.371705111738,2.0
RETAIL_01267,iPhone 15 Pro,Tokyo-Ginza,2024-12-22,1655.3511025561588,1.0
RETAIL_01269,iPhone 15 Pro,London-RegentSt,2024-10-15,7026.375719265535,7.0
RETAIL_01270,iPhone 15 Pro,Paris-Opera,2024-12-15,10356.074700934525,5.0
RETAIL_01271,iPad Pro,London-RegentSt,2024-12-20,2772.894979914992,1.0
RETAIL_01272,Vision Pro,London-RegentSt,2024-11-02,1779.2320066263485,1.0
RETAIL_01273,Vision Pro,Paris-Opera,2024-08-17,2672.281429091117,1.0
RETAIL_01274,iPhone 15 Pro,Tokyo-Ginza,2024-11-12,7844.583303232819,4.0
RETAIL_01275,iPad Pro,NYC-FifthAve,2024-10-19,10998.003409038081,5.0
RETAIL_01276,MacBook Air M3,Paris-Opera,2024-07-31,6140.896629424468,2.0
RETAIL_01278,Apple Watch Ultra,Sydney-GeorgeSt,2024-08-30,11057.573470199037,3.0
RETAIL_01279,iPad Pro,Sydney-GeorgeSt,2024-07-02,17628.039312751735,6.0
RETAIL_01280,MacBook Air M3,NYC-FifthAve,2024-07-31,6504.9526492133855,3.0
RETAIL_01281,Vision Pro,NYC-FifthAve,2024-09-02,9994.549041348782,5.0
RETAIL_01283,MacBook Air M3,Tokyo-Ginza,2024-08-17,19304.639140363484,9.0
RETAIL_01284,Vision Pro,Tokyo-Ginza,2024-12-15,10631.661735020976,4.0
RETAIL_01288,iPad Pro,London-RegentSt,2024-08-20,4563.881348110514,3.0
RETAIL_01289,MacBook Air M3,London-RegentSt,2024-09-01,11358.310349908254,8.0
RETAIL_01290,MacBook Air M3,Tokyo-Ginza,2024-08-17,11249.236456413675,4.0
RETAIL_01291,Apple Watch Ultra,Sydney-GeorgeSt,2024-07-28,24931.74228019002,9.0
RETAIL_01292,AirPods Max,London-RegentSt,2024-10-30,5873.868742936525,3.0
RETAIL_01293,AirPods Max,Tokyo-Ginza,2024-11-07,31104.402270470207,8.0
RETAIL_01295,MacBook Air M3,London-RegentSt,2024-08-13,14456.313460136054,5.0
RETAIL_01296,AirPods Max,Tokyo-Ginza,2024-08-15,1220.4233020158927,2.0
RETAIL_01297,Apple Watch Ultra,Paris-Opera,2024-09-07,4420.470650092221,3.0
RETAIL_01298,iPhone 15 Pro,Paris-Opera,2024-12-01,12466.968864811966,5.0
RETAIL_01299,iPad Pro,Paris-Opera,2024-12-02,17326.73874193496,7.0
RETAIL_01300,MacBook Air M3,Tokyo-Ginza,2024-10-29,10505.727303780448,7.0
RETAIL_01302,AirPods Max,Tokyo-Ginza,2024-12-03,18931.946867929877,5.0
RETAIL_01303,Apple Watch Ultra,Tokyo-Ginza,2024-11-28,10590.637109525685,7.0
RETAIL_01304,iPad Pro,NYC-FifthAve,2024-07-17,5621.908269410269,9.0
RETAIL_01305,MacBook Air M3,Tokyo-Ginza,2024-10-15,19326.84987453514,6.0
RETAIL_01306,Apple Watch Ultra,NYC-FifthAve,2024-12-07,8975.679698073229,5.0
RETAIL_01308,Vision Pro,Sydney-GeorgeSt,2024-12-18,503.20240724514076,3.0
RETAIL_01309,MacBook Air M3,London-RegentSt,2024-08-29,6701.926018398324,7.0
RETAIL_01310,AirPods Max,London-RegentSt,2024-07-20,4960.790715019606,9.0
RETAIL_01311,Vision Pro,Sydney-GeorgeSt,2024-12-13,3850.4348805895515,8.0
RETAIL_01312,iPad Pro,NYC-FifthAve,2024-08-03,3211.902109297016,2.0
RETAIL_01313,Vision Pro,NYC-FifthAve,2024-12-26,2016.180305276974,3.0
RETAIL_01314,Apple Watch Ultra,Tokyo-Ginza,2024-09-26,3953.775026893413,1.0
RETAIL_01315,Vision Pro,NYC-FifthAve,2024-12-08,3344.14849096472,3.0
RETAIL_01316,Vision Pro,Tokyo-Ginza,2024-09-22,1384.1165870052278,1.0
RETAIL_01317,MacBook Air M3,NYC-FifthAve,2024-09-28,6352.595942227306,4.0
RETAIL_01318,Apple Watch Ultra,Tokyo-Ginza,2024-07-27,14609.967737414854,9.0
RETAIL_01319,iPad Pro,London-RegentSt,2024-09-20,27337.386059208624,9.0
RETAIL_01320,iPhone 15 Pro,London-RegentSt,2024-07-04,3445.341297301172,1.0
RETAIL_01321,AirPods Max,Sydney-GeorgeSt,2024-07-17,29627.901974985838,9.0
RETAIL_01322,iPad Pro,Sydney-GeorgeSt,2024-10-16,160.43293191238763,4.0
RETAIL_01323,iPad Pro,Sydney-GeorgeSt,2024-07-02,10032.37459304016,4.0
RETAIL_01324,Vision Pro,NYC-FifthAve,2024-10-05,3675.32121121458,7.0
RETAIL_01325,AirPods Max,NYC-FifthAve,2024-08-30,3636.700731188168,8.0
RETAIL_01326,iPad Pro,NYC-FifthAve,2024-11-17,8523.216773712627,8.0
RETAIL_01327,iPad Pro,Paris-Opera,2024-10-02,7349.1089978173995,9.0
RETAIL_01328,iPhone 15 Pro,Sydney-GeorgeSt,2024-11-07,11435.486105670174,3.0
RETAIL_01329,AirPods Max,Paris-Opera,2024-11-29,622.9203383696736,1.0
RETAIL_01330,iPhone 15 Pro,Paris-Opera,2024-07-06,15922.331605474701,4.0
RETAIL_01331,Apple Watch Ultra,Tokyo-Ginza,2024-07-27,6118.823087496009,2.0
RETAIL_01332,Vision Pro,London-RegentSt,2024-07-17,6866.178852057039,9.0
RETAIL_01333,AirPods Max,London-RegentSt,2024-11-03,10839.892021249872,4.0
RETAIL_01334,MacBook Air M3,Sydney-GeorgeSt,2024-08-21,1764.064280343962,1.0
RETAIL_01335,MacBook Air M3,Paris-Opera,2024-11-03,10509.795317041227,3.0
RETAIL_01336,Apple Watch Ultra,NYC-FifthAve,2024-10-29,7082.887056405096,6.0
RETAIL_01340,AirPods Max,NYC-FifthAve,2024-12-08,21317.09430330601,7.0
RETAIL_01341,AirPods Max,Paris-Opera,2024-12-27,14393.24432990782,7.0
RETAIL_01342,iPad Pro,NYC-FifthAve,2024-08-19,9632.023500844229,4.0
RETAIL_01343,Apple Watch Ultra,Tokyo-Ginza,2024-09-25,20302.297172915907,6.0
RETAIL_01344,iPhone 15 Pro,NYC-FifthAve,2024-10-17,17083.468946240202,7.0
RETAIL_01345,iPad Pro,Paris-Opera,2024-09-03,10744.05399362386,4.0
RETAIL_01346,MacBook Air M3,Tokyo-Ginza,2024-07-16,2264.624246688301,1.0
RETAIL_01347,AirPods Max,Paris-Opera,2024-07-14,2250.470620439894,2.0
RETAIL_01348,iPad Pro,Paris-Opera,2024-07-17,6940.716122715674,2.0
RETAIL_01349,Vision Pro,Paris-Opera,2024-10-23,8770.128363572896,5.0
RETAIL_01350,Vision Pro,Sydney-GeorgeSt,2024-08-25,21997.305661007947,9.0
RETAIL_01351,MacBook Air M3,Paris-Opera,2024-10-31,5013.171115829316,2.0
RETAIL_01352,AirPods Max,Tokyo-Ginza,2024-09-18,22289.61825200089,9.0
RETAIL_01353,iPad Pro,Tokyo-Ginza,2024-11-23,4465.375961498171,4.0
RETAIL_01354,MacBook Air M3,Paris-Opera,2024-12-19,19784.317047772813,5.0
RETAIL_01355,MacBook Air M3,Tokyo-Ginza,2024-11-10,2870.038720895266,4.0
RETAIL_01356,Apple Watch Ultra,Sydney-GeorgeSt,2024-07-26,15165.40490583564,6.0
RETAIL_01357,Vision Pro,Tokyo-Ginza,2024-10-03,9116.471179976232,5.0
RETAIL_01358,AirPods Max,Tokyo-Ginza,2024-07-28,1422.723579265087,1.0
RETAIL_01359,iPhone 15 Pro,Sydney-GeorgeSt,2024-07-18,8601.406130586676,5.0
RETAIL_01360,MacBook Air M3,Paris-Opera,2024-12-26,4802.511406658292,2.0
RETAIL_01361,AirPods Max,Sydney-GeorgeSt,2024-11-16,31673.999908428228,9.0
RETAIL_01362,iPhone 15 Pro,Sydney-GeorgeSt,2024-09-02,14502.680487786603,9.0
RETAIL_01363,MacBook Air M3,NYC-FifthAve,2024-11-13,17114.78804392255,7.0
RETAIL_01364,AirPods Max,Sydney-GeorgeSt,2024-10-29,4045.7594803486863,3.0
RETAIL_01365,MacBook Air M3,London-RegentSt,2024-08-15,1808.340038587798,6.0
RETAIL_01366,iPhone 15 Pro,NYC-FifthAve,2024-10-14,3153.9270442144807,4.0
RETAIL_01368,Apple Watch Ultra,Tokyo-Ginza,2024-08-22,28503.299755245425,9.0
RETAIL_01369,AirPods Max,London-RegentSt,2024-07-29,3890.402643144841,7.0
RETAIL_01370,MacBook Air M3,Paris-Opera,2024-08-24,1605.4776828184595,5.0
RETAIL_01371,iPad Pro,Sydney-GeorgeSt,2024-08-18,29661.1078400888,8.0
RETAIL_01373,iPad Pro,Sydney-GeorgeSt,2024-07-16,29277.102620684833,8.0
RETAIL_01374,MacBook Air M3,Paris-Opera,2024-08-18,2825.596971359549,2.0
RETAIL_01375,Vision Pro,Sydney-GeorgeSt,2024-10-20,3480.254334693215,1.0
RETAIL_01376,Vision Pro,NYC-FifthAve,2024-07-09,3214.305121166504,2.0
RETAIL_01377,Apple Watch Ultra,Paris-Opera,2024-10-06,25863.589825231164,8.0
RETAIL_01379,MacBook Air M3,Tokyo-Ginza,2024-10-25,7360.404691377043,3.0
RETAIL_01381,iPad Pro,NYC-FifthAve,2024-09-16,1757.4119301864953,1.0
RETAIL_01382,Vision Pro,Paris-Opera,2024-07-04,8304.172060330924,6.0
RETAIL_01383,Vision Pro,London-RegentSt,2024-12-14,18766.770361993287,6.0
RETAIL_01384,Vision Pro,Tokyo-Ginza,2024-08-29,6747.595716893246,6.0
RETAIL_01386,Vision Pro,NYC-FifthAve,2024-08-05,26029.0969134389,9.0
RETAIL_01387,Vision Pro,Sydney-GeorgeSt,2024-10-23,12330.474586427144,5.0
RETAIL_01388,Apple Watch Ultra,Sydney-GeorgeSt,2024-10-21,1782.6589786361342,1.0
RETAIL_01389,MacBook Air M3,Sydney-GeorgeSt,2024-08-22,22473.949393254734,9.0
RETAIL_01390,Vision Pro,London-RegentSt,2024-08-18,26968.88109043791,7.0
RETAIL_01391,Vision Pro,Paris-Opera,2024-11-07,31820.891805688512,9.0
RETAIL_01392,Apple Watch Ultra,NYC-FifthAve,2024-08-11,1083.13249319562,1.0
RETAIL_01393,iPad Pro,Tokyo-Ginza,2024-10-19,15892.48519483062,5.0
RETAIL_01394,Apple Watch Ultra,Tokyo-Ginza,2024-08-03,27321.274168751283,7.0
RETAIL_01395,iPhone 15 Pro,NYC-FifthAve,2024-12-09,22561.993442945208,7.0
RETAIL_01396,iPhone 15 Pro,Paris-Opera,2024-10-11,30447.275354524,8.0
RETAIL_01397,iPad Pro,NYC-FifthAve,2024-11-19,19487.361128273104,7.0
RETAIL_01398,iPhone 15 Pro,NYC-FifthAve,2024-12-09,27634.985428945132,7.0
RETAIL_01399,Apple Watch Ultra,NYC-FifthAve,2024-07-20,15778.393793578187,5.0
RETAIL_01400,Vision Pro,Tokyo-Ginza,2024-11-16,10862.327837325625,5.0
RETAIL_01401,Apple Watch Ultra,Sydney-GeorgeSt,2024-12-22,7319.243710375704,2.0
RETAIL_01402,Vision Pro,London-RegentSt,2024-11-20,13534.778015479911,6.0
RETAIL_01403,iPhone 15 Pro,Paris-Opera,2024-10-12,3726.4699463347793,4.0
RETAIL_01404,MacBook Air M3,Tokyo-Ginza,2024-11-08,26107.158926860022,9.0
RETAIL_01405,AirPods Max,Tokyo-Ginza,2024-11-01,9993.549471097784,3.0
RETAIL_01406,Vision Pro,NYC-FifthAve,2024-07-18,20149.173835737576,8.0
RETAIL_01407,MacBook Air M3,Paris-Opera,2024-08-25,7879.2379956294735,4.0
RETAIL_01409,iPad Pro,Sydney-GeorgeSt,2024-08-31,4466.585494966258,4.0
RETAIL_01410,iPhone 15 Pro,Sydney-GeorgeSt,2024-08-03,17867.158270118656,6.0
RETAIL_01411,iPad Pro,London-RegentSt,2024-12-22,11329.076188537514,5.0
RETAIL_01412,iPad Pro,London-RegentSt,2024-07-10,2678.045982443756,2.0
RETAIL_01413,AirPods Max,Sydney-GeorgeSt,2024-12-23,19931.39956915424,5.0
RETAIL_01416,iPhone 15 Pro,London-RegentSt,2024-08-20,12456.189804681744,6.0
RETAIL_01417,Apple Watch Ultra,Tokyo-Ginza,2024-10-18,18055.396666942193,6.0
RETAIL_01418,AirPods Max,London-RegentSt,2024-10-10,6349.772889821651,9.0
RETAIL_01419,iPhone 15 Pro,NYC-FifthAve,2024-11-30,9381.173092299025,5.0
RETAIL_01420,Vision Pro,London-RegentSt,2024-08-23,25240.976446368193,8.0
RETAIL_01421,MacBook Air M3,NYC-FifthAve,2024-09-17,22810.19183945757,9.0
RETAIL_01422,Vision Pro,NYC-FifthAve,2024-11-16,832.732286173378,1.0
RETAIL_01423,iPhone 15 Pro,London-RegentSt,2024-08-27,2304.323326301318,1.0
RETAIL_01424,iPad Pro,London-RegentSt,2024-09-07,10764.818182891315,6.0
RETAIL_01425,Apple Watch Ultra,NYC-FifthAve,2024-07-30,29474.087813458045,9.0
RETAIL_01427,iPhone 15 Pro,Tokyo-Ginza,2024-07-12,14265.709678410814,7.0
RETAIL_01429,iPad Pro,Paris-Opera,2024-10-27,20186.936109124174,7.0
RETAIL_01431,iPhone 15 Pro,Paris-Opera,2024-11-13,12468.93094996264,4.0
RETAIL_01432,Vision Pro,London-RegentSt,2024-11-08,29480.940076866664,8.0
RETAIL_01433,Apple Watch Ultra,London-RegentSt,2024-11-11,2309.444914238371,5.0
RETAIL_01438,MacBook Air M3,Tokyo-Ginza,2024-08-11,4540.849084608746,2.0
RETAIL_01439,iPad Pro,Paris-Opera,2024-08-29,9455.546440884911,5.0
RETAIL_01440,AirPods Max,London-RegentSt,2024-09-11,12494.208677544451,8.0
RETAIL_01442,AirPods Max,Paris-Opera,2024-12-07,2072.972088254432,1.0
RETAIL_01443,iPad Pro,London-RegentSt,2024-08-11,7520.030833568808,3.0
RETAIL_01444,Apple Watch Ultra,Tokyo-Ginza,2024-10-27,17708.394405155977,9.0
RETAIL_01445,iPhone 15 Pro,Tokyo-Ginza,2024-09-29,3456.183969758901,1.0
RETAIL_01447,Apple Watch Ultra,Paris-Opera,2024-08-24,6326.222725528167,7.0
RETAIL_01448,MacBook Air M3,NYC-FifthAve,2024-07-23,1506.4757952053383,2.0
RETAIL_01450,Apple Watch Ultra,NYC-FifthAve,2024-08-07,12485.468640631409,5.0
RETAIL_01451,iPhone 15 Pro,Sydney-GeorgeSt,2024-08-14,119.18140617199924,4.0
RETAIL_01452,iPad Pro,Paris-Opera,2024-07-06,2409.043738340949,6.0
RETAIL_01453,Apple Watch Ultra,Paris-Opera,2024-09-19,2159.7189669814297,9.0
RETAIL_01454,iPad Pro,London-RegentSt,2024-12-10,18846.75780408456,7.0
RETAIL_01455,AirPods Max,Paris-Opera,2024-08-03,141.16938368060755,2.0
RETAIL_01456,AirPods Max,Sydney-GeorgeSt,2024-08-15,3933.418966929864,1.0
RETAIL_01458,iPad Pro,Sydney-GeorgeSt,2024-12-11,1995.226402697449,1.0
RETAIL_01459,Vision Pro,Tokyo-Ginza,2024-10-05,8801.434186917126,8.0
RETAIL_01460,iPhone 15 Pro,NYC-FifthAve,2024-08-01,15739.332981228112,4.0
RETAIL_01461,Vision Pro,Sydney-GeorgeSt,2024-10-29,11710.421159904197,6.0
RETAIL_01462,iPhone 15 Pro,London-RegentSt,2024-11-26,26836.975084032325,9.0
RETAIL_01463,Vision Pro,NYC-FifthAve,2024-11-03,10676.11473812377,3.0
RETAIL_01464,MacBook Air M3,Tokyo-Ginza,2024-08-09,12890.206110474564,4.0
RETAIL_01465,iPhone 15 Pro,Paris-Opera,2024-11-25,14769.740346606195,7.0
RETAIL_01466,iPhone 15 Pro,Paris-Opera,2024-12-02,6210.345577728363,3.0
RETAIL_01467,MacBook Air M3,Tokyo-Ginza,2024-12-21,4035.783412987801,7.0
RETAIL_01468,Vision Pro,Tokyo-Ginza,2024-09-04,14878.030772041177,5.0
RETAIL_01469,AirPods Max,Sydney-GeorgeSt,2024-10-12,29326.60355839992,8.0
RETAIL_01470,AirPods Max,Tokyo-Ginza,2024-10-12,24135.01587408759,8.0
RETAIL_01471,iPhone 15 Pro,London-RegentSt,2024-11-14,16564.232752539516,5.0
RETAIL_01472,MacBook Air M3,Sydney-GeorgeSt,2024-09-08,6641.416439681078,6.0
RETAIL_01473,MacBook Air M3,Tokyo-Ginza,2024-07-24,4734.422806565928,5.0
RETAIL_01474,Vision Pro,Tokyo-Ginza,2024-12-13,3290.1156305849045,3.0
RETAIL_01475,iPad Pro,Sydney-GeorgeSt,2024-07-29,16373.395203631904,8.0
RETAIL_01477,MacBook Air M3,Sydney-GeorgeSt,2024-12-08,4394.71263649351,4.0
RETAIL_01478,Vision Pro,NYC-FifthAve,2024-12-22,4169.15325771117,7.0
RETAIL_01479,iPad Pro,Tokyo-Ginza,2024-10-21,25425.689414699835,9.0
RETAIL_01480,Vision Pro,NYC-FifthAve,2024-07-04,3365.038902521178,5.0
RETAIL_01481,Vision Pro,Sydney-GeorgeSt,2024-07-19,54.86892514619706,1.0
RETAIL_01482,AirPods Max,Sydney-GeorgeSt,2024-08-24,24066.175826698807,7.0
RETAIL_01483,Vision Pro,NYC-FifthAve,2024-12-13,7498.96026370085,3.0
RETAIL_01484,iPhone 15 Pro,NYC-FifthAve,2024-08-14,5325.478547704128,4.0
RETAIL_01485,iPhone 15 Pro,NYC-FifthAve,2024-10-31,417.6213960253603,4.0
RETAIL_01487,iPhone 15 Pro,Tokyo-Ginza,2024-09-27,11698.18203532297,8.0
RETAIL_01488,iPad Pro,London-RegentSt,2024-10-20,10148.963456355305,9.0
RETAIL_01489,Apple Watch Ultra,Tokyo-Ginza,2024-10-07,2527.2104618779344,1.0
RETAIL_01490,iPad Pro,London-RegentSt,2024-09-08,6973.058546311084,2.0
RETAIL_01491,iPad Pro,Sydney-GeorgeSt,2024-09-11,6996.771872351481,4.0
RETAIL_01492,AirPods Max,London-RegentSt,2024-10-07,10595.69569501928,5.0
RETAIL_01493,MacBook Air M3,Tokyo-Ginza,2024-10-29,31042.47042275122,8.0
RETAIL_01494,MacBook Air M3,London-RegentSt,2024-10-20,8328.146407873111,3.0
RETAIL_01495,Vision Pro,Sydney-GeorgeSt,2024-09-09,9535.83008272192,3.0
RETAIL_01496,iPad Pro,Tokyo-Ginza,2024-10-26,8532.27602369143,4.0
RETAIL_01497,AirPods Max,NYC-FifthAve,2024-07-14,14730.813471890917,4.0
RETAIL_01498,Vision Pro,Sydney-GeorgeSt,2024-08-26,3059.230500737347,2.0
RETAIL_01499,Vision Pro,Sydney-GeorgeSt,2024-12-09,7078.029594939948,4.0
RETAIL_01500,MacBook Air M3,Sydney-GeorgeSt,2024-09-10,14882.118877850477,4.0
RETAIL_01501,MacBook Air M3,Paris-Opera,2024-09-12,5883.043807071533,3.0
RETAIL_01502,Vision Pro,Sydney-GeorgeSt,2024-08-03,14959.777770197075,4.0
RETAIL_01503,MacBook Air M3,Sydney-GeorgeSt,2024-11-13,160.42168441548858,7.0
RETAIL_01504,Vision Pro,London-RegentSt,2024-11-29,6438.589666444759,5.0
RETAIL_01505,iPhone 15 Pro,NYC-FifthAve,2024-08-06,5290.79987476021,3.0
RETAIL_01506,Apple Watch Ultra,Tokyo-Ginza,2024-11-22,5654.572154121453,3.0
RETAIL_01507,Vision Pro,Tokyo-Ginza,2024-11-09,25384.358146620376,8.0
RETAIL_01508,AirPods Max,NYC-FifthAve,2024-10-17,10516.361610438855,3.0
RETAIL_01509,MacBook Air M3,NYC-FifthAve,2024-11-26,21775.682764803456,6.0
RETAIL_01510,AirPods Max,Sydney-GeorgeSt,2024-09-17,6793.516581190028,2.0
RETAIL_01511,iPhone 15 Pro,NYC-FifthAve,2024-10-30,29135.16677666137,9.0
RETAIL_01512,Apple Watch Ultra,NYC-FifthAve,2024-07-26,819.9556439650439,1.0
RETAIL_01513,AirPods Max,London-RegentSt,2024-10-04,9414.046922148107,3.0
RETAIL_01514,MacBook Air M3,NYC-FifthAve,2024-12-27,9552.965472127891,6.0
RETAIL_01515,Apple Watch Ultra,Paris-Opera,2024-09-20,14560.387076481513,7.0
RETAIL_01516,iPad Pro,NYC-FifthAve,2024-10-07,19189.948120697103,6.0
RETAIL_01517,iPad Pro,Sydney-GeorgeSt,2024-10-12,2191.1394253351286,2.0
RETAIL_01518,Vision Pro,Paris-Opera,2024-07-19,8123.531297793565,4.0
RETAIL_01519,AirPods Max,NYC-FifthAve,2024-09-27,62.11678112886648,4.0
RETAIL_01520,Apple Watch Ultra,NYC-FifthAve,2024-12-24,11343.107117384696,5.0
RETAIL_01521,iPhone 15 Pro,Tokyo-Ginza,2024-10-14,23119.15377117219,6.0
RETAIL_01522,Vision Pro,Tokyo-Ginza,2024-09-15,14896.52701081974,5.0
RETAIL_01524,Vision Pro,Paris-Opera,2024-12-10,1080.2455342891344,4.0
RETAIL_01525,Vision Pro,NYC-FifthAve,2024-11-05,6625.161465646292,8.0
RETAIL_01526,AirPods Max,Paris-Opera,2024-09-22,5680.001454081196,2.0
RETAIL_01527,iPad Pro,Tokyo-Ginza,2024-10-13,11784.24848035542,7.0
RETAIL_01528,iPhone 15 Pro,London-RegentSt,2024-11-10,19980.355006043686,5.0
RETAIL_01530,MacBook Air M3,Paris-Opera,2024-12-13,6824.50186607144,4.0
RETAIL_01531,AirPods Max,NYC-FifthAve,2024-08-08,7489.404699535904,2.0
RETAIL_01532,Vision Pro,Tokyo-Ginza,2024-10-17,7130.044588186969,3.0
RETAIL_01533,iPad Pro,London-RegentSt,2024-11-11,21729.52116036373,9.0
RETAIL_01534,iPhone 15 Pro,Tokyo-Ginza,2024-12-04,33205.065593921114,9.0
RETAIL_01535,MacBook Air M3,London-RegentSt,2024-08-02,3872.3516084170487,5.0
RETAIL_01536,MacBook Air M3,Tokyo-Ginza,2024-08-05,6845.072980252103,2.0
RETAIL_01537,AirPods Max,London-RegentSt,2024-12-26,4743.603722784536,3.0
RETAIL_01539,iPhone 15 Pro,NYC-FifthAve,2024-12-09,926.161971557376,5.0
RETAIL_01540,Apple Watch Ultra,Paris-Opera,2024-11-01,4895.548628985837,7.0
RETAIL_01541,iPad Pro,London-RegentSt,2024-10-08,11356.899575987154,6.0
RETAIL_01542,iPad Pro,NYC-FifthAve,2024-07-09,19409.98362706026,6.0
RETAIL_01544,iPhone 15 Pro,Paris-Opera,2024-11-30,26319.593189352883,7.0
RETAIL_01545,MacBook Air M3,NYC-FifthAve,2024-12-08,5275.592161245578,2.0
RETAIL_01546,iPhone 15 Pro,Paris-Opera,2024-07-14,643.4690186068799,1.0
RETAIL_01547,Apple Watch Ultra,NYC-FifthAve,2024-09-02,7992.470353674321,5.0
RETAIL_01548,iPhone 15 Pro,Sydney-GeorgeSt,2024-07-02,2261.308935653327,2.0
RETAIL_01549,MacBook Air M3,NYC-FifthAve,2024-07-07,21507.17096815388,8.0
RETAIL_01550,Apple Watch Ultra,NYC-FifthAve,2024-08-28,2979.6957007506107,6.0
RETAIL_01551,Vision Pro,London-RegentSt,2024-10-30,6734.1589584822,4.0
RETAIL_01552,iPhone 15 Pro,Sydney-GeorgeSt,2024-07-26,18021.876226280314,6.0
RETAIL_01553,Apple Watch Ultra,London-RegentSt,2024-11-05,11709.014627021583,7.0
RETAIL_01555,Apple Watch Ultra,Sydney-GeorgeSt,2024-09-06,16132.419403840195,8.0
RETAIL_01556,iPad Pro,Sydney-GeorgeSt,2024-08-03,7466.8637502527745,4.0
RETAIL_01557,iPhone 15 Pro,Paris-Opera,2024-08-14,3052.738195723624,1.0
RETAIL_01558,iPhone 15 Pro,Sydney-GeorgeSt,2024-10-04,242.0803473101505,1.0
RETAIL_01560,MacBook Air M3,Tokyo-Ginza,2024-07-18,2503.0767053707723,1.0
RETAIL_01561,iPad Pro,NYC-FifthAve,2024-08-06,10090.658597987103,4.0
RETAIL_01564,iPhone 15 Pro,NYC-FifthAve,2024-07-13,1465.92812191137,1.0
RETAIL_01565,Apple Watch Ultra,Paris-Opera,2024-11-06,32.05943025453314,1.0
RETAIL_01566,Apple Watch Ultra,NYC-FifthAve,2024-08-08,22217.27053706713,7.0
RETAIL_01567,iPad Pro,Tokyo-Ginza,2024-10-19,2119.196103162579,1.0
RETAIL_01568,iPhone 15 Pro,Tokyo-Ginza,2024-10-28,12715.382519544664,5.0
RETAIL_01569,iPhone 15 Pro,NYC-FifthAve,2024-10-03,10525.87254496666,3.0
RETAIL_01570,iPhone 15 Pro,Sydney-GeorgeSt,2024-08-11,6888.544886704558,3.0
RETAIL_01571,Apple Watch Ultra,Paris-Opera,2024-09-18,7558.260137200674,3.0
RETAIL_01572,iPhone 15 Pro,Tokyo-Ginza,2024-08-19,13398.676852811972,8.0
RETAIL_01573,Vision Pro,Tokyo-Ginza,2024-12-15,2295.679860830634,2.0
RETAIL_01574,iPhone 15 Pro,Tokyo-Ginza,2024-10-14,7621.147576460938,2.0
RETAIL_01575,Vision Pro,Sydney-GeorgeSt,2024-07-15,8023.662862469735,3.0
RETAIL_01576,iPhone 15 Pro,Paris-Opera,2024-08-08,3340.484397586829,2.0
RETAIL_01579,AirPods Max,Paris-Opera,2024-08-15,18197.11200394267,9.0
RETAIL_01580,Vision Pro,London-RegentSt,2024-11-29,29682.936846040247,8.0
RETAIL_01581,iPhone 15 Pro,Paris-Opera,2024-08-31,9733.744986139536,3.0
RETAIL_01582,AirPods Max,Sydney-GeorgeSt,2024-07-28,18080.704762364043,6.0
RETAIL_01584,Apple Watch Ultra,London-RegentSt,2024-09-25,12824.147887269424,4.0
RETAIL_01585,AirPods Max,NYC-FifthAve,2024-11-06,14805.710721241088,7.0
RETAIL_01587,AirPods Max,Paris-Opera,2024-09-09,27946.833467748063,9.0
RETAIL_01588,AirPods Max,London-RegentSt,2024-12-23,1276.452520320409,2.0
RETAIL_01589,iPad Pro,London-RegentSt,2024-07-24,1989.2594202776563,5.0
RETAIL_01590,MacBook Air M3,Sydney-GeorgeSt,2024-10-24,8512.418521894328,4.0
RETAIL_01591,Vision Pro,London-RegentSt,2024-08-29,7803.646022638424,2.0
RETAIL_01592,Apple Watch Ultra,London-RegentSt,2024-09-04,1330.0413479451709,4.0
RETAIL_01593,MacBook Air M3,London-RegentSt,2024-12-13,1735.000689820743,1.0
RETAIL_01595,MacBook Air M3,NYC-FifthAve,2024-12-01,2893.170697044948,2.0
RETAIL_01597,MacBook Air M3,London-RegentSt,2024-08-20,27210.247402118872,9.0
RETAIL_01598,MacBook Air M3,Paris-Opera,2024-11-20,25683.729444340286,9.0
RETAIL_01599,iPhone 15 Pro,NYC-FifthAve,2024-11-17,2511.361249634376,1.0
RETAIL_01600,AirPods Max,Paris-Opera,2024-12-17,4414.479145107669,8.0
RETAIL_01601,Apple Watch Ultra,London-RegentSt,2024-11-02,15561.08155104741,9.0
RETAIL_01602,MacBook Air M3,Tokyo-Ginza,2024-07-08,10093.293645991293,7.0
RETAIL_01603,Vision Pro,Sydney-GeorgeSt,2024-09-05,14763.83689806487,4.0
RETAIL_01604,Vision Pro,London-RegentSt,2024-11-01,2656.686221051842,1.0
RETAIL_01605,MacBook Air M3,Tokyo-Ginza,2024-07-21,1513.0209506185943,7.0
RETAIL_01606,MacBook Air M3,Tokyo-Ginza,2024-11-28,9110.63472099461,3.0
RETAIL_01607,Apple Watch Ultra,London-RegentSt,2024-08-10,3849.9510638336833,2.0
RETAIL_01608,MacBook Air M3,Paris-Opera,2024-07-18,3087.7681560766464,1.0
RETAIL_01609,iPhone 15 Pro,Sydney-GeorgeSt,2024-09-22,24702.283035474808,8.0
RETAIL_01612,iPhone 15 Pro,NYC-FifthAve,2024-07-22,12470.437625268958,6.0
RETAIL_01613,MacBook Air M3,Tokyo-Ginza,2024-08-11,2270.526108917206,2.0
RETAIL_01615,iPad Pro,London-RegentSt,2024-09-11,885.3919957973717,7.0
RETAIL_01616,iPhone 15 Pro,Paris-Opera,2024-10-03,2090.33904222892,1.0
RETAIL_01617,AirPods Max,Tokyo-Ginza,2024-12-07,11799.785969195731,3.0
RETAIL_01618,iPhone 15 Pro,Sydney-GeorgeSt,2024-11-12,165.45335137585732,1.0
RETAIL_01619,iPad Pro,Paris-Opera,2024-09-20,6232.986902719846,2.0
RETAIL_01620,iPad Pro,Tokyo-Ginza,2024-09-13,10952.44456382056,4.0
RETAIL_01621,MacBook Air M3,Tokyo-Ginza,2024-09-28,3129.461593178193,1.0
RETAIL_01622,iPhone 15 Pro,Paris-Opera,2024-11-15,7798.950663233572,2.0
RETAIL_01623,AirPods Max,Tokyo-Ginza,2024-10-12,26801.00295635058,9.0
RETAIL_01624,MacBook Air M3,London-RegentSt,2024-10-01,34298.4127881457,9.0
RETAIL_01625,Apple Watch Ultra,Tokyo-Ginza,2024-10-31,498.9882451302253,1.0
RETAIL_01626,Vision Pro,Paris-Opera,2024-09-19,1201.4557832815904,2.0
RETAIL_01627,Apple Watch Ultra,London-RegentSt,2024-07-20,5644.853869050271,9.0
RETAIL_01628,iPad Pro,Tokyo-Ginza,2024-08-04,6181.858310820844,7.0
RETAIL_01629,AirPods Max,Sydney-GeorgeSt,2024-09-21,3706.2815207681465,2.0
RETAIL_01630,Apple Watch Ultra,NYC-FifthAve,2024-12-18,5154.154047251544,2.0
RETAIL_01631,Vision Pro,Sydney-GeorgeSt,2024-11-02,4262.750458836512,4.0
RETAIL_01632,Apple Watch Ultra,Tokyo-Ginza,2024-12-12,15708.584605510794,4.0
RETAIL_01633,iPad Pro,London-RegentSt,2024-11-02,7441.450458632488,2.0
RETAIL_01634,Vision Pro,Tokyo-Ginza,2024-09-02,806.9749827166861,3.0
RETAIL_01635,iPhone 15 Pro,Sydney-GeorgeSt,2024-10-26,8053.510349091001,8.0
RETAIL_01636,Apple Watch Ultra,Sydney-GeorgeSt,2024-11-26,35814.69224244706,9.0
RETAIL_01637,Apple Watch Ultra,Tokyo-Ginza,2024-09-03,273.1468401785187,1.0
RETAIL_01638,MacBook Air M3,Sydney-GeorgeSt,2024-08-14,19802.37437123345,6.0
RETAIL_01640,AirPods Max,NYC-FifthAve,2024-10-09,450.2010810330662,2.0
RETAIL_01641,Apple Watch Ultra,Paris-Opera,2024-12-12,3117.9916661898205,3.0
RETAIL_01642,AirPods Max,Sydney-GeorgeSt,2024-12-03,3625.1341636623856,2.0
RETAIL_01643,Apple Watch Ultra,Tokyo-Ginza,2024-08-27,18483.973078551804,5.0
RETAIL_01644,Vision Pro,Paris-Opera,2024-08-14,3360.760063107927,1.0
RETAIL_01645,iPad Pro,London-RegentSt,2024-08-01,10948.18020153921,5.0
RETAIL_01646,Vision Pro,Sydney-GeorgeSt,2024-11-23,3271.5285910435123,3.0
RETAIL_01647,iPad Pro,Paris-Opera,2024-10-13,19859.270057854905,6.0
RETAIL_01648,MacBook Air M3,Paris-Opera,2024-09-01,2165.0864629245034,3.0
RETAIL_01649,MacBook Air M3,Paris-Opera,2024-09-10,265.2178349353487,2.0
RETAIL_01650,Vision Pro,NYC-FifthAve,2024-09-29,17080.410331503495,7.0
RETAIL_01651,Vision Pro,London-RegentSt,2024-10-27,12602.59660228849,8.0
RETAIL_01652,MacBook Air M3,Sydney-GeorgeSt,2024-07-15,1912.5106383306338,8.0
RETAIL_01654,AirPods Max,Sydney-GeorgeSt,2024-09-04,481.2226894753097,1.0
RETAIL_01655,AirPods Max,NYC-FifthAve,2024-09-06,3802.1317264221893,6.0
RETAIL_01656,Apple Watch Ultra,NYC-FifthAve,2024-11-12,7827.277170450135,8.0
RETAIL_01657,iPhone 15 Pro,London-RegentSt,2024-09-14,10721.62072601401,6.0
RETAIL_01658,Vision Pro,NYC-FifthAve,2024-11-18,12170.80376796211,9.0
RETAIL_01659,MacBook Air M3,Sydney-GeorgeSt,2024-12-12,15297.733508201185,5.0
RETAIL_01660,MacBook Air M3,Tokyo-Ginza,2024-12-25,3252.202726202652,1.0
RETAIL_01662,iPhone 15 Pro,London-RegentSt,2024-10-08,3522.926476022028,1.0
RETAIL_01663,iPhone 15 Pro,Paris-Opera,2024-11-11,17976.290708748744,6.0
RETAIL_01664,Apple Watch Ultra,London-RegentSt,2024-07-28,7830.927752621303,7.0
RETAIL_01665,Apple Watch Ultra,Sydney-GeorgeSt,2024-10-19,3736.9352324208344,2.0
RETAIL_01666,iPhone 15 Pro,Paris-Opera,2024-07-31,23939.062658981973,6.0
RETAIL_01667,AirPods Max,NYC-FifthAve,2024-09-20,15688.944646436546,8.0
RETAIL_01668,AirPods Max,Sydney-GeorgeSt,2024-11-19,2561.5027829118058,1.0
RETAIL_01669,Vision Pro,Tokyo-Ginza,2024-10-18,5829.93001332176,4.0
RETAIL_01670,Vision Pro,Paris-Opera,2024-11-02,3554.333606033534,6.0
RETAIL_01671,Apple Watch Ultra,NYC-FifthAve,2024-09-16,18059.549457997546,9.0
RETAIL_01672,Vision Pro,NYC-FifthAve,2024-07-13,9688.60026048067,4.0
RETAIL_01673,iPhone 15 Pro,London-RegentSt,2024-07-28,7781.224170416412,3.0
RETAIL_01674,Apple Watch Ultra,London-RegentSt,2024-08-11,2626.54886303979,1.0
RETAIL_01675,MacBook Air M3,Paris-Opera,2024-07-16,10202.738313689775,4.0
RETAIL_01676,Apple Watch Ultra,Paris-Opera,2024-09-21,1159.159867299138,2.0
RETAIL_01677,iPad Pro,NYC-FifthAve,2024-10-11,2050.978200912119,3.0
RETAIL_01678,Vision Pro,London-RegentSt,2024-11-10,11769.815061495245,8.0
RETAIL_01679,iPad Pro,Tokyo-Ginza,2024-07-12,23116.683097080346,8.0
RETAIL_01681,AirPods Max,Tokyo-Ginza,2024-10-18,4336.820939050434,4.0
RETAIL_01682,iPhone 15 Pro,Sydney-GeorgeSt,2024-10-03,23056.682090839488,7.0
RETAIL_01683,iPad Pro,NYC-FifthAve,2024-09-21,6051.9127901053835,8.0
RETAIL_01684,AirPods Max,London-RegentSt,2024-11-27,9499.657027487445,5.0
RETAIL_01685,Apple Watch Ultra,Paris-Opera,2024-08-28,2965.9785828204976,3.0
RETAIL_01686,MacBook Air M3,Paris-Opera,2024-08-19,229.8881722930748,9.0
RETAIL_01687,iPhone 15 Pro,Paris-Opera,2024-12-03,11848.154282802398,8.0
RETAIL_01688,iPad Pro,Tokyo-Ginza,2024-12-01,1141.820444030415,1.0
RETAIL_01689,iPad Pro,Tokyo-Ginza,2024-09-28,9228.043774155718,5.0
RETAIL_01690,iPad Pro,Sydney-GeorgeSt,2024-07-18,1400.3939141091132,7.0
RETAIL_01691,MacBook Air M3,Sydney-GeorgeSt,2024-07-23,4336.166531813589,8.0
RETAIL_01692,Apple Watch Ultra,Tokyo-Ginza,2024-10-27,8515.135315271034,4.0
RETAIL_01693,iPad Pro,Paris-Opera,2024-08-21,6097.621119213099,5.0
RETAIL_01694,Apple Watch Ultra,Tokyo-Ginza,2024-08-25,1933.730207397018,9.0
RETAIL_01695,Vision Pro,Sydney-GeorgeSt,2024-11-01,13574.193406710267,5.0
RETAIL_01696,MacBook Air M3,London-RegentSt,2024-08-11,1963.7934151560532,1.0
RETAIL_01697,iPhone 15 Pro,Tokyo-Ginza,2024-09-11,1007.8980793863456,8.0
RETAIL_01698,MacBook Air M3,NYC-FifthAve,2024-12-14,1462.676199336562,1.0
RETAIL_01699,iPhone 15 Pro,London-RegentSt,2024-08-10,2101.96947219521,2.0
RETAIL_01700,Vision Pro,Paris-Opera,2024-11-15,14616.860893100426,7.0
RETAIL_01701,MacBook Air M3,London-RegentSt,2024-07-14,110.47230852501718,1.0
RETAIL_01702,iPhone 15 Pro,Paris-Opera,2024-10-12,9772.546087041716,3.0
RETAIL_01703,MacBook Air M3,Sydney-GeorgeSt,2024-07-06,4414.587040022096,6.0
RETAIL_01704,MacBook Air M3,Tokyo-Ginza,2024-08-22,9008.596201547081,4.0
RETAIL_01706,Apple Watch Ultra,NYC-FifthAve,2024-10-30,11975.08163319678,4.0
RETAIL_01708,iPhone 15 Pro,Tokyo-Ginza,2024-11-21,5639.533411713614,2.0
RETAIL_01709,Apple Watch Ultra,Paris-Opera,2024-10-27,2463.593656734153,1.0
RETAIL_01711,Vision Pro,Paris-Opera,2024-07-19,3456.6589262277703,1.0
RETAIL_01713,Apple Watch Ultra,London-RegentSt,2024-11-03,23437.638573680913,7.0
RETAIL_01714,iPhone 15 Pro,Paris-Opera,2024-07-13,5443.970981154364,2.0
RETAIL_01715,AirPods Max,London-RegentSt,2024-12-16,3245.8293866414233,8.0
RETAIL_01716,Vision Pro,London-RegentSt,2024-07-01,29341.64771195768,9.0
RETAIL_01718,iPad Pro,Tokyo-Ginza,2024-09-14,10475.618886934746,4.0
RETAIL_01719,Vision Pro,Sydney-GeorgeSt,2024-08-26,4699.694538228659,4.0
RETAIL_01720,Vision Pro,NYC-FifthAve,2024-09-05,14173.325246323839,6.0
RETAIL_01721,Apple Watch Ultra,London-RegentSt,2024-11-22,5688.772579140393,2.0
RETAIL_01722,iPhone 15 Pro,Paris-Opera,2024-10-31,13815.346212314675,5.0
RETAIL_01723,iPhone 15 Pro,Paris-Opera,2024-09-28,660.7598691021269,1.0
RETAIL_01725,Apple Watch Ultra,London-RegentSt,2024-12-05,12833.27325997326,9.0
RETAIL_01726,AirPods Max,Sydney-GeorgeSt,2024-07-31,17282.90238091881,9.0
RETAIL_01727,iPhone 15 Pro,Paris-Opera,2024-11-05,22314.604042602627,7.0
RETAIL_01728,AirPods Max,Sydney-GeorgeSt,2024-11-08,9867.957760688854,4.0
RETAIL_01729,iPad Pro,Paris-Opera,2024-12-23,373.194726603278,2.0
RETAIL_01730,Apple Watch Ultra,Tokyo-Ginza,2024-11-30,34110.646653303054,9.0
RETAIL_01731,MacBook Air M3,London-RegentSt,2024-08-16,11268.829676972897,4.0
RETAIL_01732,Apple Watch Ultra,London-RegentSt,2024-08-30,18931.7374402679,5.0
RETAIL_01733,iPhone 15 Pro,Paris-Opera,2024-11-05,11800.183109086824,6.0
RETAIL_01734,AirPods Max,Paris-Opera,2024-09-17,27990.462104260678,7.0
RETAIL_01735,Apple Watch Ultra,Sydney-GeorgeSt,2024-12-04,8337.924672007257,8.0
RETAIL_01736,iPhone 15 Pro,Tokyo-Ginza,2024-07-29,3025.9233104105415,7.0
RETAIL_01737,MacBook Air M3,London-RegentSt,2024-08-02,2496.0077904447257,2.0
RETAIL_01738,AirPods Max,NYC-FifthAve,2024-09-01,2447.314604177976,2.0
RETAIL_01739,MacBook Air M3,Sydney-GeorgeSt,2024-11-28,4538.848186991242,2.0
RETAIL_01740,iPad Pro,Paris-Opera,2024-08-26,6505.068131906933,7.0
RETAIL_01741,Vision Pro,London-RegentSt,2024-12-20,31955.636328697885,9.0
RETAIL_01742,iPhone 15 Pro,London-RegentSt,2024-10-10,417.1962454114531,9.0
RETAIL_01744,MacBook Air M3,London-RegentSt,2024-09-06,11972.762820944587,7.0
RETAIL_01745,MacBook Air M3,London-RegentSt,2024-11-25,1770.4501033340057,2.0
RETAIL_01746,Apple Watch Ultra,Tokyo-Ginza,2024-09-25,838.1798143353565,1.0
RETAIL_01747,iPad Pro,London-RegentSt,2024-09-08,19698.45366325787,7.0
RETAIL_01748,Apple Watch Ultra,NYC-FifthAve,2024-11-30,26580.20605749351,7.0
RETAIL_01749,Vision Pro,London-RegentSt,2024-10-04,24313.47485291755,7.0
RETAIL_01750,Vision Pro,NYC-FifthAve,2024-08-31,10517.949892671928,3.0
RETAIL_01751,Apple Watch Ultra,London-RegentSt,2024-12-21,7846.902887524862,2.0
RETAIL_01752,Vision Pro,NYC-FifthAve,2024-09-08,14315.121903934189,6.0
RETAIL_01753,AirPods Max,Paris-Opera,2024-10-23,2113.557523350075,1.0
RETAIL_01754,iPhone 15 Pro,NYC-FifthAve,2024-08-05,10478.626285111031,4.0
RETAIL_01755,AirPods Max,Tokyo-Ginza,2024-10-02,3360.2572222255703,3.0
RETAIL_01756,Vision Pro,London-RegentSt,2024-10-20,19492.528111861753,6.0
RETAIL_01757,Vision Pro,London-RegentSt,2024-07-15,7640.920744104712,2.0
RETAIL_01758,iPad Pro,London-RegentSt,2024-11-19,259.9693894827999,1.0
RETAIL_01759,MacBook Air M3,Paris-Opera,2024-08-15,25709.94828581867,8.0
RETAIL_01761,Vision Pro,Tokyo-Ginza,2024-12-19,10633.762122633116,3.0
RETAIL_01763,iPad Pro,London-RegentSt,2024-10-21,12176.722609926626,9.0
RETAIL_01764,Apple Watch Ultra,NYC-FifthAve,2024-09-20,1783.2005654140344,7.0
RETAIL_01765,iPad Pro,NYC-FifthAve,2024-10-06,13856.523629196487,8.0
RETAIL_01766,MacBook Air M3,London-RegentSt,2024-12-26,6371.495782859521,5.0
RETAIL_01767,iPad Pro,NYC-FifthAve,2024-07-01,357.54804081003925,3.0
RETAIL_01768,MacBook Air M3,Tokyo-Ginza,2024-10-05,7317.222904379216,2.0
RETAIL_01770,AirPods Max,NYC-FifthAve,2024-08-13,14232.546473962728,4.0
RETAIL_01771,Apple Watch Ultra,Sydney-GeorgeSt,2024-10-12,5605.790289971332,4.0
RETAIL_01772,Vision Pro,Sydney-GeorgeSt,2024-08-20,9600.823484783774,3.0
RETAIL_01773,iPad Pro,London-RegentSt,2024-10-05,6950.387319135722,8.0
RETAIL_01774,AirPods Max,Tokyo-Ginza,2024-08-26,16566.00278101367,6.0
RETAIL_01775,AirPods Max,Paris-Opera,2024-12-09,15976.105978323045,4.0
RETAIL_01776,Vision Pro,Paris-Opera,2024-10-19,29302.722512668315,9.0
RETAIL_01777,Apple Watch Ultra,NYC-FifthAve,2024-12-04,5061.179843541079,7.0
RETAIL_01778,MacBook Air M3,Paris-Opera,2024-07-02,4516.441483439338,4.0
RETAIL_01779,iPad Pro,NYC-FifthAve,2024-07-17,15640.159184933102,4.0
RETAIL_01780,Apple Watch Ultra,London-RegentSt,2024-08-30,29988.845942560052,9.0
RETAIL_01781,AirPods Max,NYC-FifthAve,2024-11-02,10047.69664305752,7.0
RETAIL_01782,iPhone 15 Pro,Paris-Opera,2024-07-20,8801.517864862279,3.0
RETAIL_01783,Vision Pro,Sydney-GeorgeSt,2024-11-11,14756.344622547509,7.0
RETAIL_01784,MacBook Air M3,Sydney-GeorgeSt,2024-08-29,17492.030743147236,9.0
RETAIL_01785,iPhone 15 Pro,Sydney-GeorgeSt,2024-11-15,21363.226892768318,7.0
RETAIL_01786,iPad Pro,Tokyo-Ginza,2024-08-28,384.4581889813438,1.0
RETAIL_01787,Apple Watch Ultra,Tokyo-Ginza,2024-09-09,2926.038201890258,3.0
RETAIL_01788,Vision Pro,London-RegentSt,2024-11-10,1272.524398266114,7.0
RETAIL_01789,iPad Pro,NYC-FifthAve,2024-12-01,2698.73400954729,1.0
RETAIL_01790,Vision Pro,Tokyo-Ginza,2024-12-19,7795.034860088345,5.0
RETAIL_01791,Apple Watch Ultra,Paris-Opera,2024-11-23,2559.233636107747,7.0
RETAIL_01792,Apple Watch Ultra,Tokyo-Ginza,2024-12-13,11413.541627590537,3.0
RETAIL_01793,Apple Watch Ultra,Paris-Opera,2024-11-06,6096.336050113582,2.0
RETAIL_01794,Vision Pro,London-RegentSt,2024-10-18,12387.690955377018,9.0
RETAIL_01795,iPhone 15 Pro,London-RegentSt,2024-11-11,16984.57090201284,5.0
RETAIL_01796,iPhone 15 Pro,Sydney-GeorgeSt,2024-10-30,2393.3169252130992,7.0
RETAIL_01798,MacBook Air M3,Tokyo-Ginza,2024-07-28,13105.942188152809,4.0
RETAIL_01799,Vision Pro,Tokyo-Ginza,2024-10-07,479.534793597863,3.0
RETAIL_01800,iPhone 15 Pro,Paris-Opera,2024-11-13,5927.800923844702,4.0
RETAIL_01803,Apple Watch Ultra,Paris-Opera,2024-09-30,6180.702185499918,8.0
RETAIL_01805,Vision Pro,London-RegentSt,2024-10-29,691.7493336534335,5.0
RETAIL_01807,Apple Watch Ultra,London-RegentSt,2024-09-20,346.167900809996,1.0
RETAIL_01808,MacBook Air M3,Sydney-GeorgeSt,2024-09-18,9089.965085113403,5.0
RETAIL_01809,Vision Pro,London-RegentSt,2024-07-07,211.41582505358883,6.0
RETAIL_01810,Vision Pro,Tokyo-Ginza,2024-10-04,11794.598934700913,4.0
RETAIL_01811,iPad Pro,Sydney-GeorgeSt,2024-10-26,1579.2777809436589,4.0
RETAIL_01812,Apple Watch Ultra,London-RegentSt,2024-10-23,1493.102825802966,4.0
RETAIL_01814,iPhone 15 Pro,Paris-Opera,2024-08-09,7378.796113486296,2.0
RETAIL_01815,Vision Pro,London-RegentSt,2024-11-16,23100.287260536774,8.0
RETAIL_01816,Vision Pro,Sydney-GeorgeSt,2024-09-11,3375.1722173017615,9.0
RETAIL_01817,iPad Pro,London-RegentSt,2024-07-08,11988.27532571073,5.0
RETAIL_01818,AirPods Max,Sydney-GeorgeSt,2024-12-07,1272.8107219229555,5.0
RETAIL_01819,iPad Pro,Tokyo-Ginza,2024-09-05,3946.967288121016,1.0
RETAIL_01820,iPhone 15 Pro,London-RegentSt,2024-07-23,6028.224684002378,6.0
RETAIL_01821,Apple Watch Ultra,NYC-FifthAve,2024-12-08,2552.7972185069502,4.0
RETAIL_01822,iPad Pro,NYC-FifthAve,2024-10-27,10242.475748385985,3.0
RETAIL_01823,AirPods Max,London-RegentSt,2024-09-03,11397.98023036793,3.0
RETAIL_01824,Vision Pro,Sydney-GeorgeSt,2024-10-01,2520.3320509021023,1.0
RETAIL_01825,iPad Pro,Tokyo-Ginza,2024-12-06,7784.96010941713,5.0
RETAIL_01826,iPhone 15 Pro,Tokyo-Ginza,2024-09-20,11275.346917362112,7.0
RETAIL_01827,iPad Pro,NYC-FifthAve,2024-10-01,115.60891316413893,1.0
RETAIL_01828,Apple Watch Ultra,Tokyo-Ginza,2024-11-27,2597.73883286793,3.0
RETAIL_01829,Apple Watch Ultra,NYC-FifthAve,2024-12-09,13382.745749892338,5.0
RETAIL_01830,MacBook Air M3,Paris-Opera,2024-10-07,15063.751944991516,4.0
RETAIL_01831,MacBook Air M3,Sydney-GeorgeSt,2024-11-30,193.96636819861283,1.0
RETAIL_01832,Apple Watch Ultra,Tokyo-Ginza,2024-11-11,11204.21540771689,4.0
RETAIL_01833,MacBook Air M3,Sydney-GeorgeSt,2024-10-11,5263.102919982316,4.0
RETAIL_01834,Apple Watch Ultra,London-RegentSt,2024-07-17,35580.08842025068,9.0
RETAIL_01835,Vision Pro,NYC-FifthAve,2024-08-03,573.6978226162353,1.0
RETAIL_01836,AirPods Max,Tokyo-Ginza,2024-12-22,22207.04136679386,9.0
RETAIL_01837,iPhone 15 Pro,Sydney-GeorgeSt,2024-09-11,1797.9638354713238,6.0
RETAIL_01838,Vision Pro,Sydney-GeorgeSt,2024-10-09,4831.0904383191055,5.0
RETAIL_01840,iPhone 15 Pro,London-RegentSt,2024-08-14,8601.121356703065,5.0
RETAIL_01841,AirPods Max,NYC-FifthAve,2024-08-07,1297.556713951697,4.0
RETAIL_01842,iPhone 15 Pro,London-RegentSt,2024-12-27,27542.541582008278,9.0
RETAIL_01843,Apple Watch Ultra,Sydney-GeorgeSt,2024-07-18,1256.5599131989238,2.0
RETAIL_01844,Apple Watch Ultra,Sydney-GeorgeSt,2024-09-09,27721.206949675878,9.0
RETAIL_01845,iPhone 15 Pro,Paris-Opera,2024-10-24,916.126884865036,1.0
RETAIL_01846,iPhone 15 Pro,NYC-FifthAve,2024-08-01,103.58968787908589,3.0
RETAIL_01849,Apple Watch Ultra,London-RegentSt,2024-12-23,1872.364319895003,1.0
RETAIL_01850,iPhone 15 Pro,Sydney-GeorgeSt,2024-07-13,676.3492668914798,1.0
RETAIL_01851,iPhone 15 Pro,NYC-FifthAve,2024-09-01,17539.55934608101,5.0
RETAIL_01852,AirPods Max,Tokyo-Ginza,2024-11-07,927.1089618161944,1.0
RETAIL_01855,iPhone 15 Pro,Paris-Opera,2024-12-27,5977.707932755558,8.0
RETAIL_01856,Apple Watch Ultra,Tokyo-Ginza,2024-11-28,2434.7628003992813,3.0
RETAIL_01857,Apple Watch Ultra,NYC-FifthAve,2024-08-17,4544.591173026949,9.0
RETAIL_01858,MacBook Air M3,Paris-Opera,2024-12-23,22238.55376321512,6.0
RETAIL_01859,iPhone 15 Pro,Tokyo-Ginza,2024-08-17,7457.344234978906,3.0
RETAIL_01860,iPad Pro,Paris-Opera,2024-10-03,10507.654379723146,8.0
RETAIL_01861,MacBook Air M3,Tokyo-Ginza,2024-12-11,569.2132626798611,4.0
RETAIL_01862,iPhone 15 Pro,Tokyo-Ginza,2024-12-24,2612.3266465885445,2.0
RETAIL_01864,iPhone 15 Pro,London-RegentSt,2024-08-02,5584.382436842593,2.0
RETAIL_01865,Apple Watch Ultra,London-RegentSt,2024-08-06,3748.462396470477,1.0
RETAIL_01866,Apple Watch Ultra,Paris-Opera,2024-07-03,19395.299833792542,9.0
RETAIL_01867,AirPods Max,Tokyo-Ginza,2024-11-29,12084.318869954808,6.0
RETAIL_01868,iPad Pro,Paris-Opera,2024-10-09,7345.16583960689,8.0
RETAIL_01869,iPad Pro,Sydney-GeorgeSt,2024-09-28,14701.19376910251,6.0
RETAIL_01870,iPhone 15 Pro,NYC-FifthAve,2024-11-26,545.5903678928396,1.0
RETAIL_01871,Apple Watch Ultra,Sydney-GeorgeSt,2024-08-29,4846.902581787321,8.0
RETAIL_01872,iPad Pro,Tokyo-Ginza,2024-09-06,18786.12266604978,5.0
RETAIL_01873,Vision Pro,NYC-FifthAve,2024-11-09,13880.894696994055,4.0
RETAIL_01874,iPad Pro,Paris-Opera,2024-07-23,10098.469822848174,6.0
RETAIL_01875,Apple Watch Ultra,Tokyo-Ginza,2024-12-15,22372.83266735985,7.0
RETAIL_01876,Apple Watch Ultra,Tokyo-Ginza,2024-08-11,16324.543617367677,7.0
RETAIL_01877,MacBook Air M3,Tokyo-Ginza,2024-09-10,29490.977777834636,9.0
RETAIL_01878,iPhone 15 Pro,London-RegentSt,2024-09-16,1056.6907190508362,1.0
RETAIL_01879,MacBook Air M3,Paris-Opera,2024-09-06,8137.574738920214,4.0
RETAIL_01881,iPad Pro,Sydney-GeorgeSt,2024-10-06,15795.850033489254,6.0
RETAIL_01882,Apple Watch Ultra,Sydney-GeorgeSt,2024-09-25,10694.835514383083,3.0
RETAIL_01883,Apple Watch Ultra,Paris-Opera,2024-07-28,5740.816699644445,2.0
RETAIL_01884,Vision Pro,Sydney-GeorgeSt,2024-12-22,8192.21125183383,6.0
RETAIL_01885,Vision Pro,NYC-FifthAve,2024-11-05,9337.818143566878,3.0
RETAIL_01886,iPad Pro,London-RegentSt,2024-10-16,558.1556062620405,5.0
RETAIL_01887,MacBook Air M3,NYC-FifthAve,2024-09-24,14132.09743307902,4.0
RETAIL_01888,Vision Pro,NYC-FifthAve,2024-07-15,19699.317385127975,6.0
RETAIL_01890,iPhone 15 Pro,Tokyo-Ginza,2024-07-23,23729.524378550126,7.0
RETAIL_01891,Apple Watch Ultra,NYC-FifthAve,2024-08-31,816.2878355812536,8.0
RETAIL_01892,Apple Watch Ultra,Tokyo-Ginza,2024-12-19,23583.613193785503,7.0
RETAIL_01893,iPhone 15 Pro,NYC-FifthAve,2024-07-03,4758.250692581414,6.0
RETAIL_01895,Vision Pro,Paris-Opera,2024-07-09,23829.678160530904,8.0
RETAIL_01896,iPhone 15 Pro,London-RegentSt,2024-09-11,13629.099668008272,6.0
RETAIL_01897,Vision Pro,NYC-FifthAve,2024-09-28,27788.247831263947,9.0
RETAIL_01898,Vision Pro,NYC-FifthAve,2024-11-01,225.33374689753236,4.0
RETAIL_01899,Apple Watch Ultra,London-RegentSt,2024-10-05,5639.672707476321,4.0
RETAIL_01903,Vision Pro,Tokyo-Ginza,2024-10-13,10213.429055736518,6.0
RETAIL_01904,Vision Pro,Paris-Opera,2024-12-09,28632.165859161,9.0
RETAIL_01905,AirPods Max,Sydney-GeorgeSt,2024-11-19,4259.764477709222,3.0
RETAIL_01906,iPad Pro,Paris-Opera,2024-10-01,9626.314943503568,6.0
RETAIL_01907,MacBook Air M3,NYC-FifthAve,2024-12-26,5291.801059495987,7.0
RETAIL_01908,iPad Pro,NYC-FifthAve,2024-09-24,2132.882387139641,1.0
RETAIL_01909,Apple Watch Ultra,Tokyo-Ginza,2024-08-18,5317.893098291361,4.0
RETAIL_01910,iPad Pro,Paris-Opera,2024-11-12,4334.185606812624,9.0
RETAIL_01911,MacBook Air M3,Paris-Opera,2024-12-01,16411.007982804498,8.0
RETAIL_01912,Vision Pro,London-RegentSt,2024-07-28,1749.240186413494,1.0
RETAIL_01914,iPhone 15 Pro,Tokyo-Ginza,2024-08-07,3316.1779811010892,4.0
RETAIL_01915,Apple Watch Ultra,Paris-Opera,2024-11-16,12581.975847508984,5.0
RETAIL_01916,AirPods Max,London-RegentSt,2024-07-16,4479.352833359447,4.0
RETAIL_01917,AirPods Max,Paris-Opera,2024-10-12,8747.107080273732,4.0
RETAIL_01919,MacBook Air M3,Sydney-GeorgeSt,2024-12-19,2501.0362900761816,1.0
RETAIL_01920,AirPods Max,Sydney-GeorgeSt,2024-12-05,9855.517689197344,3.0
RETAIL_01921,Vision Pro,NYC-FifthAve,2024-11-10,26338.687624445192,9.0
RETAIL_01922,AirPods Max,Sydney-GeorgeSt,2024-12-25,31554.036095218544,9.0
RETAIL_01923,Apple Watch Ultra,London-RegentSt,2024-08-15,8840.966844523886,3.0
RETAIL_01924,iPhone 15 Pro,NYC-FifthAve,2024-10-30,8.226021198281103,1.0
RETAIL_01925,MacBook Air M3,NYC-FifthAve,2024-07-17,10504.756020510207,7.0
RETAIL_01926,Vision Pro,Paris-Opera,2024-09-28,424.9385546808335,1.0
RETAIL_01927,Vision Pro,NYC-FifthAve,2024-11-28,2471.365511361052,1.0
RETAIL_01928,Vision Pro,Paris-Opera,2024-08-16,256.34407376871377,1.0
RETAIL_01929,iPad Pro,Sydney-GeorgeSt,2024-07-28,6705.6221616913845,8.0
RETAIL_01931,Apple Watch Ultra,Sydney-GeorgeSt,2024-07-16,6385.918450262421,6.0
RETAIL_01932,iPhone 15 Pro,Paris-Opera,2024-09-30,11967.282530706794,3.0
RETAIL_01933,iPad Pro,NYC-FifthAve,2024-08-30,7802.041291619413,7.0
RETAIL_01934,MacBook Air M3,Sydney-GeorgeSt,2024-10-17,4189.777997868592,9.0
RETAIL_01935,MacBook Air M3,London-RegentSt,2024-07-19,1.7292519296368027,3.0
RETAIL_01936,MacBook Air M3,London-RegentSt,2024-07-31,5843.348188138039,3.0
RETAIL_01938,AirPods Max,London-RegentSt,2024-10-03,16475.474179669218,9.0
RETAIL_01939,iPhone 15 Pro,NYC-FifthAve,2024-08-24,1886.162236723824,1.0
RETAIL_01940,AirPods Max,London-RegentSt,2024-10-02,1529.4266086036541,2.0
RETAIL_01941,AirPods Max,London-RegentSt,2024-09-19,6392.582062843547,7.0
RETAIL_01942,Apple Watch Ultra,London-RegentSt,2024-10-27,10060.924677289891,9.0
RETAIL_01943,Vision Pro,Paris-Opera,2024-09-18,821.2766432574581,8.0
RETAIL_01945,iPhone 15 Pro,London-RegentSt,2024-11-06,16100.489390365608,7.0
RETAIL_01946,Apple Watch Ultra,London-RegentSt,2024-11-30,8105.482352208138,4.0
RETAIL_01947,MacBook Air M3,Paris-Opera,2024-12-02,3317.835094660552,1.0
RETAIL_01948,MacBook Air M3,NYC-FifthAve,2024-08-17,8842.4400656466,9.0
RETAIL_01950,Apple Watch Ultra,Tokyo-Ginza,2024-12-27,13277.291012604048,6.0
RETAIL_01951,Apple Watch Ultra,Paris-Opera,2024-08-26,22077.022418090044,6.0
RETAIL_01952,iPad Pro,NYC-FifthAve,2024-08-07,2124.529082313242,2.0
RETAIL_01953,Vision Pro,Tokyo-Ginza,2024-12-15,16831.599418500613,7.0
RETAIL_01954,MacBook Air M3,NYC-FifthAve,2024-11-16,19688.69507585422,9.0
RETAIL_01955,iPhone 15 Pro,London-RegentSt,2024-10-10,9265.831325080217,6.0
RETAIL_01956,Vision Pro,Paris-Opera,2024-08-09,23680.626254820476,7.0
RETAIL_01957,iPhone 15 Pro,NYC-FifthAve,2024-08-26,8234.314189434175,5.0
RETAIL_01958,iPhone 15 Pro,London-RegentSt,2024-10-07,7448.576898528986,2.0
RETAIL_01959,MacBook Air M3,London-RegentSt,2024-11-12,15037.966151222154,6.0
RETAIL_01960,AirPods Max,Sydney-GeorgeSt,2024-08-23,1283.035258304818,2.0
RETAIL_01961,iPhone 15 Pro,Sydney-GeorgeSt,2024-09-18,15710.164654480315,4.0
RETAIL_01962,Apple Watch Ultra,London-RegentSt,2024-10-05,2599.080319636463,1.0
RETAIL_01963,iPhone 15 Pro,Sydney-GeorgeSt,2024-10-23,19318.887734599775,5.0
RETAIL_01964,Vision Pro,Paris-Opera,2024-10-06,3597.891447809163,1.0
RETAIL_01965,AirPods Max,Sydney-GeorgeSt,2024-11-04,6269.91661733429,2.0
RETAIL_01966,Apple Watch Ultra,Tokyo-Ginza,2024-07-18,2367.0240196553427,1.0
RETAIL_01967,AirPods Max,London-RegentSt,2024-09-21,13252.54638946461,6.0
RETAIL_01968,MacBook Air M3,NYC-FifthAve,2024-08-27,6102.625156603335,7.0
RETAIL_01969,AirPods Max,London-RegentSt,2024-07-15,4513.873264445971,8.0
RETAIL_01970,iPad Pro,Tokyo-Ginza,2024-07-14,26353.201029875418,7.0
RETAIL_01971,MacBook Air M3,NYC-FifthAve,2024-11-29,10182.228227119964,3.0
RETAIL_01973,MacBook Air M3,Sydney-GeorgeSt,2024-12-18,8213.307700808902,5.0
RETAIL_01974,Apple Watch Ultra,Paris-Opera,2024-10-09,226.1074741874504,4.0
RETAIL_01975,Apple Watch Ultra,Paris-Opera,2024-09-10,28087.770558168082,8.0
RETAIL_01976,iPhone 15 Pro,London-RegentSt,2024-11-07,9127.835823034782,5.0
RETAIL_01977,iPhone 15 Pro,London-RegentSt,2024-08-13,26724.66306577666,9.0
RETAIL_01978,iPhone 15 Pro,NYC-FifthAve,2024-12-10,30285.1114980181,9.0
RETAIL_01979,Apple Watch Ultra,Tokyo-Ginza,2024-11-10,3012.0389923530875,4.0
RETAIL_01981,AirPods Max,Tokyo-Ginza,2024-10-08,20691.04353406274,9.0
RETAIL_01983,iPhone 15 Pro,Tokyo-Ginza,2024-10-26,21875.794529344385,9.0
RETAIL_01984,Vision Pro,Paris-Opera,2024-10-15,11699.951951583193,4.0
RETAIL_01985,Apple Watch Ultra,Paris-Opera,2024-11-21,14886.817116979975,9.0
RETAIL_01987,iPad Pro,Sydney-GeorgeSt,2024-09-23,1960.91899375722,1.0
RETAIL_01988,iPad Pro,Sydney-GeorgeSt,2024-07-02,10283.284792158036,4.0
RETAIL_01989,iPad Pro,Tokyo-Ginza,2024-08-16,1305.3523057768052,3.0
RETAIL_01990,Vision Pro,NYC-FifthAve,2024-07-15,16779.858743761826,5.0
RETAIL_01993,iPad Pro,Paris-Opera,2024-11-17,5617.670109225098,2.0
RETAIL_01994,AirPods Max,Sydney-GeorgeSt,2024-10-06,16687.9982621989,5.0
RETAIL_01995,MacBook Air M3,London-RegentSt,2024-08-06,5913.452821191553,2.0
RETAIL_01996,MacBook Air M3,Paris-Opera,2024-09-25,11763.195298047096,7.0
RETAIL_01997,MacBook Air M3,London-RegentSt,2024-10-25,4750.848421185271,4.0
RETAIL_01998,AirPods Max,Paris-Opera,2024-08-18,236.9818327146072,2.0
RETAIL_01999,MacBook Air M3,Tokyo-Ginza,2024-08-22,1553.7323457839448,4.0
RETAIL_02000,MacBook Air M3,Tokyo-Ginza,2024-07-05,10594.121387194104,4.0
RETAIL_02001,AirPods Max,Tokyo-Ginza,2024-10-03,787.8607240876119,5.0
RETAIL_02002,Apple Watch Ultra,Tokyo-Ginza,2024-07-03,31175.713053956904,8.0
RETAIL_02003,MacBook Air M3,Tokyo-Ginza,2024-09-10,614.6651920066633,7.0
RETAIL_02004,iPhone 15 Pro,Tokyo-Ginza,2024-09-22,4287.707769845968,4.0
RETAIL_02005,Apple Watch Ultra,Sydney-GeorgeSt,2024-10-05,7230.076215533026,2.0
RETAIL_02006,MacBook Air M3,Sydney-GeorgeSt,2024-11-18,14123.731099424771,9.0
RETAIL_02008,iPhone 15 Pro,London-RegentSt,2024-11-26,23777.286976376632,7.0
RETAIL_02009,AirPods Max,Paris-Opera,2024-07-06,2380.5002242466203,1.0
RETAIL_02010,iPhone 15 Pro,Sydney-GeorgeSt,2024-07-27,7979.174444579392,5.0
RETAIL_02012,MacBook Air M3,Tokyo-Ginza,2024-12-09,2526.8959541426957,7.0
RETAIL_02014,Apple Watch Ultra,Paris-Opera,2024-07-15,13759.9427318241,7.0
RETAIL_02016,iPad Pro,Paris-Opera,2024-08-08,8146.07918005173,4.0
RETAIL_02017,iPad Pro,Sydney-GeorgeSt,2024-07-13,22614.772709341345,7.0
RETAIL_02018,iPhone 15 Pro,Paris-Opera,2024-11-23,10459.496124422256,7.0
RETAIL_02019,Vision Pro,NYC-FifthAve,2024-12-04,6960.199597319711,4.0
RETAIL_02020,MacBook Air M3,Tokyo-Ginza,2024-08-18,1431.0818775162552,8.0
RETAIL_02021,MacBook Air M3,London-RegentSt,2024-10-05,3982.757818115536,2.0
RETAIL_02022,MacBook Air M3,NYC-FifthAve,2024-08-30,4760.013344964736,7.0
RETAIL_02023,Vision Pro,Paris-Opera,2024-07-27,6993.949636790656,3.0
RETAIL_02024,iPad Pro,NYC-FifthAve,2024-10-10,13083.349498975724,5.0
RETAIL_02026,MacBook Air M3,Paris-Opera,2024-09-22,2713.3298770288457,1.0
RETAIL_02027,iPad Pro,Tokyo-Ginza,2024-12-14,927.7671289155145,9.0
RETAIL_02028,Apple Watch Ultra,London-RegentSt,2024-10-16,947.6642112467734,4.0
RETAIL_02029,Apple Watch Ultra,NYC-FifthAve,2024-11-08,10550.262383709096,6.0
RETAIL_02030,iPad Pro,NYC-FifthAve,2024-12-01,11985.695409174476,7.0
RETAIL_02031,Apple Watch Ultra,NYC-FifthAve,2024-12-27,11061.828548400335,8.0
RETAIL_02032,iPhone 15 Pro,Sydney-GeorgeSt,2024-11-13,19968.20036356173,8.0
RETAIL_02036,Vision Pro,London-RegentSt,2024-09-14,11929.799924011048,5.0
RETAIL_02037,MacBook Air M3,London-RegentSt,2024-10-30,9927.528429957223,8.0
RETAIL_02038,Apple Watch Ultra,NYC-FifthAve,2024-11-26,513.4031171680334,5.0
RETAIL_02039,AirPods Max,London-RegentSt,2024-08-29,2071.8342046138505,6.0
RETAIL_02040,AirPods Max,Paris-Opera,2024-08-29,12441.586625497079,6.0
RETAIL_02041,iPad Pro,London-RegentSt,2024-07-13,2007.4200258384285,1.0
RETAIL_02043,AirPods Max,London-RegentSt,2024-11-17,25488.175946070707,8.0
RETAIL_02044,iPad Pro,Tokyo-Ginza,2024-09-05,3323.583112553509,1.0
RETAIL_02045,iPhone 15 Pro,London-RegentSt,2024-08-07,20311.60441546658,9.0
RETAIL_02046,MacBook Air M3,Paris-Opera,2024-10-08,3507.799048007253,3.0
RETAIL_02047,MacBook Air M3,London-RegentSt,2024-07-29,13312.882059887686,5.0
RETAIL_02048,iPad Pro,Paris-Opera,2024-11-26,24847.243688823826,9.0
RETAIL_02049,iPad Pro,Tokyo-Ginza,2024-08-22,16089.481560566863,6.0
RETAIL_02051,AirPods Max,Tokyo-Ginza,2024-07-09,6287.411188423879,6.0
RETAIL_02052,Apple Watch Ultra,Tokyo-Ginza,2024-11-25,4141.536622644051,7.0
RETAIL_02053,Apple Watch Ultra,Tokyo-Ginza,2024-12-03,9547.3489387224,3.0
RETAIL_02054,Apple Watch Ultra,NYC-FifthAve,2024-09-05,232.3465456531476,1.0
RETAIL_02055,MacBook Air M3,NYC-FifthAve,2024-08-25,27750.476066998373,8.0
RETAIL_02057,AirPods Max,Tokyo-Ginza,2024-09-28,2021.2639230051009,1.0
RETAIL_02058,Vision Pro,Sydney-GeorgeSt,2024-09-04,23679.375369849426,6.0
RETAIL_02060,iPad Pro,Tokyo-Ginza,2024-11-22,4548.5813140279915,3.0
RETAIL_02061,Apple Watch Ultra,Tokyo-Ginza,2024-10-04,4014.315589754292,4.0
RETAIL_02062,AirPods Max,London-RegentSt,2024-10-18,20120.10784565178,7.0
RETAIL_02063,MacBook Air M3,London-RegentSt,2024-09-13,5402.430985676031,2.0
RETAIL_02064,AirPods Max,Sydney-GeorgeSt,2024-11-07,12280.072536597232,8.0
RETAIL_02065,MacBook Air M3,London-RegentSt,2024-08-01,5843.268148829774,9.0
RETAIL_02066,Apple Watch Ultra,Tokyo-Ginza,2024-10-18,19065.748647575616,7.0
RETAIL_02067,AirPods Max,Sydney-GeorgeSt,2024-07-06,6470.26101985631,2.0
RETAIL_02068,MacBook Air M3,Sydney-GeorgeSt,2024-12-03,30997.489464482438,8.0
RETAIL_02070,Vision Pro,London-RegentSt,2024-12-09,7409.085464947135,5.0
RETAIL_02071,iPhone 15 Pro,NYC-FifthAve,2024-08-27,4570.011052820712,2.0
RETAIL_02072,iPhone 15 Pro,London-RegentSt,2024-11-03,24775.405018338213,9.0
RETAIL_02073,AirPods Max,Tokyo-Ginza,2024-10-27,6312.180071279805,3.0
RETAIL_02074,Vision Pro,NYC-FifthAve,2024-10-07,2700.460069744763,3.0
RETAIL_02075,iPhone 15 Pro,London-RegentSt,2024-08-01,6352.648085356825,8.0
RETAIL_02076,MacBook Air M3,Tokyo-Ginza,2024-12-24,4381.118242942894,3.0
RETAIL_02077,iPhone 15 Pro,Paris-Opera,2024-12-05,8406.273397808567,6.0
RETAIL_02079,iPhone 15 Pro,Tokyo-Ginza,2024-09-03,26191.351961804547,9.0
RETAIL_02080,iPad Pro,Sydney-GeorgeSt,2024-08-29,2286.2866526112102,2.0
RETAIL_02081,iPad Pro,Paris-Opera,2024-10-25,14770.421159812005,4.0
RETAIL_02082,iPad Pro,NYC-FifthAve,2024-10-03,19239.09227215968,6.0
RETAIL_02083,Apple Watch Ultra,NYC-FifthAve,2024-09-11,6983.701590300244,2.0
RETAIL_02084,AirPods Max,London-RegentSt,2024-12-19,7207.023424282406,6.0
RETAIL_02085,Apple Watch Ultra,Paris-Opera,2024-12-26,2761.903610310264,6.0
RETAIL_02086,MacBook Air M3,NYC-FifthAve,2024-09-22,1007.9486354999494,1.0
RETAIL_02087,iPhone 15 Pro,NYC-FifthAve,2024-08-17,23004.043963824355,6.0
RETAIL_02088,Apple Watch Ultra,NYC-FifthAve,2024-08-26,2322.5246551870223,4.0
RETAIL_02089,iPhone 15 Pro,NYC-FifthAve,2024-11-30,21451.507822495096,8.0
RETAIL_02090,iPad Pro,NYC-FifthAve,2024-07-17,6750.357334662428,7.0
RETAIL_02091,Apple Watch Ultra,London-RegentSt,2024-12-12,377.5363679485324,7.0
RETAIL_02092,AirPods Max,London-RegentSt,2024-11-25,2848.030492375139,2.0
RETAIL_02093,MacBook Air M3,Tokyo-Ginza,2024-11-17,3443.2881494394405,1.0
RETAIL_02094,AirPods Max,Tokyo-Ginza,2024-10-18,3719.9404157948593,3.0
RETAIL_02095,iPhone 15 Pro,NYC-FifthAve,2024-10-24,27601.63823003393,9.0
RETAIL_02096,iPhone 15 Pro,Paris-Opera,2024-10-07,27645.155550859967,8.0
RETAIL_02097,Vision Pro,Sydney-GeorgeSt,2024-07-31,9271.679982975293,3.0
RETAIL_02098,Apple Watch Ultra,London-RegentSt,2024-10-16,11100.671336727244,3.0
RETAIL_02099,iPhone 15 Pro,London-RegentSt,2024-08-07,11329.533448390452,7.0
RETAIL_02100,MacBook Air M3,Sydney-GeorgeSt,2024-08-19,13403.808826459735,6.0
RETAIL_02102,iPhone 15 Pro,Tokyo-Ginza,2024-09-24,7599.086807945645,6.0
RETAIL_02103,Apple Watch Ultra,London-RegentSt,2024-10-13,1062.8047093862403,1.0
RETAIL_02104,iPad Pro,London-RegentSt,2024-11-02,6076.850406182846,6.0
RETAIL_02105,Apple Watch Ultra,Paris-Opera,2024-07-06,6334.82526688623,2.0
RETAIL_02106,iPhone 15 Pro,NYC-FifthAve,2024-07-02,26898.637898562083,9.0
RETAIL_02108,Apple Watch Ultra,Paris-Opera,2024-10-16,3524.7968671814288,2.0
RETAIL_02109,MacBook Air M3,NYC-FifthAve,2024-07-12,2648.6368171514177,4.0
RETAIL_02110,MacBook Air M3,NYC-FifthAve,2024-07-13,5903.2234120922,2.0
RETAIL_02111,Vision Pro,London-RegentSt,2024-08-20,1910.6715698717392,2.0
RETAIL_02112,iPhone 15 Pro,London-RegentSt,2024-08-26,2400.6323837803566,2.0
RETAIL_02113,iPhone 15 Pro,London-RegentSt,2024-09-10,4033.3856546407087,7.0
RETAIL_02115,AirPods Max,Tokyo-Ginza,2024-12-19,2174.335393157432,5.0
RETAIL_02116,iPhone 15 Pro,Tokyo-Ginza,2024-08-24,14170.257354106841,6.0
RETAIL_02117,MacBook Air M3,London-RegentSt,2024-12-01,11909.387672317966,3.0
RETAIL_02118,MacBook Air M3,Tokyo-Ginza,2024-10-08,9373.717319519708,7.0
RETAIL_02119,iPhone 15 Pro,London-RegentSt,2024-08-23,2277.5006588504284,1.0
RETAIL_02120,MacBook Air M3,Tokyo-Ginza,2024-12-25,3788.289400395272,1.0
RETAIL_02121,iPad Pro,Sydney-GeorgeSt,2024-07-29,7185.382425239546,2.0
RETAIL_02122,MacBook Air M3,NYC-FifthAve,2024-08-18,5364.445587814438,2.0
RETAIL_02123,MacBook Air M3,Sydney-GeorgeSt,2024-10-28,3675.1282635821835,5.0
RETAIL_02124,MacBook Air M3,Sydney-GeorgeSt,2024-11-08,3393.955081371667,4.0
RETAIL_02125,Apple Watch Ultra,Tokyo-Ginza,2024-08-15,4418.458510633611,3.0
RETAIL_02126,MacBook Air M3,NYC-FifthAve,2024-07-26,4942.8661768518,4.0
RETAIL_02127,Vision Pro,London-RegentSt,2024-08-09,1930.0294531289571,1.0
RETAIL_02128,iPhone 15 Pro,London-RegentSt,2024-12-18,6632.319281680642,8.0
RETAIL_02129,MacBook Air M3,NYC-FifthAve,2024-11-05,732.8346326528739,3.0
RETAIL_02130,iPad Pro,London-RegentSt,2024-07-10,2073.2401920952584,2.0
RETAIL_02132,iPad Pro,Paris-Opera,2024-11-04,18174.555555593484,5.0
RETAIL_02134,MacBook Air M3,NYC-FifthAve,2024-07-25,10038.617329168996,3.0
RETAIL_02135,AirPods Max,Tokyo-Ginza,2024-10-25,7424.680758905614,2.0
RETAIL_02136,Apple Watch Ultra,Paris-Opera,2024-08-08,10821.573129581342,6.0
RETAIL_02137,MacBook Air M3,Tokyo-Ginza,2024-09-14,6693.662926702162,3.0
RETAIL_02139,iPad Pro,London-RegentSt,2024-08-12,6823.632055075856,4.0
RETAIL_02140,Apple Watch Ultra,Sydney-GeorgeSt,2024-12-18,19282.135412509142,7.0
RETAIL_02142,iPad Pro,London-RegentSt,2024-09-07,7261.84820397223,8.0
RETAIL_02143,iPad Pro,Paris-Opera,2024-12-19,32271.142598860155,9.0
RETAIL_02144,AirPods Max,Paris-Opera,2024-11-06,13778.93923831346,4.0
RETAIL_02145,AirPods Max,London-RegentSt,2024-12-06,875.3261983023522,1.0
RETAIL_02146,MacBook Air M3,London-RegentSt,2024-08-01,4849.886359203856,5.0
RETAIL_02147,iPad Pro,London-RegentSt,2024-09-25,2002.4672580334604,7.0
RETAIL_02149,iPhone 15 Pro,Tokyo-Ginza,2024-07-11,10958.176230681434,7.0
RETAIL_02150,MacBook Air M3,Tokyo-Ginza,2024-09-02,30521.487427612767,8.0
RETAIL_02151,Vision Pro,Tokyo-Ginza,2024-10-20,6831.037653389066,2.0
RETAIL_02153,iPad Pro,Sydney-GeorgeSt,2024-11-09,15375.818142073933,8.0
RETAIL_02154,MacBook Air M3,Sydney-GeorgeSt,2024-12-26,27946.572877497783,8.0
RETAIL_02155,MacBook Air M3,Paris-Opera,2024-10-02,4209.262083841178,2.0
RETAIL_02157,iPhone 15 Pro,Tokyo-Ginza,2024-10-21,21256.57725614384,6.0
RETAIL_02159,MacBook Air M3,London-RegentSt,2024-07-14,29712.237240997805,8.0
RETAIL_02160,Vision Pro,Sydney-GeorgeSt,2024-09-28,29603.841079632977,8.0
RETAIL_02161,AirPods Max,Tokyo-Ginza,2024-08-21,3369.1468534591704,1.0
RETAIL_02162,Vision Pro,NYC-FifthAve,2024-07-06,2506.422936120666,8.0
RETAIL_02163,MacBook Air M3,Sydney-GeorgeSt,2024-10-29,12627.119547778118,6.0
RETAIL_02164,AirPods Max,London-RegentSt,2024-07-28,16958.68469082257,5.0
RETAIL_02165,Vision Pro,Paris-Opera,2024-10-01,658.8128446537837,1.0
RETAIL_02166,Vision Pro,Paris-Opera,2024-10-14,19292.72825077254,5.0
RETAIL_02167,AirPods Max,Paris-Opera,2024-08-13,246.2161070691791,6.0
RETAIL_02168,iPad Pro,London-RegentSt,2024-07-09,10168.71996531863,3.0
RETAIL_02169,iPad Pro,Sydney-GeorgeSt,2024-11-11,7073.538198967099,3.0
RETAIL_02170,MacBook Air M3,Paris-Opera,2024-08-20,14258.746736849078,9.0
RETAIL_02171,MacBook Air M3,NYC-FifthAve,2024-07-03,10757.07841521523,8.0
RETAIL_02172,iPad Pro,London-RegentSt,2024-09-02,284.8778479093014,7.0
RETAIL_02173,iPad Pro,Paris-Opera,2024-10-15,1406.4310500375718,1.0
RETAIL_02174,iPhone 15 Pro,London-RegentSt,2024-08-12,20214.247088047403,6.0
RETAIL_02175,iPhone 15 Pro,Sydney-GeorgeSt,2024-07-03,7491.919397687606,7.0
RETAIL_02176,MacBook Air M3,London-RegentSt,2024-09-03,3798.406926031539,1.0
RETAIL_02177,iPad Pro,Paris-Opera,2024-10-12,32164.83339483088,9.0
RETAIL_02178,AirPods Max,Sydney-GeorgeSt,2024-11-24,27644.438091439446,9.0
RETAIL_02180,Vision Pro,NYC-FifthAve,2024-09-12,6487.724468414728,7.0
RETAIL_02181,AirPods Max,London-RegentSt,2024-10-10,3517.924628884492,1.0
RETAIL_02182,MacBook Air M3,London-RegentSt,2024-09-15,23523.78205385072,9.0
RETAIL_02183,iPad Pro,Sydney-GeorgeSt,2024-07-12,10582.748704655825,4.0
RETAIL_02184,iPhone 15 Pro,Sydney-GeorgeSt,2024-12-26,18820.839667461834,7.0
RETAIL_02185,iPad Pro,London-RegentSt,2024-11-13,3842.67602639111,5.0
RETAIL_02186,AirPods Max,Paris-Opera,2024-08-12,11712.001981078098,7.0
RETAIL_02188,MacBook Air M3,NYC-FifthAve,2024-08-18,17720.810828342976,9.0
RETAIL_02189,iPhone 15 Pro,NYC-FifthAve,2024-10-26,6828.908431262695,9.0
RETAIL_02190,Apple Watch Ultra,Paris-Opera,2024-12-11,6359.706598578857,6.0
RETAIL_02191,AirPods Max,NYC-FifthAve,2024-10-27,2370.707474641377,1.0
RETAIL_02192,iPhone 15 Pro,London-RegentSt,2024-10-06,2768.569941933622,5.0
RETAIL_02193,Apple Watch Ultra,Sydney-GeorgeSt,2024-10-15,3411.74381782728,1.0
RETAIL_02194,AirPods Max,Tokyo-Ginza,2024-11-22,9430.859007817207,9.0
RETAIL_02195,Vision Pro,Paris-Opera,2024-08-03,9111.76094012553,3.0
RETAIL_02196,AirPods Max,London-RegentSt,2024-11-14,5097.170491309941,9.0
RETAIL_02198,MacBook Air M3,Paris-Opera,2024-09-25,31598.507564923886,9.0
RETAIL_02199,iPad Pro,London-RegentSt,2024-12-09,5598.612137286301,5.0
RETAIL_02200,iPhone 15 Pro,Paris-Opera,2024-09-09,4894.503166040464,9.0
RETAIL_02201,AirPods Max,Sydney-GeorgeSt,2024-12-14,9263.229281140675,6.0
RETAIL_02202,Vision Pro,Sydney-GeorgeSt,2024-07-07,5692.016262974141,3.0
RETAIL_02203,AirPods Max,Tokyo-Ginza,2024-12-13,2222.250387729615,3.0
RETAIL_02205,AirPods Max,Paris-Opera,2024-11-28,3314.722439868533,4.0
RETAIL_02206,MacBook Air M3,London-RegentSt,2024-11-30,8913.118415056124,5.0
RETAIL_02208,MacBook Air M3,London-RegentSt,2024-10-10,16641.211621644583,8.0
RETAIL_02209,Vision Pro,NYC-FifthAve,2024-07-03,7786.411926500186,3.0
RETAIL_02210,Vision Pro,Paris-Opera,2024-10-16,8005.08491009644,9.0
RETAIL_02211,AirPods Max,Paris-Opera,2024-07-06,3688.1803386108777,4.0
RETAIL_02212,Apple Watch Ultra,Sydney-GeorgeSt,2024-11-10,5740.507155698602,4.0
RETAIL_02213,Vision Pro,London-RegentSt,2024-12-14,403.9171752129025,6.0
RETAIL_02215,MacBook Air M3,Sydney-GeorgeSt,2024-07-09,15849.478942504524,7.0
RETAIL_02216,Vision Pro,Tokyo-Ginza,2024-09-02,5633.004440966306,3.0
RETAIL_02217,Apple Watch Ultra,Sydney-GeorgeSt,2024-09-01,21362.755284495324,9.0
RETAIL_02218,MacBook Air M3,London-RegentSt,2024-07-11,2370.7406159042816,1.0
RETAIL_02219,Apple Watch Ultra,Sydney-GeorgeSt,2024-11-14,17751.36540698743,9.0
RETAIL_02220,Apple Watch Ultra,London-RegentSt,2024-12-21,21357.817207656335,7.0
RETAIL_02221,Vision Pro,Sydney-GeorgeSt,2024-12-19,15045.711909042262,9.0
RETAIL_02222,iPhone 15 Pro,Tokyo-Ginza,2024-11-11,3590.703083881281,1.0
RETAIL_02224,Apple Watch Ultra,Sydney-GeorgeSt,2024-12-05,1523.0761234781453,4.0
RETAIL_02225,Apple Watch Ultra,Paris-Opera,2024-10-06,6294.833450364349,4.0
RETAIL_02226,AirPods Max,Paris-Opera,2024-07-05,26392.097373698525,7.0
RETAIL_02227,AirPods Max,Sydney-GeorgeSt,2024-07-27,6105.643287985528,7.0
RETAIL_02228,iPhone 15 Pro,Sydney-GeorgeSt,2024-12-09,1548.4234661527184,2.0
RETAIL_02229,MacBook Air M3,London-RegentSt,2024-11-13,7910.499119973514,2.0
RETAIL_02230,Apple Watch Ultra,Tokyo-Ginza,2024-10-25,4347.17501855008,4.0
RETAIL_02231,iPhone 15 Pro,Sydney-GeorgeSt,2024-07-24,9449.119599404992,4.0
RETAIL_02232,AirPods Max,Tokyo-Ginza,2024-10-23,15925.642078912391,9.0
RETAIL_02236,iPhone 15 Pro,Tokyo-Ginza,2024-09-03,1033.883792898898,2.0
RETAIL_02237,Apple Watch Ultra,Paris-Opera,2024-10-23,1531.446887357506,4.0
RETAIL_02238,iPad Pro,Sydney-GeorgeSt,2024-12-09,2274.7012644146535,3.0
RETAIL_02239,MacBook Air M3,London-RegentSt,2024-10-11,22129.165412314283,6.0
RETAIL_02240,iPhone 15 Pro,Paris-Opera,2024-08-03,9689.63458981875,3.0
RETAIL_02243,iPhone 15 Pro,Sydney-GeorgeSt,2024-08-12,11731.329615503744,4.0
RETAIL_02244,Apple Watch Ultra,Tokyo-Ginza,2024-12-24,20201.15126194665,7.0
RETAIL_02247,MacBook Air M3,NYC-FifthAve,2024-08-26,16917.308961942796,7.0
RETAIL_02249,iPad Pro,London-RegentSt,2024-09-25,8085.060689293374,6.0
RETAIL_02251,MacBook Air M3,Sydney-GeorgeSt,2024-10-16,4645.0646361464305,4.0
RETAIL_02253,Vision Pro,Paris-Opera,2024-07-12,6997.614047639776,2.0
RETAIL_02254,AirPods Max,NYC-FifthAve,2024-10-16,437.6794708112982,2.0
RETAIL_02255,MacBook Air M3,NYC-FifthAve,2024-10-06,29097.916812330437,9.0
RETAIL_02256,Vision Pro,London-RegentSt,2024-07-22,15043.812629737444,7.0
RETAIL_02257,AirPods Max,London-RegentSt,2024-10-31,5514.685232067704,2.0
RETAIL_02258,iPad Pro,Tokyo-Ginza,2024-11-25,10815.475758868466,4.0
RETAIL_02260,iPhone 15 Pro,Tokyo-Ginza,2024-10-27,9303.618712057214,3.0
RETAIL_02261,iPhone 15 Pro,NYC-FifthAve,2024-10-29,17140.154458134224,7.0
RETAIL_02262,AirPods Max,NYC-FifthAve,2024-11-04,11209.386849428103,4.0
RETAIL_02263,Vision Pro,Sydney-GeorgeSt,2024-10-18,2060.472412709042,3.0
RETAIL_02264,Vision Pro,NYC-FifthAve,2024-07-22,11749.377734133534,3.0
RETAIL_02265,AirPods Max,Tokyo-Ginza,2024-09-03,1697.180991860459,5.0
RETAIL_02266,Vision Pro,NYC-FifthAve,2024-10-25,669.613279384979,1.0
RETAIL_02267,iPad Pro,Tokyo-Ginza,2024-10-23,9916.094073546725,8.0
RETAIL_02268,AirPods Max,Paris-Opera,2024-09-21,1183.9886770806245,3.0
RETAIL_02269,Apple Watch Ultra,Sydney-GeorgeSt,2024-07-28,2553.9457515882523,8.0
RETAIL_02271,AirPods Max,Paris-Opera,2024-11-18,620.896229818493,6.0
RETAIL_02272,Vision Pro,Sydney-GeorgeSt,2024-12-05,2754.303950826013,6.0
RETAIL_02273,iPhone 15 Pro,Tokyo-Ginza,2024-11-11,11061.80004376552,4.0
RETAIL_02274,AirPods Max,Paris-Opera,2024-07-04,8848.788123229044,5.0
RETAIL_02275,MacBook Air M3,Paris-Opera,2024-08-14,1198.964596389464,1.0
RETAIL_02276,iPhone 15 Pro,Sydney-GeorgeSt,2024-11-04,31.648022017075164,7.0
RETAIL_02277,Apple Watch Ultra,London-RegentSt,2024-09-17,7661.612296002692,4.0
RETAIL_02280,Apple Watch Ultra,Tokyo-Ginza,2024-09-27,17193.95310836649,5.0
RETAIL_02281,Apple Watch Ultra,Tokyo-Ginza,2024-12-27,8522.782100328817,3.0
RETAIL_02282,iPad Pro,Sydney-GeorgeSt,2024-11-05,17870.729914028878,6.0
RETAIL_02283,AirPods Max,London-RegentSt,2024-09-23,2155.918842860012,3.0
RETAIL_02284,AirPods Max,Tokyo-Ginza,2024-07-25,1048.633736574891,3.0
RETAIL_02285,Vision Pro,Tokyo-Ginza,2024-11-08,1981.082312950592,1.0
RETAIL_02286,iPhone 15 Pro,Sydney-GeorgeSt,2024-08-14,6126.885804670828,3.0
RETAIL_02287,iPad Pro,Paris-Opera,2024-11-08,27580.259897714226,9.0
RETAIL_02288,AirPods Max,Tokyo-Ginza,2024-08-14,24303.09570688877,8.0
RETAIL_02290,Apple Watch Ultra,Paris-Opera,2024-12-17,7709.662155438025,5.0
RETAIL_02291,MacBook Air M3,NYC-FifthAve,2024-11-12,9639.709087964151,4.0
RETAIL_02292,AirPods Max,London-RegentSt,2024-08-16,813.2250576731412,4.0
RETAIL_02293,MacBook Air M3,Paris-Opera,2024-07-22,6153.914282785927,3.0
RETAIL_02294,Vision Pro,NYC-FifthAve,2024-07-19,5295.870844118824,2.0
RETAIL_02295,Apple Watch Ultra,Tokyo-Ginza,2024-11-26,2273.570084670697,6.0
RETAIL_02296,iPhone 15 Pro,London-RegentSt,2024-10-18,5056.099406548766,3.0
RETAIL_02297,iPhone 15 Pro,Tokyo-Ginza,2024-07-08,4624.6238830497105,2.0
RETAIL_02298,MacBook Air M3,London-RegentSt,2024-09-01,11811.86559283917,6.0
RETAIL_02299,AirPods Max,Paris-Opera,2024-07-30,11157.982138339941,5.0
RETAIL_02300,AirPods Max,Tokyo-Ginza,2024-07-08,3452.198168324199,7.0
RETAIL_02301,MacBook Air M3,Sydney-GeorgeSt,2024-10-29,16442.447197909194,8.0
RETAIL_02302,AirPods Max,NYC-FifthAve,2024-09-14,5045.1836026616265,4.0
RETAIL_02303,MacBook Air M3,London-RegentSt,2024-10-14,33870.91492632346,9.0
RETAIL_02304,MacBook Air M3,London-RegentSt,2024-12-04,4299.175126880335,4.0
RETAIL_02305,iPhone 15 Pro,London-RegentSt,2024-07-01,6081.02046698986,2.0
RETAIL_02306,MacBook Air M3,Paris-Opera,2024-12-20,6825.605779385372,8.0
RETAIL_02307,AirPods Max,Paris-Opera,2024-09-01,212.27050449719445,4.0
RETAIL_02308,MacBook Air M3,NYC-FifthAve,2024-08-28,11180.336103098636,8.0
RETAIL_02309,MacBook Air M3,Tokyo-Ginza,2024-10-14,801.3015717354976,1.0
RETAIL_02310,Apple Watch Ultra,Paris-Opera,2024-12-06,4726.140653355598,3.0
RETAIL_02311,MacBook Air M3,NYC-FifthAve,2024-12-26,1495.5232309236337,6.0
RETAIL_02312,iPhone 15 Pro,Tokyo-Ginza,2024-09-01,18313.62878102732,9.0
RETAIL_02313,iPad Pro,NYC-FifthAve,2024-10-20,5092.717022589344,3.0
RETAIL_02314,Apple Watch Ultra,Paris-Opera,2024-09-04,7310.351075662928,3.0
RETAIL_02315,Apple Watch Ultra,Paris-Opera,2024-12-01,18494.640251118235,5.0
RETAIL_02316,Vision Pro,Tokyo-Ginza,2024-10-11,16517.733315153295,5.0
RETAIL_02317,AirPods Max,Tokyo-Ginza,2024-09-04,25296.390694532027,9.0
RETAIL_02319,Vision Pro,Tokyo-Ginza,2024-09-21,9034.01740266379,3.0
RETAIL_02320,iPad Pro,Paris-Opera,2024-11-18,1860.2711037426047,1.0
RETAIL_02321,Vision Pro,Sydney-GeorgeSt,2024-07-10,688.3517176344611,5.0
RETAIL_02322,Vision Pro,Paris-Opera,2024-08-07,11390.59161806502,4.0
RETAIL_02323,Vision Pro,Sydney-GeorgeSt,2024-07-25,3201.9167958004323,1.0
RETAIL_02324,MacBook Air M3,Paris-Opera,2024-09-05,2252.4116096097946,5.0
RETAIL_02325,Vision Pro,NYC-FifthAve,2024-08-02,3463.069870967171,2.0
RETAIL_02326,AirPods Max,Sydney-GeorgeSt,2024-08-05,1495.0908989748689,1.0
RETAIL_02327,Apple Watch Ultra,Sydney-GeorgeSt,2024-07-13,2764.3565964352483,3.0
RETAIL_02328,AirPods Max,Tokyo-Ginza,2024-10-14,9326.609889092677,9.0
RETAIL_02329,Apple Watch Ultra,NYC-FifthAve,2024-11-14,7586.552994609439,5.0
RETAIL_02330,Vision Pro,Tokyo-Ginza,2024-11-21,2781.8921004405343,5.0
RETAIL_02331,MacBook Air M3,Sydney-GeorgeSt,2024-11-27,7570.184811298858,5.0
RETAIL_02332,iPhone 15 Pro,Paris-Opera,2024-07-09,1682.2679788400203,1.0
RETAIL_02333,iPad Pro,NYC-FifthAve,2024-10-18,6902.797638325645,6.0
RETAIL_02336,Vision Pro,Tokyo-Ginza,2024-10-07,15729.861978125973,5.0
RETAIL_02337,iPhone 15 Pro,Tokyo-Ginza,2024-07-06,5483.828931657219,3.0
RETAIL_02338,AirPods Max,Sydney-GeorgeSt,2024-10-29,11150.928548702097,6.0
RETAIL_02340,Apple Watch Ultra,Tokyo-Ginza,2024-12-15,12647.125399011422,5.0
RETAIL_02341,AirPods Max,London-RegentSt,2024-10-22,14969.635134410571,7.0
RETAIL_02343,Apple Watch Ultra,London-RegentSt,2024-07-12,5868.4431201264215,5.0
RETAIL_02346,MacBook Air M3,Sydney-GeorgeSt,2024-10-11,5694.240597022568,2.0
RETAIL_02347,iPad Pro,London-RegentSt,2024-12-09,16615.313237239294,9.0
RETAIL_02348,Apple Watch Ultra,London-RegentSt,2024-12-15,12842.52717583004,6.0
RETAIL_02349,Vision Pro,London-RegentSt,2024-11-26,11846.832696020796,8.0
RETAIL_02350,iPad Pro,NYC-FifthAve,2024-10-30,9626.204948948904,4.0
RETAIL_02351,MacBook Air M3,London-RegentSt,2024-09-24,9497.247417577364,7.0
RETAIL_02352,iPhone 15 Pro,NYC-FifthAve,2024-07-08,4695.1025770427905,9.0
RETAIL_02354,iPhone 15 Pro,London-RegentSt,2024-10-31,30275.757327284053,9.0
RETAIL_02355,Vision Pro,Paris-Opera,2024-08-11,2632.253481698096,1.0
RETAIL_02356,AirPods Max,Sydney-GeorgeSt,2024-12-21,7751.374193948579,5.0
RETAIL_02357,Apple Watch Ultra,Paris-Opera,2024-12-06,8763.744626006337,7.0
RETAIL_02358,MacBook Air M3,Tokyo-Ginza,2024-10-17,10416.326476455975,8.0
RETAIL_02359,Apple Watch Ultra,Tokyo-Ginza,2024-09-08,16237.555127675372,7.0
RETAIL_02360,Vision Pro,London-RegentSt,2024-11-01,17839.27651012258,6.0
RETAIL_02361,MacBook Air M3,Paris-Opera,2024-11-09,1334.9125335075883,2.0
RETAIL_02362,Apple Watch Ultra,Tokyo-Ginza,2024-12-06,23083.866297941153,8.0
RETAIL_02364,iPad Pro,London-RegentSt,2024-12-05,13445.23200759368,4.0
RETAIL_02365,Apple Watch Ultra,Tokyo-Ginza,2024-11-19,7159.798698655703,2.0
RETAIL_02366,MacBook Air M3,Tokyo-Ginza,2024-07-12,17303.608063901844,5.0
RETAIL_02367,Apple Watch Ultra,Paris-Opera,2024-07-20,2279.838869687708,3.0
RETAIL_02369,iPhone 15 Pro,London-RegentSt,2024-10-31,13466.01047023235,4.0
RETAIL_02370,AirPods Max,London-RegentSt,2024-11-25,18546.315242153785,8.0
RETAIL_02371,iPad Pro,Sydney-GeorgeSt,2024-08-12,22829.684901207038,8.0
RETAIL_02372,Apple Watch Ultra,London-RegentSt,2024-08-01,27234.34217352125,7.0
RETAIL_02373,MacBook Air M3,London-RegentSt,2024-09-30,3952.4890360728814,1.0
RETAIL_02375,Apple Watch Ultra,London-RegentSt,2024-07-10,596.7200177130239,3.0
RETAIL_02377,Apple Watch Ultra,London-RegentSt,2024-09-15,6489.117529281687,3.0
RETAIL_02378,MacBook Air M3,Sydney-GeorgeSt,2024-10-20,7021.057522499084,2.0
RETAIL_02379,iPhone 15 Pro,Paris-Opera,2024-12-02,4145.906042189423,2.0
RETAIL_02380,Apple Watch Ultra,London-RegentSt,2024-11-21,11467.649003042774,3.0
RETAIL_02381,AirPods Max,Paris-Opera,2024-11-25,4370.542680809127,2.0
RETAIL_02382,MacBook Air M3,NYC-FifthAve,2024-11-10,11772.525582333106,5.0
RETAIL_02383,iPad Pro,Tokyo-Ginza,2024-09-09,2529.772184828793,9.0
RETAIL_02385,iPad Pro,London-RegentSt,2024-09-27,19637.142152258242,5.0
RETAIL_02386,Apple Watch Ultra,NYC-FifthAve,2024-07-20,33069.654017393805,9.0
RETAIL_02388,iPad Pro,Sydney-GeorgeSt,2024-10-20,14336.363377078258,5.0
RETAIL_02389,Vision Pro,Paris-Opera,2024-07-27,1102.4547206106677,1.0
RETAIL_02390,iPad Pro,NYC-FifthAve,2024-12-05,17899.696974652623,7.0
RETAIL_02391,AirPods Max,Paris-Opera,2024-07-07,9878.58541477735,3.0
RETAIL_02392,iPad Pro,NYC-FifthAve,2024-08-30,3494.496368222231,6.0
RETAIL_02393,MacBook Air M3,Tokyo-Ginza,2024-08-13,9453.370539195275,8.0
RETAIL_02394,AirPods Max,London-RegentSt,2024-10-13,392.41371502160393,1.0
RETAIL_02396,Apple Watch Ultra,London-RegentSt,2024-09-03,16347.529024233674,5.0
RETAIL_02397,AirPods Max,London-RegentSt,2024-11-21,4641.10586761936,2.0
RETAIL_02398,iPad Pro,London-RegentSt,2024-07-14,10509.843563982256,6.0
RETAIL_02399,MacBook Air M3,Sydney-GeorgeSt,2024-07-12,12606.794742622134,5.0
RETAIL_02400,Apple Watch Ultra,London-RegentSt,2024-12-25,26849.522583815855,8.0
RETAIL_02401,Apple Watch Ultra,Paris-Opera,2024-09-09,30187.676685550592,8.0
RETAIL_02402,AirPods Max,Tokyo-Ginza,2024-07-01,6886.612543228372,4.0
RETAIL_02403,AirPods Max,Paris-Opera,2024-11-30,5515.442907388588,4.0
RETAIL_02405,iPad Pro,Tokyo-Ginza,2024-10-19,16093.96603743636,6.0
RETAIL_02406,AirPods Max,Sydney-GeorgeSt,2024-07-12,16794.954633954723,6.0
RETAIL_02408,Apple Watch Ultra,NYC-FifthAve,2024-11-28,6181.111900634934,9.0
RETAIL_02409,iPhone 15 Pro,Sydney-GeorgeSt,2024-10-07,16866.726741149014,7.0
RETAIL_02410,iPad Pro,Sydney-GeorgeSt,2024-08-29,14045.53017854728,4.0
RETAIL_02411,AirPods Max,Paris-Opera,2024-10-29,15657.232575359605,7.0
RETAIL_02412,Apple Watch Ultra,Paris-Opera,2024-10-09,11203.030292130466,4.0
RETAIL_02414,MacBook Air M3,NYC-FifthAve,2024-07-18,1116.8893331310483,2.0
RETAIL_02416,Apple Watch Ultra,Paris-Opera,2024-08-25,12483.224002517765,4.0
RETAIL_02418,AirPods Max,Sydney-GeorgeSt,2024-12-13,22532.27065022065,8.0
RETAIL_02420,Apple Watch Ultra,Paris-Opera,2024-08-29,5463.94751704388,4.0
RETAIL_02421,iPhone 15 Pro,NYC-FifthAve,2024-07-27,3909.109116611139,1.0
RETAIL_02422,MacBook Air M3,Sydney-GeorgeSt,2024-12-07,487.47682719461477,3.0
RETAIL_02424,Vision Pro,Sydney-GeorgeSt,2024-10-07,18503.86171498197,5.0
RETAIL_02425,AirPods Max,Sydney-GeorgeSt,2024-09-20,221.36829969913606,4.0
RETAIL_02426,AirPods Max,Tokyo-Ginza,2024-07-30,16458.8610755217,8.0
RETAIL_02427,iPhone 15 Pro,Paris-Opera,2024-07-20,5379.4173780848305,8.0
RETAIL_02428,Vision Pro,Paris-Opera,2024-08-23,1147.7157570635454,2.0
RETAIL_02429,Apple Watch Ultra,Paris-Opera,2024-11-27,29051.71454234724,9.0
RETAIL_02430,Apple Watch Ultra,London-RegentSt,2024-07-31,5859.6851185950345,2.0
RETAIL_02431,AirPods Max,Paris-Opera,2024-07-10,1429.8112278458495,3.0
RETAIL_02433,Vision Pro,Paris-Opera,2024-12-01,5081.390302032904,7.0
RETAIL_02434,Apple Watch Ultra,NYC-FifthAve,2024-10-06,11610.569388505288,8.0
RETAIL_02435,Vision Pro,Sydney-GeorgeSt,2024-12-21,7653.91405082466,3.0
RETAIL_02436,AirPods Max,Tokyo-Ginza,2024-11-27,31908.350016833618,8.0
RETAIL_02438,AirPods Max,London-RegentSt,2024-12-26,9994.891726145192,8.0
RETAIL_02439,iPhone 15 Pro,Sydney-GeorgeSt,2024-12-25,19958.970755708277,8.0
RETAIL_02440,iPhone 15 Pro,London-RegentSt,2024-08-21,1296.3086292698272,8.0
RETAIL_02441,Vision Pro,Paris-Opera,2024-07-31,18547.911593925925,5.0
RETAIL_02442,AirPods Max,Paris-Opera,2024-07-20,6905.112012352656,6.0
RETAIL_02444,iPad Pro,Tokyo-Ginza,2024-07-16,1936.454323138396,1.0
RETAIL_02445,iPad Pro,Tokyo-Ginza,2024-07-20,8.95042986874438,3.0
RETAIL_02446,iPhone 15 Pro,Tokyo-Ginza,2024-12-05,10004.268955591126,4.0
RETAIL_02447,iPad Pro,Tokyo-Ginza,2024-07-29,10085.871398330917,9.0
RETAIL_02448,iPad Pro,NYC-FifthAve,2024-08-24,1616.712138315832,3.0
RETAIL_02449,AirPods Max,Tokyo-Ginza,2024-11-12,6988.1466048898355,2.0
RETAIL_02451,MacBook Air M3,Sydney-GeorgeSt,2024-11-25,12700.125921972443,4.0
RETAIL_02452,iPad Pro,Sydney-GeorgeSt,2024-11-27,15046.599619463035,4.0
RETAIL_02453,AirPods Max,Paris-Opera,2024-10-16,7096.67125345183,2.0
RETAIL_02454,AirPods Max,NYC-FifthAve,2024-11-29,4242.191575857896,2.0
RETAIL_02455,Apple Watch Ultra,NYC-FifthAve,2024-11-26,3894.58764349223,1.0
RETAIL_02456,AirPods Max,Sydney-GeorgeSt,2024-10-24,2652.040041165002,1.0
RETAIL_02457,MacBook Air M3,Paris-Opera,2024-08-05,3397.9482162805966,1.0
RETAIL_02458,AirPods Max,London-RegentSt,2024-10-12,20406.587094154867,8.0
RETAIL_02459,iPad Pro,Sydney-GeorgeSt,2024-12-07,4967.030686398162,8.0
RETAIL_02460,Apple Watch Ultra,NYC-FifthAve,2024-11-04,21175.592843503753,8.0
RETAIL_02461,Vision Pro,Tokyo-Ginza,2024-07-13,842.0350188119974,6.0
RETAIL_02462,iPhone 15 Pro,Paris-Opera,2024-07-15,18864.78759615337,8.0
RETAIL_02463,AirPods Max,Tokyo-Ginza,2024-07-19,20918.081510327815,8.0
RETAIL_02464,MacBook Air M3,NYC-FifthAve,2024-09-16,16934.223933671743,5.0
RETAIL_02465,AirPods Max,Sydney-GeorgeSt,2024-12-26,11621.209608764595,8.0
RETAIL_02466,Vision Pro,Paris-Opera,2024-09-08,13029.71016061564,8.0
RETAIL_02467,iPhone 15 Pro,London-RegentSt,2024-07-30,15269.702612671193,6.0
RETAIL_02468,Apple Watch Ultra,Paris-Opera,2024-11-16,6368.582003113459,4.0
RETAIL_02469,iPad Pro,London-RegentSt,2024-11-12,11364.448937998428,3.0
RETAIL_02470,iPad Pro,London-RegentSt,2024-09-11,15132.138331339744,4.0
RETAIL_02471,Apple Watch Ultra,London-RegentSt,2024-11-18,2989.5042832499407,1.0
RETAIL_02472,iPad Pro,Sydney-GeorgeSt,2024-07-20,4786.234840736117,2.0
RETAIL_02473,MacBook Air M3,Sydney-GeorgeSt,2024-09-04,1699.047090975498,1.0
RETAIL_02474,iPhone 15 Pro,London-RegentSt,2024-11-30,12597.034129502392,5.0
RETAIL_02475,iPad Pro,London-RegentSt,2024-08-08,15835.373682611873,5.0
RETAIL_02476,Apple Watch Ultra,Tokyo-Ginza,2024-12-24,3767.002246965636,2.0
RETAIL_02478,MacBook Air M3,London-RegentSt,2024-12-13,14965.526414772352,4.0
RETAIL_02479,iPad Pro,Tokyo-Ginza,2024-09-01,387.09724836122734,1.0
RETAIL_02480,Vision Pro,Sydney-GeorgeSt,2024-08-31,1458.5435279938,3.0
RETAIL_02482,Apple Watch Ultra,NYC-FifthAve,2024-10-08,604.2774948970623,2.0
RETAIL_02484,Vision Pro,Paris-Opera,2024-11-05,2322.476294406957,6.0
RETAIL_02485,iPhone 15 Pro,Paris-Opera,2024-11-15,9488.631402562245,4.0
RETAIL_02486,iPad Pro,NYC-FifthAve,2024-09-16,6811.714334541459,4.0
RETAIL_02487,MacBook Air M3,Sydney-GeorgeSt,2024-12-05,3427.2332752285097,6.0
RETAIL_02488,Apple Watch Ultra,Sydney-GeorgeSt,2024-11-28,7193.743474446436,6.0
RETAIL_02489,MacBook Air M3,NYC-FifthAve,2024-10-14,66.75883513575504,7.0
RETAIL_02491,MacBook Air M3,Tokyo-Ginza,2024-12-22,7531.395768807657,7.0
RETAIL_02492,Vision Pro,Sydney-GeorgeSt,2024-10-31,22491.755308664935,8.0
RETAIL_02493,AirPods Max,NYC-FifthAve,2024-11-23,27529.62350464505,8.0
RETAIL_02494,iPad Pro,Paris-Opera,2024-11-06,17875.070031001116,6.0
RETAIL_02496,iPhone 15 Pro,London-RegentSt,2024-11-18,1652.2287369162618,1.0
RETAIL_02497,AirPods Max,London-RegentSt,2024-11-30,139.1933800448778,1.0
RETAIL_02498,Vision Pro,Tokyo-Ginza,2024-10-06,5021.179541503193,5.0
RETAIL_02499,MacBook Air M3,Sydney-GeorgeSt,2024-09-04,6658.31217863857,2.0
RETAIL_02500,Vision Pro,NYC-FifthAve,2024-07-05,19126.05587710016,7.0
RETAIL_02502,iPhone 15 Pro,Sydney-GeorgeSt,2024-07-24,3696.6435513442866,5.0
RETAIL_02503,Apple Watch Ultra,Paris-Opera,2024-09-10,14761.45251275636,7.0
RETAIL_02504,MacBook Air M3,London-RegentSt,2024-10-24,8517.625868109135,3.0
RETAIL_02505,Vision Pro,London-RegentSt,2024-09-21,2575.3019056105686,3.0
RETAIL_02506,Vision Pro,Paris-Opera,2024-08-15,804.2019875693882,6.0
RETAIL_02507,MacBook Air M3,London-RegentSt,2024-07-03,19204.507438264467,9.0
RETAIL_02509,iPhone 15 Pro,NYC-FifthAve,2024-12-04,12794.140127642055,7.0
RETAIL_02510,iPhone 15 Pro,Paris-Opera,2024-10-11,10036.719393095724,3.0
RETAIL_02511,AirPods Max,Tokyo-Ginza,2024-09-26,32563.423423003103,9.0
RETAIL_02512,Vision Pro,Tokyo-Ginza,2024-11-30,12933.747210180441,6.0
RETAIL_02513,iPhone 15 Pro,Tokyo-Ginza,2024-08-15,16409.44235814667,7.0
RETAIL_02514,AirPods Max,Tokyo-Ginza,2024-08-25,4870.013262876146,5.0
RETAIL_02515,iPhone 15 Pro,London-RegentSt,2024-07-28,9344.008272132993,9.0
RETAIL_02516,iPad Pro,London-RegentSt,2024-07-07,835.5994979343692,3.0
RETAIL_02517,iPhone 15 Pro,London-RegentSt,2024-10-30,6333.060805681097,2.0
RETAIL_02518,Vision Pro,NYC-FifthAve,2024-11-13,365.7687534016028,9.0
RETAIL_02519,Apple Watch Ultra,NYC-FifthAve,2024-11-17,27393.931537909717,8.0
RETAIL_02520,Apple Watch Ultra,Paris-Opera,2024-07-09,4127.607572375782,3.0
RETAIL_02521,MacBook Air M3,NYC-FifthAve,2024-07-19,2848.708541477555,2.0
RETAIL_02522,MacBook Air M3,London-RegentSt,2024-09-15,4820.541058427861,2.0
RETAIL_02523,MacBook Air M3,Tokyo-Ginza,2024-09-21,3803.29413400408,1.0
RETAIL_02524,Vision Pro,Sydney-GeorgeSt,2024-09-21,18036.505118735495,8.0
RETAIL_02525,iPhone 15 Pro,Sydney-GeorgeSt,2024-11-27,2461.582621692456,1.0
RETAIL_02526,Apple Watch Ultra,NYC-FifthAve,2024-11-11,10032.929224482363,5.0
RETAIL_02528,iPad Pro,Paris-Opera,2024-07-07,13860.65788371502,6.0
RETAIL_02529,iPhone 15 Pro,Sydney-GeorgeSt,2024-12-10,1541.469973481731,9.0
RETAIL_02530,iPhone 15 Pro,Sydney-GeorgeSt,2024-10-10,8579.80951410188,4.0
RETAIL_02531,AirPods Max,Paris-Opera,2024-12-19,22762.10440207891,7.0
RETAIL_02532,iPhone 15 Pro,London-RegentSt,2024-11-01,2348.514892523939,1.0
RETAIL_02533,Apple Watch Ultra,Sydney-GeorgeSt,2024-10-26,21581.328646504786,9.0
RETAIL_02536,Apple Watch Ultra,Sydney-GeorgeSt,2024-08-20,3093.2262999362592,8.0
RETAIL_02537,iPhone 15 Pro,Sydney-GeorgeSt,2024-10-30,436.9684669432481,1.0
RETAIL_02539,AirPods Max,Paris-Opera,2024-12-15,11708.828246518025,4.0
RETAIL_02540,Apple Watch Ultra,London-RegentSt,2024-08-19,1977.136748226745,4.0
RETAIL_02541,AirPods Max,London-RegentSt,2024-11-23,25026.295079905158,8.0
RETAIL_02542,Vision Pro,NYC-FifthAve,2024-11-26,3540.3332521668794,1.0
RETAIL_02544,Vision Pro,NYC-FifthAve,2024-10-29,13648.282224026389,7.0
RETAIL_02546,AirPods Max,London-RegentSt,2024-11-24,3247.415124121954,2.0
RETAIL_02547,MacBook Air M3,Tokyo-Ginza,2024-12-13,9102.780862731892,3.0
RETAIL_02548,AirPods Max,London-RegentSt,2024-09-28,10266.759748165543,7.0
RETAIL_02549,Apple Watch Ultra,Paris-Opera,2024-09-22,29756.015912306833,9.0
RETAIL_02550,Vision Pro,Paris-Opera,2024-08-27,9866.675681986933,6.0
RETAIL_02551,Apple Watch Ultra,NYC-FifthAve,2024-08-04,3633.468034022194,2.0
RETAIL_02552,iPhone 15 Pro,Tokyo-Ginza,2024-08-28,3770.210646793483,2.0
RETAIL_02554,Vision Pro,Paris-Opera,2024-08-11,22459.437192038236,6.0
RETAIL_02555,MacBook Air M3,NYC-FifthAve,2024-11-20,4130.886661004717,8.0
RETAIL_02556,AirPods Max,NYC-FifthAve,2024-10-22,32622.303069184607,9.0
RETAIL_02557,AirPods Max,Sydney-GeorgeSt,2024-10-15,24441.323828111534,9.0
RETAIL_02558,iPhone 15 Pro,London-RegentSt,2024-08-12,14493.780021880084,6.0
RETAIL_02559,Vision Pro,London-RegentSt,2024-07-21,8004.647976071004,4.0
RETAIL_02560,Vision Pro,NYC-FifthAve,2024-10-08,20753.03195638651,9.0
RETAIL_02561,Apple Watch Ultra,London-RegentSt,2024-12-13,11315.194313617183,7.0
RETAIL_02563,Vision Pro,Paris-Opera,2024-07-07,19541.278587701407,7.0
RETAIL_02564,MacBook Air M3,London-RegentSt,2024-10-21,22641.451069764767,6.0
RETAIL_02565,iPad Pro,London-RegentSt,2024-09-27,17714.624462487704,6.0
RETAIL_02566,iPad Pro,London-RegentSt,2024-08-08,2080.61980494249,1.0
RETAIL_02567,iPhone 15 Pro,NYC-FifthAve,2024-07-29,4384.728419146268,5.0
RETAIL_02568,Apple Watch Ultra,Tokyo-Ginza,2024-11-03,17103.269298803858,5.0
RETAIL_02570,AirPods Max,London-RegentSt,2024-07-20,12761.826751216082,4.0
RETAIL_02571,Vision Pro,Tokyo-Ginza,2024-07-18,10730.382375158235,3.0
RETAIL_02572,iPad Pro,Paris-Opera,2024-10-15,22092.938430062943,6.0
RETAIL_02573,AirPods Max,Paris-Opera,2024-07-20,542.1689950354538,3.0
RETAIL_02574,AirPods Max,London-RegentSt,2024-10-28,3867.092145142949,1.0
RETAIL_02575,iPhone 15 Pro,London-RegentSt,2024-08-23,25862.398389598882,7.0
RETAIL_02576,iPhone 15 Pro,Tokyo-Ginza,2024-08-05,7513.147955371434,2.0
RETAIL_02577,AirPods Max,Tokyo-Ginza,2024-09-26,19185.41820989135,6.0
RETAIL_02579,MacBook Air M3,Sydney-GeorgeSt,2024-07-26,9536.353752975352,3.0
RETAIL_02580,iPad Pro,NYC-FifthAve,2024-09-26,1522.0993319643117,9.0
RETAIL_02581,Vision Pro,Sydney-GeorgeSt,2024-08-26,25892.03492439067,9.0
RETAIL_02583,Vision Pro,London-RegentSt,2024-12-08,2522.083284895919,1.0
RETAIL_02584,iPhone 15 Pro,Paris-Opera,2024-07-29,2960.306233030095,1.0
RETAIL_02585,Apple Watch Ultra,Tokyo-Ginza,2024-12-20,9060.979321773237,3.0
RETAIL_02586,MacBook Air M3,Tokyo-Ginza,2024-09-15,23671.386287482026,9.0
RETAIL_02587,MacBook Air M3,London-RegentSt,2024-08-17,1734.3667960455664,1.0
RETAIL_02588,Vision Pro,Tokyo-Ginza,2024-11-17,15661.51975214126,5.0
RETAIL_02589,Apple Watch Ultra,London-RegentSt,2024-10-01,1116.734853892279,1.0
RETAIL_02590,Vision Pro,Sydney-GeorgeSt,2024-07-26,443.9550833850338,1.0
RETAIL_02591,iPhone 15 Pro,Tokyo-Ginza,2024-09-09,18979.181717700518,5.0
RETAIL_02592,AirPods Max,Tokyo-Ginza,2024-08-23,1116.906563796044,3.0
RETAIL_02593,iPhone 15 Pro,Sydney-GeorgeSt,2024-08-01,14845.691209652661,5.0
RETAIL_02595,iPad Pro,Tokyo-Ginza,2024-07-04,12258.14022854801,5.0
RETAIL_02596,MacBook Air M3,London-RegentSt,2024-11-02,5734.382415032709,3.0
RETAIL_02597,iPad Pro,Sydney-GeorgeSt,2024-08-22,5246.825182228382,6.0
RETAIL_02598,MacBook Air M3,Tokyo-Ginza,2024-09-10,6467.534073570065,4.0
RETAIL_02599,Apple Watch Ultra,NYC-FifthAve,2024-08-20,4620.370440339863,6.0
RETAIL_02600,Vision Pro,Sydney-GeorgeSt,2024-10-15,32168.59121962908,9.0
RETAIL_02601,Vision Pro,Paris-Opera,2024-10-26,969.8428644664011,2.0
RETAIL_02604,AirPods Max,London-RegentSt,2024-11-29,2030.9769530526416,2.0
RETAIL_02605,Vision Pro,Paris-Opera,2024-08-31,17471.084753062205,7.0
RETAIL_02608,AirPods Max,Sydney-GeorgeSt,2024-11-17,2356.2295092858703,6.0
RETAIL_02609,AirPods Max,NYC-FifthAve,2024-11-03,13621.41431692998,7.0
RETAIL_02610,AirPods Max,NYC-FifthAve,2024-12-11,2478.8380837635327,1.0
RETAIL_02611,iPad Pro,Tokyo-Ginza,2024-09-09,4270.682494982107,5.0
RETAIL_02612,MacBook Air M3,NYC-FifthAve,2024-09-21,25096.79577493354,8.0
RETAIL_02613,MacBook Air M3,London-RegentSt,2024-10-01,22634.028512484503,8.0
RETAIL_02614,AirPods Max,Sydney-GeorgeSt,2024-07-02,626.6662493919121,2.0
RETAIL_02615,iPhone 15 Pro,Tokyo-Ginza,2024-08-12,13834.313893287015,8.0
RETAIL_02617,iPad Pro,Sydney-GeorgeSt,2024-12-15,956.1842148138833,6.0
RETAIL_02618,AirPods Max,London-RegentSt,2024-08-20,1445.0471183961747,5.0
RETAIL_02619,AirPods Max,Sydney-GeorgeSt,2024-11-02,250.0016045871065,1.0
RETAIL_02620,iPad Pro,Tokyo-Ginza,2024-10-13,2716.700139182618,3.0
RETAIL_02622,MacBook Air M3,Tokyo-Ginza,2024-10-21,12621.415302683254,4.0
RETAIL_02623,iPhone 15 Pro,Tokyo-Ginza,2024-07-22,223.19560078845484,2.0
RETAIL_02624,iPhone 15 Pro,Tokyo-Ginza,2024-07-30,262.211103459892,2.0
RETAIL_02625,iPhone 15 Pro,Sydney-GeorgeSt,2024-11-13,18129.438714111566,7.0
RETAIL_02626,iPad Pro,London-RegentSt,2024-11-05,16460.241379737476,8.0
RETAIL_02627,Apple Watch Ultra,Tokyo-Ginza,2024-07-04,8694.65072389917,6.0
RETAIL_02628,AirPods Max,Tokyo-Ginza,2024-09-05,24043.478070975445,8.0
RETAIL_02629,Vision Pro,Tokyo-Ginza,2024-09-19,2909.9619782220566,2.0
RETAIL_02630,Vision Pro,NYC-FifthAve,2024-10-15,5493.783025914937,2.0
RETAIL_02631,AirPods Max,Paris-Opera,2024-10-14,22798.179522616032,6.0
RETAIL_02632,Apple Watch Ultra,NYC-FifthAve,2024-08-01,17380.44153179988,8.0
RETAIL_02633,iPad Pro,London-RegentSt,2024-09-17,5525.300439753626,6.0
RETAIL_02634,iPhone 15 Pro,NYC-FifthAve,2024-08-29,5713.249352798692,2.0
RETAIL_02635,AirPods Max,Tokyo-Ginza,2024-12-12,18990.46911698653,8.0
RETAIL_02636,Vision Pro,London-RegentSt,2024-08-14,4337.5803712832785,9.0
RETAIL_02637,Apple Watch Ultra,Paris-Opera,2024-07-25,1772.1553756614258,1.0
RETAIL_02638,AirPods Max,Tokyo-Ginza,2024-12-27,12962.32124535414,8.0
RETAIL_02639,Vision Pro,Sydney-GeorgeSt,2024-12-18,11403.690815387356,3.0
RETAIL_02641,AirPods Max,Sydney-GeorgeSt,2024-09-16,3262.5099992673872,1.0
RETAIL_02642,MacBook Air M3,Tokyo-Ginza,2024-09-25,41.700600442607765,1.0
RETAIL_02644,iPhone 15 Pro,Paris-Opera,2024-10-27,5363.373686279536,8.0
RETAIL_02646,AirPods Max,Sydney-GeorgeSt,2024-08-16,3767.445939994179,1.0
RETAIL_02647,MacBook Air M3,Tokyo-Ginza,2024-09-06,27039.42053364886,9.0
RETAIL_02648,MacBook Air M3,London-RegentSt,2024-10-07,31677.33841973972,9.0
RETAIL_02649,MacBook Air M3,Sydney-GeorgeSt,2024-07-23,5174.809933741367,5.0
RETAIL_02651,iPhone 15 Pro,Sydney-GeorgeSt,2024-12-05,11690.461927408094,8.0
RETAIL_02652,Vision Pro,NYC-FifthAve,2024-10-04,1944.099648949279,5.0
RETAIL_02653,Apple Watch Ultra,Sydney-GeorgeSt,2024-10-07,5413.308925644307,3.0
RETAIL_02654,iPhone 15 Pro,NYC-FifthAve,2024-09-26,3868.412427382675,8.0
RETAIL_02655,Vision Pro,Tokyo-Ginza,2024-12-08,2440.919971202763,2.0
RETAIL_02656,Apple Watch Ultra,Paris-Opera,2024-10-03,15523.37666422149,4.0
RETAIL_02657,MacBook Air M3,NYC-FifthAve,2024-08-20,3329.5979060650575,3.0
RETAIL_02658,iPhone 15 Pro,Tokyo-Ginza,2024-10-03,405.74838780518945,4.0
RETAIL_02659,iPhone 15 Pro,Tokyo-Ginza,2024-07-09,7488.301997306682,5.0
RETAIL_02660,Apple Watch Ultra,Paris-Opera,2024-07-23,7018.295680300782,3.0
RETAIL_02661,MacBook Air M3,London-RegentSt,2024-07-04,4795.127534922222,2.0
RETAIL_02662,MacBook Air M3,London-RegentSt,2024-09-21,5619.557169371091,2.0
RETAIL_02664,Apple Watch Ultra,London-RegentSt,2024-07-30,328.6141594187642,1.0
RETAIL_02665,Apple Watch Ultra,Tokyo-Ginza,2024-08-02,10118.53148865234,3.0
RETAIL_02666,iPad Pro,NYC-FifthAve,2024-11-02,12758.379798150963,8.0
RETAIL_02667,iPhone 15 Pro,NYC-FifthAve,2024-12-04,10848.58355219213,4.0
RETAIL_02668,Apple Watch Ultra,NYC-FifthAve,2024-09-19,3829.310873899294,7.0
RETAIL_02669,iPhone 15 Pro,Paris-Opera,2024-07-09,7546.82920990033,5.0
RETAIL_02670,iPad Pro,Sydney-GeorgeSt,2024-11-19,16781.056029363783,9.0
RETAIL_02671,Vision Pro,NYC-FifthAve,2024-10-08,3841.7325254641655,1.0
RETAIL_02672,iPhone 15 Pro,NYC-FifthAve,2024-07-25,1261.6113646245262,1.0
RETAIL_02673,Apple Watch Ultra,Tokyo-Ginza,2024-07-29,4405.142254476081,8.0
RETAIL_02674,MacBook Air M3,Sydney-GeorgeSt,2024-09-23,15312.02739265527,8.0
RETAIL_02675,MacBook Air M3,London-RegentSt,2024-07-22,4461.69288444614,4.0
RETAIL_02676,iPad Pro,Sydney-GeorgeSt,2024-11-21,8082.336370227786,8.0
RETAIL_02677,AirPods Max,Paris-Opera,2024-10-10,1462.9889274779543,2.0
RETAIL_02678,MacBook Air M3,Tokyo-Ginza,2024-10-24,171.10335727688437,5.0
RETAIL_02679,iPad Pro,London-RegentSt,2024-09-06,13938.092533517647,4.0
RETAIL_02680,MacBook Air M3,Paris-Opera,2024-08-10,11415.373410205935,9.0
RETAIL_02681,Vision Pro,London-RegentSt,2024-07-20,4631.267139262494,6.0
RETAIL_02683,Apple Watch Ultra,Sydney-GeorgeSt,2024-09-13,14289.259080447056,5.0
RETAIL_02684,Vision Pro,Sydney-GeorgeSt,2024-09-09,6932.28722590491,4.0
RETAIL_02685,Vision Pro,London-RegentSt,2024-10-18,12691.99257135351,5.0
RETAIL_02686,AirPods Max,Tokyo-Ginza,2024-10-09,4687.834297380488,2.0
RETAIL_02687,AirPods Max,Paris-Opera,2024-12-22,3465.2618738070587,7.0
RETAIL_02688,MacBook Air M3,Paris-Opera,2024-10-20,11053.531632016493,5.0
RETAIL_02689,iPhone 15 Pro,Paris-Opera,2024-12-07,8902.35346726057,9.0
RETAIL_02690,iPad Pro,London-RegentSt,2024-09-25,2135.6292064709387,3.0
RETAIL_02692,Vision Pro,London-RegentSt,2024-11-26,23519.55664205743,7.0
RETAIL_02693,iPhone 15 Pro,London-RegentSt,2024-09-18,2572.850700860745,3.0
RETAIL_02694,iPad Pro,Tokyo-Ginza,2024-12-19,14264.25567261663,6.0
RETAIL_02695,iPad Pro,London-RegentSt,2024-09-23,1067.8842905703457,4.0
RETAIL_02697,iPad Pro,Paris-Opera,2024-11-03,1894.8961432953809,2.0
RETAIL_02698,AirPods Max,Tokyo-Ginza,2024-07-13,7550.210777098296,2.0
RETAIL_02699,iPad Pro,London-RegentSt,2024-08-07,2535.854247258,7.0
RETAIL_02700,Vision Pro,Sydney-GeorgeSt,2024-10-20,8659.129355097817,3.0
RETAIL_02701,MacBook Air M3,Paris-Opera,2024-09-28,4409.31982841791,4.0
RETAIL_02703,Vision Pro,London-RegentSt,2024-07-02,19795.33233094689,5.0
RETAIL_02704,Vision Pro,Paris-Opera,2024-09-30,15775.7294859039,9.0
RETAIL_02705,iPad Pro,London-RegentSt,2024-12-25,6670.829569799576,4.0
RETAIL_02706,Vision Pro,London-RegentSt,2024-08-14,1317.2198286774264,6.0
RETAIL_02707,Apple Watch Ultra,NYC-FifthAve,2024-08-10,1818.2451338674653,4.0
RETAIL_02708,MacBook Air M3,NYC-FifthAve,2024-08-20,1695.8337201344725,2.0
RETAIL_02709,iPad Pro,Paris-Opera,2024-12-13,7747.541338293934,2.0
RETAIL_02710,AirPods Max,Sydney-GeorgeSt,2024-08-27,9467.467568193864,3.0
RETAIL_02711,Vision Pro,Tokyo-Ginza,2024-12-16,26423.656843316916,8.0
RETAIL_02712,iPhone 15 Pro,Paris-Opera,2024-10-19,12645.90746393668,8.0
RETAIL_02713,AirPods Max,Tokyo-Ginza,2024-07-28,3804.785584970409,3.0
RETAIL_02714,Apple Watch Ultra,Sydney-GeorgeSt,2024-12-01,3400.4885486695366,4.0
RETAIL_02715,AirPods Max,London-RegentSt,2024-09-21,7376.289350818646,6.0
RETAIL_02716,Apple Watch Ultra,NYC-FifthAve,2024-07-14,3548.6857706699843,1.0
RETAIL_02717,MacBook Air M3,Paris-Opera,2024-12-23,6970.784746862553,2.0
RETAIL_02719,iPad Pro,Sydney-GeorgeSt,2024-12-01,417.64757764082856,6.0
RETAIL_02720,AirPods Max,Sydney-GeorgeSt,2024-09-18,1758.668157867185,4.0
RETAIL_02721,iPhone 15 Pro,Sydney-GeorgeSt,2024-09-17,8512.75044591644,8.0
RETAIL_02722,iPad Pro,London-RegentSt,2024-10-19,15841.262932049478,8.0
RETAIL_02723,AirPods Max,NYC-FifthAve,2024-10-30,12642.37906698296,6.0
RETAIL_02724,MacBook Air M3,Sydney-GeorgeSt,2024-09-27,12167.740020521447,6.0
RETAIL_02725,iPhone 15 Pro,Paris-Opera,2024-07-04,29280.717750405158,9.0
RETAIL_02726,Apple Watch Ultra,Tokyo-Ginza,2024-12-25,11862.822157660336,6.0
RETAIL_02727,Apple Watch Ultra,Sydney-GeorgeSt,2024-11-20,10282.721311132536,3.0
RETAIL_02728,iPhone 15 Pro,NYC-FifthAve,2024-07-23,2484.6605027789483,4.0
RETAIL_02730,iPad Pro,Paris-Opera,2024-08-12,3267.1825254138103,2.0
RETAIL_02731,Apple Watch Ultra,Tokyo-Ginza,2024-12-26,6982.779241248538,3.0
RETAIL_02732,Apple Watch Ultra,NYC-FifthAve,2024-09-03,29485.499815177594,8.0
RETAIL_02733,Vision Pro,Sydney-GeorgeSt,2024-12-19,2900.9897134923854,1.0
RETAIL_02734,Vision Pro,NYC-FifthAve,2024-12-16,19383.842623692766,8.0
RETAIL_02735,iPhone 15 Pro,NYC-FifthAve,2024-09-19,8404.621149288414,8.0
RETAIL_02737,iPhone 15 Pro,Paris-Opera,2024-11-17,8172.660481075944,3.0
RETAIL_02738,Apple Watch Ultra,Sydney-GeorgeSt,2024-07-23,10058.69892348578,6.0
RETAIL_02740,MacBook Air M3,London-RegentSt,2024-11-02,13719.267973605662,4.0
RETAIL_02743,iPad Pro,Paris-Opera,2024-09-21,4633.008298627379,3.0
RETAIL_02744,Vision Pro,NYC-FifthAve,2024-07-20,13474.96536282907,5.0
RETAIL_02746,Apple Watch Ultra,Paris-Opera,2024-08-27,3432.429186931597,1.0
RETAIL_02747,Apple Watch Ultra,Paris-Opera,2024-12-16,9754.877351684036,4.0
RETAIL_02748,Vision Pro,Tokyo-Ginza,2024-08-01,25030.127462657525,9.0
RETAIL_02749,iPad Pro,Paris-Opera,2024-10-19,5245.390643554501,7.0
RETAIL_02750,AirPods Max,London-RegentSt,2024-11-15,8604.543719720734,5.0
RETAIL_02751,MacBook Air M3,Sydney-GeorgeSt,2024-07-12,6038.556282266891,3.0
RETAIL_02752,Vision Pro,Tokyo-Ginza,2024-11-29,14311.424426667922,4.0
RETAIL_02753,Apple Watch Ultra,London-RegentSt,2024-11-28,6338.7949401445485,2.0
RETAIL_02754,iPad Pro,Tokyo-Ginza,2024-12-17,8552.219258107636,8.0
RETAIL_02755,iPhone 15 Pro,Paris-Opera,2024-12-08,1480.0095754408806,1.0
RETAIL_02756,iPhone 15 Pro,Sydney-GeorgeSt,2024-07-20,1259.5130403141166,8.0
RETAIL_02758,AirPods Max,NYC-FifthAve,2024-09-03,3611.0460832253584,1.0
RETAIL_02761,MacBook Air M3,NYC-FifthAve,2024-10-28,22230.408616138888,9.0
RETAIL_02762,iPad Pro,London-RegentSt,2024-12-15,16122.999233294831,8.0
RETAIL_02763,iPad Pro,London-RegentSt,2024-08-15,5407.650564953925,2.0
RETAIL_02764,MacBook Air M3,Paris-Opera,2024-08-06,4219.889637030929,7.0
RETAIL_02765,Apple Watch Ultra,Paris-Opera,2024-10-30,2080.546935016774,2.0
RETAIL_02766,iPad Pro,NYC-FifthAve,2024-07-08,3966.853134945107,1.0
RETAIL_02767,Apple Watch Ultra,Sydney-GeorgeSt,2024-10-24,7849.6352659784,5.0
RETAIL_02768,Vision Pro,Paris-Opera,2024-09-15,6498.607324878147,4.0
RETAIL_02769,Vision Pro,Tokyo-Ginza,2024-08-24,1516.506008038213,1.0
RETAIL_02770,iPhone 15 Pro,Paris-Opera,2024-07-09,3152.4145680003485,2.0
RETAIL_02771,iPhone 15 Pro,Tokyo-Ginza,2024-07-17,1094.2218965034997,3.0
RETAIL_02772,Apple Watch Ultra,Paris-Opera,2024-12-01,824.9386268152705,3.0
RETAIL_02773,MacBook Air M3,Tokyo-Ginza,2024-11-27,3416.823474428192,3.0
RETAIL_02774,AirPods Max,Paris-Opera,2024-11-26,14929.161648992773,4.0
RETAIL_02775,AirPods Max,London-RegentSt,2024-10-03,19198.87823763383,5.0
RETAIL_02777,Vision Pro,Paris-Opera,2024-11-29,26883.645550990645,8.0
RETAIL_02778,AirPods Max,Sydney-GeorgeSt,2024-09-25,116.6850512064741,6.0
RETAIL_02780,iPad Pro,Paris-Opera,2024-10-01,1650.3816510714073,4.0
RETAIL_02781,iPad Pro,Sydney-GeorgeSt,2024-09-10,4575.3590894098315,5.0
RETAIL_02783,Vision Pro,Sydney-GeorgeSt,2024-09-10,8291.436514873476,4.0
RETAIL_02784,Vision Pro,London-RegentSt,2024-08-29,5155.669653407816,2.0
RETAIL_02785,Apple Watch Ultra,Tokyo-Ginza,2024-09-19,7874.605098965838,6.0
RETAIL_02786,AirPods Max,Sydney-GeorgeSt,2024-11-28,10702.303786630033,8.0
RETAIL_02787,iPad Pro,Tokyo-Ginza,2024-12-25,7503.28354110396,3.0
RETAIL_02788,MacBook Air M3,Tokyo-Ginza,2024-09-13,13390.538538080906,8.0
RETAIL_02789,AirPods Max,NYC-FifthAve,2024-10-22,31413.053978576307,9.0
RETAIL_02790,Apple Watch Ultra,NYC-FifthAve,2024-07-02,118.51370319454828,1.0
RETAIL_02791,MacBook Air M3,Tokyo-Ginza,2024-08-21,2080.9615990483417,1.0
RETAIL_02793,iPad Pro,Paris-Opera,2024-08-19,424.46747066435444,9.0
RETAIL_02794,AirPods Max,Paris-Opera,2024-12-19,3156.1532886609416,6.0
RETAIL_02795,Vision Pro,Tokyo-Ginza,2024-11-09,3392.933648385564,5.0
RETAIL_02796,iPad Pro,Paris-Opera,2024-08-30,12154.816242687612,6.0
RETAIL_02797,Vision Pro,Paris-Opera,2024-09-02,10177.084639931232,7.0
RETAIL_02798,Apple Watch Ultra,Sydney-GeorgeSt,2024-09-23,15777.467413026423,5.0
RETAIL_02799,iPhone 15 Pro,Tokyo-Ginza,2024-08-27,48.39615354727954,5.0
RETAIL_02800,Vision Pro,NYC-FifthAve,2024-10-15,13159.698430496628,4.0
RETAIL_02801,MacBook Air M3,NYC-FifthAve,2024-10-21,2599.5524095217097,5.0
RETAIL_02802,Apple Watch Ultra,Paris-Opera,2024-07-24,2006.841233129298,1.0
RETAIL_02803,Vision Pro,Paris-Opera,2024-08-23,23825.408883450786,8.0
RETAIL_02805,iPhone 15 Pro,Paris-Opera,2024-10-15,6432.908988142106,4.0
RETAIL_02806,iPhone 15 Pro,Tokyo-Ginza,2024-10-18,12675.633238843157,9.0
RETAIL_02809,Vision Pro,NYC-FifthAve,2024-07-30,16641.061279154274,8.0
RETAIL_02810,AirPods Max,Tokyo-Ginza,2024-11-07,67.21273971498022,4.0
RETAIL_02812,Apple Watch Ultra,NYC-FifthAve,2024-10-17,3602.8961200603426,8.0
RETAIL_02813,Vision Pro,Sydney-GeorgeSt,2024-09-10,21014.339552111163,8.0
RETAIL_02814,Vision Pro,Paris-Opera,2024-08-13,4737.238415215222,2.0
RETAIL_02815,Apple Watch Ultra,Sydney-GeorgeSt,2024-11-21,19731.050562722216,6.0
RETAIL_02816,Apple Watch Ultra,NYC-FifthAve,2024-07-17,2281.785340430505,1.0
RETAIL_02817,Apple Watch Ultra,NYC-FifthAve,2024-11-22,14659.65326187844,6.0
RETAIL_02818,Vision Pro,Tokyo-Ginza,2024-10-11,21995.519830652152,9.0
RETAIL_02819,iPad Pro,Sydney-GeorgeSt,2024-12-23,8225.26513730012,9.0
RETAIL_02820,iPhone 15 Pro,Sydney-GeorgeSt,2024-10-30,18174.342598762778,8.0
RETAIL_02821,iPad Pro,Tokyo-Ginza,2024-10-16,900.4601731165801,1.0
RETAIL_02822,Vision Pro,NYC-FifthAve,2024-11-11,2206.9698122733325,3.0
RETAIL_02823,Apple Watch Ultra,Sydney-GeorgeSt,2024-09-20,10092.492462615248,8.0
RETAIL_02825,Apple Watch Ultra,Tokyo-Ginza,2024-10-10,7028.469379869444,2.0
RETAIL_02826,MacBook Air M3,London-RegentSt,2024-12-08,13309.278513730014,5.0
RETAIL_02827,Apple Watch Ultra,Sydney-GeorgeSt,2024-08-14,642.454555686239,6.0
RETAIL_02829,Vision Pro,NYC-FifthAve,2024-08-16,1893.614910406272,1.0
RETAIL_02830,AirPods Max,Tokyo-Ginza,2024-07-28,30671.17783202329,9.0
RETAIL_02831,Vision Pro,Paris-Opera,2024-10-07,1861.4806927726304,2.0
RETAIL_02832,AirPods Max,Tokyo-Ginza,2024-08-17,2578.277753753531,7.0
RETAIL_02833,Apple Watch Ultra,London-RegentSt,2024-11-29,4052.963717347292,4.0
RETAIL_02834,AirPods Max,London-RegentSt,2024-08-31,9074.066119227546,7.0
RETAIL_02835,Apple Watch Ultra,London-RegentSt,2024-10-23,595.5096558041273,4.0
RETAIL_02837,iPhone 15 Pro,Sydney-GeorgeSt,2024-07-07,8676.952851158065,5.0
RETAIL_02839,iPhone 15 Pro,Sydney-GeorgeSt,2024-07-30,1156.0683128716091,3.0
RETAIL_02840,AirPods Max,London-RegentSt,2024-11-12,11681.760348792384,4.0
RETAIL_02842,Apple Watch Ultra,Tokyo-Ginza,2024-08-11,1692.7550134329085,5.0
RETAIL_02843,iPhone 15 Pro,Paris-Opera,2024-09-20,7659.629864558397,7.0
RETAIL_02844,Vision Pro,Tokyo-Ginza,2024-09-25,2738.4685418210506,1.0
RETAIL_02845,iPad Pro,Paris-Opera,2024-07-05,18553.070056923727,6.0
RETAIL_02846,iPad Pro,NYC-FifthAve,2024-09-30,1503.1703042526303,1.0
RETAIL_02847,MacBook Air M3,London-RegentSt,2024-12-18,24198.36115562101,8.0
RETAIL_02848,Apple Watch Ultra,London-RegentSt,2024-11-23,9108.507592148615,5.0
RETAIL_02849,Apple Watch Ultra,NYC-FifthAve,2024-08-15,510.460463396736,1.0
RETAIL_02850,Apple Watch Ultra,London-RegentSt,2024-09-12,16096.501644676602,5.0
RETAIL_02851,MacBook Air M3,NYC-FifthAve,2024-10-10,11148.36120365182,5.0
RETAIL_02852,Apple Watch Ultra,Paris-Opera,2024-11-27,6841.765333210837,3.0
RETAIL_02853,Apple Watch Ultra,NYC-FifthAve,2024-07-14,19305.664853628805,5.0
RETAIL_02854,iPhone 15 Pro,NYC-FifthAve,2024-11-30,10261.336301258045,5.0
RETAIL_02856,AirPods Max,London-RegentSt,2024-08-08,10768.522975939577,5.0
RETAIL_02857,Vision Pro,Paris-Opera,2024-11-06,541.7851682638238,1.0
RETAIL_02858,Apple Watch Ultra,NYC-FifthAve,2024-11-10,1292.0315911056591,1.0
RETAIL_02859,AirPods Max,Paris-Opera,2024-08-01,1827.0149316515049,4.0
RETAIL_02860,Apple Watch Ultra,NYC-FifthAve,2024-10-03,10759.376238923705,7.0
RETAIL_02861,MacBook Air M3,Sydney-GeorgeSt,2024-12-08,4265.000562522851,2.0
RETAIL_02862,Vision Pro,London-RegentSt,2024-12-27,2176.5595604429673,2.0
RETAIL_02863,iPhone 15 Pro,NYC-FifthAve,2024-12-11,1896.8018492534136,1.0
RETAIL_02866,Vision Pro,Paris-Opera,2024-11-02,20576.434004891064,9.0
RETAIL_02867,MacBook Air M3,NYC-FifthAve,2024-07-13,3889.122916352247,1.0
RETAIL_02868,iPad Pro,Tokyo-Ginza,2024-09-12,27974.130509566374,7.0
RETAIL_02869,AirPods Max,London-RegentSt,2024-09-22,19282.25173567608,9.0
RETAIL_02870,iPhone 15 Pro,Tokyo-Ginza,2024-12-21,16368.211700063748,7.0
RETAIL_02871,MacBook Air M3,Sydney-GeorgeSt,2024-12-06,4280.441795837645,8.0
RETAIL_02872,Apple Watch Ultra,Sydney-GeorgeSt,2024-10-15,1374.4613301596255,2.0
RETAIL_02873,iPad Pro,London-RegentSt,2024-12-24,4437.381235988257,2.0
RETAIL_02874,iPhone 15 Pro,NYC-FifthAve,2024-10-19,6793.862908252496,2.0
RETAIL_02875,Apple Watch Ultra,NYC-FifthAve,2024-09-04,1101.4691032658177,1.0
RETAIL_02876,MacBook Air M3,Sydney-GeorgeSt,2024-08-22,33130.69806169586,9.0
RETAIL_02877,Vision Pro,Sydney-GeorgeSt,2024-10-04,413.8512168976563,1.0
RETAIL_02879,Vision Pro,Tokyo-Ginza,2024-12-26,14692.7753292155,5.0
RETAIL_02881,iPhone 15 Pro,Paris-Opera,2024-07-24,11712.900689748252,3.0
RETAIL_02882,Apple Watch Ultra,Sydney-GeorgeSt,2024-08-07,25143.269278009808,7.0
RETAIL_02885,Vision Pro,Sydney-GeorgeSt,2024-10-07,2186.7199740947926,8.0
RETAIL_02887,MacBook Air M3,NYC-FifthAve,2024-10-12,16918.354176301207,7.0
RETAIL_02888,MacBook Air M3,Sydney-GeorgeSt,2024-09-16,7092.3876798365445,2.0
RETAIL_02889,Vision Pro,London-RegentSt,2024-07-28,9064.576667384048,5.0
RETAIL_02890,AirPods Max,NYC-FifthAve,2024-08-29,2018.5974387386443,3.0
RETAIL_02891,iPad Pro,NYC-FifthAve,2024-10-21,6713.491872256957,2.0
RETAIL_02892,iPad Pro,Tokyo-Ginza,2024-10-19,11794.89139843159,5.0
RETAIL_02893,Vision Pro,London-RegentSt,2024-10-23,5573.759641275466,5.0
RETAIL_02894,iPhone 15 Pro,London-RegentSt,2024-07-29,12365.575538461913,7.0
RETAIL_02895,Apple Watch Ultra,Paris-Opera,2024-08-24,20802.213990982626,8.0
RETAIL_02896,MacBook Air M3,Paris-Opera,2024-09-07,14486.615858735533,5.0
RETAIL_02897,Apple Watch Ultra,Tokyo-Ginza,2024-08-05,3804.238004173866,5.0
RETAIL_02898,Apple Watch Ultra,Sydney-GeorgeSt,2024-09-12,10171.598616274396,7.0
RETAIL_02899,Vision Pro,Sydney-GeorgeSt,2024-12-11,23341.25487846995,8.0
RETAIL_02901,Vision Pro,London-RegentSt,2024-11-07,6700.51335313112,4.0
RETAIL_02903,iPad Pro,Tokyo-Ginza,2024-08-23,16930.062763150025,5.0
RETAIL_02904,iPhone 15 Pro,Tokyo-Ginza,2024-10-01,16884.53815682295,5.0
RETAIL_02905,MacBook Air M3,NYC-FifthAve,2024-11-11,20161.445086071544,8.0
RETAIL_02906,MacBook Air M3,NYC-FifthAve,2024-10-21,2303.5095375336505,4.0
RETAIL_02907,Apple Watch Ultra,NYC-FifthAve,2024-08-28,1838.9982193753078,3.0
RETAIL_02908,AirPods Max,Sydney-GeorgeSt,2024-07-06,18545.804843767874,6.0
RETAIL_02910,iPad Pro,Tokyo-Ginza,2024-07-15,13424.85535044674,5.0
RETAIL_02911,Apple Watch Ultra,NYC-FifthAve,2024-09-27,25137.793044529717,7.0
RETAIL_02912,iPad Pro,Paris-Opera,2024-07-28,33077.81612968415,9.0
RETAIL_02913,iPad Pro,NYC-FifthAve,2024-10-28,17541.03506599457,7.0
RETAIL_02914,iPhone 15 Pro,Paris-Opera,2024-12-12,14906.766319188016,4.0
RETAIL_02915,MacBook Air M3,Sydney-GeorgeSt,2024-11-13,11580.272682851846,3.0
RETAIL_02916,Vision Pro,Tokyo-Ginza,2024-08-30,11864.24788544742,3.0
RETAIL_02917,MacBook Air M3,London-RegentSt,2024-07-27,3483.3728013322097,4.0
RETAIL_02918,MacBook Air M3,Sydney-GeorgeSt,2024-08-13,8244.876710523424,4.0
RETAIL_02919,Apple Watch Ultra,NYC-FifthAve,2024-12-03,285.81854159201407,2.0
RETAIL_02920,MacBook Air M3,Sydney-GeorgeSt,2024-12-10,8537.203627955132,5.0
RETAIL_02921,iPhone 15 Pro,Paris-Opera,2024-11-21,19042.54060733038,5.0
RETAIL_02922,iPad Pro,NYC-FifthAve,2024-10-24,8991.541449497428,8.0
RETAIL_02923,iPhone 15 Pro,London-RegentSt,2024-07-10,12622.144112958047,5.0
RETAIL_02924,AirPods Max,London-RegentSt,2024-09-08,613.5288219563051,1.0
RETAIL_02925,iPad Pro,Sydney-GeorgeSt,2024-09-23,34674.50070493916,9.0
RETAIL_02926,MacBook Air M3,London-RegentSt,2024-11-11,7182.427457000022,6.0
RETAIL_02928,Apple Watch Ultra,Sydney-GeorgeSt,2024-10-25,580.8552728620687,7.0
RETAIL_02929,AirPods Max,London-RegentSt,2024-08-23,5534.838090162828,5.0
RETAIL_02930,Vision Pro,Paris-Opera,2024-09-14,17949.320406454994,5.0
RETAIL_02931,iPhone 15 Pro,NYC-FifthAve,2024-09-23,5741.902702392326,3.0
RETAIL_02932,MacBook Air M3,Paris-Opera,2024-07-14,18351.094257713812,6.0
RETAIL_02933,iPhone 15 Pro,London-RegentSt,2024-10-20,2688.724681361005,1.0
RETAIL_02934,iPhone 15 Pro,NYC-FifthAve,2024-08-31,9398.166463424564,5.0
RETAIL_02936,Apple Watch Ultra,NYC-FifthAve,2024-07-08,2198.7073058527167,1.0
RETAIL_02937,Vision Pro,London-RegentSt,2024-07-28,6819.979123016055,6.0
RETAIL_02938,Apple Watch Ultra,NYC-FifthAve,2024-08-04,8750.039249500196,4.0
RETAIL_02939,iPad Pro,Tokyo-Ginza,2024-11-19,5901.30317540411,6.0
RETAIL_02942,Apple Watch Ultra,Tokyo-Ginza,2024-07-06,8511.115199734319,6.0
RETAIL_02943,Vision Pro,NYC-FifthAve,2024-07-01,1991.219225116676,1.0
RETAIL_02944,AirPods Max,Paris-Opera,2024-09-20,18121.828783923276,6.0
RETAIL_02945,AirPods Max,Sydney-GeorgeSt,2024-09-18,9655.848769038406,9.0
RETAIL_02946,Apple Watch Ultra,Paris-Opera,2024-09-12,9080.263614001284,4.0
RETAIL_02947,Apple Watch Ultra,London-RegentSt,2024-10-13,2387.977960636638,7.0
RETAIL_02948,iPad Pro,Tokyo-Ginza,2024-08-27,4220.747428009222,4.0
RETAIL_02949,Apple Watch Ultra,Tokyo-Ginza,2024-11-09,54.04631725558943,2.0
RETAIL_02950,AirPods Max,Tokyo-Ginza,2024-07-09,3070.94024050147,1.0
RETAIL_02951,iPad Pro,Tokyo-Ginza,2024-10-01,2316.2686045514615,7.0
RETAIL_02953,Apple Watch Ultra,Sydney-GeorgeSt,2024-12-27,6122.0941322737,8.0
RETAIL_02954,iPhone 15 Pro,London-RegentSt,2024-12-02,1472.5089347055334,7.0
RETAIL_02955,AirPods Max,Paris-Opera,2024-10-11,16908.235692762122,9.0
RETAIL_02956,MacBook Air M3,Sydney-GeorgeSt,2024-08-06,4326.7263371375575,9.0
RETAIL_02957,Vision Pro,Paris-Opera,2024-09-10,23289.01762263507,8.0
RETAIL_02958,AirPods Max,Tokyo-Ginza,2024-12-14,18746.768447745864,5.0
RETAIL_02959,Apple Watch Ultra,London-RegentSt,2024-12-11,5277.547886710103,4.0
RETAIL_02960,AirPods Max,Tokyo-Ginza,2024-09-06,3735.216910160887,2.0
RETAIL_02961,Vision Pro,Sydney-GeorgeSt,2024-10-15,35499.55441917854,9.0
RETAIL_02962,Apple Watch Ultra,London-RegentSt,2024-09-14,6651.200153744065,5.0
RETAIL_02963,Vision Pro,London-RegentSt,2024-10-05,2908.38037961346,2.0
RETAIL_02964,iPad Pro,NYC-FifthAve,2024-11-16,6133.16707467263,6.0
RETAIL_02965,iPad Pro,Tokyo-Ginza,2024-08-01,10347.434737521282,6.0
RETAIL_02966,AirPods Max,Paris-Opera,2024-12-07,8138.54213150976,7.0
RETAIL_02967,iPhone 15 Pro,Sydney-GeorgeSt,2024-07-03,1929.4250883371635,1.0
RETAIL_02968,MacBook Air M3,Sydney-GeorgeSt,2024-07-22,2844.714147147859,3.0
RETAIL_02969,AirPods Max,Sydney-GeorgeSt,2024-07-22,8578.993454254596,6.0
RETAIL_02970,iPhone 15 Pro,NYC-FifthAve,2024-07-06,17847.597767990446,7.0
RETAIL_02971,Vision Pro,Paris-Opera,2024-08-22,10902.742810193435,4.0
RETAIL_02972,AirPods Max,London-RegentSt,2024-12-03,4223.316885723483,3.0
RETAIL_02973,Apple Watch Ultra,Paris-Opera,2024-09-24,19942.227527972256,9.0
RETAIL_02975,AirPods Max,NYC-FifthAve,2024-10-12,11748.4676599462,3.0
RETAIL_02978,MacBook Air M3,NYC-FifthAve,2024-12-11,6272.745182582406,9.0
RETAIL_02979,iPad Pro,Sydney-GeorgeSt,2024-09-27,7878.840179153372,2.0
RETAIL_02981,Apple Watch Ultra,Paris-Opera,2024-11-18,14974.747450339362,5.0
RETAIL_02982,Apple Watch Ultra,Sydney-GeorgeSt,2024-09-28,10553.970081647849,3.0
RETAIL_02983,Apple Watch Ultra,NYC-FifthAve,2024-09-20,10623.05251912493,3.0
RETAIL_02984,Vision Pro,NYC-FifthAve,2024-09-13,3951.40639273284,3.0
RETAIL_02986,iPad Pro,Paris-Opera,2024-10-04,5936.768038802257,2.0
RETAIL_02987,MacBook Air M3,London-RegentSt,2024-08-29,3681.359224972631,2.0
RETAIL_02988,iPad Pro,London-RegentSt,2024-07-01,8015.912333302696,4.0
RETAIL_02989,iPhone 15 Pro,Tokyo-Ginza,2024-08-21,3937.8015058911096,1.0
RETAIL_02990,Apple Watch Ultra,Paris-Opera,2024-09-21,2580.0800168979504,1.0
RETAIL_02992,iPhone 15 Pro,Tokyo-Ginza,2024-09-12,19730.555316875678,7.0
RETAIL_02993,iPhone 15 Pro,London-RegentSt,2024-08-11,4502.894471593102,4.0
RETAIL_02994,iPhone 15 Pro,NYC-FifthAve,2024-12-09,3785.9523019569033,7.0
RETAIL_02995,Apple Watch Ultra,Tokyo-Ginza,2024-10-03,3629.1060892113,4.0
RETAIL_02996,Vision Pro,Tokyo-Ginza,2024-09-26,1023.072781895642,6.0
RETAIL_02997,Vision Pro,NYC-FifthAve,2024-07-26,11510.941646014136,3.0
RETAIL_02998,iPhone 15 Pro,Paris-Opera,2024-08-11,7726.731371011766,2.0
RETAIL_03000,MacBook Air M3,Sydney-GeorgeSt,2024-10-02,22512.36141838964,6.0
RETAIL_03001,iPhone 15 Pro,London-RegentSt,2024-12-14,13111.144881841225,8.0
RETAIL_03002,iPad Pro,Sydney-GeorgeSt,2024-11-13,9762.87479600387,3.0
RETAIL_03003,iPad Pro,Sydney-GeorgeSt,2024-08-15,23140.032702508375,7.0
RETAIL_03004,iPhone 15 Pro,Sydney-GeorgeSt,2024-12-10,27846.413085569602,9.0
RETAIL_03005,MacBook Air M3,Sydney-GeorgeSt,2024-11-13,9684.485380879896,3.0
RETAIL_03006,Apple Watch Ultra,Tokyo-Ginza,2024-09-22,10823.832473916604,4.0
RETAIL_03007,MacBook Air M3,NYC-FifthAve,2024-09-08,1664.2973202329777,1.0
RETAIL_03008,AirPods Max,Paris-Opera,2024-08-14,445.92347326206686,1.0
RETAIL_03009,iPad Pro,Sydney-GeorgeSt,2024-11-22,9892.209676017992,7.0
RETAIL_03010,AirPods Max,London-RegentSt,2024-08-18,21465.694565538084,8.0
RETAIL_03011,Apple Watch Ultra,Sydney-GeorgeSt,2024-10-17,31368.39178695349,9.0
RETAIL_03012,Apple Watch Ultra,Paris-Opera,2024-11-01,6175.506571274,2.0
RETAIL_03013,Vision Pro,London-RegentSt,2024-09-26,4033.0440502225974,2.0
RETAIL_03014,iPhone 15 Pro,Sydney-GeorgeSt,2024-10-24,6087.348596796946,2.0
RETAIL_03015,iPhone 15 Pro,London-RegentSt,2024-11-04,12838.357541638177,7.0
RETAIL_03016,AirPods Max,Sydney-GeorgeSt,2024-10-11,155.4002552014972,2.0
RETAIL_03017,Apple Watch Ultra,Paris-Opera,2024-08-25,2207.629121008614,7.0
RETAIL_03018,AirPods Max,NYC-FifthAve,2024-11-09,1448.4821936658554,7.0
RETAIL_03019,iPhone 15 Pro,Paris-Opera,2024-11-29,9876.113118031464,5.0
RETAIL_03020,AirPods Max,Sydney-GeorgeSt,2024-10-24,1384.7322073122975,1.0
RETAIL_03021,Vision Pro,Paris-Opera,2024-09-18,7596.549138646145,6.0
RETAIL_03022,Apple Watch Ultra,NYC-FifthAve,2024-07-26,7847.471447572809,7.0
RETAIL_03023,iPad Pro,Paris-Opera,2024-12-21,743.3797870032329,1.0
RETAIL_03024,AirPods Max,London-RegentSt,2024-11-04,1514.0809572629573,8.0
RETAIL_03025,AirPods Max,London-RegentSt,2024-12-02,7153.8845015288825,9.0
RETAIL_03026,Vision Pro,London-RegentSt,2024-10-04,19161.56871339126,7.0
RETAIL_03027,AirPods Max,Sydney-GeorgeSt,2024-11-17,3184.2023248624114,2.0
RETAIL_03028,MacBook Air M3,Paris-Opera,2024-10-19,1283.8066147035897,3.0
RETAIL_03030,iPad Pro,NYC-FifthAve,2024-09-29,629.1072181449108,2.0
RETAIL_03032,AirPods Max,Paris-Opera,2024-11-24,8393.596732351445,9.0
RETAIL_03033,AirPods Max,NYC-FifthAve,2024-11-10,3331.9784988075808,1.0
RETAIL_03034,MacBook Air M3,Tokyo-Ginza,2024-11-28,6907.65754129284,3.0
RETAIL_03035,Vision Pro,NYC-FifthAve,2024-12-26,20986.94454342097,7.0
RETAIL_03036,iPhone 15 Pro,Paris-Opera,2024-08-07,4600.944604626587,2.0
RETAIL_03037,MacBook Air M3,Paris-Opera,2024-11-06,3972.056530713832,2.0
RETAIL_03038,AirPods Max,Sydney-GeorgeSt,2024-11-13,28656.30574906715,8.0
RETAIL_03039,AirPods Max,Sydney-GeorgeSt,2024-10-16,2588.271371613251,2.0
RETAIL_03040,AirPods Max,Tokyo-Ginza,2024-09-01,7498.480251834837,2.0
RETAIL_03042,Vision Pro,Paris-Opera,2024-09-20,18263.124805173553,6.0
RETAIL_03045,MacBook Air M3,Paris-Opera,2024-11-27,8888.785749991417,6.0
RETAIL_03046,MacBook Air M3,Tokyo-Ginza,2024-12-09,23368.857788407862,6.0
RETAIL_03047,AirPods Max,NYC-FifthAve,2024-09-14,3601.0598236370033,7.0
RETAIL_03048,iPad Pro,Sydney-GeorgeSt,2024-12-17,15255.190940494356,7.0
RETAIL_03050,MacBook Air M3,Sydney-GeorgeSt,2024-09-22,24430.813760281497,8.0
RETAIL_03051,Apple Watch Ultra,NYC-FifthAve,2024-11-26,16695.962464249526,6.0
RETAIL_03052,Apple Watch Ultra,NYC-FifthAve,2024-09-16,3372.653124906883,4.0
RETAIL_03053,iPad Pro,NYC-FifthAve,2024-11-13,4461.730114446247,9.0
RETAIL_03054,Apple Watch Ultra,NYC-FifthAve,2024-10-09,5260.770849504639,3.0
RETAIL_03056,Apple Watch Ultra,NYC-FifthAve,2024-09-16,8424.313103232897,5.0
RETAIL_03057,MacBook Air M3,NYC-FifthAve,2024-10-01,13975.760929146905,4.0
RETAIL_03058,MacBook Air M3,NYC-FifthAve,2024-09-30,1887.2806522183632,1.0
RETAIL_03059,AirPods Max,Tokyo-Ginza,2024-07-01,18096.32148259571,6.0
RETAIL_03060,Vision Pro,NYC-FifthAve,2024-08-15,11811.915750625263,5.0
RETAIL_03061,iPad Pro,Sydney-GeorgeSt,2024-09-07,4581.906197334384,2.0
RETAIL_03062,iPhone 15 Pro,NYC-FifthAve,2024-11-23,3660.125238597,1.0
RETAIL_03063,AirPods Max,Paris-Opera,2024-11-25,1447.1178995937112,5.0
RETAIL_03064,MacBook Air M3,Tokyo-Ginza,2024-09-11,22328.0571685346,6.0
RETAIL_03065,iPad Pro,Tokyo-Ginza,2024-12-23,6434.466515104355,9.0
RETAIL_03066,iPad Pro,Tokyo-Ginza,2024-07-30,15866.368019383932,5.0
RETAIL_03067,Apple Watch Ultra,NYC-FifthAve,2024-11-08,6570.904477459098,4.0
RETAIL_03068,iPad Pro,Paris-Opera,2024-11-29,10106.4768863967,7.0
RETAIL_03070,iPhone 15 Pro,Paris-Opera,2024-07-13,11646.462640635496,3.0
RETAIL_03071,Vision Pro,Sydney-GeorgeSt,2024-11-03,5556.841368375198,2.0
RETAIL_03072,Apple Watch Ultra,Paris-Opera,2024-10-13,15638.533452277288,9.0
RETAIL_03073,Vision Pro,NYC-FifthAve,2024-09-01,7091.820597689736,2.0
RETAIL_03074,Vision Pro,Tokyo-Ginza,2024-09-04,9125.427260834987,5.0
RETAIL_03075,iPhone 15 Pro,Tokyo-Ginza,2024-11-27,17213.009506228278,8.0
RETAIL_03076,Vision Pro,London-RegentSt,2024-11-24,12097.530840502222,5.0
RETAIL_03077,Vision Pro,Tokyo-Ginza,2024-09-17,11911.98256859766,3.0
RETAIL_03079,MacBook Air M3,Tokyo-Ginza,2024-07-22,20432.127204047705,8.0
RETAIL_03080,Apple Watch Ultra,NYC-FifthAve,2024-12-14,18407.384849856353,7.0
RETAIL_03081,Vision Pro,NYC-FifthAve,2024-09-26,8152.443047406676,3.0
RETAIL_03082,iPhone 15 Pro,Paris-Opera,2024-07-19,4461.40330897127,2.0
RETAIL_03084,AirPods Max,Tokyo-Ginza,2024-11-28,11146.59416070682,8.0
RETAIL_03085,Apple Watch Ultra,London-RegentSt,2024-11-08,5362.566184450216,2.0
RETAIL_03086,Vision Pro,Tokyo-Ginza,2024-08-01,18772.87006577287,5.0
RETAIL_03087,AirPods Max,Tokyo-Ginza,2024-11-09,14431.148401962935,5.0
RETAIL_03088,iPhone 15 Pro,NYC-FifthAve,2024-11-16,4675.72681735572,5.0
RETAIL_03089,MacBook Air M3,NYC-FifthAve,2024-08-26,8711.369252732768,4.0
RETAIL_03090,Vision Pro,London-RegentSt,2024-10-31,5299.140251383729,4.0
RETAIL_03091,MacBook Air M3,NYC-FifthAve,2024-08-23,1110.6052887442277,3.0
RETAIL_03092,iPad Pro,London-RegentSt,2024-07-06,3291.4429468645076,2.0
RETAIL_03094,Vision Pro,Paris-Opera,2024-11-28,4068.7787900517583,5.0
RETAIL_03095,iPhone 15 Pro,London-RegentSt,2024-07-30,7712.790097540238,3.0
RETAIL_03096,Apple Watch Ultra,NYC-FifthAve,2024-07-04,13882.438782742085,5.0
RETAIL_03097,iPad Pro,Tokyo-Ginza,2024-10-24,10770.226285442213,3.0
RETAIL_03098,iPad Pro,London-RegentSt,2024-10-03,14689.471727754084,4.0
RETAIL_03099,iPhone 15 Pro,Sydney-GeorgeSt,2024-07-20,3007.5345485312187,1.0
RETAIL_03101,iPhone 15 Pro,NYC-FifthAve,2024-10-18,8261.869166623124,4.0
RETAIL_03102,iPad Pro,Tokyo-Ginza,2024-10-27,19675.72641983378,5.0
RETAIL_03103,AirPods Max,Paris-Opera,2024-08-26,4945.303765672638,4.0
RETAIL_03104,iPad Pro,London-RegentSt,2024-11-06,21858.981032497213,6.0
RETAIL_03105,AirPods Max,London-RegentSt,2024-09-05,14608.219905433212,4.0
RETAIL_03106,Vision Pro,London-RegentSt,2024-08-25,4392.929481681112,5.0
RETAIL_03108,Vision Pro,Paris-Opera,2024-12-24,1120.2365011257198,1.0
RETAIL_03109,iPhone 15 Pro,Tokyo-Ginza,2024-09-02,19978.49497751352,9.0
RETAIL_03110,iPhone 15 Pro,Sydney-GeorgeSt,2024-11-06,2183.3356228773023,2.0
RETAIL_03112,iPhone 15 Pro,Tokyo-Ginza,2024-11-28,13148.569579424267,5.0
RETAIL_03113,AirPods Max,NYC-FifthAve,2024-08-19,3716.685982966581,9.0
RETAIL_03114,AirPods Max,London-RegentSt,2024-10-19,5838.62612304617,5.0
RETAIL_03115,Vision Pro,Sydney-GeorgeSt,2024-12-12,14638.385065890881,6.0
RETAIL_03116,iPhone 15 Pro,Tokyo-Ginza,2024-12-19,1287.6433223531153,5.0
RETAIL_03117,AirPods Max,Sydney-GeorgeSt,2024-07-14,35682.05161919311,9.0
RETAIL_03118,MacBook Air M3,Paris-Opera,2024-08-11,4322.010538954948,8.0
RETAIL_03119,Apple Watch Ultra,Tokyo-Ginza,2024-09-16,21389.48762629967,8.0
RETAIL_03120,MacBook Air M3,Sydney-GeorgeSt,2024-08-08,5246.31474279278,3.0
RETAIL_03121,Vision Pro,Sydney-GeorgeSt,2024-12-24,23973.33134982903,8.0
RETAIL_03122,MacBook Air M3,Sydney-GeorgeSt,2024-09-27,2646.8044117072873,3.0
RETAIL_03123,iPad Pro,Sydney-GeorgeSt,2024-10-13,2164.904502606616,2.0
RETAIL_03124,iPad Pro,NYC-FifthAve,2024-07-05,30161.095507007776,9.0
RETAIL_03125,iPad Pro,London-RegentSt,2024-11-03,1927.8553968682468,1.0
RETAIL_03126,Vision Pro,London-RegentSt,2024-07-11,3099.296398909536,2.0
RETAIL_03127,MacBook Air M3,London-RegentSt,2024-08-12,12246.331419422622,6.0
RETAIL_03128,iPhone 15 Pro,NYC-FifthAve,2024-11-22,32227.74226423351,9.0
RETAIL_03129,AirPods Max,Tokyo-Ginza,2024-12-08,1492.2469496005074,3.0
RETAIL_03130,iPhone 15 Pro,London-RegentSt,2024-12-15,15019.154894417741,6.0
RETAIL_03131,AirPods Max,NYC-FifthAve,2024-11-30,3299.6700408869315,1.0
RETAIL_03133,iPad Pro,Sydney-GeorgeSt,2024-10-02,1912.898099906146,3.0
RETAIL_03134,iPad Pro,Sydney-GeorgeSt,2024-08-30,30319.119077619813,8.0
RETAIL_03135,iPad Pro,Tokyo-Ginza,2024-10-26,11351.321565594448,5.0
RETAIL_03136,MacBook Air M3,Paris-Opera,2024-07-23,1804.018163981424,1.0
RETAIL_03138,Apple Watch Ultra,London-RegentSt,2024-09-27,7087.612904067144,6.0
RETAIL_03140,iPad Pro,Paris-Opera,2024-09-27,6210.7517225727825,4.0
RETAIL_03141,Apple Watch Ultra,Paris-Opera,2024-08-17,8876.129130691359,4.0
RETAIL_03142,iPhone 15 Pro,Tokyo-Ginza,2024-09-15,12884.64974683126,4.0
RETAIL_03144,Apple Watch Ultra,Sydney-GeorgeSt,2024-12-19,7178.2790263234,9.0
RETAIL_03145,MacBook Air M3,Paris-Opera,2024-12-09,24162.001483630393,7.0
RETAIL_03146,Apple Watch Ultra,London-RegentSt,2024-09-07,5322.610631579239,2.0
RETAIL_03147,Apple Watch Ultra,Sydney-GeorgeSt,2024-10-01,25546.964878806404,8.0
RETAIL_03148,iPhone 15 Pro,Tokyo-Ginza,2024-08-19,1645.7156789567575,1.0
RETAIL_03149,Vision Pro,Sydney-GeorgeSt,2024-11-28,8639.002999225757,6.0
RETAIL_03150,AirPods Max,Tokyo-Ginza,2024-11-23,6445.849236652199,6.0
RETAIL_03151,AirPods Max,London-RegentSt,2024-09-15,22387.650371220436,6.0
RETAIL_03152,MacBook Air M3,Tokyo-Ginza,2024-12-13,8799.082848425978,5.0
RETAIL_03153,iPad Pro,Paris-Opera,2024-11-01,3305.25082141263,2.0
RETAIL_03155,AirPods Max,Sydney-GeorgeSt,2024-09-04,6914.255828390238,3.0
RETAIL_03156,MacBook Air M3,Paris-Opera,2024-11-21,18435.526834908,9.0
RETAIL_03157,Apple Watch Ultra,London-RegentSt,2024-10-13,1399.2095907419366,1.0
RETAIL_03158,Apple Watch Ultra,London-RegentSt,2024-08-23,4289.804816279957,3.0
RETAIL_03159,Apple Watch Ultra,NYC-FifthAve,2024-08-11,18722.92132095182,5.0
RETAIL_03160,Vision Pro,Sydney-GeorgeSt,2024-07-11,9325.093141411831,5.0
RETAIL_03161,Vision Pro,Tokyo-Ginza,2024-11-09,9198.236843541568,6.0
RETAIL_03162,iPhone 15 Pro,NYC-FifthAve,2024-10-03,1177.9086842411425,3.0
RETAIL_03165,iPhone 15 Pro,NYC-FifthAve,2024-07-13,9398.502974877076,5.0
RETAIL_03166,AirPods Max,Sydney-GeorgeSt,2024-11-16,8669.35667717316,3.0
RETAIL_03167,Apple Watch Ultra,NYC-FifthAve,2024-11-18,4464.70895039364,2.0
RETAIL_03168,MacBook Air M3,NYC-FifthAve,2024-07-19,31840.50637199625,8.0
RETAIL_03171,MacBook Air M3,Paris-Opera,2024-09-01,12665.065060709605,7.0
RETAIL_03172,Vision Pro,Sydney-GeorgeSt,2024-12-18,23124.09114446666,8.0
RETAIL_03173,AirPods Max,NYC-FifthAve,2024-12-07,2731.5598175293926,9.0
RETAIL_03174,Apple Watch Ultra,London-RegentSt,2024-09-08,333.876082044148,1.0
RETAIL_03176,iPad Pro,London-RegentSt,2024-10-17,2050.367627177605,9.0
RETAIL_03178,AirPods Max,Paris-Opera,2024-08-14,13089.472281317025,4.0
RETAIL_03179,Apple Watch Ultra,London-RegentSt,2024-07-11,14870.897898446849,4.0
RETAIL_03180,MacBook Air M3,Tokyo-Ginza,2024-10-27,21097.831226742037,7.0
RETAIL_03181,iPhone 15 Pro,NYC-FifthAve,2024-07-02,277.8849847109673,2.0
RETAIL_03182,iPad Pro,Tokyo-Ginza,2024-07-10,3801.004447804852,1.0
RETAIL_03183,AirPods Max,Tokyo-Ginza,2024-12-10,11430.642696527317,3.0
RETAIL_03184,iPhone 15 Pro,NYC-FifthAve,2024-12-17,3799.395618693789,1.0
RETAIL_03186,iPad Pro,NYC-FifthAve,2024-08-23,6471.875557053221,3.0
RETAIL_03187,iPad Pro,NYC-FifthAve,2024-10-24,14306.173594924956,5.0
RETAIL_03188,iPhone 15 Pro,NYC-FifthAve,2024-10-27,13109.089501055365,8.0
RETAIL_03189,AirPods Max,Paris-Opera,2024-12-04,3309.722706752481,2.0
RETAIL_03192,AirPods Max,Tokyo-Ginza,2024-10-24,28564.82305529156,9.0
RETAIL_03193,Apple Watch Ultra,NYC-FifthAve,2024-07-09,35744.38754547121,9.0
RETAIL_03194,Vision Pro,NYC-FifthAve,2024-11-10,12792.205226911268,4.0
RETAIL_03195,Apple Watch Ultra,Paris-Opera,2024-10-14,3294.166405316838,9.0
RETAIL_03196,Apple Watch Ultra,NYC-FifthAve,2024-12-12,2960.795443265977,1.0
RETAIL_03198,iPhone 15 Pro,Sydney-GeorgeSt,2024-10-28,18016.935514677774,7.0
RETAIL_03199,Apple Watch Ultra,Tokyo-Ginza,2024-11-17,2585.3129808593585,4.0
RETAIL_03200,Vision Pro,London-RegentSt,2024-12-01,500.75961695299134,1.0
RETAIL_03201,AirPods Max,Sydney-GeorgeSt,2024-10-28,9459.96143717326,5.0
RETAIL_03202,Apple Watch Ultra,Sydney-GeorgeSt,2024-07-15,1675.8776977271382,4.0
RETAIL_03203,iPad Pro,London-RegentSt,2024-08-28,5553.750584416297,4.0
RETAIL_03204,iPhone 15 Pro,Sydney-GeorgeSt,2024-07-04,2687.511910746895,1.0
RETAIL_03205,Apple Watch Ultra,Paris-Opera,2024-07-24,3673.934854039613,3.0
RETAIL_03206,Apple Watch Ultra,NYC-FifthAve,2024-08-01,16803.501028627583,6.0
RETAIL_03207,AirPods Max,Sydney-GeorgeSt,2024-12-12,1719.3015156395636,2.0
RETAIL_03208,MacBook Air M3,NYC-FifthAve,2024-12-08,3047.346303953095,2.0
RETAIL_03209,MacBook Air M3,NYC-FifthAve,2024-08-09,5766.127125988323,3.0
RETAIL_03210,AirPods Max,Sydney-GeorgeSt,2024-12-24,3946.402318484007,1.0
RETAIL_03211,Vision Pro,NYC-FifthAve,2024-09-26,5742.966591337684,4.0
RETAIL_03212,iPhone 15 Pro,London-RegentSt,2024-09-05,5992.337296072438,5.0
RETAIL_03213,Apple Watch Ultra,Paris-Opera,2024-10-30,25510.6327801513,7.0
RETAIL_03214,AirPods Max,Paris-Opera,2024-09-24,11741.044140029724,4.0
RETAIL_03216,iPhone 15 Pro,NYC-FifthAve,2024-08-09,2082.852907229195,8.0
RETAIL_03217,Vision Pro,Paris-Opera,2024-10-03,22027.945260372147,9.0
RETAIL_03218,iPhone 15 Pro,Paris-Opera,2024-11-07,4840.359205871594,2.0
RETAIL_03219,iPad Pro,Sydney-GeorgeSt,2024-09-19,16086.254385990533,5.0
RETAIL_03220,iPad Pro,Paris-Opera,2024-07-14,7504.043641393862,2.0
RETAIL_03221,iPhone 15 Pro,Tokyo-Ginza,2024-09-06,3442.1858095147563,2.0
RETAIL_03223,Apple Watch Ultra,NYC-FifthAve,2024-09-19,1794.9271156334494,2.0
RETAIL_03224,MacBook Air M3,Tokyo-Ginza,2024-12-08,2463.3548622891776,3.0
RETAIL_03225,iPhone 15 Pro,Paris-Opera,2024-12-08,24913.975317556728,9.0
RETAIL_03226,iPad Pro,Sydney-GeorgeSt,2024-12-15,23054.365490518325,6.0
RETAIL_03227,Apple Watch Ultra,NYC-FifthAve,2024-09-05,13428.51995406319,7.0
RETAIL_03228,Vision Pro,NYC-FifthAve,2024-12-12,1967.044993139015,3.0
RETAIL_03229,iPhone 15 Pro,Sydney-GeorgeSt,2024-09-11,1742.9298857881124,5.0
RETAIL_03230,iPhone 15 Pro,London-RegentSt,2024-10-01,2177.138875963997,1.0
RETAIL_03231,Vision Pro,Tokyo-Ginza,2024-11-06,25168.790673107906,8.0
RETAIL_03232,iPad Pro,Tokyo-Ginza,2024-09-27,6891.184557908595,3.0
RETAIL_03233,iPhone 15 Pro,Tokyo-Ginza,2024-09-16,6466.578447224992,2.0
RETAIL_03234,Apple Watch Ultra,London-RegentSt,2024-10-07,1086.7449240673343,1.0
RETAIL_03235,MacBook Air M3,London-RegentSt,2024-11-03,2846.010677170706,4.0
RETAIL_03236,Vision Pro,Sydney-GeorgeSt,2024-11-01,7532.630480847569,3.0
RETAIL_03237,MacBook Air M3,NYC-FifthAve,2024-08-07,2688.7068735378643,4.0
RETAIL_03238,Vision Pro,NYC-FifthAve,2024-10-28,9993.93303570577,3.0
RETAIL_03239,AirPods Max,London-RegentSt,2024-09-19,11939.818074497376,3.0
RETAIL_03242,AirPods Max,Paris-Opera,2024-08-15,6265.801151195466,7.0
RETAIL_03243,Apple Watch Ultra,London-RegentSt,2024-11-12,1155.6074333207123,7.0
RETAIL_03244,Vision Pro,Sydney-GeorgeSt,2024-09-27,3055.2352082142734,1.0
RETAIL_03245,AirPods Max,London-RegentSt,2024-10-28,3403.6984541439474,1.0
RETAIL_03246,AirPods Max,NYC-FifthAve,2024-07-25,5670.926998049505,3.0
RETAIL_03248,iPhone 15 Pro,Sydney-GeorgeSt,2024-08-09,6146.109658819274,7.0
RETAIL_03251,iPad Pro,Tokyo-Ginza,2024-11-07,12500.052427881421,6.0
RETAIL_03252,MacBook Air M3,Sydney-GeorgeSt,2024-11-02,25317.637164190106,9.0
RETAIL_03253,iPhone 15 Pro,NYC-FifthAve,2024-10-09,29574.112303997543,8.0
RETAIL_03254,Apple Watch Ultra,Sydney-GeorgeSt,2024-07-21,7721.379395294829,5.0
RETAIL_03255,MacBook Air M3,Paris-Opera,2024-07-24,30620.996330577273,8.0
RETAIL_03256,MacBook Air M3,Paris-Opera,2024-10-12,6446.822640770544,4.0
RETAIL_03258,MacBook Air M3,Paris-Opera,2024-10-02,24826.320425925747,8.0
RETAIL_03259,AirPods Max,Tokyo-Ginza,2024-09-07,3282.7769051752875,3.0
RETAIL_03260,MacBook Air M3,Paris-Opera,2024-07-08,3931.056869486779,5.0
RETAIL_03261,Apple Watch Ultra,Sydney-GeorgeSt,2024-10-26,3520.208230792203,4.0
RETAIL_03262,Apple Watch Ultra,Sydney-GeorgeSt,2024-12-04,11283.385843183214,3.0
RETAIL_03263,MacBook Air M3,Tokyo-Ginza,2024-07-15,9255.500270745706,8.0
RETAIL_03266,iPhone 15 Pro,London-RegentSt,2024-07-11,18681.50804021944,5.0
RETAIL_03267,Vision Pro,Sydney-GeorgeSt,2024-07-10,14129.14633910206,5.0
RETAIL_03268,AirPods Max,Tokyo-Ginza,2024-07-21,18806.50317529995,5.0
RETAIL_03269,Apple Watch Ultra,Sydney-GeorgeSt,2024-08-02,2394.5129757638274,1.0
RETAIL_03270,iPhone 15 Pro,Sydney-GeorgeSt,2024-11-20,16010.278752078026,7.0
RETAIL_03271,iPhone 15 Pro,Tokyo-Ginza,2024-11-03,5788.233664496971,5.0
RETAIL_03272,AirPods Max,NYC-FifthAve,2024-11-21,4145.499658101275,5.0
RETAIL_03273,MacBook Air M3,London-RegentSt,2024-11-05,10613.77494330167,7.0
RETAIL_03275,iPad Pro,NYC-FifthAve,2024-09-24,18909.50059604369,5.0
RETAIL_03276,iPhone 15 Pro,Sydney-GeorgeSt,2024-12-14,8477.704584393872,4.0
RETAIL_03277,Apple Watch Ultra,Sydney-GeorgeSt,2024-10-22,8751.402544507944,4.0
RETAIL_03278,iPad Pro,London-RegentSt,2024-12-09,3530.545350949699,5.0
RETAIL_03279,AirPods Max,Tokyo-Ginza,2024-08-31,20732.4379681924,6.0
RETAIL_03280,MacBook Air M3,NYC-FifthAve,2024-10-09,33091.13594497448,9.0
RETAIL_03281,Apple Watch Ultra,NYC-FifthAve,2024-08-28,1075.655770959484,1.0
RETAIL_03282,MacBook Air M3,Paris-Opera,2024-11-30,29450.27741287864,8.0
RETAIL_03283,AirPods Max,Tokyo-Ginza,2024-12-20,4508.05451327668,3.0
RETAIL_03284,Apple Watch Ultra,Paris-Opera,2024-11-16,9756.330693252108,8.0
RETAIL_03285,iPhone 15 Pro,Tokyo-Ginza,2024-10-21,7822.662901927192,7.0
RETAIL_03287,iPad Pro,London-RegentSt,2024-11-20,4342.228916056222,2.0
RETAIL_03289,MacBook Air M3,London-RegentSt,2024-10-04,7142.254174647511,9.0
RETAIL_03290,Vision Pro,NYC-FifthAve,2024-07-16,14493.986756520047,9.0
RETAIL_03293,iPad Pro,Paris-Opera,2024-10-29,2341.344861394196,7.0
RETAIL_03294,AirPods Max,Sydney-GeorgeSt,2024-07-13,25898.257507978065,8.0
RETAIL_03296,MacBook Air M3,Sydney-GeorgeSt,2024-10-10,2619.192159481967,1.0
RETAIL_03297,AirPods Max,Sydney-GeorgeSt,2024-12-14,13190.932354859313,6.0
RETAIL_03298,AirPods Max,NYC-FifthAve,2024-07-09,29403.93543705193,8.0
RETAIL_03299,MacBook Air M3,Paris-Opera,2024-10-10,8204.80960359654,6.0
RETAIL_03300,MacBook Air M3,Tokyo-Ginza,2024-08-31,27091.51355190288,8.0
RETAIL_03301,iPhone 15 Pro,Paris-Opera,2024-11-30,3997.428325746097,1.0
RETAIL_03303,iPhone 15 Pro,Tokyo-Ginza,2024-10-01,2259.472615362061,1.0
RETAIL_03304,MacBook Air M3,London-RegentSt,2024-11-15,20839.41858407179,6.0
RETAIL_03305,Vision Pro,Tokyo-Ginza,2024-11-25,8768.984428431104,5.0
RETAIL_03306,iPhone 15 Pro,Sydney-GeorgeSt,2024-11-16,7686.87915625952,3.0
RETAIL_03307,MacBook Air M3,Tokyo-Ginza,2024-11-13,329.1944643662297,1.0
RETAIL_03308,AirPods Max,London-RegentSt,2024-09-03,17887.957346815863,7.0
RETAIL_03310,Vision Pro,Tokyo-Ginza,2024-11-11,11147.797527788112,9.0
RETAIL_03311,Apple Watch Ultra,Tokyo-Ginza,2024-09-15,3312.3879826102207,1.0
RETAIL_03312,iPhone 15 Pro,Sydney-GeorgeSt,2024-10-15,6665.803717562649,7.0
RETAIL_03313,Apple Watch Ultra,Paris-Opera,2024-11-05,21923.256229549155,7.0
RETAIL_03314,iPhone 15 Pro,Tokyo-Ginza,2024-07-07,18107.844510350402,9.0
RETAIL_03315,iPhone 15 Pro,Tokyo-Ginza,2024-11-20,11334.56522307219,7.0
RETAIL_03317,Apple Watch Ultra,Tokyo-Ginza,2024-07-30,6669.362702516912,4.0
RETAIL_03318,AirPods Max,Paris-Opera,2024-07-04,9692.688114401984,4.0
RETAIL_03320,iPhone 15 Pro,Sydney-GeorgeSt,2024-07-24,15320.927050491042,6.0
RETAIL_03321,Apple Watch Ultra,NYC-FifthAve,2024-09-05,10838.402954246638,3.0
RETAIL_03322,iPad Pro,Tokyo-Ginza,2024-10-08,3000.5904254404413,1.0
RETAIL_03323,MacBook Air M3,Sydney-GeorgeSt,2024-07-02,1089.8578453649598,7.0
RETAIL_03326,iPad Pro,NYC-FifthAve,2024-08-01,2723.558314036037,3.0
RETAIL_03327,AirPods Max,NYC-FifthAve,2024-07-20,12466.721020023604,5.0
RETAIL_03328,iPad Pro,Sydney-GeorgeSt,2024-11-07,26106.14691067039,9.0
RETAIL_03331,iPad Pro,London-RegentSt,2024-08-24,13651.956921345953,7.0
RETAIL_03332,Vision Pro,Sydney-GeorgeSt,2024-07-09,4567.2548865302915,4.0
RETAIL_03333,Vision Pro,Paris-Opera,2024-08-13,5883.541775073018,9.0
RETAIL_03335,Vision Pro,NYC-FifthAve,2024-07-25,17046.935028618824,7.0
RETAIL_03336,Vision Pro,London-RegentSt,2024-10-26,6218.368166518916,2.0
RETAIL_03337,Apple Watch Ultra,NYC-FifthAve,2024-11-27,8026.951747855349,4.0
RETAIL_03338,MacBook Air M3,Sydney-GeorgeSt,2024-09-08,1299.3279735345363,1.0
RETAIL_03339,iPhone 15 Pro,Sydney-GeorgeSt,2024-07-08,5695.825292580266,7.0
RETAIL_03340,MacBook Air M3,NYC-FifthAve,2024-11-30,10935.475208942935,5.0
RETAIL_03341,iPad Pro,Sydney-GeorgeSt,2024-09-18,14535.38629765348,7.0
RETAIL_03342,Apple Watch Ultra,Sydney-GeorgeSt,2024-09-17,2979.637963053655,4.0
RETAIL_03343,MacBook Air M3,NYC-FifthAve,2024-12-17,4786.520382968036,3.0
RETAIL_03344,iPad Pro,London-RegentSt,2024-11-14,1649.6466726254368,4.0
RETAIL_03345,Apple Watch Ultra,Paris-Opera,2024-11-01,922.0226365869125,3.0
RETAIL_03346,iPhone 15 Pro,NYC-FifthAve,2024-08-10,8570.145908741377,4.0
RETAIL_03347,AirPods Max,London-RegentSt,2024-11-28,26876.901532058055,7.0
RETAIL_03348,Vision Pro,London-RegentSt,2024-12-19,13413.546140347746,6.0
RETAIL_03349,MacBook Air M3,Tokyo-Ginza,2024-08-05,14236.379694756786,4.0
RETAIL_03350,iPad Pro,Tokyo-Ginza,2024-07-20,7361.975908908355,4.0
RETAIL_03351,Apple Watch Ultra,Tokyo-Ginza,2024-08-15,356.0438005232845,8.0
RETAIL_03352,MacBook Air M3,London-RegentSt,2024-09-22,17115.798308324724,9.0
RETAIL_03353,Vision Pro,London-RegentSt,2024-10-04,12782.764581727753,4.0
RETAIL_03354,iPad Pro,Sydney-GeorgeSt,2024-11-24,3865.2077310401505,3.0
RETAIL_03355,Vision Pro,London-RegentSt,2024-09-03,12554.707746924902,9.0
RETAIL_03356,iPad Pro,Sydney-GeorgeSt,2024-08-30,7516.727764180574,2.0
RETAIL_03357,iPad Pro,Sydney-GeorgeSt,2024-11-25,3084.5205358711987,1.0
RETAIL_03358,iPad Pro,NYC-FifthAve,2024-08-01,26356.52251709286,7.0
RETAIL_03359,Vision Pro,Paris-Opera,2024-08-14,8183.0018149344005,3.0
RETAIL_03360,Apple Watch Ultra,NYC-FifthAve,2024-07-11,2130.7679681694576,1.0
RETAIL_03361,MacBook Air M3,London-RegentSt,2024-09-14,16537.418999462585,5.0
RETAIL_03362,iPad Pro,Tokyo-Ginza,2024-11-09,10896.599493955122,3.0
RETAIL_03363,Apple Watch Ultra,London-RegentSt,2024-09-08,1699.0067468690195,2.0
RETAIL_03364,iPhone 15 Pro,Sydney-GeorgeSt,2024-10-23,14446.202092494346,4.0
RETAIL_03366,Vision Pro,London-RegentSt,2024-10-13,10456.448738177642,3.0
RETAIL_03367,AirPods Max,London-RegentSt,2024-08-10,2350.470184913733,1.0
RETAIL_03369,Apple Watch Ultra,London-RegentSt,2024-08-20,6643.739575282182,2.0
RETAIL_03371,Vision Pro,Sydney-GeorgeSt,2024-09-07,9446.274670215287,8.0
RETAIL_03372,Vision Pro,Sydney-GeorgeSt,2024-10-10,9703.8277391571,3.0
RETAIL_03373,iPhone 15 Pro,NYC-FifthAve,2024-11-22,2448.402278863521,2.0
RETAIL_03374,Vision Pro,Paris-Opera,2024-12-15,5709.543062448704,2.0
RETAIL_03375,AirPods Max,Paris-Opera,2024-11-07,6409.007311958513,7.0
RETAIL_03376,Vision Pro,NYC-FifthAve,2024-11-16,12602.493060124909,5.0
RETAIL_03377,MacBook Air M3,Sydney-GeorgeSt,2024-10-02,23900.878011592067,7.0
RETAIL_03378,Vision Pro,London-RegentSt,2024-11-01,2669.2008156147367,1.0
RETAIL_03379,iPad Pro,London-RegentSt,2024-11-29,6300.359246499237,9.0
RETAIL_03380,Apple Watch Ultra,Sydney-GeorgeSt,2024-12-15,7636.905871651308,2.0
RETAIL_03381,MacBook Air M3,Sydney-GeorgeSt,2024-08-27,23349.810553118823,7.0
RETAIL_03382,iPad Pro,NYC-FifthAve,2024-10-03,11872.253241628458,9.0
RETAIL_03383,MacBook Air M3,London-RegentSt,2024-10-27,7923.161922445938,5.0
RETAIL_03384,AirPods Max,Paris-Opera,2024-12-20,3333.5688499426888,5.0
RETAIL_03385,iPhone 15 Pro,Tokyo-Ginza,2024-11-13,6850.063062965242,3.0
RETAIL_03386,iPhone 15 Pro,Paris-Opera,2024-09-23,7401.6565982853535,6.0
RETAIL_03387,Apple Watch Ultra,London-RegentSt,2024-07-16,5330.120094701648,3.0
RETAIL_03388,MacBook Air M3,NYC-FifthAve,2024-07-05,25229.38548925001,9.0
RETAIL_03389,Apple Watch Ultra,London-RegentSt,2024-11-17,21944.166601493223,9.0
RETAIL_03390,iPad Pro,Paris-Opera,2024-10-18,11630.47040498482,7.0
RETAIL_03391,AirPods Max,Paris-Opera,2024-08-18,8372.326742140332,5.0
RETAIL_03392,AirPods Max,Paris-Opera,2024-10-17,3128.982687556361,6.0
RETAIL_03394,AirPods Max,NYC-FifthAve,2024-09-08,17404.38656999943,9.0
RETAIL_03395,AirPods Max,London-RegentSt,2024-12-10,881.6935594751337,1.0
RETAIL_03396,AirPods Max,London-RegentSt,2024-09-19,19294.052764273823,5.0
RETAIL_03397,iPhone 15 Pro,Sydney-GeorgeSt,2024-07-05,18478.505174122034,6.0
RETAIL_03398,MacBook Air M3,NYC-FifthAve,2024-08-28,12606.70215414326,5.0
RETAIL_03399,AirPods Max,Sydney-GeorgeSt,2024-12-15,2653.997063027092,1.0
RETAIL_03400,MacBook Air M3,NYC-FifthAve,2024-10-20,1298.626319386465,3.0
RETAIL_03401,Apple Watch Ultra,London-RegentSt,2024-07-16,32542.052869503626,9.0
RETAIL_03402,Vision Pro,Tokyo-Ginza,2024-10-06,1922.1837135557444,4.0
RETAIL_03403,AirPods Max,London-RegentSt,2024-10-03,3783.947112674509,1.0
RETAIL_03404,Apple Watch Ultra,NYC-FifthAve,2024-07-26,9052.220527559191,3.0
RETAIL_03406,Apple Watch Ultra,Tokyo-Ginza,2024-11-29,6642.242937654704,3.0
RETAIL_03407,iPhone 15 Pro,Paris-Opera,2024-07-02,10977.662285787255,5.0
RETAIL_03408,MacBook Air M3,NYC-FifthAve,2024-10-18,6662.084301935772,7.0
RETAIL_03409,MacBook Air M3,Sydney-GeorgeSt,2024-08-01,27488.440540334315,8.0
RETAIL_03410,Vision Pro,London-RegentSt,2024-08-25,30134.203685317036,9.0
RETAIL_03411,Vision Pro,London-RegentSt,2024-07-14,10907.877825598478,3.0
RETAIL_03412,Vision Pro,London-RegentSt,2024-11-21,16766.886926602343,5.0
RETAIL_03413,Vision Pro,Sydney-GeorgeSt,2024-07-22,1249.979725487955,2.0
RETAIL_03414,MacBook Air M3,Sydney-GeorgeSt,2024-12-17,14347.719512503103,7.0
RETAIL_03415,MacBook Air M3,NYC-FifthAve,2024-07-01,6726.385645292909,2.0
RETAIL_03416,MacBook Air M3,NYC-FifthAve,2024-12-16,2992.062451808639,1.0
RETAIL_03417,AirPods Max,Paris-Opera,2024-09-04,7083.284802205637,6.0
RETAIL_03418,iPad Pro,Paris-Opera,2024-11-27,1612.6277591387056,4.0
RETAIL_03420,Apple Watch Ultra,Tokyo-Ginza,2024-11-01,8741.28845622501,7.0
RETAIL_03421,AirPods Max,London-RegentSt,2024-10-04,6326.715981127743,4.0
RETAIL_03422,Vision Pro,Tokyo-Ginza,2024-07-18,2689.3381564295078,3.0
RETAIL_03423,iPhone 15 Pro,Tokyo-Ginza,2024-07-06,9766.240661771615,3.0
RETAIL_03424,MacBook Air M3,Paris-Opera,2024-09-01,2881.915127210397,2.0
RETAIL_03426,MacBook Air M3,London-RegentSt,2024-08-21,22252.9756061311,7.0
RETAIL_03427,Vision Pro,London-RegentSt,2024-12-25,736.0326737718135,1.0
RETAIL_03428,Vision Pro,Sydney-GeorgeSt,2024-09-06,19460.961373843136,8.0
RETAIL_03429,Vision Pro,Paris-Opera,2024-10-17,15416.51560953584,6.0
RETAIL_03430,iPhone 15 Pro,Tokyo-Ginza,2024-07-19,1506.8657218893413,2.0
RETAIL_03431,iPad Pro,Paris-Opera,2024-12-08,11989.018630834542,3.0
RETAIL_03432,Vision Pro,London-RegentSt,2024-12-27,8973.764951424979,5.0
RETAIL_03433,iPhone 15 Pro,Tokyo-Ginza,2024-09-08,9174.936554458294,7.0
RETAIL_03434,Apple Watch Ultra,Paris-Opera,2024-12-01,11753.816770453517,6.0
RETAIL_03436,iPad Pro,NYC-FifthAve,2024-08-22,5911.139898849719,2.0
RETAIL_03437,Apple Watch Ultra,Tokyo-Ginza,2024-10-13,37.50192153581384,2.0
RETAIL_03438,iPhone 15 Pro,NYC-FifthAve,2024-08-03,6166.49210572029,3.0
RETAIL_03439,Apple Watch Ultra,Tokyo-Ginza,2024-08-18,3873.720966567106,1.0
RETAIL_03440,iPad Pro,NYC-FifthAve,2024-09-05,18214.17154718333,6.0
RETAIL_03441,iPad Pro,Tokyo-Ginza,2024-11-14,11979.435793918548,4.0
RETAIL_03442,AirPods Max,Sydney-GeorgeSt,2024-07-09,14948.71647942208,4.0
RETAIL_03443,Vision Pro,NYC-FifthAve,2024-08-14,2433.065318130535,3.0
RETAIL_03445,MacBook Air M3,NYC-FifthAve,2024-07-10,3812.666047972237,1.0
RETAIL_03447,iPad Pro,Tokyo-Ginza,2024-12-07,25869.201763793608,7.0
RETAIL_03449,Apple Watch Ultra,Tokyo-Ginza,2024-08-20,451.92866408829104,1.0
RETAIL_03450,Vision Pro,London-RegentSt,2024-10-04,2518.905183032136,6.0
RETAIL_03451,Vision Pro,NYC-FifthAve,2024-11-08,34884.28449702875,9.0
RETAIL_03452,iPhone 15 Pro,London-RegentSt,2024-09-14,9563.731666913007,6.0
RETAIL_03453,Vision Pro,Sydney-GeorgeSt,2024-08-14,8929.935488522975,3.0
RETAIL_03454,AirPods Max,Tokyo-Ginza,2024-12-17,13869.87010012729,8.0
RETAIL_03455,iPhone 15 Pro,NYC-FifthAve,2024-11-14,5377.845492123644,3.0
RETAIL_03456,MacBook Air M3,London-RegentSt,2024-10-10,452.625756974601,2.0
RETAIL_03457,Apple Watch Ultra,Paris-Opera,2024-07-25,29.21475053110123,1.0
RETAIL_03458,Apple Watch Ultra,NYC-FifthAve,2024-09-23,617.5486113747469,9.0
RETAIL_03459,Vision Pro,London-RegentSt,2024-09-08,10855.064882857385,7.0
RETAIL_03460,iPad Pro,Tokyo-Ginza,2024-09-25,889.0664013596742,9.0
RETAIL_03461,iPhone 15 Pro,London-RegentSt,2024-12-20,20330.756847342484,6.0
RETAIL_03462,Apple Watch Ultra,London-RegentSt,2024-12-12,31837.30152518332,8.0
RETAIL_03463,AirPods Max,Sydney-GeorgeSt,2024-08-11,1270.902720887625,2.0
RETAIL_03464,AirPods Max,London-RegentSt,2024-11-17,9880.023960031598,3.0
RETAIL_03465,iPhone 15 Pro,Sydney-GeorgeSt,2024-11-25,4240.396685100115,3.0
RETAIL_03466,MacBook Air M3,Tokyo-Ginza,2024-09-11,9555.222222789082,3.0
RETAIL_03467,iPhone 15 Pro,NYC-FifthAve,2024-07-03,11006.840129419128,6.0
RETAIL_03468,iPhone 15 Pro,London-RegentSt,2024-11-19,4267.979732719083,8.0
RETAIL_03469,iPad Pro,London-RegentSt,2024-09-30,5887.144129137573,4.0
RETAIL_03471,Apple Watch Ultra,London-RegentSt,2024-09-02,16499.524433882045,7.0
RETAIL_03472,MacBook Air M3,Paris-Opera,2024-07-05,7003.842840575599,7.0
RETAIL_03473,Apple Watch Ultra,Paris-Opera,2024-11-24,26206.484723994057,7.0
RETAIL_03474,iPhone 15 Pro,London-RegentSt,2024-11-28,14051.790544017864,4.0
RETAIL_03475,AirPods Max,Sydney-GeorgeSt,2024-09-23,2959.095586250199,2.0
RETAIL_03476,AirPods Max,London-RegentSt,2024-08-04,1302.5818784954747,1.0
RETAIL_03477,iPad Pro,Tokyo-Ginza,2024-12-24,24824.866198328902,9.0
RETAIL_03479,Apple Watch Ultra,Tokyo-Ginza,2024-11-24,2348.9256828566686,2.0
RETAIL_03480,Vision Pro,Sydney-GeorgeSt,2024-09-18,23442.14064480288,8.0
RETAIL_03482,iPad Pro,London-RegentSt,2024-09-10,13350.788110211695,9.0
RETAIL_03485,MacBook Air M3,Sydney-GeorgeSt,2024-10-21,35874.18504313273,9.0
RETAIL_03486,Vision Pro,Paris-Opera,2024-07-18,25261.0803795086,9.0
RETAIL_03487,iPhone 15 Pro,NYC-FifthAve,2024-11-20,14593.854336785374,5.0
RETAIL_03488,AirPods Max,NYC-FifthAve,2024-09-09,1556.426795006687,7.0
RETAIL_03489,Apple Watch Ultra,Tokyo-Ginza,2024-07-29,2281.378527001033,1.0
RETAIL_03490,iPad Pro,London-RegentSt,2024-07-12,22009.42023026136,6.0
RETAIL_03491,MacBook Air M3,Paris-Opera,2024-10-20,2661.6618664754296,3.0
RETAIL_03492,Apple Watch Ultra,Sydney-GeorgeSt,2024-12-04,5236.064697526877,7.0
RETAIL_03495,iPhone 15 Pro,London-RegentSt,2024-12-08,15334.253451153378,6.0
RETAIL_03497,Vision Pro,London-RegentSt,2024-07-09,15363.353934378534,5.0
RETAIL_03498,AirPods Max,Sydney-GeorgeSt,2024-09-21,10339.317500577346,5.0
RETAIL_03499,MacBook Air M3,Tokyo-Ginza,2024-08-05,23705.451033429912,6.0
RETAIL_03500,iPad Pro,London-RegentSt,2024-07-19,19334.241720118014,6.0
RETAIL_03501,MacBook Air M3,Tokyo-Ginza,2024-10-15,625.680594541474,1.0
RETAIL_03502,Apple Watch Ultra,Sydney-GeorgeSt,2024-11-21,3675.812709095375,1.0
RETAIL_03503,iPhone 15 Pro,NYC-FifthAve,2024-10-05,4572.940475987358,8.0
RETAIL_03504,AirPods Max,Paris-Opera,2024-08-25,12179.004125545936,7.0
RETAIL_03507,iPad Pro,Sydney-GeorgeSt,2024-07-11,30580.060060457305,8.0
RETAIL_03508,MacBook Air M3,Sydney-GeorgeSt,2024-09-12,18209.14584566988,5.0
RETAIL_03509,AirPods Max,Sydney-GeorgeSt,2024-12-21,26043.904452126964,8.0
RETAIL_03510,MacBook Air M3,Paris-Opera,2024-07-18,1903.0318466589836,1.0
RETAIL_03511,iPad Pro,NYC-FifthAve,2024-11-26,3085.5304323078963,9.0
RETAIL_03512,MacBook Air M3,London-RegentSt,2024-07-05,11971.662410811972,4.0
RETAIL_03513,Vision Pro,Paris-Opera,2024-11-02,16445.341295694845,5.0
RETAIL_03514,Vision Pro,London-RegentSt,2024-10-04,21597.74963837907,6.0
RETAIL_03516,AirPods Max,NYC-FifthAve,2024-09-28,4345.937168197162,2.0
RETAIL_03517,iPad Pro,London-RegentSt,2024-08-20,26329.125663626673,7.0
RETAIL_03519,Apple Watch Ultra,NYC-FifthAve,2024-12-25,3851.5557959801927,3.0
RETAIL_03520,iPhone 15 Pro,Sydney-GeorgeSt,2024-08-07,2555.3781040256786,1.0
RETAIL_03521,iPad Pro,Sydney-GeorgeSt,2024-08-18,9013.540000705914,4.0
RETAIL_03522,Apple Watch Ultra,NYC-FifthAve,2024-08-07,11254.97809977318,3.0
RETAIL_03523,iPhone 15 Pro,Sydney-GeorgeSt,2024-12-20,6500.9428852283,4.0
RETAIL_03524,Vision Pro,Tokyo-Ginza,2024-12-03,1214.1312115595472,1.0
RETAIL_03525,iPhone 15 Pro,Paris-Opera,2024-10-17,3693.328511016213,1.0
RETAIL_03526,iPad Pro,Sydney-GeorgeSt,2024-12-27,19219.597078676892,5.0
RETAIL_03528,MacBook Air M3,Tokyo-Ginza,2024-10-19,3486.109084697258,1.0
RETAIL_03529,iPad Pro,London-RegentSt,2024-11-19,28682.479738029208,8.0
RETAIL_03530,MacBook Air M3,London-RegentSt,2024-10-26,15816.746723137225,6.0
RETAIL_03531,MacBook Air M3,Tokyo-Ginza,2024-07-28,4239.442155634949,2.0
RETAIL_03533,Apple Watch Ultra,Tokyo-Ginza,2024-08-07,5843.477190958918,2.0
RETAIL_03534,Vision Pro,NYC-FifthAve,2024-08-30,1865.5533362698689,1.0
RETAIL_03535,iPhone 15 Pro,Sydney-GeorgeSt,2024-12-02,2678.7611074479128,3.0
RETAIL_03536,Vision Pro,London-RegentSt,2024-08-16,740.9321394582194,4.0
RETAIL_03537,Apple Watch Ultra,NYC-FifthAve,2024-11-05,23558.508912716174,7.0
RETAIL_03538,iPad Pro,Paris-Opera,2024-12-01,10388.429530973632,7.0
RETAIL_03539,iPhone 15 Pro,Sydney-GeorgeSt,2024-07-23,3578.3361584737327,5.0
RETAIL_03540,Apple Watch Ultra,Tokyo-Ginza,2024-12-01,25578.55442655231,9.0
RETAIL_03541,iPad Pro,London-RegentSt,2024-11-21,1769.7063606333595,2.0
RETAIL_03542,Vision Pro,Tokyo-Ginza,2024-08-21,9370.51435300623,3.0
RETAIL_03543,iPhone 15 Pro,NYC-FifthAve,2024-12-07,1788.6035593635504,3.0
RETAIL_03544,Vision Pro,Paris-Opera,2024-12-02,2626.93780110564,2.0
RETAIL_03545,MacBook Air M3,Tokyo-Ginza,2024-12-14,15187.034177483794,8.0
RETAIL_03546,iPhone 15 Pro,Tokyo-Ginza,2024-07-01,19708.473169445435,9.0
RETAIL_03547,iPhone 15 Pro,London-RegentSt,2024-10-15,10377.310323736488,3.0
RETAIL_03548,Apple Watch Ultra,NYC-FifthAve,2024-07-25,14532.291999502344,5.0
RETAIL_03549,AirPods Max,London-RegentSt,2024-08-04,7512.16939451677,2.0
RETAIL_03550,MacBook Air M3,Tokyo-Ginza,2024-10-01,290.6092745007394,9.0
RETAIL_03552,Vision Pro,Tokyo-Ginza,2024-07-13,10925.278045392177,7.0
RETAIL_03553,Vision Pro,Tokyo-Ginza,2024-07-19,10020.694963288039,7.0
RETAIL_03554,AirPods Max,London-RegentSt,2024-09-10,13994.331725685252,4.0
RETAIL_03555,Apple Watch Ultra,Tokyo-Ginza,2024-08-05,25779.401102142845,9.0
RETAIL_03557,iPhone 15 Pro,London-RegentSt,2024-10-22,17788.459218561362,5.0
RETAIL_03558,MacBook Air M3,Paris-Opera,2024-11-10,5050.458565988446,9.0
RETAIL_03559,Vision Pro,NYC-FifthAve,2024-08-09,266.4466711269083,9.0
RETAIL_03560,iPhone 15 Pro,NYC-FifthAve,2024-09-10,9446.161345229979,8.0
RETAIL_03561,AirPods Max,Tokyo-Ginza,2024-12-22,14518.483897279988,4.0
RETAIL_03562,Apple Watch Ultra,NYC-FifthAve,2024-11-12,284.29653900846733,1.0
RETAIL_03563,Vision Pro,NYC-FifthAve,2024-08-03,1123.021851509518,9.0
RETAIL_03564,iPad Pro,Sydney-GeorgeSt,2024-09-16,17504.693762994375,7.0
RETAIL_03565,Apple Watch Ultra,Sydney-GeorgeSt,2024-07-01,9229.066461416296,3.0
RETAIL_03566,AirPods Max,Tokyo-Ginza,2024-10-13,650.0269154452608,6.0
RETAIL_03568,AirPods Max,Paris-Opera,2024-12-02,1429.691002528978,2.0
RETAIL_03569,MacBook Air M3,NYC-FifthAve,2024-07-06,6348.708111739297,3.0
RETAIL_03570,iPad Pro,Sydney-GeorgeSt,2024-12-01,5347.8163519157115,6.0
RETAIL_03571,Vision Pro,Tokyo-Ginza,2024-10-15,1439.6072784086618,7.0
RETAIL_03572,Vision Pro,Tokyo-Ginza,2024-07-11,3737.289619979756,1.0
RETAIL_03573,iPad Pro,Paris-Opera,2024-12-23,12749.424379835735,6.0
RETAIL_03575,MacBook Air M3,Tokyo-Ginza,2024-10-10,12202.16980839794,5.0
RETAIL_03576,iPhone 15 Pro,Sydney-GeorgeSt,2024-11-13,21281.554074131127,7.0
RETAIL_03577,Vision Pro,Sydney-GeorgeSt,2024-10-29,13662.589552561512,5.0
RETAIL_03578,Apple Watch Ultra,London-RegentSt,2024-10-27,23477.18736442776,6.0
RETAIL_03579,Vision Pro,London-RegentSt,2024-10-02,8063.777924758669,6.0
RETAIL_03580,AirPods Max,Sydney-GeorgeSt,2024-07-24,3696.921556920878,4.0
RETAIL_03581,iPhone 15 Pro,Sydney-GeorgeSt,2024-07-21,5994.077100141883,4.0
RETAIL_03583,AirPods Max,NYC-FifthAve,2024-12-13,633.4171216299828,6.0
RETAIL_03586,iPhone 15 Pro,Paris-Opera,2024-08-28,5794.5760817517,6.0
RETAIL_03587,AirPods Max,Sydney-GeorgeSt,2024-12-16,7954.623082596958,2.0
RETAIL_03588,MacBook Air M3,Tokyo-Ginza,2024-11-29,19741.457871372044,5.0
RETAIL_03589,Apple Watch Ultra,Sydney-GeorgeSt,2024-10-24,12487.360650116447,7.0
RETAIL_03590,AirPods Max,London-RegentSt,2024-10-10,2787.5305135364606,2.0
RETAIL_03591,AirPods Max,Paris-Opera,2024-07-14,11711.483642621824,7.0
RETAIL_03592,iPad Pro,London-RegentSt,2024-12-26,13000.81007216596,7.0
RETAIL_03593,MacBook Air M3,NYC-FifthAve,2024-07-20,22574.034570071228,6.0
RETAIL_03594,iPhone 15 Pro,Sydney-GeorgeSt,2024-08-11,4027.7122165000155,3.0
RETAIL_03595,Vision Pro,Sydney-GeorgeSt,2024-07-23,701.895757235333,3.0
RETAIL_03596,Apple Watch Ultra,NYC-FifthAve,2024-10-06,3984.07006488678,1.0
RETAIL_03597,iPad Pro,Sydney-GeorgeSt,2024-08-10,14241.57414312376,6.0
RETAIL_03598,iPad Pro,Tokyo-Ginza,2024-08-06,1296.8795950192366,5.0
RETAIL_03599,MacBook Air M3,Paris-Opera,2024-11-15,17631.678716369264,5.0
RETAIL_03600,iPhone 15 Pro,Paris-Opera,2024-12-25,3154.4091790434886,2.0
RETAIL_03601,iPad Pro,NYC-FifthAve,2024-12-11,2257.274915559231,3.0
RETAIL_03602,Vision Pro,Tokyo-Ginza,2024-07-25,720.6963785240732,3.0
RETAIL_03603,iPad Pro,NYC-FifthAve,2024-10-18,9893.22931600024,8.0
RETAIL_03604,iPad Pro,London-RegentSt,2024-08-16,9392.317068142625,4.0
RETAIL_03605,Apple Watch Ultra,Tokyo-Ginza,2024-09-02,12482.235760835918,5.0
RETAIL_03607,iPhone 15 Pro,NYC-FifthAve,2024-11-24,8427.49969542745,4.0
RETAIL_03608,Apple Watch Ultra,NYC-FifthAve,2024-11-01,15176.350476928888,4.0
RETAIL_03609,Vision Pro,Sydney-GeorgeSt,2024-12-22,3669.1576914892794,8.0
RETAIL_03611,iPad Pro,Tokyo-Ginza,2024-10-14,17282.760151794202,9.0
RETAIL_03612,iPad Pro,Paris-Opera,2024-10-08,13101.5460590009,5.0
RETAIL_03613,MacBook Air M3,Sydney-GeorgeSt,2024-11-29,2460.7646741989997,1.0
RETAIL_03616,Vision Pro,NYC-FifthAve,2024-12-04,3906.505233614205,2.0
RETAIL_03617,Apple Watch Ultra,Tokyo-Ginza,2024-10-09,1559.8563694114496,9.0
RETAIL_03618,Vision Pro,NYC-FifthAve,2024-07-06,7070.6729725168025,6.0
RETAIL_03619,iPad Pro,NYC-FifthAve,2024-10-13,14385.72521383886,7.0
RETAIL_03620,Vision Pro,Paris-Opera,2024-08-12,3521.617226681939,2.0
RETAIL_03621,AirPods Max,Paris-Opera,2024-11-10,11828.696058257274,4.0
RETAIL_03623,Vision Pro,Tokyo-Ginza,2024-08-20,738.3009313705099,5.0
RETAIL_03624,MacBook Air M3,Tokyo-Ginza,2024-12-25,21887.672250914737,8.0
RETAIL_03625,MacBook Air M3,London-RegentSt,2024-07-12,11891.605837330564,3.0
RETAIL_03626,AirPods Max,NYC-FifthAve,2024-08-26,4492.159875575186,3.0
RETAIL_03628,AirPods Max,Tokyo-Ginza,2024-11-03,23190.661499073845,8.0
RETAIL_03629,Apple Watch Ultra,Paris-Opera,2024-08-12,10696.159308933275,6.0
RETAIL_03630,AirPods Max,Sydney-GeorgeSt,2024-11-06,32877.35590697387,9.0
RETAIL_03631,Vision Pro,Tokyo-Ginza,2024-10-22,2334.5079307075584,8.0
RETAIL_03632,Vision Pro,Tokyo-Ginza,2024-11-14,1231.254188864572,5.0
RETAIL_03634,Vision Pro,Sydney-GeorgeSt,2024-08-17,9258.186224472469,3.0
RETAIL_03635,iPhone 15 Pro,Tokyo-Ginza,2024-10-11,5677.853774761797,6.0
RETAIL_03636,AirPods Max,Tokyo-Ginza,2024-09-29,3430.0213863744343,1.0
RETAIL_03637,iPhone 15 Pro,London-RegentSt,2024-10-28,6002.043651500624,8.0
RETAIL_03638,Vision Pro,Sydney-GeorgeSt,2024-08-30,3486.669316275582,2.0
RETAIL_03639,MacBook Air M3,Sydney-GeorgeSt,2024-12-02,19273.398830857863,5.0
RETAIL_03641,iPhone 15 Pro,London-RegentSt,2024-12-14,725.0335396417829,1.0
RETAIL_03642,MacBook Air M3,London-RegentSt,2024-11-19,13891.108806140342,4.0
RETAIL_03644,iPad Pro,Paris-Opera,2024-09-08,2354.295936196126,1.0
RETAIL_03645,Apple Watch Ultra,NYC-FifthAve,2024-07-27,23359.132657777576,6.0
RETAIL_03646,iPad Pro,London-RegentSt,2024-08-30,15048.03791781594,4.0
RETAIL_03647,AirPods Max,NYC-FifthAve,2024-12-15,4012.6867318991935,2.0
RETAIL_03648,AirPods Max,Tokyo-Ginza,2024-09-17,15626.019440363747,7.0
RETAIL_03649,iPad Pro,London-RegentSt,2024-12-15,31630.42948312407,8.0
RETAIL_03651,MacBook Air M3,Tokyo-Ginza,2024-10-27,15445.222249427752,8.0
RETAIL_03652,MacBook Air M3,Paris-Opera,2024-12-08,25506.095253126303,9.0
RETAIL_03653,Vision Pro,Sydney-GeorgeSt,2024-11-10,10802.773125111791,3.0
RETAIL_03654,AirPods Max,London-RegentSt,2024-11-14,2065.550788108824,1.0
RETAIL_03656,iPad Pro,Tokyo-Ginza,2024-09-19,14751.456288890005,5.0
RETAIL_03658,MacBook Air M3,Paris-Opera,2024-12-21,4740.47556895904,8.0
RETAIL_03659,AirPods Max,Sydney-GeorgeSt,2024-10-29,17869.28746660785,5.0
RETAIL_03660,Apple Watch Ultra,Sydney-GeorgeSt,2024-07-28,12053.75645687586,5.0
RETAIL_03661,Vision Pro,Tokyo-Ginza,2024-11-26,754.610884653104,1.0
RETAIL_03662,Apple Watch Ultra,London-RegentSt,2024-09-14,9672.473742269221,5.0
RETAIL_03663,iPhone 15 Pro,NYC-FifthAve,2024-10-06,5224.579775032811,3.0
RETAIL_03664,Vision Pro,Paris-Opera,2024-07-06,16141.91241012752,5.0
RETAIL_03665,AirPods Max,Tokyo-Ginza,2024-09-18,29053.255320940272,9.0
RETAIL_03666,iPad Pro,Paris-Opera,2024-07-27,10425.217397090004,6.0
RETAIL_03667,Vision Pro,Sydney-GeorgeSt,2024-08-24,11286.938772655474,3.0
RETAIL_03668,AirPods Max,NYC-FifthAve,2024-08-22,1006.1742448654146,2.0
RETAIL_03669,MacBook Air M3,Tokyo-Ginza,2024-07-08,3765.685674254521,1.0
RETAIL_03671,Vision Pro,Paris-Opera,2024-09-26,11932.400441613963,3.0
RETAIL_03672,MacBook Air M3,London-RegentSt,2024-09-20,1457.2720690365168,1.0
RETAIL_03673,iPhone 15 Pro,NYC-FifthAve,2024-12-05,2634.2193846046002,9.0
RETAIL_03674,iPad Pro,Paris-Opera,2024-10-16,22799.91366358031,8.0
RETAIL_03675,iPad Pro,Paris-Opera,2024-07-28,5592.386923148593,2.0
RETAIL_03676,MacBook Air M3,Paris-Opera,2024-07-09,4944.665046553076,4.0
RETAIL_03678,Apple Watch Ultra,Tokyo-Ginza,2024-12-27,34006.61935500383,9.0
RETAIL_03679,Vision Pro,Paris-Opera,2024-08-12,8856.002238015888,6.0
RETAIL_03680,iPhone 15 Pro,London-RegentSt,2024-07-09,14589.63478710279,7.0
RETAIL_03682,AirPods Max,Paris-Opera,2024-09-22,1460.7690122559234,2.0
RETAIL_03683,iPhone 15 Pro,NYC-FifthAve,2024-09-22,10634.483280915267,9.0
RETAIL_03684,Apple Watch Ultra,London-RegentSt,2024-11-12,17083.968616660837,7.0
RETAIL_03685,MacBook Air M3,Tokyo-Ginza,2024-09-05,12408.35418185004,4.0
RETAIL_03686,Vision Pro,Paris-Opera,2024-12-26,5767.505192202735,4.0
RETAIL_03687,AirPods Max,Paris-Opera,2024-09-30,1794.3069773509096,5.0
RETAIL_03688,AirPods Max,Paris-Opera,2024-11-25,2702.864800981678,5.0
RETAIL_03690,MacBook Air M3,London-RegentSt,2024-09-30,62.90896972684425,3.0
RETAIL_03691,AirPods Max,Paris-Opera,2024-09-30,3942.599229161553,2.0
RETAIL_03692,Apple Watch Ultra,Tokyo-Ginza,2024-10-15,16172.958632671485,9.0
RETAIL_03693,AirPods Max,NYC-FifthAve,2024-12-18,19958.780529991684,7.0
RETAIL_03694,Apple Watch Ultra,Paris-Opera,2024-12-08,5227.404010440161,5.0
RETAIL_03695,iPad Pro,Tokyo-Ginza,2024-07-22,2555.8274396699344,4.0
RETAIL_03697,iPad Pro,Paris-Opera,2024-10-11,5270.850968026911,7.0
RETAIL_03698,iPhone 15 Pro,Paris-Opera,2024-09-30,7170.830358045148,3.0
RETAIL_03699,iPad Pro,Sydney-GeorgeSt,2024-07-09,26346.959377048006,9.0
RETAIL_03700,Vision Pro,Paris-Opera,2024-08-16,6486.583067398046,2.0
RETAIL_03702,Apple Watch Ultra,Paris-Opera,2024-08-12,26309.004035272428,9.0
RETAIL_03703,AirPods Max,London-RegentSt,2024-08-12,5888.989236040866,2.0
RETAIL_03704,AirPods Max,London-RegentSt,2024-09-07,1423.838495513297,7.0
RETAIL_03705,Vision Pro,Sydney-GeorgeSt,2024-10-29,1653.0530555162334,6.0
RETAIL_03706,AirPods Max,NYC-FifthAve,2024-09-23,14585.575403174409,4.0
RETAIL_03707,Apple Watch Ultra,Tokyo-Ginza,2024-10-30,7990.86135632456,2.0
RETAIL_03708,Vision Pro,London-RegentSt,2024-12-13,7479.891528700082,2.0
RETAIL_03709,MacBook Air M3,NYC-FifthAve,2024-12-07,873.8366911813605,7.0
RETAIL_03710,Apple Watch Ultra,Paris-Opera,2024-08-28,3469.2194413184557,3.0
RETAIL_03711,AirPods Max,London-RegentSt,2024-12-23,6401.838001581955,4.0
RETAIL_03712,AirPods Max,London-RegentSt,2024-12-10,19458.545304122625,5.0
RETAIL_03713,AirPods Max,Sydney-GeorgeSt,2024-11-18,3233.220647024515,1.0
RETAIL_03714,AirPods Max,Paris-Opera,2024-11-18,1397.5720584886776,4.0
RETAIL_03715,MacBook Air M3,Sydney-GeorgeSt,2024-09-07,2780.9125031102158,5.0
RETAIL_03716,AirPods Max,Sydney-GeorgeSt,2024-08-23,1645.753556108834,2.0
RETAIL_03718,MacBook Air M3,Sydney-GeorgeSt,2024-10-21,26721.46218090664,8.0
RETAIL_03719,MacBook Air M3,Paris-Opera,2024-12-11,15751.02677878917,9.0
RETAIL_03720,Vision Pro,London-RegentSt,2024-10-06,15932.765526041414,7.0
RETAIL_03721,AirPods Max,Tokyo-Ginza,2024-11-21,2189.3909672469404,1.0
RETAIL_03722,Apple Watch Ultra,London-RegentSt,2024-12-25,35647.61268648547,9.0
RETAIL_03723,Apple Watch Ultra,NYC-FifthAve,2024-09-24,3134.4902999363803,2.0
RETAIL_03724,MacBook Air M3,NYC-FifthAve,2024-08-14,126.61228153392608,1.0
RETAIL_03725,AirPods Max,Sydney-GeorgeSt,2024-10-29,20280.672042851827,7.0
RETAIL_03727,Vision Pro,NYC-FifthAve,2024-11-01,17995.66023450571,7.0
RETAIL_03728,iPad Pro,Sydney-GeorgeSt,2024-07-23,16926.398024234826,5.0
RETAIL_03729,iPhone 15 Pro,London-RegentSt,2024-10-12,5100.127525240936,7.0
RETAIL_03730,Vision Pro,Paris-Opera,2024-09-20,1808.9931858447533,1.0
RETAIL_03732,Vision Pro,NYC-FifthAve,2024-11-07,8569.233662583547,6.0
RETAIL_03733,iPad Pro,London-RegentSt,2024-08-27,16024.24792382924,5.0
RETAIL_03736,iPad Pro,NYC-FifthAve,2024-10-11,10175.522170927408,3.0
RETAIL_03737,iPad Pro,Tokyo-Ginza,2024-12-12,9560.554375422831,3.0
RETAIL_03738,MacBook Air M3,Sydney-GeorgeSt,2024-08-11,10083.445133423567,5.0
RETAIL_03739,Vision Pro,Paris-Opera,2024-07-30,13802.661785078271,7.0
RETAIL_03740,Vision Pro,NYC-FifthAve,2024-10-19,466.2835700292181,1.0
RETAIL_03742,Vision Pro,Sydney-GeorgeSt,2024-10-14,24951.893081904374,8.0
RETAIL_03743,iPhone 15 Pro,London-RegentSt,2024-09-09,2930.425644896201,1.0
RETAIL_03744,Apple Watch Ultra,NYC-FifthAve,2024-11-09,2448.210852807465,1.0
RETAIL_03745,MacBook Air M3,Paris-Opera,2024-11-23,8963.208968515948,8.0
RETAIL_03748,iPad Pro,Paris-Opera,2024-07-02,4334.640255539506,2.0
RETAIL_03749,AirPods Max,Paris-Opera,2024-09-15,17333.7252028308,5.0
RETAIL_03750,AirPods Max,London-RegentSt,2024-07-26,5507.8698747015,3.0
RETAIL_03751,Vision Pro,London-RegentSt,2024-07-09,9759.40596633643,4.0
RETAIL_03752,Vision Pro,Paris-Opera,2024-08-02,3430.453181124466,3.0
RETAIL_03753,Vision Pro,NYC-FifthAve,2024-08-19,25116.958281007886,7.0
RETAIL_03754,iPhone 15 Pro,Tokyo-Ginza,2024-08-21,24206.722993627023,9.0
RETAIL_03757,AirPods Max,London-RegentSt,2024-07-22,3792.265000256865,9.0
RETAIL_03758,AirPods Max,London-RegentSt,2024-09-03,3434.6383808415867,4.0
RETAIL_03759,iPhone 15 Pro,Sydney-GeorgeSt,2024-11-22,3423.53243216567,1.0
RETAIL_03760,MacBook Air M3,NYC-FifthAve,2024-10-16,1096.6441783437122,6.0
RETAIL_03761,iPhone 15 Pro,Sydney-GeorgeSt,2024-08-25,11050.701895955064,6.0
RETAIL_03762,AirPods Max,Sydney-GeorgeSt,2024-07-04,7792.540505971281,2.0
RETAIL_03763,iPhone 15 Pro,Tokyo-Ginza,2024-07-09,17378.388606337692,5.0
RETAIL_03764,Vision Pro,Tokyo-Ginza,2024-07-27,7629.457806095065,7.0
RETAIL_03765,Apple Watch Ultra,Sydney-GeorgeSt,2024-09-09,3359.959886285593,2.0
RETAIL_03766,Apple Watch Ultra,Sydney-GeorgeSt,2024-11-09,8752.240434871435,9.0
RETAIL_03767,Vision Pro,London-RegentSt,2024-09-01,10664.940905261536,4.0
RETAIL_03768,iPhone 15 Pro,Sydney-GeorgeSt,2024-08-23,2447.083966156154,1.0
RETAIL_03769,Apple Watch Ultra,Paris-Opera,2024-11-18,127.67474323676377,2.0
RETAIL_03770,iPad Pro,Tokyo-Ginza,2024-09-20,23356.893386896685,9.0
RETAIL_03771,AirPods Max,London-RegentSt,2024-12-25,16989.811747078063,6.0
RETAIL_03772,iPad Pro,Sydney-GeorgeSt,2024-07-06,2744.540914798324,6.0
RETAIL_03773,iPad Pro,NYC-FifthAve,2024-09-16,10025.676689409825,3.0
RETAIL_03774,AirPods Max,London-RegentSt,2024-10-24,19450.869495444316,7.0
RETAIL_03775,Apple Watch Ultra,London-RegentSt,2024-09-03,11949.74444663725,7.0
RETAIL_03776,iPhone 15 Pro,London-RegentSt,2024-08-13,7742.914841001728,4.0
RETAIL_03777,AirPods Max,NYC-FifthAve,2024-09-07,18657.120351643855,5.0
RETAIL_03778,Vision Pro,NYC-FifthAve,2024-11-27,16825.412055627596,5.0
RETAIL_03779,AirPods Max,Paris-Opera,2024-11-25,1149.0156066383945,1.0
RETAIL_03780,Apple Watch Ultra,Sydney-GeorgeSt,2024-07-24,3811.024835894989,1.0
RETAIL_03781,Apple Watch Ultra,Tokyo-Ginza,2024-09-07,1756.7150522528596,7.0
RETAIL_03782,AirPods Max,NYC-FifthAve,2024-08-25,10370.311285298445,3.0
RETAIL_03784,Apple Watch Ultra,NYC-FifthAve,2024-07-16,14881.514133703915,6.0
RETAIL_03785,MacBook Air M3,Sydney-GeorgeSt,2024-09-28,10428.009111968277,8.0
RETAIL_03786,Vision Pro,NYC-FifthAve,2024-07-23,10731.80586630404,8.0
RETAIL_03787,Vision Pro,NYC-FifthAve,2024-12-23,3491.5752344007624,2.0
RETAIL_03789,Vision Pro,London-RegentSt,2024-08-02,6248.527607965272,7.0
RETAIL_03790,Vision Pro,NYC-FifthAve,2024-09-11,1591.3673693344779,5.0
RETAIL_03791,MacBook Air M3,Sydney-GeorgeSt,2024-07-24,17085.991906700237,8.0
RETAIL_03792,AirPods Max,Tokyo-Ginza,2024-09-13,35024.36149050059,9.0
RETAIL_03793,Apple Watch Ultra,Tokyo-Ginza,2024-08-29,4163.700419712839,7.0
RETAIL_03794,MacBook Air M3,Sydney-GeorgeSt,2024-11-01,6343.601141760749,2.0
RETAIL_03795,Vision Pro,Sydney-GeorgeSt,2024-07-26,11061.333772788661,5.0
RETAIL_03797,AirPods Max,London-RegentSt,2024-12-04,5428.046652490066,5.0
RETAIL_03799,iPhone 15 Pro,Sydney-GeorgeSt,2024-09-27,394.2913677274868,5.0
RETAIL_03801,Vision Pro,London-RegentSt,2024-12-19,9862.478522574484,5.0
RETAIL_03802,iPhone 15 Pro,London-RegentSt,2024-10-09,18098.96229496018,9.0
RETAIL_03804,MacBook Air M3,Sydney-GeorgeSt,2024-07-03,7046.149651636675,3.0
RETAIL_03805,iPhone 15 Pro,London-RegentSt,2024-09-28,8211.680545719188,8.0
RETAIL_03808,Vision Pro,Paris-Opera,2024-10-31,9303.413896672137,3.0
RETAIL_03810,iPad Pro,NYC-FifthAve,2024-11-20,2781.7978447306164,6.0
RETAIL_03811,Vision Pro,Sydney-GeorgeSt,2024-12-10,9947.601025828992,3.0
RETAIL_03812,Apple Watch Ultra,NYC-FifthAve,2024-11-05,12984.862838137242,4.0
RETAIL_03813,MacBook Air M3,Sydney-GeorgeSt,2024-12-11,22671.070872712964,8.0
RETAIL_03814,Vision Pro,Paris-Opera,2024-10-23,9172.916092595695,3.0
RETAIL_03815,MacBook Air M3,Sydney-GeorgeSt,2024-07-13,1835.8206711412768,1.0
RETAIL_03816,iPad Pro,NYC-FifthAve,2024-08-01,2773.0929518169924,7.0
RETAIL_03817,iPad Pro,Tokyo-Ginza,2024-12-04,5779.298527580848,2.0
RETAIL_03818,iPhone 15 Pro,Sydney-GeorgeSt,2024-07-19,7093.540765469239,2.0
RETAIL_03819,iPhone 15 Pro,Sydney-GeorgeSt,2024-08-19,9332.826897154362,3.0
RETAIL_03820,iPad Pro,Tokyo-Ginza,2024-12-21,7295.136286720758,8.0
RETAIL_03821,iPhone 15 Pro,Paris-Opera,2024-12-27,18056.494263396526,6.0
RETAIL_03822,iPad Pro,Tokyo-Ginza,2024-09-26,3217.2739518424373,1.0
RETAIL_03823,Vision Pro,Tokyo-Ginza,2024-12-19,11082.031894270707,7.0
RETAIL_03824,Apple Watch Ultra,NYC-FifthAve,2024-08-20,9704.375591005824,5.0
RETAIL_03827,MacBook Air M3,Tokyo-Ginza,2024-12-16,15261.008858610718,9.0
RETAIL_03828,Vision Pro,Sydney-GeorgeSt,2024-09-12,2807.8467893623747,4.0
RETAIL_03829,Apple Watch Ultra,London-RegentSt,2024-10-12,1158.62608430009,5.0
RETAIL_03830,MacBook Air M3,Sydney-GeorgeSt,2024-10-31,2230.400565138571,1.0
RETAIL_03831,MacBook Air M3,Sydney-GeorgeSt,2024-08-13,952.8916804903708,2.0
RETAIL_03833,AirPods Max,London-RegentSt,2024-10-30,3909.47827898544,1.0
RETAIL_03834,iPad Pro,Tokyo-Ginza,2024-07-11,7810.431925560217,5.0
RETAIL_03835,AirPods Max,NYC-FifthAve,2024-12-23,5166.1766060430855,8.0
RETAIL_03836,iPhone 15 Pro,Sydney-GeorgeSt,2024-11-27,31816.94061364751,9.0
RETAIL_03837,iPad Pro,NYC-FifthAve,2024-10-25,1271.455198830031,7.0
RETAIL_03838,Vision Pro,London-RegentSt,2024-11-14,14397.038547149274,9.0
RETAIL_03839,iPad Pro,Sydney-GeorgeSt,2024-07-27,11842.245698329407,6.0
RETAIL_03841,AirPods Max,Tokyo-Ginza,2024-12-15,12127.50943490363,5.0
RETAIL_03842,iPhone 15 Pro,Sydney-GeorgeSt,2024-11-30,8590.027736322025,3.0
RETAIL_03843,Apple Watch Ultra,NYC-FifthAve,2024-12-21,5736.561994972858,5.0
RETAIL_03844,Apple Watch Ultra,Paris-Opera,2024-08-23,28129.859506815465,8.0
RETAIL_03845,MacBook Air M3,Sydney-GeorgeSt,2024-11-29,3770.4809828071457,4.0
RETAIL_03846,MacBook Air M3,London-RegentSt,2024-12-01,7483.031670177828,4.0
RETAIL_03847,iPad Pro,Paris-Opera,2024-08-06,22218.464297896568,7.0
RETAIL_03848,Vision Pro,Sydney-GeorgeSt,2024-12-27,14419.374851629163,6.0
RETAIL_03849,Vision Pro,Sydney-GeorgeSt,2024-08-22,11368.202708168801,5.0
RETAIL_03850,MacBook Air M3,NYC-FifthAve,2024-10-27,13641.104569849154,6.0
RETAIL_03851,Apple Watch Ultra,London-RegentSt,2024-10-30,3358.426699213892,6.0
RETAIL_03852,AirPods Max,NYC-FifthAve,2024-10-15,22743.94176103007,6.0
RETAIL_03853,AirPods Max,Sydney-GeorgeSt,2024-10-14,6570.773294432049,4.0
RETAIL_03854,Apple Watch Ultra,London-RegentSt,2024-08-09,25488.292659402916,7.0
RETAIL_03856,iPad Pro,NYC-FifthAve,2024-11-24,23501.565722370557,9.0
RETAIL_03857,AirPods Max,NYC-FifthAve,2024-10-11,1841.0530998955467,3.0
RETAIL_03858,Apple Watch Ultra,London-RegentSt,2024-12-20,11181.559432732976,4.0
RETAIL_03860,Apple Watch Ultra,Tokyo-Ginza,2024-07-19,21267.034491756305,6.0
RETAIL_03861,Apple Watch Ultra,Tokyo-Ginza,2024-08-31,401.34068473950276,7.0
RETAIL_03862,iPad Pro,Tokyo-Ginza,2024-10-05,2144.162283716566,6.0
RETAIL_03863,Vision Pro,Sydney-GeorgeSt,2024-07-25,8873.596379159337,4.0
RETAIL_03864,iPad Pro,Paris-Opera,2024-10-18,8285.239758853655,4.0
RETAIL_03865,Apple Watch Ultra,Sydney-GeorgeSt,2024-07-28,606.9985067692824,1.0
RETAIL_03866,Vision Pro,Sydney-GeorgeSt,2024-07-09,15484.713716020342,6.0
RETAIL_03867,Apple Watch Ultra,Paris-Opera,2024-07-05,9824.629022361572,5.0
RETAIL_03870,Vision Pro,Paris-Opera,2024-09-25,20395.421933419468,6.0
RETAIL_03871,iPad Pro,Paris-Opera,2024-09-01,3206.072986357451,7.0
RETAIL_03872,AirPods Max,Paris-Opera,2024-09-13,10505.423916558046,5.0
RETAIL_03874,Apple Watch Ultra,London-RegentSt,2024-10-05,3729.9510849386343,3.0
RETAIL_03875,MacBook Air M3,Paris-Opera,2024-08-08,17660.429869739237,7.0
RETAIL_03876,Apple Watch Ultra,Tokyo-Ginza,2024-12-18,19864.621894631346,7.0
RETAIL_03877,iPad Pro,Paris-Opera,2024-12-09,6220.015388064296,2.0
RETAIL_03878,MacBook Air M3,NYC-FifthAve,2024-08-10,694.9195454774524,1.0
RETAIL_03879,Apple Watch Ultra,Sydney-GeorgeSt,2024-08-02,1425.196588686978,3.0
RETAIL_03880,AirPods Max,Tokyo-Ginza,2024-08-08,31967.95932714324,8.0
RETAIL_03881,Vision Pro,Sydney-GeorgeSt,2024-07-19,8843.367080701768,9.0
RETAIL_03883,Apple Watch Ultra,NYC-FifthAve,2024-10-21,5177.9261918547345,2.0
RETAIL_03884,MacBook Air M3,London-RegentSt,2024-10-09,9168.530666009434,8.0
RETAIL_03885,Vision Pro,London-RegentSt,2024-10-31,207.75012354101818,5.0
RETAIL_03887,AirPods Max,NYC-FifthAve,2024-08-28,2568.6466062365944,5.0
RETAIL_03888,AirPods Max,Paris-Opera,2024-09-23,4910.896863116224,6.0
RETAIL_03890,Vision Pro,NYC-FifthAve,2024-07-08,19144.475893553074,8.0
RETAIL_03892,iPhone 15 Pro,Paris-Opera,2024-07-08,33924.68553589012,9.0
RETAIL_03893,iPad Pro,Paris-Opera,2024-12-01,23971.861018858115,9.0
RETAIL_03894,Apple Watch Ultra,London-RegentSt,2024-08-23,7911.448240253116,4.0
RETAIL_03895,MacBook Air M3,Tokyo-Ginza,2024-10-14,4632.681558047158,2.0
RETAIL_03896,iPad Pro,Sydney-GeorgeSt,2024-11-10,11640.52336884672,6.0
RETAIL_03898,iPhone 15 Pro,Tokyo-Ginza,2024-08-14,12963.768674385808,7.0
RETAIL_03899,Vision Pro,Sydney-GeorgeSt,2024-07-22,10420.796196374766,6.0
RETAIL_03900,Vision Pro,Tokyo-Ginza,2024-10-18,17821.122614188855,6.0
RETAIL_03901,Apple Watch Ultra,NYC-FifthAve,2024-10-15,15690.388722484593,7.0
RETAIL_03902,Apple Watch Ultra,Tokyo-Ginza,2024-08-03,29953.23057868745,9.0
RETAIL_03903,AirPods Max,Tokyo-Ginza,2024-12-08,7097.987062005539,8.0
RETAIL_03904,Apple Watch Ultra,Paris-Opera,2024-07-04,2287.2431018618568,1.0
RETAIL_03905,iPhone 15 Pro,Paris-Opera,2024-08-17,17751.822134260306,6.0
RETAIL_03906,Apple Watch Ultra,Sydney-GeorgeSt,2024-07-09,35759.0773918517,9.0
RETAIL_03909,Vision Pro,NYC-FifthAve,2024-07-25,9379.742178295792,4.0
RETAIL_03910,Vision Pro,Paris-Opera,2024-11-17,15263.274941547179,5.0
RETAIL_03913,Apple Watch Ultra,NYC-FifthAve,2024-12-14,8136.552918589408,4.0
RETAIL_03914,iPad Pro,NYC-FifthAve,2024-11-04,3955.8154028656113,4.0
RETAIL_03915,Apple Watch Ultra,Paris-Opera,2024-07-21,10064.949207868643,4.0
RETAIL_03916,iPad Pro,Tokyo-Ginza,2024-08-13,1155.6507337617052,1.0
RETAIL_03917,Apple Watch Ultra,London-RegentSt,2024-08-05,1147.0350013766174,9.0
RETAIL_03918,Apple Watch Ultra,Tokyo-Ginza,2024-07-26,1612.838534102798,4.0
RETAIL_03919,Apple Watch Ultra,London-RegentSt,2024-08-31,9622.747164527507,4.0
RETAIL_03920,iPad Pro,Sydney-GeorgeSt,2024-07-14,2924.281207618002,2.0
RETAIL_03921,AirPods Max,Sydney-GeorgeSt,2024-07-05,28870.43003752519,8.0
RETAIL_03922,iPhone 15 Pro,London-RegentSt,2024-07-13,6782.4881951924,4.0
RETAIL_03923,Vision Pro,London-RegentSt,2024-10-12,4015.1970486669734,5.0
RETAIL_03924,Vision Pro,Sydney-GeorgeSt,2024-11-13,6944.432219779278,2.0
RETAIL_03925,iPad Pro,NYC-FifthAve,2024-10-18,1284.2600112159646,1.0
RETAIL_03926,AirPods Max,NYC-FifthAve,2024-08-20,2179.3470995031826,7.0
RETAIL_03927,MacBook Air M3,Sydney-GeorgeSt,2024-09-24,783.4048487470689,3.0
RETAIL_03928,Apple Watch Ultra,NYC-FifthAve,2024-10-25,4850.381209137217,3.0
RETAIL_03929,Apple Watch Ultra,Paris-Opera,2024-10-03,5356.016518684759,8.0
RETAIL_03930,AirPods Max,NYC-FifthAve,2024-11-27,3493.8396371943963,1.0
RETAIL_03931,iPhone 15 Pro,Sydney-GeorgeSt,2024-09-13,21903.031144323686,6.0
RETAIL_03933,AirPods Max,London-RegentSt,2024-10-08,1033.7484701449291,1.0
RETAIL_03934,Apple Watch Ultra,Sydney-GeorgeSt,2024-10-29,29539.369044130497,9.0
RETAIL_03935,Apple Watch Ultra,Sydney-GeorgeSt,2024-12-17,12628.446843788197,9.0
RETAIL_03936,AirPods Max,NYC-FifthAve,2024-07-03,10782.482433305991,5.0
RETAIL_03937,Apple Watch Ultra,Paris-Opera,2024-09-18,10000.436203176301,6.0
RETAIL_03938,Apple Watch Ultra,Sydney-GeorgeSt,2024-12-12,7830.934056878572,2.0
RETAIL_03939,iPad Pro,Sydney-GeorgeSt,2024-12-12,2486.2332318619874,2.0
RETAIL_03940,MacBook Air M3,Paris-Opera,2024-11-27,8020.014201592894,5.0
RETAIL_03941,Vision Pro,NYC-FifthAve,2024-11-25,29012.87860543878,9.0
RETAIL_03942,MacBook Air M3,NYC-FifthAve,2024-11-21,2459.146072773766,4.0
RETAIL_03944,iPad Pro,London-RegentSt,2024-10-25,2907.8954221804274,1.0
RETAIL_03945,iPad Pro,Paris-Opera,2024-09-15,2974.1966080776215,2.0
RETAIL_03946,Vision Pro,NYC-FifthAve,2024-07-18,20313.042814653872,6.0
RETAIL_03947,Vision Pro,Sydney-GeorgeSt,2024-11-24,12299.956112440825,6.0
RETAIL_03948,MacBook Air M3,NYC-FifthAve,2024-08-28,1440.9055324109022,3.0
RETAIL_03950,Vision Pro,London-RegentSt,2024-10-03,2406.1251844362823,3.0
RETAIL_03951,iPhone 15 Pro,Tokyo-Ginza,2024-11-19,10953.30215526031,5.0
RETAIL_03952,AirPods Max,London-RegentSt,2024-07-27,2769.873114850313,1.0
RETAIL_03953,iPhone 15 Pro,Sydney-GeorgeSt,2024-07-06,699.8137094194067,7.0
RETAIL_03954,Apple Watch Ultra,London-RegentSt,2024-11-24,11321.858597372699,7.0
RETAIL_03955,AirPods Max,Tokyo-Ginza,2024-10-04,13602.851322466915,8.0
RETAIL_03956,MacBook Air M3,London-RegentSt,2024-10-01,8984.519111174593,4.0
RETAIL_03957,MacBook Air M3,London-RegentSt,2024-08-29,10049.096647323715,9.0
RETAIL_03958,iPhone 15 Pro,London-RegentSt,2024-09-01,14729.637152753725,7.0
RETAIL_03959,Vision Pro,Tokyo-Ginza,2024-08-02,5035.340573060599,7.0
RETAIL_03960,Apple Watch Ultra,Tokyo-Ginza,2024-11-06,9064.195615858687,6.0
RETAIL_03961,Apple Watch Ultra,London-RegentSt,2024-09-23,6131.501338106676,4.0
RETAIL_03962,iPhone 15 Pro,London-RegentSt,2024-12-16,8700.8078678557,8.0
RETAIL_03963,Vision Pro,Sydney-GeorgeSt,2024-12-08,10830.804197419147,7.0
RETAIL_03964,AirPods Max,Paris-Opera,2024-09-30,412.93092823739926,5.0
RETAIL_03966,iPhone 15 Pro,Paris-Opera,2024-12-04,23227.653655933038,6.0
RETAIL_03967,AirPods Max,Tokyo-Ginza,2024-07-26,7515.858600478416,3.0
RETAIL_03968,iPhone 15 Pro,London-RegentSt,2024-12-05,23228.739383213804,9.0
RETAIL_03969,MacBook Air M3,NYC-FifthAve,2024-08-02,23626.167638257793,8.0
RETAIL_03970,iPhone 15 Pro,NYC-FifthAve,2024-12-02,3288.0077160649316,4.0
RETAIL_03971,iPhone 15 Pro,Sydney-GeorgeSt,2024-09-21,2239.378436240927,4.0
RETAIL_03972,AirPods Max,Paris-Opera,2024-07-19,7919.810908172352,4.0
RETAIL_03973,iPhone 15 Pro,NYC-FifthAve,2024-11-28,28039.048402311302,9.0
RETAIL_03974,AirPods Max,Paris-Opera,2024-11-04,2069.904056574605,2.0
RETAIL_03975,MacBook Air M3,Tokyo-Ginza,2024-10-09,26201.516994985268,8.0
RETAIL_03976,MacBook Air M3,London-RegentSt,2024-08-04,1618.366695309419,2.0
RETAIL_03977,Apple Watch Ultra,Sydney-GeorgeSt,2024-08-01,9186.280308741558,5.0
RETAIL_03978,Apple Watch Ultra,Sydney-GeorgeSt,2024-07-12,9524.68755279863,6.0
RETAIL_03980,Apple Watch Ultra,Paris-Opera,2024-07-31,22225.289050511794,6.0
RETAIL_03981,AirPods Max,London-RegentSt,2024-11-15,3163.1128206873827,3.0
RETAIL_03982,MacBook Air M3,Sydney-GeorgeSt,2024-07-05,9366.628937178248,4.0
RETAIL_03983,MacBook Air M3,London-RegentSt,2024-07-11,11044.791131027303,5.0
RETAIL_03984,MacBook Air M3,NYC-FifthAve,2024-07-31,19066.78256194336,8.0
RETAIL_03985,Vision Pro,Tokyo-Ginza,2024-10-25,4784.353380662274,2.0
RETAIL_03986,Vision Pro,NYC-FifthAve,2024-08-18,2824.828140003956,5.0
RETAIL_03987,iPhone 15 Pro,Tokyo-Ginza,2024-11-07,4130.298843213813,3.0
RETAIL_03988,iPad Pro,Sydney-GeorgeSt,2024-07-27,19967.192934319373,9.0
RETAIL_03989,Apple Watch Ultra,London-RegentSt,2024-09-17,3515.6802696990494,9.0
RETAIL_03991,Apple Watch Ultra,Paris-Opera,2024-08-22,5652.660077172124,9.0
RETAIL_03992,Apple Watch Ultra,NYC-FifthAve,2024-11-01,6824.43304821001,8.0
RETAIL_03993,iPad Pro,NYC-FifthAve,2024-07-18,8334.899115838432,8.0
RETAIL_03994,iPad Pro,Sydney-GeorgeSt,2024-09-07,20684.19067557675,9.0
RETAIL_03995,iPad Pro,London-RegentSt,2024-09-07,6745.487169039545,6.0
RETAIL_03996,Apple Watch Ultra,Paris-Opera,2024-11-27,14680.861931534117,5.0
RETAIL_03997,MacBook Air M3,Sydney-GeorgeSt,2024-08-09,4057.9238334389956,3.0
RETAIL_03999,iPad Pro,Tokyo-Ginza,2024-10-21,5369.294906174574,3.0
RETAIL_04000,iPhone 15 Pro,Sydney-GeorgeSt,2024-07-26,4791.797526836386,2.0
RETAIL_04001,iPhone 15 Pro,Paris-Opera,2024-11-21,21503.023590417055,7.0
RETAIL_04002,AirPods Max,Tokyo-Ginza,2024-10-01,1624.750792992428,3.0
RETAIL_04004,MacBook Air M3,Sydney-GeorgeSt,2024-08-22,9522.428623753036,4.0
RETAIL_04005,Vision Pro,Tokyo-Ginza,2024-08-04,20906.229378521824,7.0
RETAIL_04006,iPhone 15 Pro,Tokyo-Ginza,2024-08-08,22862.70377083691,9.0
RETAIL_04007,AirPods Max,NYC-FifthAve,2024-10-12,3288.5235680826104,6.0
RETAIL_04008,MacBook Air M3,London-RegentSt,2024-12-04,7455.14289627159,8.0
RETAIL_04009,iPad Pro,NYC-FifthAve,2024-07-22,4994.398252695518,5.0
RETAIL_04010,iPad Pro,NYC-FifthAve,2024-07-30,9866.24489646688,4.0
RETAIL_04011,iPhone 15 Pro,Paris-Opera,2024-11-09,3554.5476377279883,2.0
RETAIL_04013,iPhone 15 Pro,NYC-FifthAve,2024-09-07,21981.93235992013,9.0
RETAIL_04014,iPhone 15 Pro,London-RegentSt,2024-12-07,1236.756780902273,3.0
RETAIL_04015,Apple Watch Ultra,Tokyo-Ginza,2024-07-28,959.7743732306947,5.0
RETAIL_04016,iPad Pro,London-RegentSt,2024-10-12,16635.474503416237,8.0
RETAIL_04017,iPhone 15 Pro,Tokyo-Ginza,2024-08-16,16857.51480005065,7.0
RETAIL_04018,MacBook Air M3,London-RegentSt,2024-12-22,18187.64918501156,5.0
RETAIL_04019,iPad Pro,London-RegentSt,2024-07-01,18332.081583423846,8.0
RETAIL_04020,iPad Pro,NYC-FifthAve,2024-08-11,14041.251066660974,6.0
RETAIL_04021,MacBook Air M3,Paris-Opera,2024-09-20,5839.503702946829,8.0
RETAIL_04022,Vision Pro,Sydney-GeorgeSt,2024-09-24,4922.315878782432,4.0
RETAIL_04023,AirPods Max,London-RegentSt,2024-08-28,2316.9932785891774,1.0
RETAIL_04024,AirPods Max,Paris-Opera,2024-10-10,740.4381626264304,4.0
RETAIL_04027,Vision Pro,Tokyo-Ginza,2024-09-18,21527.94338674985,6.0
RETAIL_04028,MacBook Air M3,Paris-Opera,2024-07-11,19613.05081690428,6.0
RETAIL_04029,iPad Pro,Tokyo-Ginza,2024-10-22,10512.599050487763,5.0
RETAIL_04030,Vision Pro,Sydney-GeorgeSt,2024-09-21,15055.808535446697,6.0
RETAIL_04031,Apple Watch Ultra,NYC-FifthAve,2024-11-09,11182.662860759116,5.0
RETAIL_04032,AirPods Max,Sydney-GeorgeSt,2024-11-26,1431.6505767176886,5.0
RETAIL_04033,MacBook Air M3,London-RegentSt,2024-11-04,4002.969944438052,8.0
RETAIL_04036,Vision Pro,Paris-Opera,2024-09-10,1296.1534250102172,1.0
RETAIL_04038,AirPods Max,Sydney-GeorgeSt,2024-11-17,12717.6748285406,4.0
RETAIL_04039,MacBook Air M3,Sydney-GeorgeSt,2024-10-18,11532.309875287243,3.0
RETAIL_04040,Apple Watch Ultra,NYC-FifthAve,2024-09-11,8637.462738250593,3.0
RETAIL_04041,MacBook Air M3,Paris-Opera,2024-09-09,11178.589055919652,9.0
RETAIL_04042,iPad Pro,Sydney-GeorgeSt,2024-08-02,865.6493881362892,1.0
RETAIL_04043,iPhone 15 Pro,NYC-FifthAve,2024-12-25,2796.0836428811185,1.0
RETAIL_04044,MacBook Air M3,Paris-Opera,2024-09-04,1977.3000339399332,2.0
RETAIL_04045,iPhone 15 Pro,NYC-FifthAve,2024-07-14,6182.855820223283,8.0
RETAIL_04046,iPhone 15 Pro,Tokyo-Ginza,2024-07-29,12005.699110814121,4.0
RETAIL_04048,MacBook Air M3,Sydney-GeorgeSt,2024-10-04,9623.410836045805,7.0
RETAIL_04049,AirPods Max,Tokyo-Ginza,2024-11-22,7393.210310753868,4.0
RETAIL_04050,MacBook Air M3,London-RegentSt,2024-11-02,2696.0731478975176,2.0
RETAIL_04051,iPad Pro,London-RegentSt,2024-10-21,1264.7396944585735,2.0
RETAIL_04052,iPhone 15 Pro,NYC-FifthAve,2024-09-24,16433.33714492614,6.0
RETAIL_04053,iPad Pro,Tokyo-Ginza,2024-08-24,5891.663817840782,2.0
RETAIL_04055,iPhone 15 Pro,Tokyo-Ginza,2024-11-27,1180.1472203689086,1.0
RETAIL_04057,AirPods Max,London-RegentSt,2024-10-03,2013.917447005184,6.0
RETAIL_04059,MacBook Air M3,NYC-FifthAve,2024-08-22,1756.3893282366205,7.0
RETAIL_04060,AirPods Max,Tokyo-Ginza,2024-12-03,7304.730516237367,2.0
RETAIL_04061,Vision Pro,Paris-Opera,2024-12-07,18115.628987166314,9.0
RETAIL_04062,Vision Pro,NYC-FifthAve,2024-09-17,11359.202204683766,5.0
RETAIL_04063,Apple Watch Ultra,Sydney-GeorgeSt,2024-08-29,3830.189464219152,2.0
RETAIL_04064,MacBook Air M3,London-RegentSt,2024-10-11,488.0330684900739,6.0
RETAIL_04065,Vision Pro,Sydney-GeorgeSt,2024-08-27,23014.79235144562,8.0
RETAIL_04067,MacBook Air M3,NYC-FifthAve,2024-12-15,9720.95913991505,4.0
RETAIL_04068,Apple Watch Ultra,Sydney-GeorgeSt,2024-09-18,23886.296720991148,6.0
RETAIL_04070,AirPods Max,NYC-FifthAve,2024-12-24,3714.338297488957,1.0
RETAIL_04071,Vision Pro,Sydney-GeorgeSt,2024-11-25,25415.193533904712,7.0
RETAIL_04072,MacBook Air M3,Sydney-GeorgeSt,2024-11-01,27902.377888545296,8.0
RETAIL_04073,Vision Pro,NYC-FifthAve,2024-08-21,12615.72502816205,6.0
RETAIL_04074,AirPods Max,NYC-FifthAve,2024-11-22,6417.476358840491,2.0
RETAIL_04075,Vision Pro,London-RegentSt,2024-10-31,1836.5983456496783,5.0
RETAIL_04076,MacBook Air M3,Paris-Opera,2024-07-28,11138.380959317883,9.0
RETAIL_04077,Apple Watch Ultra,Tokyo-Ginza,2024-10-01,20141.520629758736,7.0
RETAIL_04078,Vision Pro,London-RegentSt,2024-10-28,6968.940647164649,4.0
RETAIL_04080,iPad Pro,London-RegentSt,2024-11-25,6751.755015790526,4.0
RETAIL_04081,iPhone 15 Pro,London-RegentSt,2024-07-11,2804.7501416243304,7.0
RETAIL_04082,MacBook Air M3,NYC-FifthAve,2024-12-20,19229.16867299316,6.0
RETAIL_04083,Apple Watch Ultra,Tokyo-Ginza,2024-09-11,1007.6934984920142,1.0
RETAIL_04084,MacBook Air M3,Sydney-GeorgeSt,2024-12-26,18697.309230575873,7.0
RETAIL_04085,MacBook Air M3,NYC-FifthAve,2024-10-16,18925.809562977105,7.0
RETAIL_04086,iPad Pro,NYC-FifthAve,2024-09-16,30116.45589685361,9.0
RETAIL_04087,Apple Watch Ultra,Sydney-GeorgeSt,2024-07-22,11665.024325294968,9.0
RETAIL_04088,iPad Pro,Paris-Opera,2024-10-30,1809.442752114759,9.0
RETAIL_04090,AirPods Max,Paris-Opera,2024-09-02,15158.8732108353,9.0
RETAIL_04091,MacBook Air M3,Sydney-GeorgeSt,2024-11-06,2324.3640318571083,1.0
RETAIL_04092,Apple Watch Ultra,Sydney-GeorgeSt,2024-07-26,16962.136937339284,5.0
RETAIL_04093,MacBook Air M3,Paris-Opera,2024-09-29,690.7863486927642,1.0
RETAIL_04094,Vision Pro,NYC-FifthAve,2024-12-08,9659.063837250178,9.0
RETAIL_04096,MacBook Air M3,London-RegentSt,2024-08-24,21458.15768931262,6.0
RETAIL_04097,Apple Watch Ultra,NYC-FifthAve,2024-07-23,2739.5272566771846,6.0
RETAIL_04099,AirPods Max,NYC-FifthAve,2024-10-09,24956.24663960516,7.0
RETAIL_04100,AirPods Max,Sydney-GeorgeSt,2024-12-05,11047.309873555896,3.0
RETAIL_04101,AirPods Max,NYC-FifthAve,2024-10-11,6696.194420805521,9.0
RETAIL_04102,AirPods Max,London-RegentSt,2024-07-30,3032.0653357343126,3.0
RETAIL_04103,Vision Pro,NYC-FifthAve,2024-12-26,8925.257402107722,9.0
RETAIL_04104,AirPods Max,Paris-Opera,2024-09-19,5948.928929610158,3.0
RETAIL_04106,iPhone 15 Pro,Sydney-GeorgeSt,2024-08-31,8381.493042245362,5.0
RETAIL_04107,iPad Pro,Paris-Opera,2024-08-12,4895.480720954104,2.0
RETAIL_04108,iPhone 15 Pro,Tokyo-Ginza,2024-07-06,30855.361096198983,8.0
RETAIL_04111,Apple Watch Ultra,Sydney-GeorgeSt,2024-11-24,2982.137463692337,9.0
RETAIL_04112,Vision Pro,London-RegentSt,2024-10-06,25137.915106097644,7.0
RETAIL_04113,Vision Pro,London-RegentSt,2024-07-24,9430.644935395523,4.0
RETAIL_04116,MacBook Air M3,Tokyo-Ginza,2024-10-18,14012.11822241593,5.0
RETAIL_04117,AirPods Max,Paris-Opera,2024-11-10,34002.21559347014,9.0
RETAIL_04118,Vision Pro,Tokyo-Ginza,2024-12-05,734.231297748288,5.0
RETAIL_04120,AirPods Max,London-RegentSt,2024-09-08,3042.2907675170745,5.0
RETAIL_04121,Apple Watch Ultra,Paris-Opera,2024-08-29,17260.861901691896,6.0
RETAIL_04122,Apple Watch Ultra,Tokyo-Ginza,2024-09-16,17954.238719685665,5.0
RETAIL_04123,Vision Pro,NYC-FifthAve,2024-10-21,18270.62160952292,6.0
RETAIL_04124,Vision Pro,Tokyo-Ginza,2024-11-23,3096.4561675735613,1.0
RETAIL_04125,iPhone 15 Pro,Sydney-GeorgeSt,2024-11-03,279.90991756672247,2.0
RETAIL_04126,MacBook Air M3,Tokyo-Ginza,2024-11-16,2156.394604416688,3.0
RETAIL_04127,MacBook Air M3,Paris-Opera,2024-12-22,12397.145856987892,4.0
RETAIL_04128,Apple Watch Ultra,Paris-Opera,2024-07-12,7258.976917942449,5.0
RETAIL_04129,Apple Watch Ultra,Tokyo-Ginza,2024-08-15,5771.488381900761,7.0
RETAIL_04130,AirPods Max,Paris-Opera,2024-12-12,11196.44605656265,7.0
RETAIL_04131,Vision Pro,Sydney-GeorgeSt,2024-09-14,4548.781453440332,5.0
RETAIL_04132,AirPods Max,NYC-FifthAve,2024-08-14,19221.993240699416,5.0
RETAIL_04133,iPad Pro,London-RegentSt,2024-12-14,6238.106804027763,3.0
RETAIL_04134,iPad Pro,London-RegentSt,2024-09-18,16545.375597123562,6.0
RETAIL_04135,iPad Pro,Tokyo-Ginza,2024-09-21,1782.6980013318698,1.0
RETAIL_04136,Apple Watch Ultra,Paris-Opera,2024-08-26,1780.8841490473692,1.0
RETAIL_04139,Vision Pro,NYC-FifthAve,2024-10-13,27067.068911481747,7.0
RETAIL_04140,iPhone 15 Pro,Paris-Opera,2024-09-20,9642.908025709503,7.0
RETAIL_04142,iPad Pro,NYC-FifthAve,2024-09-15,7373.537626860874,2.0
RETAIL_04143,AirPods Max,NYC-FifthAve,2024-10-20,3715.977994827481,1.0
RETAIL_04145,Apple Watch Ultra,Tokyo-Ginza,2024-08-14,10587.483012483544,8.0
RETAIL_04146,iPad Pro,Paris-Opera,2024-10-06,6045.0205002281955,4.0
RETAIL_04147,Vision Pro,Paris-Opera,2024-08-12,12613.71188750197,5.0
RETAIL_04148,iPad Pro,Sydney-GeorgeSt,2024-12-23,27288.65963464084,8.0
RETAIL_04149,MacBook Air M3,Tokyo-Ginza,2024-07-02,6771.589559287954,3.0
RETAIL_04150,MacBook Air M3,Sydney-GeorgeSt,2024-11-16,634.5133668309763,8.0
RETAIL_04151,MacBook Air M3,Tokyo-Ginza,2024-10-11,21562.894958103334,8.0
RETAIL_04152,iPad Pro,Tokyo-Ginza,2024-07-27,8226.556970893524,5.0
RETAIL_04153,iPad Pro,Paris-Opera,2024-09-03,2826.3292571776065,1.0
RETAIL_04154,MacBook Air M3,Sydney-GeorgeSt,2024-12-24,3621.186615804905,3.0
RETAIL_04155,iPad Pro,Tokyo-Ginza,2024-09-16,12603.258909495664,8.0
RETAIL_04156,Vision Pro,NYC-FifthAve,2024-07-23,1945.8856125055208,9.0
RETAIL_04157,Apple Watch Ultra,Sydney-GeorgeSt,2024-12-14,11700.44819364593,3.0
RETAIL_04158,iPad Pro,NYC-FifthAve,2024-12-17,6121.364169825325,7.0
RETAIL_04159,iPad Pro,Sydney-GeorgeSt,2024-11-07,6840.8564006121105,8.0
RETAIL_04160,AirPods Max,Sydney-GeorgeSt,2024-12-04,14460.120476615903,5.0
RETAIL_04161,iPhone 15 Pro,Tokyo-Ginza,2024-10-28,22894.306666854805,7.0
RETAIL_04162,Apple Watch Ultra,Tokyo-Ginza,2024-07-07,690.5390233667144,1.0
RETAIL_04163,iPhone 15 Pro,Tokyo-Ginza,2024-10-20,15369.654772408087,5.0
RETAIL_04164,Apple Watch Ultra,London-RegentSt,2024-10-13,3572.210971204104,1.0
RETAIL_04166,iPad Pro,London-RegentSt,2024-07-24,7828.961596124791,9.0
RETAIL_04167,MacBook Air M3,NYC-FifthAve,2024-08-17,4178.64935931839,2.0
RETAIL_04169,iPhone 15 Pro,Tokyo-Ginza,2024-12-01,1970.8481583871433,2.0
RETAIL_04170,Apple Watch Ultra,Tokyo-Ginza,2024-11-06,13599.35612063061,5.0
RETAIL_04171,iPhone 15 Pro,Paris-Opera,2024-10-13,3954.4857035059213,3.0
RETAIL_04172,Apple Watch Ultra,Tokyo-Ginza,2024-11-02,8787.289742382683,3.0
RETAIL_04173,MacBook Air M3,London-RegentSt,2024-10-27,30262.55709272417,8.0
RETAIL_04175,Vision Pro,Paris-Opera,2024-10-03,6921.576617173227,3.0
RETAIL_04176,Vision Pro,Paris-Opera,2024-11-23,3023.658625786557,1.0
RETAIL_04177,Vision Pro,NYC-FifthAve,2024-08-14,17632.471637625204,7.0
RETAIL_04178,iPhone 15 Pro,London-RegentSt,2024-08-25,5890.2840244479585,3.0
RETAIL_04179,Vision Pro,Sydney-GeorgeSt,2024-12-06,1486.0609014969846,5.0
RETAIL_04180,iPad Pro,London-RegentSt,2024-10-21,2711.5920132610563,5.0
RETAIL_04181,Vision Pro,Sydney-GeorgeSt,2024-09-29,14781.037331985679,9.0
RETAIL_04182,iPad Pro,Paris-Opera,2024-07-24,1246.7602833103285,5.0
RETAIL_04183,MacBook Air M3,Sydney-GeorgeSt,2024-07-05,20334.67866259216,8.0
RETAIL_04184,MacBook Air M3,NYC-FifthAve,2024-12-24,330.4542781371367,6.0
RETAIL_04185,Apple Watch Ultra,Paris-Opera,2024-07-28,16728.335218227352,7.0
RETAIL_04186,iPad Pro,Tokyo-Ginza,2024-10-07,7665.495736574354,2.0
RETAIL_04187,MacBook Air M3,Paris-Opera,2024-08-21,1727.5277079497591,2.0
RETAIL_04188,Vision Pro,Paris-Opera,2024-09-10,10652.87045808188,6.0
RETAIL_04189,iPhone 15 Pro,Sydney-GeorgeSt,2024-11-17,22770.248280726744,7.0
RETAIL_04190,MacBook Air M3,Paris-Opera,2024-10-24,10456.941073431937,9.0
RETAIL_04192,Vision Pro,Tokyo-Ginza,2024-12-26,2505.7600449740103,7.0
RETAIL_04193,AirPods Max,London-RegentSt,2024-11-02,10299.031429407747,3.0
RETAIL_04194,iPhone 15 Pro,NYC-FifthAve,2024-11-07,5932.890692318799,3.0
RETAIL_04196,MacBook Air M3,Paris-Opera,2024-10-29,22748.758907543786,9.0
RETAIL_04197,iPhone 15 Pro,Tokyo-Ginza,2024-12-25,2467.7156340524302,2.0
RETAIL_04198,iPad Pro,Paris-Opera,2024-10-03,8748.959112252473,5.0
RETAIL_04200,Vision Pro,Paris-Opera,2024-07-30,2430.0304514625905,1.0
RETAIL_04201,iPhone 15 Pro,London-RegentSt,2024-08-20,22295.308108695517,6.0
RETAIL_04202,Vision Pro,London-RegentSt,2024-11-13,1636.9232849994273,2.0
RETAIL_04203,iPad Pro,Paris-Opera,2024-07-27,3480.765327498979,2.0
RETAIL_04204,iPhone 15 Pro,London-RegentSt,2024-08-11,7725.448217884463,3.0
RETAIL_04205,Vision Pro,NYC-FifthAve,2024-08-09,4933.55335864358,4.0
RETAIL_04206,iPad Pro,NYC-FifthAve,2024-07-26,34771.65410327188,9.0
RETAIL_04207,MacBook Air M3,Paris-Opera,2024-07-24,19154.600232601315,8.0
RETAIL_04208,MacBook Air M3,Paris-Opera,2024-09-26,5099.019408598941,3.0
RETAIL_04210,Vision Pro,Tokyo-Ginza,2024-09-08,5688.024768733047,6.0
RETAIL_04211,MacBook Air M3,London-RegentSt,2024-11-07,25863.831082086213,8.0
RETAIL_04213,MacBook Air M3,NYC-FifthAve,2024-10-01,8338.464525826108,8.0
RETAIL_04214,Apple Watch Ultra,Paris-Opera,2024-10-12,13067.641061242208,6.0
RETAIL_04215,Apple Watch Ultra,London-RegentSt,2024-10-12,7586.241199916201,2.0
RETAIL_04217,MacBook Air M3,Paris-Opera,2024-11-24,13100.83396115277,5.0
RETAIL_04218,iPhone 15 Pro,Paris-Opera,2024-08-22,5984.319386727397,3.0
RETAIL_04219,iPhone 15 Pro,London-RegentSt,2024-11-10,469.1944141866496,7.0
RETAIL_04220,MacBook Air M3,Paris-Opera,2024-07-27,17067.25265608319,8.0
RETAIL_04221,AirPods Max,Sydney-GeorgeSt,2024-07-07,31631.65328006132,9.0
RETAIL_04223,MacBook Air M3,NYC-FifthAve,2024-11-21,35514.79868370465,9.0
RETAIL_04224,Vision Pro,London-RegentSt,2024-07-19,8896.968570370993,3.0
RETAIL_04225,Apple Watch Ultra,Sydney-GeorgeSt,2024-11-10,14642.633573254046,9.0
RETAIL_04227,AirPods Max,Tokyo-Ginza,2024-10-23,26779.721935796242,8.0
RETAIL_04228,iPad Pro,Sydney-GeorgeSt,2024-12-12,21602.982693116945,9.0
RETAIL_04229,Vision Pro,NYC-FifthAve,2024-09-05,7417.941497597729,3.0
RETAIL_04230,iPhone 15 Pro,Tokyo-Ginza,2024-07-13,15404.867172011767,4.0
RETAIL_04231,Vision Pro,Tokyo-Ginza,2024-11-16,6319.358391031742,4.0
RETAIL_04232,iPad Pro,NYC-FifthAve,2024-12-07,5689.866782365385,7.0
RETAIL_04233,AirPods Max,NYC-FifthAve,2024-09-07,15718.771806397894,4.0
RETAIL_04234,iPhone 15 Pro,London-RegentSt,2024-09-21,7994.070156680494,7.0
RETAIL_04235,AirPods Max,Sydney-GeorgeSt,2024-07-02,119.5599247194084,6.0
RETAIL_04236,AirPods Max,Sydney-GeorgeSt,2024-07-11,1349.6960254152173,2.0
RETAIL_04237,iPhone 15 Pro,Paris-Opera,2024-09-18,985.225520924068,6.0
RETAIL_04238,AirPods Max,Tokyo-Ginza,2024-07-12,417.4696996039172,3.0
RETAIL_04239,AirPods Max,Paris-Opera,2024-10-25,9369.849626006964,4.0
RETAIL_04240,iPhone 15 Pro,NYC-FifthAve,2024-12-11,7979.77541106453,9.0
RETAIL_04241,iPhone 15 Pro,Tokyo-Ginza,2024-10-23,6654.1827791944625,2.0
RETAIL_04242,MacBook Air M3,Paris-Opera,2024-10-18,309.0271695616859,2.0
RETAIL_04243,AirPods Max,Tokyo-Ginza,2024-10-03,3729.658879126365,1.0
RETAIL_04244,Apple Watch Ultra,Sydney-GeorgeSt,2024-08-08,6297.949394625033,4.0
RETAIL_04245,iPad Pro,Tokyo-Ginza,2024-11-26,13601.64918855569,8.0
RETAIL_04246,MacBook Air M3,Paris-Opera,2024-12-27,15767.021874809972,9.0
RETAIL_04249,MacBook Air M3,Paris-Opera,2024-10-27,5086.271570002555,3.0
RETAIL_04250,Vision Pro,NYC-FifthAve,2024-10-22,16978.601530932297,8.0
RETAIL_04252,AirPods Max,Tokyo-Ginza,2024-12-10,12376.51753921262,5.0
RETAIL_04253,Apple Watch Ultra,Paris-Opera,2024-08-26,23190.98723032604,7.0
RETAIL_04254,iPhone 15 Pro,Paris-Opera,2024-08-09,642.2275353573293,2.0
RETAIL_04255,iPad Pro,London-RegentSt,2024-09-03,10889.584625725818,4.0
RETAIL_04257,AirPods Max,Tokyo-Ginza,2024-10-06,2040.5163980992852,5.0
RETAIL_04259,Vision Pro,Tokyo-Ginza,2024-07-19,7490.993009191397,6.0
RETAIL_04261,AirPods Max,London-RegentSt,2024-11-19,9626.782470737664,6.0
RETAIL_04262,Apple Watch Ultra,Sydney-GeorgeSt,2024-09-25,8235.10558983,3.0
RETAIL_04263,iPad Pro,London-RegentSt,2024-10-19,10298.05020792602,8.0
RETAIL_04264,Apple Watch Ultra,Tokyo-Ginza,2024-10-18,20219.196958131153,6.0
RETAIL_04265,MacBook Air M3,Sydney-GeorgeSt,2024-08-25,7306.248348987502,4.0
RETAIL_04266,MacBook Air M3,NYC-FifthAve,2024-09-11,7588.626334498362,6.0
RETAIL_04267,iPad Pro,Paris-Opera,2024-12-04,5011.396556261128,8.0
RETAIL_04268,Apple Watch Ultra,Sydney-GeorgeSt,2024-09-21,260.0167985147601,1.0
RETAIL_04269,AirPods Max,Tokyo-Ginza,2024-11-05,8430.21668401087,5.0
RETAIL_04270,iPad Pro,NYC-FifthAve,2024-07-11,2752.0344837011235,6.0
RETAIL_04272,MacBook Air M3,Sydney-GeorgeSt,2024-10-22,18078.609336258985,5.0
RETAIL_04274,Vision Pro,London-RegentSt,2024-08-15,11967.010842716452,9.0
RETAIL_04275,iPad Pro,London-RegentSt,2024-08-20,3545.0729108368187,3.0
RETAIL_04277,MacBook Air M3,Sydney-GeorgeSt,2024-09-11,22531.319484136973,6.0
RETAIL_04278,iPhone 15 Pro,Sydney-GeorgeSt,2024-09-15,1195.9637554290537,1.0
RETAIL_04279,AirPods Max,Sydney-GeorgeSt,2024-12-09,13921.83316366105,4.0
RETAIL_04280,MacBook Air M3,Sydney-GeorgeSt,2024-11-29,3698.5754838668654,1.0
RETAIL_04281,iPad Pro,Paris-Opera,2024-08-02,7887.0498059952,2.0
RETAIL_04282,Apple Watch Ultra,Sydney-GeorgeSt,2024-08-11,697.9276384786622,4.0
RETAIL_04283,AirPods Max,NYC-FifthAve,2024-08-16,9621.681086908091,3.0
RETAIL_04284,iPhone 15 Pro,London-RegentSt,2024-09-06,2286.1392839426494,1.0
RETAIL_04287,AirPods Max,NYC-FifthAve,2024-12-06,10307.400849391386,4.0
RETAIL_04288,Apple Watch Ultra,Sydney-GeorgeSt,2024-09-24,1936.9174307396224,2.0
RETAIL_04290,Apple Watch Ultra,Tokyo-Ginza,2024-08-09,6667.485741969081,2.0
RETAIL_04291,iPad Pro,NYC-FifthAve,2024-10-11,8781.804615003643,9.0
RETAIL_04292,Vision Pro,Paris-Opera,2024-08-17,4963.315417184689,8.0
RETAIL_04294,Vision Pro,NYC-FifthAve,2024-09-15,4367.339841673588,5.0
RETAIL_04295,Apple Watch Ultra,Sydney-GeorgeSt,2024-08-10,3368.125833321241,3.0
RETAIL_04297,iPhone 15 Pro,Sydney-GeorgeSt,2024-10-05,1765.4586095813354,6.0
RETAIL_04298,MacBook Air M3,Tokyo-Ginza,2024-07-05,11741.804543958784,8.0
RETAIL_04299,MacBook Air M3,Sydney-GeorgeSt,2024-09-20,858.2344283528964,4.0
RETAIL_04300,Vision Pro,NYC-FifthAve,2024-10-31,6247.410897625758,4.0
RETAIL_04301,iPad Pro,Paris-Opera,2024-10-26,19256.918769498145,8.0
RETAIL_04302,Apple Watch Ultra,Tokyo-Ginza,2024-12-10,5953.443380886162,6.0
RETAIL_04304,Vision Pro,Tokyo-Ginza,2024-12-26,15260.257909143913,4.0
RETAIL_04305,AirPods Max,Paris-Opera,2024-11-01,2054.0254513702016,2.0
RETAIL_04306,MacBook Air M3,Tokyo-Ginza,2024-09-03,4732.245627444284,5.0
RETAIL_04307,AirPods Max,London-RegentSt,2024-07-07,3347.142588179397,1.0
RETAIL_04308,MacBook Air M3,NYC-FifthAve,2024-08-14,5118.111621192852,2.0
RETAIL_04309,Vision Pro,Tokyo-Ginza,2024-12-05,3282.1323872505036,4.0
RETAIL_04310,Vision Pro,Sydney-GeorgeSt,2024-10-18,11808.839390805571,8.0
RETAIL_04311,Vision Pro,NYC-FifthAve,2024-10-14,6902.337999633929,3.0
RETAIL_04313,Apple Watch Ultra,NYC-FifthAve,2024-10-20,738.9953525277094,1.0
RETAIL_04314,Vision Pro,Tokyo-Ginza,2024-12-27,25823.486480578904,8.0
RETAIL_04315,iPad Pro,Sydney-GeorgeSt,2024-12-21,4441.440270777875,3.0
RETAIL_04316,MacBook Air M3,NYC-FifthAve,2024-10-26,13972.643284454793,7.0
RETAIL_04317,Vision Pro,Paris-Opera,2024-08-12,24659.56642683514,8.0
RETAIL_04318,Vision Pro,NYC-FifthAve,2024-11-19,20767.541613278536,7.0
RETAIL_04319,AirPods Max,London-RegentSt,2024-09-01,11990.518523793975,3.0
RETAIL_04320,AirPods Max,NYC-FifthAve,2024-08-20,6658.280872140894,2.0
RETAIL_04321,MacBook Air M3,NYC-FifthAve,2024-07-01,21591.461065116717,7.0
RETAIL_04322,AirPods Max,Sydney-GeorgeSt,2024-07-04,3169.603810891217,5.0
RETAIL_04323,MacBook Air M3,London-RegentSt,2024-11-15,14449.728970297485,5.0
RETAIL_04324,Apple Watch Ultra,Tokyo-Ginza,2024-09-13,1427.5524570367284,2.0
RETAIL_04325,iPad Pro,Tokyo-Ginza,2024-08-23,6405.239519300825,8.0
RETAIL_04326,iPad Pro,NYC-FifthAve,2024-07-29,3720.7978300105333,5.0
RETAIL_04327,AirPods Max,Sydney-GeorgeSt,2024-07-05,2469.9269520650114,1.0
RETAIL_04328,MacBook Air M3,Tokyo-Ginza,2024-07-02,5672.782743780204,3.0
RETAIL_04329,iPhone 15 Pro,London-RegentSt,2024-09-09,16538.389963139,8.0
RETAIL_04330,iPad Pro,NYC-FifthAve,2024-09-28,12648.238717843316,8.0
RETAIL_04331,MacBook Air M3,Paris-Opera,2024-08-27,9492.584533976755,3.0
RETAIL_04332,iPhone 15 Pro,Paris-Opera,2024-12-27,26477.251981313042,9.0
RETAIL_04333,AirPods Max,NYC-FifthAve,2024-08-21,27309.213814279363,7.0
RETAIL_04335,AirPods Max,NYC-FifthAve,2024-07-17,3996.160355361423,1.0
RETAIL_04336,AirPods Max,NYC-FifthAve,2024-12-02,16159.245247520174,7.0
RETAIL_04338,AirPods Max,Tokyo-Ginza,2024-08-05,12412.117880108075,8.0
RETAIL_04339,iPhone 15 Pro,Sydney-GeorgeSt,2024-08-23,18558.150591989866,5.0
RETAIL_04340,MacBook Air M3,Sydney-GeorgeSt,2024-07-29,12867.997304640015,9.0
RETAIL_04341,MacBook Air M3,Tokyo-Ginza,2024-07-01,11456.87754339233,5.0
RETAIL_04342,Vision Pro,London-RegentSt,2024-09-14,13585.119159956432,9.0
RETAIL_04343,iPhone 15 Pro,Tokyo-Ginza,2024-11-04,904.5216993449535,3.0
RETAIL_04344,Apple Watch Ultra,London-RegentSt,2024-10-15,2202.6924577604104,1.0
RETAIL_04345,MacBook Air M3,Sydney-GeorgeSt,2024-11-23,14324.514492094604,8.0
RETAIL_04348,MacBook Air M3,NYC-FifthAve,2024-07-13,22644.29755233731,8.0
RETAIL_04349,Apple Watch Ultra,Sydney-GeorgeSt,2024-10-12,342.99915532309683,5.0
RETAIL_04350,Vision Pro,London-RegentSt,2024-12-16,31942.80540448812,8.0
RETAIL_04351,MacBook Air M3,Tokyo-Ginza,2024-12-27,23102.153153662024,8.0
RETAIL_04352,iPad Pro,Tokyo-Ginza,2024-09-06,2009.6563541695807,8.0
RETAIL_04353,AirPods Max,Sydney-GeorgeSt,2024-09-14,14364.140903631394,7.0
RETAIL_04354,MacBook Air M3,London-RegentSt,2024-12-12,11544.13071759707,9.0
RETAIL_04355,MacBook Air M3,Sydney-GeorgeSt,2024-11-15,1329.8155091631395,1.0
RETAIL_04357,Vision Pro,Paris-Opera,2024-12-11,2428.87732201164,1.0
RETAIL_04358,Apple Watch Ultra,NYC-FifthAve,2024-12-05,24022.62068324167,8.0
RETAIL_04359,AirPods Max,Sydney-GeorgeSt,2024-10-16,3478.47163959861,1.0
RETAIL_04360,iPad Pro,Paris-Opera,2024-07-20,8724.905563968976,8.0
RETAIL_04361,Vision Pro,Sydney-GeorgeSt,2024-10-14,4832.68074149451,4.0
RETAIL_04362,iPhone 15 Pro,NYC-FifthAve,2024-10-11,12330.218200244506,9.0
RETAIL_04363,MacBook Air M3,Paris-Opera,2024-08-17,35914.08082688066,9.0
RETAIL_04364,MacBook Air M3,Tokyo-Ginza,2024-12-19,2197.559277416369,8.0
RETAIL_04365,iPad Pro,Paris-Opera,2024-11-18,3812.171387853149,1.0
RETAIL_04368,iPhone 15 Pro,Tokyo-Ginza,2024-10-26,1203.9882098704934,3.0
RETAIL_04369,iPad Pro,London-RegentSt,2024-08-10,4115.529316524604,4.0
RETAIL_04371,AirPods Max,Sydney-GeorgeSt,2024-07-02,26994.79342786638,7.0
RETAIL_04373,iPad Pro,Paris-Opera,2024-12-19,10827.961626038606,3.0
RETAIL_04374,MacBook Air M3,Paris-Opera,2024-12-26,8437.932817553266,5.0
RETAIL_04376,iPad Pro,London-RegentSt,2024-10-17,8964.318439148972,3.0
RETAIL_04377,AirPods Max,Sydney-GeorgeSt,2024-09-18,26603.613967059075,9.0
RETAIL_04378,AirPods Max,Tokyo-Ginza,2024-08-30,34676.67290021069,9.0
RETAIL_04379,MacBook Air M3,Sydney-GeorgeSt,2024-12-25,2095.770122700907,1.0
RETAIL_04380,iPhone 15 Pro,Tokyo-Ginza,2024-11-19,20063.65944534204,6.0
RETAIL_04381,iPhone 15 Pro,Tokyo-Ginza,2024-08-05,11961.881061039301,8.0
RETAIL_04382,AirPods Max,Paris-Opera,2024-11-03,23815.632820726794,9.0
RETAIL_04383,AirPods Max,NYC-FifthAve,2024-10-14,13916.624629500355,6.0
RETAIL_04384,iPad Pro,Tokyo-Ginza,2024-12-15,7390.1534871602435,2.0
RETAIL_04385,Vision Pro,NYC-FifthAve,2024-10-26,9076.040356238744,4.0
RETAIL_04386,iPad Pro,Sydney-GeorgeSt,2024-12-15,16386.85649867742,6.0
RETAIL_04387,AirPods Max,NYC-FifthAve,2024-12-15,6255.278090918497,4.0
RETAIL_04389,MacBook Air M3,Tokyo-Ginza,2024-07-23,601.4257947188121,1.0
RETAIL_04390,MacBook Air M3,London-RegentSt,2024-09-03,3272.9393588011594,1.0
RETAIL_04391,Vision Pro,Tokyo-Ginza,2024-12-08,9340.626769025745,5.0
RETAIL_04392,MacBook Air M3,NYC-FifthAve,2024-10-13,657.0722866545912,2.0
RETAIL_04393,AirPods Max,NYC-FifthAve,2024-10-23,15167.679164662946,7.0
RETAIL_04394,Apple Watch Ultra,Paris-Opera,2024-09-01,19555.306532648032,8.0
RETAIL_04396,Apple Watch Ultra,Tokyo-Ginza,2024-08-20,5571.657193899082,2.0
RETAIL_04397,AirPods Max,Paris-Opera,2024-12-10,8199.10337360653,3.0
RETAIL_04398,Apple Watch Ultra,London-RegentSt,2024-11-22,17123.99677178784,7.0
RETAIL_04399,Vision Pro,Paris-Opera,2024-10-24,2963.8174920394104,3.0
RETAIL_04400,Apple Watch Ultra,Tokyo-Ginza,2024-08-30,6505.4202704457,6.0
RETAIL_04401,Vision Pro,Paris-Opera,2024-10-11,3223.6378073672972,3.0
RETAIL_04402,Apple Watch Ultra,Sydney-GeorgeSt,2024-07-25,10087.843882335572,6.0
RETAIL_04403,MacBook Air M3,Sydney-GeorgeSt,2024-07-14,172.91607009172048,2.0
RETAIL_04404,iPhone 15 Pro,NYC-FifthAve,2024-07-22,3876.669176743608,2.0
RETAIL_04405,iPhone 15 Pro,London-RegentSt,2024-08-16,11303.356755929792,9.0
RETAIL_04406,MacBook Air M3,Sydney-GeorgeSt,2024-12-25,24657.28988915027,9.0
RETAIL_04407,Apple Watch Ultra,Paris-Opera,2024-09-06,26189.651316237596,9.0
RETAIL_04408,iPad Pro,NYC-FifthAve,2024-07-02,2625.9126190019806,1.0
RETAIL_04409,iPhone 15 Pro,London-RegentSt,2024-08-17,11575.416652572527,3.0
RETAIL_04410,AirPods Max,London-RegentSt,2024-08-09,16671.379084412787,6.0
RETAIL_04411,MacBook Air M3,London-RegentSt,2024-09-21,16228.084544078709,5.0
RETAIL_04412,Apple Watch Ultra,Sydney-GeorgeSt,2024-07-03,22357.181863222264,7.0
RETAIL_04414,Vision Pro,NYC-FifthAve,2024-12-19,8878.778428426813,3.0
RETAIL_04415,Apple Watch Ultra,London-RegentSt,2024-10-21,8894.01641594872,5.0
RETAIL_04416,iPhone 15 Pro,NYC-FifthAve,2024-10-08,4747.654179063756,3.0
RETAIL_04417,iPhone 15 Pro,London-RegentSt,2024-11-27,12951.593304306158,4.0
RETAIL_04419,iPhone 15 Pro,Paris-Opera,2024-12-15,9082.382942836404,3.0
RETAIL_04420,AirPods Max,Paris-Opera,2024-07-18,27118.572454270525,7.0
RETAIL_04421,AirPods Max,NYC-FifthAve,2024-11-30,4336.919224205161,5.0
RETAIL_04424,iPad Pro,Sydney-GeorgeSt,2024-07-22,15940.136201516456,7.0
RETAIL_04425,iPad Pro,Tokyo-Ginza,2024-07-20,11453.22437157995,7.0
RETAIL_04426,MacBook Air M3,Sydney-GeorgeSt,2024-07-19,19855.03861677548,9.0
RETAIL_04427,iPad Pro,NYC-FifthAve,2024-10-03,5316.93428085588,2.0
RETAIL_04428,Vision Pro,Sydney-GeorgeSt,2024-07-20,667.6331163475515,1.0
RETAIL_04429,iPad Pro,Sydney-GeorgeSt,2024-12-15,9007.892572641354,7.0
RETAIL_04430,iPad Pro,Sydney-GeorgeSt,2024-11-11,2679.446341582345,1.0
RETAIL_04431,AirPods Max,Sydney-GeorgeSt,2024-07-15,17174.09187816941,6.0
RETAIL_04432,MacBook Air M3,London-RegentSt,2024-10-17,1317.510765254283,1.0
RETAIL_04433,Vision Pro,Tokyo-Ginza,2024-07-22,34158.372646092044,9.0
RETAIL_04434,Vision Pro,Paris-Opera,2024-12-12,11506.488661229154,6.0
RETAIL_04435,AirPods Max,Tokyo-Ginza,2024-09-15,8667.997738880475,5.0
RETAIL_04436,Apple Watch Ultra,Paris-Opera,2024-12-01,31094.204025053412,9.0
RETAIL_04437,MacBook Air M3,Paris-Opera,2024-09-10,31075.620638079356,9.0
RETAIL_04438,Apple Watch Ultra,Paris-Opera,2024-07-29,7589.775692269875,2.0
RETAIL_04439,iPhone 15 Pro,Sydney-GeorgeSt,2024-11-07,13209.682942597388,6.0
RETAIL_04440,Vision Pro,Sydney-GeorgeSt,2024-10-25,1555.0382692804242,2.0
RETAIL_04441,MacBook Air M3,NYC-FifthAve,2024-09-02,13274.19136043504,8.0
RETAIL_04444,Apple Watch Ultra,Sydney-GeorgeSt,2024-12-16,15253.27306600222,6.0
RETAIL_04445,iPad Pro,Sydney-GeorgeSt,2024-09-24,25928.718339061514,8.0
RETAIL_04446,Vision Pro,Tokyo-Ginza,2024-08-18,23775.07415730172,6.0
RETAIL_04447,AirPods Max,NYC-FifthAve,2024-08-07,10448.281834368372,3.0
RETAIL_04448,iPad Pro,London-RegentSt,2024-10-09,2140.704706083175,2.0
RETAIL_04449,iPhone 15 Pro,London-RegentSt,2024-08-09,18904.450392505165,7.0
RETAIL_04450,AirPods Max,Sydney-GeorgeSt,2024-11-25,21344.451002159105,9.0
RETAIL_04451,iPad Pro,Paris-Opera,2024-09-24,1779.565992124246,2.0
RETAIL_04453,Vision Pro,Paris-Opera,2024-09-07,9180.822449563057,3.0
RETAIL_04454,AirPods Max,Paris-Opera,2024-07-22,6881.173100667042,2.0
RETAIL_04456,AirPods Max,NYC-FifthAve,2024-12-09,7636.390949987206,2.0
RETAIL_04457,iPad Pro,Paris-Opera,2024-11-10,34261.03660401114,9.0
RETAIL_04458,MacBook Air M3,Paris-Opera,2024-07-09,662.249378737871,1.0
RETAIL_04459,Vision Pro,Paris-Opera,2024-11-22,1539.9686575331168,1.0
RETAIL_04460,AirPods Max,NYC-FifthAve,2024-07-07,951.503898012875,9.0
RETAIL_04462,Apple Watch Ultra,Sydney-GeorgeSt,2024-11-01,1351.090377646857,1.0
RETAIL_04463,Apple Watch Ultra,Paris-Opera,2024-08-14,6453.739294177666,2.0
RETAIL_04464,MacBook Air M3,Paris-Opera,2024-07-30,7844.37647055486,3.0
RETAIL_04465,iPad Pro,Sydney-GeorgeSt,2024-11-06,11539.883145848866,4.0
RETAIL_04466,MacBook Air M3,Sydney-GeorgeSt,2024-12-15,9931.255332020652,5.0
RETAIL_04467,AirPods Max,London-RegentSt,2024-11-20,5959.924811130158,2.0
RETAIL_04468,iPad Pro,Sydney-GeorgeSt,2024-08-20,295.7314160102832,1.0
RETAIL_04470,iPad Pro,NYC-FifthAve,2024-11-27,23119.81708097759,8.0
RETAIL_04471,iPad Pro,Tokyo-Ginza,2024-11-30,1675.024402320902,1.0
RETAIL_04472,AirPods Max,Sydney-GeorgeSt,2024-09-24,15355.891754582377,4.0
RETAIL_04473,iPad Pro,NYC-FifthAve,2024-09-17,986.0939711613812,1.0
RETAIL_04474,iPad Pro,Tokyo-Ginza,2024-10-02,3156.2740402841778,1.0
RETAIL_04475,AirPods Max,Paris-Opera,2024-10-10,10219.273576197174,7.0
RETAIL_04476,Apple Watch Ultra,Tokyo-Ginza,2024-09-24,19063.0328902711,5.0
RETAIL_04477,AirPods Max,NYC-FifthAve,2024-07-09,25622.968883338945,8.0
RETAIL_04478,AirPods Max,Tokyo-Ginza,2024-11-09,24288.01412006224,8.0
RETAIL_04479,Apple Watch Ultra,Paris-Opera,2024-11-06,10951.340313917603,8.0
RETAIL_04481,MacBook Air M3,NYC-FifthAve,2024-10-21,3840.7727666179394,3.0
RETAIL_04482,Vision Pro,London-RegentSt,2024-12-13,6813.0117628476855,4.0
RETAIL_04483,MacBook Air M3,Tokyo-Ginza,2024-11-09,1947.9957778662,1.0
RETAIL_04484,Vision Pro,Paris-Opera,2024-08-06,7100.523419058228,2.0
RETAIL_04485,iPhone 15 Pro,London-RegentSt,2024-12-09,8985.829964410845,6.0
RETAIL_04486,AirPods Max,Sydney-GeorgeSt,2024-08-05,5977.67918859098,2.0
RETAIL_04487,Vision Pro,Sydney-GeorgeSt,2024-08-07,3716.945538666268,7.0
RETAIL_04488,Vision Pro,Sydney-GeorgeSt,2024-07-06,18083.25291322042,8.0
RETAIL_04489,iPhone 15 Pro,Tokyo-Ginza,2024-07-31,831.6441817217046,1.0
RETAIL_04491,AirPods Max,NYC-FifthAve,2024-10-29,18061.52292497581,9.0
RETAIL_04492,iPhone 15 Pro,Tokyo-Ginza,2024-10-20,3338.5326961655255,8.0
RETAIL_04493,iPhone 15 Pro,Tokyo-Ginza,2024-07-25,7609.05911831893,2.0
RETAIL_04494,iPad Pro,Paris-Opera,2024-07-30,12397.953236636786,6.0
RETAIL_04495,MacBook Air M3,Sydney-GeorgeSt,2024-07-14,15387.439039629335,6.0
RETAIL_04496,iPhone 15 Pro,Tokyo-Ginza,2024-10-17,1692.9991396623473,3.0
RETAIL_04497,iPad Pro,Tokyo-Ginza,2024-11-23,7512.1139678943955,3.0
RETAIL_04498,Vision Pro,London-RegentSt,2024-11-04,10168.440734518752,7.0
RETAIL_04499,Vision Pro,Sydney-GeorgeSt,2024-10-16,2848.768823917286,2.0
RETAIL_04500,Apple Watch Ultra,Tokyo-Ginza,2024-09-03,8309.754132497452,4.0
RETAIL_04501,Apple Watch Ultra,Paris-Opera,2024-08-15,615.3999406520232,9.0
RETAIL_04503,AirPods Max,Paris-Opera,2024-10-10,14859.425817233208,8.0
RETAIL_04504,MacBook Air M3,NYC-FifthAve,2024-08-10,16709.931402245355,9.0
RETAIL_04505,iPad Pro,Paris-Opera,2024-10-26,637.3688793064857,9.0
RETAIL_04508,iPad Pro,Paris-Opera,2024-07-04,6543.738861799149,6.0
RETAIL_04509,Vision Pro,Paris-Opera,2024-12-22,21911.984533609804,6.0
RETAIL_04511,AirPods Max,Sydney-GeorgeSt,2024-12-26,6019.669171018644,9.0
RETAIL_04512,Apple Watch Ultra,Tokyo-Ginza,2024-07-28,7944.3453721597825,4.0
RETAIL_04513,Apple Watch Ultra,Tokyo-Ginza,2024-07-27,6488.252996215296,2.0
RETAIL_04514,Vision Pro,Sydney-GeorgeSt,2024-11-28,372.482784593188,1.0
RETAIL_04516,AirPods Max,London-RegentSt,2024-08-26,7604.285261766695,5.0
RETAIL_04517,iPad Pro,Sydney-GeorgeSt,2024-08-28,7343.229434806077,2.0
RETAIL_04518,Apple Watch Ultra,Sydney-GeorgeSt,2024-12-09,8375.273630189937,9.0
RETAIL_04519,MacBook Air M3,Tokyo-Ginza,2024-12-16,11918.737891221557,3.0
RETAIL_04520,Apple Watch Ultra,London-RegentSt,2024-11-23,1696.6807685933927,6.0
RETAIL_04521,Apple Watch Ultra,London-RegentSt,2024-11-07,17.11818250802878,2.0
RETAIL_04522,Vision Pro,Paris-Opera,2024-10-26,1983.6214676617324,1.0
RETAIL_04523,MacBook Air M3,Paris-Opera,2024-10-19,1621.7378993322068,7.0
RETAIL_04525,Apple Watch Ultra,NYC-FifthAve,2024-07-16,12428.372787429771,6.0
RETAIL_04527,MacBook Air M3,NYC-FifthAve,2024-12-24,3454.364624035641,1.0
RETAIL_04528,iPad Pro,Sydney-GeorgeSt,2024-11-06,5537.641330608531,3.0
RETAIL_04529,iPhone 15 Pro,London-RegentSt,2024-09-19,1941.1623125512256,3.0
RETAIL_04530,Vision Pro,Sydney-GeorgeSt,2024-12-18,3545.174142629164,1.0
RETAIL_04531,MacBook Air M3,Sydney-GeorgeSt,2024-11-09,2372.2294502797404,3.0
RETAIL_04532,AirPods Max,Paris-Opera,2024-09-06,31920.39366003387,8.0
RETAIL_04534,AirPods Max,Paris-Opera,2024-09-03,720.0367195666656,1.0
RETAIL_04535,AirPods Max,London-RegentSt,2024-11-13,9088.711075760248,4.0
RETAIL_04536,iPad Pro,Paris-Opera,2024-07-20,29852.222926545634,8.0
RETAIL_04537,Vision Pro,London-RegentSt,2024-12-13,6.466075515302407,1.0
RETAIL_04538,iPad Pro,Paris-Opera,2024-11-07,316.51041704358704,1.0
RETAIL_04539,iPad Pro,Paris-Opera,2024-08-15,3137.62396318598,5.0
RETAIL_04540,MacBook Air M3,London-RegentSt,2024-09-29,19690.751039213665,8.0
RETAIL_04541,AirPods Max,Paris-Opera,2024-11-25,3283.1289908057797,1.0
RETAIL_04542,AirPods Max,Sydney-GeorgeSt,2024-09-28,9041.52173821894,5.0
RETAIL_04544,iPhone 15 Pro,Tokyo-Ginza,2024-10-31,17282.253592138924,5.0
RETAIL_04545,Vision Pro,London-RegentSt,2024-12-08,30332.034294445555,8.0
RETAIL_04547,iPhone 15 Pro,Sydney-GeorgeSt,2024-10-19,9484.011945475682,3.0
RETAIL_04548,AirPods Max,Sydney-GeorgeSt,2024-11-14,25761.784799911267,9.0
RETAIL_04549,MacBook Air M3,Tokyo-Ginza,2024-10-01,6872.5169861770655,9.0
RETAIL_04550,Apple Watch Ultra,Tokyo-Ginza,2024-09-02,11127.625974912557,6.0
RETAIL_04551,iPad Pro,Paris-Opera,2024-10-09,3815.189597599968,6.0
RETAIL_04554,AirPods Max,Paris-Opera,2024-12-08,13271.83152045385,6.0
RETAIL_04555,iPhone 15 Pro,NYC-FifthAve,2024-11-19,10640.166809749824,4.0
RETAIL_04556,MacBook Air M3,Paris-Opera,2024-07-02,2761.229272033456,3.0
RETAIL_04557,iPad Pro,Sydney-GeorgeSt,2024-12-21,22444.738501581603,6.0
RETAIL_04560,Vision Pro,Tokyo-Ginza,2024-09-17,3750.7316651021856,2.0
RETAIL_04561,Vision Pro,NYC-FifthAve,2024-07-30,15502.338217664694,9.0
RETAIL_04562,Vision Pro,Tokyo-Ginza,2024-10-13,4022.962634181071,7.0
RETAIL_04563,iPad Pro,London-RegentSt,2024-09-16,4774.37395447112,2.0
RETAIL_04564,AirPods Max,NYC-FifthAve,2024-12-09,4349.80069043073,2.0
RETAIL_04565,Apple Watch Ultra,NYC-FifthAve,2024-12-18,18587.363911499648,5.0
RETAIL_04566,Apple Watch Ultra,Sydney-GeorgeSt,2024-10-20,2215.32809905645,5.0
RETAIL_04567,iPad Pro,Sydney-GeorgeSt,2024-08-20,1546.2067402532214,6.0
RETAIL_04568,Apple Watch Ultra,Paris-Opera,2024-12-18,1290.646759770504,4.0
RETAIL_04569,AirPods Max,Sydney-GeorgeSt,2024-11-28,16016.081940403703,8.0
RETAIL_04570,Apple Watch Ultra,Tokyo-Ginza,2024-07-20,18787.210297205773,7.0
RETAIL_04571,AirPods Max,London-RegentSt,2024-09-23,4121.9251322370865,8.0
RETAIL_04572,iPhone 15 Pro,Paris-Opera,2024-10-28,4334.465007179262,7.0
RETAIL_04573,Vision Pro,NYC-FifthAve,2024-11-02,2315.096284665864,8.0
RETAIL_04574,MacBook Air M3,Sydney-GeorgeSt,2024-09-04,3839.6220901547076,6.0
RETAIL_04575,AirPods Max,NYC-FifthAve,2024-12-24,2914.603818644506,1.0
RETAIL_04576,AirPods Max,NYC-FifthAve,2024-08-10,6601.026251840069,3.0
RETAIL_04577,iPad Pro,NYC-FifthAve,2024-08-07,3110.969618716971,1.0
RETAIL_04578,Apple Watch Ultra,Paris-Opera,2024-09-24,10827.525926334894,5.0
RETAIL_04579,iPad Pro,NYC-FifthAve,2024-08-04,20822.0086198448,8.0
RETAIL_04580,AirPods Max,Sydney-GeorgeSt,2024-08-22,354.48152186560594,1.0
RETAIL_04581,iPad Pro,NYC-FifthAve,2024-12-20,3114.77505370661,5.0
RETAIL_04582,iPhone 15 Pro,Paris-Opera,2024-11-30,19865.323865926985,5.0
RETAIL_04583,iPhone 15 Pro,London-RegentSt,2024-12-07,2657.546667541705,2.0
RETAIL_04585,iPhone 15 Pro,Paris-Opera,2024-10-14,7003.18440698053,2.0
RETAIL_04586,Vision Pro,Tokyo-Ginza,2024-10-18,2247.690207715948,2.0
RETAIL_04587,Vision Pro,Sydney-GeorgeSt,2024-10-17,30497.594230364826,8.0
RETAIL_04588,Vision Pro,London-RegentSt,2024-10-18,7421.283868450633,2.0
RETAIL_04589,MacBook Air M3,London-RegentSt,2024-08-12,5512.143210145661,2.0
RETAIL_04590,Apple Watch Ultra,Paris-Opera,2024-07-21,7505.826655648622,2.0
RETAIL_04591,Apple Watch Ultra,Sydney-GeorgeSt,2024-11-25,9979.133808488275,5.0
RETAIL_04592,iPhone 15 Pro,London-RegentSt,2024-12-13,15279.160544956361,6.0
RETAIL_04596,iPhone 15 Pro,London-RegentSt,2024-12-05,15658.436256087738,5.0
RETAIL_04597,Apple Watch Ultra,London-RegentSt,2024-10-27,993.4745706415506,1.0
RETAIL_04598,Apple Watch Ultra,Sydney-GeorgeSt,2024-07-22,19538.40588757722,6.0
RETAIL_04599,iPhone 15 Pro,Paris-Opera,2024-11-26,3176.116328556188,3.0
RETAIL_04601,MacBook Air M3,Tokyo-Ginza,2024-12-07,4767.6160960679745,2.0
RETAIL_04602,Apple Watch Ultra,London-RegentSt,2024-08-29,603.9750880057238,1.0
RETAIL_04603,AirPods Max,London-RegentSt,2024-10-24,11820.690237701663,6.0
RETAIL_04604,iPhone 15 Pro,Sydney-GeorgeSt,2024-09-24,5838.981272944649,2.0
RETAIL_04605,Apple Watch Ultra,NYC-FifthAve,2024-07-10,480.76861571974314,8.0
RETAIL_04606,AirPods Max,Sydney-GeorgeSt,2024-10-17,4711.173759147912,9.0
RETAIL_04607,Apple Watch Ultra,Sydney-GeorgeSt,2024-10-14,11157.15517448072,5.0
RETAIL_04608,AirPods Max,Sydney-GeorgeSt,2024-11-22,24171.98818095369,8.0
RETAIL_04609,MacBook Air M3,Paris-Opera,2024-08-22,9095.59055250135,3.0
RETAIL_04610,Vision Pro,London-RegentSt,2024-08-24,10428.47401944177,8.0
RETAIL_04611,MacBook Air M3,London-RegentSt,2024-07-05,8223.720327068499,3.0
RETAIL_04612,Apple Watch Ultra,Paris-Opera,2024-12-03,4665.547077806828,2.0
RETAIL_04613,MacBook Air M3,London-RegentSt,2024-12-17,522.1629209807564,7.0
RETAIL_04614,iPad Pro,Sydney-GeorgeSt,2024-08-31,13932.462009749783,5.0
RETAIL_04615,AirPods Max,Tokyo-Ginza,2024-08-30,1198.912890505062,1.0
RETAIL_04617,iPhone 15 Pro,London-RegentSt,2024-09-18,733.8940726594681,1.0
RETAIL_04618,iPad Pro,London-RegentSt,2024-11-18,2159.6226987306504,5.0
RETAIL_04619,MacBook Air M3,NYC-FifthAve,2024-11-20,7049.591035047259,3.0
RETAIL_04621,MacBook Air M3,Tokyo-Ginza,2024-07-13,6326.817289776107,4.0
RETAIL_04622,iPad Pro,Paris-Opera,2024-10-19,7515.5849199367185,7.0
RETAIL_04625,AirPods Max,Sydney-GeorgeSt,2024-12-01,7825.6148796849,3.0
RETAIL_04626,Apple Watch Ultra,London-RegentSt,2024-08-03,1696.6984662183227,3.0
RETAIL_04629,iPhone 15 Pro,Paris-Opera,2024-09-16,33136.28475532219,9.0
RETAIL_04631,iPhone 15 Pro,Sydney-GeorgeSt,2024-12-10,733.4668867181377,3.0
RETAIL_04632,Vision Pro,London-RegentSt,2024-09-14,15485.975709199669,5.0
RETAIL_04633,iPhone 15 Pro,Tokyo-Ginza,2024-11-14,17266.483276962972,6.0
RETAIL_04634,MacBook Air M3,London-RegentSt,2024-07-22,1096.005697134794,1.0
RETAIL_04635,AirPods Max,NYC-FifthAve,2024-11-14,9931.285649833611,4.0
RETAIL_04636,iPhone 15 Pro,Tokyo-Ginza,2024-09-02,6522.358563956238,2.0
RETAIL_04637,AirPods Max,NYC-FifthAve,2024-08-17,2277.1368195381956,3.0
RETAIL_04638,iPhone 15 Pro,Sydney-GeorgeSt,2024-12-05,2768.0818376491957,6.0
RETAIL_04639,iPhone 15 Pro,Sydney-GeorgeSt,2024-11-08,19475.442112251934,6.0
RETAIL_04640,MacBook Air M3,NYC-FifthAve,2024-07-08,2450.28880944688,1.0
RETAIL_04641,iPhone 15 Pro,Tokyo-Ginza,2024-09-15,20389.62471413933,8.0
RETAIL_04642,AirPods Max,Paris-Opera,2024-10-22,1089.8805090764995,5.0
RETAIL_04644,iPad Pro,Paris-Opera,2024-08-10,466.820651634272,1.0
RETAIL_04645,Apple Watch Ultra,Tokyo-Ginza,2024-10-19,13718.6315633384,4.0
RETAIL_04646,iPad Pro,London-RegentSt,2024-11-17,13662.430186891132,6.0
RETAIL_04647,Vision Pro,London-RegentSt,2024-11-09,5301.779754905117,3.0
RETAIL_04648,iPad Pro,London-RegentSt,2024-08-06,12972.377411426693,9.0
RETAIL_04649,AirPods Max,Paris-Opera,2024-09-22,671.4584742865395,4.0
RETAIL_04650,Vision Pro,Tokyo-Ginza,2024-11-06,8559.384092917364,3.0
RETAIL_04651,AirPods Max,Paris-Opera,2024-08-18,4666.195638658351,4.0
RETAIL_04652,iPhone 15 Pro,Paris-Opera,2024-09-14,31390.935522900287,8.0
RETAIL_04654,AirPods Max,Sydney-GeorgeSt,2024-07-03,9194.156463737867,7.0
RETAIL_04655,iPhone 15 Pro,London-RegentSt,2024-09-16,32173.944701458207,9.0
RETAIL_04656,Apple Watch Ultra,Paris-Opera,2024-07-09,8939.72905838383,5.0
RETAIL_04658,iPad Pro,Paris-Opera,2024-08-11,3685.701988102055,1.0
RETAIL_04660,Vision Pro,NYC-FifthAve,2024-11-01,15722.175398812098,7.0
RETAIL_04661,iPhone 15 Pro,London-RegentSt,2024-09-24,3359.2564639185466,8.0
RETAIL_04662,AirPods Max,Sydney-GeorgeSt,2024-09-28,6464.012728351875,3.0
RETAIL_04663,Vision Pro,London-RegentSt,2024-11-19,23993.072901487543,7.0
RETAIL_04664,MacBook Air M3,NYC-FifthAve,2024-10-02,23687.740876400927,6.0
RETAIL_04665,Apple Watch Ultra,Tokyo-Ginza,2024-08-10,6260.036723097992,8.0
RETAIL_04666,iPhone 15 Pro,Paris-Opera,2024-11-29,13263.23818089691,9.0
RETAIL_04667,Vision Pro,London-RegentSt,2024-08-02,10796.841221964913,5.0
RETAIL_04668,AirPods Max,Sydney-GeorgeSt,2024-08-30,9096.31600478164,5.0
RETAIL_04672,Vision Pro,NYC-FifthAve,2024-07-22,4017.18708089932,2.0
RETAIL_04675,Apple Watch Ultra,NYC-FifthAve,2024-12-03,19151.744627742235,7.0
RETAIL_04676,MacBook Air M3,Sydney-GeorgeSt,2024-10-30,1459.7000299235144,1.0
RETAIL_04677,AirPods Max,Paris-Opera,2024-10-01,16011.63659314849,7.0
RETAIL_04678,AirPods Max,Paris-Opera,2024-12-16,13598.808842523644,7.0
RETAIL_04680,AirPods Max,Paris-Opera,2024-11-27,2296.8717756771393,5.0
RETAIL_04681,AirPods Max,NYC-FifthAve,2024-08-07,12564.518925696448,4.0
RETAIL_04682,Vision Pro,London-RegentSt,2024-07-19,5194.694996795619,3.0
RETAIL_04683,Vision Pro,Paris-Opera,2024-09-01,7510.4251262138205,2.0
RETAIL_04684,iPad Pro,Tokyo-Ginza,2024-09-26,11706.09310582529,3.0
RETAIL_04685,Apple Watch Ultra,NYC-FifthAve,2024-10-15,23188.903510957756,8.0
RETAIL_04686,Apple Watch Ultra,Paris-Opera,2024-10-23,17626.514570479347,7.0
RETAIL_04687,Vision Pro,Tokyo-Ginza,2024-11-30,10940.681783619037,6.0
RETAIL_04688,iPhone 15 Pro,Paris-Opera,2024-11-14,4297.335336022588,2.0
RETAIL_04689,Apple Watch Ultra,London-RegentSt,2024-07-28,12474.979149854507,7.0
RETAIL_04690,iPad Pro,London-RegentSt,2024-12-20,23546.3903548371,6.0
RETAIL_04691,MacBook Air M3,London-RegentSt,2024-11-17,22681.004183482084,6.0
RETAIL_04692,iPad Pro,Tokyo-Ginza,2024-08-26,10507.41078160033,6.0
RETAIL_04693,MacBook Air M3,Sydney-GeorgeSt,2024-08-23,14563.29554746217,9.0
RETAIL_04694,Vision Pro,Tokyo-Ginza,2024-09-21,7849.991548814034,7.0
RETAIL_04695,iPad Pro,Tokyo-Ginza,2024-08-03,22712.21538647803,6.0
RETAIL_04696,iPhone 15 Pro,NYC-FifthAve,2024-11-08,7923.979347115326,4.0
RETAIL_04697,MacBook Air M3,Paris-Opera,2024-12-08,4087.9539594410717,3.0
RETAIL_04698,iPad Pro,Tokyo-Ginza,2024-12-10,14227.40694180473,6.0
RETAIL_04699,MacBook Air M3,Tokyo-Ginza,2024-09-06,879.1284208893009,4.0
RETAIL_04700,iPhone 15 Pro,Tokyo-Ginza,2024-08-16,1275.463770181915,1.0
RETAIL_04701,MacBook Air M3,Tokyo-Ginza,2024-12-03,7771.811207873498,3.0
RETAIL_04702,AirPods Max,NYC-FifthAve,2024-08-27,8978.608085267348,4.0
RETAIL_04703,Apple Watch Ultra,London-RegentSt,2024-09-14,6122.54139930606,3.0
RETAIL_04704,AirPods Max,NYC-FifthAve,2024-09-14,1585.2394724127262,1.0
RETAIL_04705,AirPods Max,Paris-Opera,2024-11-13,6892.608578520983,6.0
RETAIL_04706,AirPods Max,London-RegentSt,2024-10-19,5365.563203269068,4.0
RETAIL_04707,AirPods Max,NYC-FifthAve,2024-08-10,2394.5680294647395,2.0
RETAIL_04708,Vision Pro,London-RegentSt,2024-10-12,3569.6299987826606,5.0
RETAIL_04709,Vision Pro,Paris-Opera,2024-12-04,6949.869863405089,2.0
RETAIL_04711,iPad Pro,NYC-FifthAve,2024-08-24,4633.760229310217,7.0
RETAIL_04712,Apple Watch Ultra,Sydney-GeorgeSt,2024-11-30,5966.731214130319,8.0
RETAIL_04714,Apple Watch Ultra,London-RegentSt,2024-10-29,287.85169075619183,9.0
RETAIL_04715,iPad Pro,London-RegentSt,2024-11-17,9945.127156298622,6.0
RETAIL_04716,iPhone 15 Pro,Paris-Opera,2024-11-26,18144.838650997182,5.0
RETAIL_04717,iPhone 15 Pro,London-RegentSt,2024-08-20,11538.259436317085,7.0
RETAIL_04718,iPhone 15 Pro,Sydney-GeorgeSt,2024-07-19,6060.651797047678,5.0
RETAIL_04719,AirPods Max,Paris-Opera,2024-11-11,725.0917071154315,2.0
RETAIL_04720,iPad Pro,Tokyo-Ginza,2024-11-08,16258.411004467744,8.0
RETAIL_04721,iPhone 15 Pro,Tokyo-Ginza,2024-08-21,11272.615268598092,5.0
RETAIL_04722,Vision Pro,London-RegentSt,2024-09-24,10451.783279130656,8.0
RETAIL_04723,iPad Pro,London-RegentSt,2024-08-22,8810.72363021842,5.0
RETAIL_04724,MacBook Air M3,London-RegentSt,2024-07-12,4228.604152812937,3.0
RETAIL_04725,iPhone 15 Pro,Sydney-GeorgeSt,2024-07-08,4996.636680211866,5.0
RETAIL_04726,MacBook Air M3,London-RegentSt,2024-11-22,3793.500727727703,2.0
RETAIL_04727,iPad Pro,Sydney-GeorgeSt,2024-10-24,5788.412286000286,7.0
RETAIL_04728,iPad Pro,Paris-Opera,2024-07-19,77.29225388483759,3.0
RETAIL_04729,AirPods Max,NYC-FifthAve,2024-09-28,278.26830394470267,2.0
RETAIL_04730,iPad Pro,London-RegentSt,2024-09-26,7046.057265472171,8.0
RETAIL_04731,AirPods Max,Paris-Opera,2024-08-24,10248.602164646232,3.0
RETAIL_04732,iPad Pro,Sydney-GeorgeSt,2024-07-08,120.68549622922046,6.0
RETAIL_04736,iPad Pro,Sydney-GeorgeSt,2024-10-14,8529.945167963237,5.0
RETAIL_04737,MacBook Air M3,Paris-Opera,2024-09-30,6775.122039006478,2.0
RETAIL_04738,iPhone 15 Pro,NYC-FifthAve,2024-10-09,2725.2541360170517,9.0
RETAIL_04739,AirPods Max,Tokyo-Ginza,2024-10-13,23155.52868770955,7.0
RETAIL_04741,iPad Pro,London-RegentSt,2024-07-10,17716.792169975306,5.0
RETAIL_04742,MacBook Air M3,London-RegentSt,2024-10-18,10364.607914586564,4.0
RETAIL_04743,iPhone 15 Pro,Tokyo-Ginza,2024-09-13,2864.020192843942,4.0
RETAIL_04744,Vision Pro,London-RegentSt,2024-09-05,6341.340006531998,3.0
RETAIL_04746,AirPods Max,Tokyo-Ginza,2024-12-16,5285.96985395359,6.0
RETAIL_04747,AirPods Max,NYC-FifthAve,2024-10-30,13851.57505115708,5.0
RETAIL_04748,Vision Pro,Paris-Opera,2024-08-07,19679.839465547426,7.0
RETAIL_04750,iPad Pro,Sydney-GeorgeSt,2024-11-29,8411.001650756563,5.0
RETAIL_04751,MacBook Air M3,Tokyo-Ginza,2024-10-10,51.45669868674213,2.0
RETAIL_04752,Vision Pro,Tokyo-Ginza,2024-08-02,3436.4081168256134,5.0
RETAIL_04756,AirPods Max,Tokyo-Ginza,2024-08-21,1069.9832201448269,1.0
RETAIL_04757,iPad Pro,NYC-FifthAve,2024-10-12,4308.8933537780995,4.0
RETAIL_04758,Apple Watch Ultra,London-RegentSt,2024-08-02,15887.04920867088,4.0
RETAIL_04759,Apple Watch Ultra,Paris-Opera,2024-07-27,18214.535791516144,5.0
RETAIL_04760,iPhone 15 Pro,London-RegentSt,2024-10-08,1029.447992586944,2.0
RETAIL_04762,Apple Watch Ultra,Sydney-GeorgeSt,2024-10-07,15890.365393087384,7.0
RETAIL_04763,MacBook Air M3,Paris-Opera,2024-09-28,7882.123744417854,4.0
RETAIL_04764,Vision Pro,London-RegentSt,2024-12-08,792.1782817772452,2.0
RETAIL_04765,AirPods Max,NYC-FifthAve,2024-09-26,6253.3938108337,5.0
RETAIL_04766,MacBook Air M3,Paris-Opera,2024-10-15,17795.578833115178,6.0
RETAIL_04767,Vision Pro,NYC-FifthAve,2024-09-24,7455.593786995968,8.0
RETAIL_04768,AirPods Max,Paris-Opera,2024-08-20,2090.6773845616603,1.0
RETAIL_04769,Vision Pro,NYC-FifthAve,2024-07-14,8170.300932721538,5.0
RETAIL_04770,iPad Pro,London-RegentSt,2024-11-13,44.86312124375832,1.0
RETAIL_04771,MacBook Air M3,Tokyo-Ginza,2024-07-11,7161.6967489299295,9.0
RETAIL_04772,Vision Pro,Tokyo-Ginza,2024-07-30,13016.981735418743,7.0
RETAIL_04774,iPhone 15 Pro,Paris-Opera,2024-09-22,4463.883367883063,9.0
RETAIL_04776,Apple Watch Ultra,Tokyo-Ginza,2024-09-28,4889.458557325938,2.0
RETAIL_04777,iPhone 15 Pro,Paris-Opera,2024-08-23,5090.701176070255,6.0
RETAIL_04778,iPad Pro,Paris-Opera,2024-09-17,2873.730737758552,3.0
RETAIL_04780,AirPods Max,Tokyo-Ginza,2024-07-19,25935.812753167633,8.0
RETAIL_04781,AirPods Max,Sydney-GeorgeSt,2024-09-18,9635.64383103641,7.0
RETAIL_04784,MacBook Air M3,Sydney-GeorgeSt,2024-08-22,1305.0302591391974,4.0
RETAIL_04785,Vision Pro,Sydney-GeorgeSt,2024-08-02,25451.184934965786,9.0
RETAIL_04786,iPad Pro,NYC-FifthAve,2024-09-21,9642.995459988215,5.0
RETAIL_04787,iPhone 15 Pro,Tokyo-Ginza,2024-08-10,16144.903076292758,8.0
RETAIL_04788,Apple Watch Ultra,Tokyo-Ginza,2024-12-10,390.2372726835047,1.0
RETAIL_04789,Apple Watch Ultra,Paris-Opera,2024-08-25,19.75488601126824,1.0
RETAIL_04790,Vision Pro,NYC-FifthAve,2024-11-12,9596.960932735241,3.0
RETAIL_04791,iPhone 15 Pro,NYC-FifthAve,2024-08-04,7175.488337665545,4.0
RETAIL_04792,iPad Pro,NYC-FifthAve,2024-09-02,35740.419191379755,9.0
RETAIL_04793,AirPods Max,NYC-FifthAve,2024-09-02,14034.26507272902,4.0
RETAIL_04794,Vision Pro,Paris-Opera,2024-07-05,27564.30355020023,9.0
RETAIL_04796,Apple Watch Ultra,NYC-FifthAve,2024-12-20,14852.370994267236,8.0
RETAIL_04797,Apple Watch Ultra,Sydney-GeorgeSt,2024-11-05,31242.037120755573,9.0
RETAIL_04798,iPhone 15 Pro,Tokyo-Ginza,2024-09-12,3116.242472448598,3.0
RETAIL_04799,iPhone 15 Pro,London-RegentSt,2024-11-04,3497.9220400301624,1.0
RETAIL_04800,Vision Pro,Paris-Opera,2024-10-16,2824.3483222748137,9.0
RETAIL_04802,iPhone 15 Pro,Paris-Opera,2024-07-12,24074.25565676901,9.0
RETAIL_04803,iPad Pro,NYC-FifthAve,2024-09-12,5575.675472961809,2.0
RETAIL_04804,iPhone 15 Pro,Sydney-GeorgeSt,2024-07-17,2887.1686501553377,1.0
RETAIL_04805,MacBook Air M3,Sydney-GeorgeSt,2024-10-29,34630.453507293685,9.0
RETAIL_04806,Apple Watch Ultra,London-RegentSt,2024-08-20,13242.68050929805,8.0
RETAIL_04807,iPhone 15 Pro,NYC-FifthAve,2024-10-27,2524.4538912546363,1.0
RETAIL_04809,Vision Pro,Paris-Opera,2024-08-10,5874.714970468344,3.0
RETAIL_04810,Vision Pro,Paris-Opera,2024-07-02,1299.6604653379727,2.0
RETAIL_04811,MacBook Air M3,NYC-FifthAve,2024-07-18,13225.544286019158,8.0
RETAIL_04812,iPad Pro,Tokyo-Ginza,2024-11-16,5357.462482384508,5.0
RETAIL_04813,MacBook Air M3,Tokyo-Ginza,2024-08-26,3037.228416737411,1.0
RETAIL_04814,Vision Pro,Paris-Opera,2024-12-15,11043.042722348935,8.0
RETAIL_04815,Apple Watch Ultra,Paris-Opera,2024-10-03,4927.866702708748,2.0
RETAIL_04816,AirPods Max,London-RegentSt,2024-09-25,1833.656278138384,1.0
RETAIL_04817,iPhone 15 Pro,Tokyo-Ginza,2024-12-15,163.22666206488654,6.0
RETAIL_04818,Apple Watch Ultra,Sydney-GeorgeSt,2024-09-22,9616.208927327472,4.0
RETAIL_04819,AirPods Max,NYC-FifthAve,2024-12-26,8723.180723780268,4.0
RETAIL_04820,iPhone 15 Pro,NYC-FifthAve,2024-07-05,11399.271872302706,6.0
RETAIL_04821,Apple Watch Ultra,Tokyo-Ginza,2024-07-28,11374.924443653505,6.0
RETAIL_04822,AirPods Max,Tokyo-Ginza,2024-07-18,816.2176406357776,8.0
RETAIL_04823,iPad Pro,NYC-FifthAve,2024-08-12,23063.813068003215,9.0
RETAIL_04824,iPhone 15 Pro,Tokyo-Ginza,2024-07-03,7714.904982811529,3.0
RETAIL_04825,Apple Watch Ultra,London-RegentSt,2024-09-12,15871.086552572384,4.0
RETAIL_04826,Apple Watch Ultra,London-RegentSt,2024-12-09,8122.447191393553,6.0
RETAIL_04828,iPad Pro,Sydney-GeorgeSt,2024-08-07,16776.719335009708,5.0
RETAIL_04829,iPhone 15 Pro,Sydney-GeorgeSt,2024-11-18,20959.818636923985,6.0
RETAIL_04830,iPad Pro,London-RegentSt,2024-10-06,19674.947219190537,7.0
RETAIL_04831,iPhone 15 Pro,Tokyo-Ginza,2024-11-18,5116.193685347221,3.0
RETAIL_04832,MacBook Air M3,Sydney-GeorgeSt,2024-12-03,6909.383710037912,7.0
RETAIL_04833,Vision Pro,NYC-FifthAve,2024-09-25,1677.826491628562,1.0
RETAIL_04834,iPhone 15 Pro,London-RegentSt,2024-12-19,23222.21708091448,7.0
RETAIL_04835,Vision Pro,Tokyo-Ginza,2024-09-12,4211.986668797187,2.0
RETAIL_04837,iPhone 15 Pro,NYC-FifthAve,2024-12-09,3018.066993214457,3.0
RETAIL_04838,Apple Watch Ultra,Tokyo-Ginza,2024-07-29,5876.778398816218,7.0
RETAIL_04839,iPad Pro,London-RegentSt,2024-10-09,1121.017587807805,1.0
RETAIL_04840,iPad Pro,London-RegentSt,2024-11-07,16470.984198194958,7.0
RETAIL_04841,Apple Watch Ultra,Tokyo-Ginza,2024-10-28,194.73155602413,1.0
RETAIL_04842,iPad Pro,London-RegentSt,2024-07-07,2925.579242819684,1.0
RETAIL_04843,MacBook Air M3,Sydney-GeorgeSt,2024-07-19,22746.885498829808,8.0
RETAIL_04845,iPhone 15 Pro,NYC-FifthAve,2024-12-04,3697.422051308756,1.0
RETAIL_04846,AirPods Max,London-RegentSt,2024-07-15,34730.62033296047,9.0
RETAIL_04847,iPad Pro,Tokyo-Ginza,2024-09-17,8081.250137557874,4.0
RETAIL_04848,iPad Pro,Sydney-GeorgeSt,2024-07-14,11251.833880837852,3.0
RETAIL_04849,Apple Watch Ultra,NYC-FifthAve,2024-07-12,6133.973662874127,9.0
RETAIL_04850,iPhone 15 Pro,Sydney-GeorgeSt,2024-12-10,2719.4846322452854,3.0
RETAIL_04851,MacBook Air M3,Tokyo-Ginza,2024-09-05,18483.970402328785,5.0
RETAIL_04852,iPhone 15 Pro,London-RegentSt,2024-10-03,18562.121139460167,9.0
RETAIL_04853,Apple Watch Ultra,Paris-Opera,2024-11-09,27940.385426925102,7.0
RETAIL_04854,Vision Pro,Sydney-GeorgeSt,2024-07-26,7797.426704252302,2.0
RETAIL_04855,MacBook Air M3,Sydney-GeorgeSt,2024-08-29,11423.98279048472,4.0
RETAIL_04856,Apple Watch Ultra,NYC-FifthAve,2024-07-30,197.71099961412256,4.0
RETAIL_04857,Apple Watch Ultra,Paris-Opera,2024-11-14,3276.076512039319,9.0
RETAIL_04858,iPad Pro,Sydney-GeorgeSt,2024-07-16,1237.8966030022493,5.0
RETAIL_04859,AirPods Max,Paris-Opera,2024-08-29,2024.2114453117895,3.0
RETAIL_04860,iPad Pro,Sydney-GeorgeSt,2024-07-22,2738.711470497412,1.0
RETAIL_04861,MacBook Air M3,Tokyo-Ginza,2024-07-05,11833.75263723707,8.0
RETAIL_04862,iPad Pro,Paris-Opera,2024-09-09,9495.379327959483,9.0
RETAIL_04863,Apple Watch Ultra,London-RegentSt,2024-12-20,8272.81750830912,8.0
RETAIL_04864,iPhone 15 Pro,Sydney-GeorgeSt,2024-11-26,21989.953471126846,6.0
RETAIL_04865,AirPods Max,London-RegentSt,2024-09-21,28458.899101667692,9.0
RETAIL_04866,Apple Watch Ultra,London-RegentSt,2024-10-30,10330.948106922502,9.0
RETAIL_04868,iPad Pro,Paris-Opera,2024-07-25,6710.747578011316,3.0
RETAIL_04869,iPhone 15 Pro,Sydney-GeorgeSt,2024-11-23,1351.0773846999073,2.0
RETAIL_04870,iPhone 15 Pro,Paris-Opera,2024-09-20,19931.21563031295,6.0
RETAIL_04871,iPhone 15 Pro,NYC-FifthAve,2024-09-21,8967.196757001097,4.0
RETAIL_04873,iPhone 15 Pro,Paris-Opera,2024-07-27,7367.866727031327,9.0
RETAIL_04874,AirPods Max,NYC-FifthAve,2024-11-24,2991.9207216949167,2.0
RETAIL_04875,iPhone 15 Pro,Sydney-GeorgeSt,2024-08-11,21756.17981432412,7.0
RETAIL_04877,Vision Pro,NYC-FifthAve,2024-10-15,650.2712634538045,5.0
RETAIL_04878,Vision Pro,Paris-Opera,2024-12-23,5742.733768443026,6.0
RETAIL_04879,MacBook Air M3,Tokyo-Ginza,2024-11-25,3888.4449725921504,5.0
RETAIL_04880,Apple Watch Ultra,Sydney-GeorgeSt,2024-08-14,7919.312877948247,3.0
RETAIL_04881,iPad Pro,NYC-FifthAve,2024-12-08,28078.02996212473,9.0
RETAIL_04882,iPhone 15 Pro,Sydney-GeorgeSt,2024-07-27,7671.1961911665,2.0
RETAIL_04883,iPhone 15 Pro,NYC-FifthAve,2024-11-29,4870.576972117706,4.0
RETAIL_04884,Apple Watch Ultra,Sydney-GeorgeSt,2024-07-22,10235.045856617828,3.0
RETAIL_04885,Vision Pro,Paris-Opera,2024-10-17,3773.0650898926306,4.0
RETAIL_04886,iPad Pro,NYC-FifthAve,2024-12-07,4522.785487560701,3.0
RETAIL_04887,AirPods Max,NYC-FifthAve,2024-12-27,33851.56401497977,9.0
RETAIL_04890,MacBook Air M3,NYC-FifthAve,2024-12-13,13411.654793334525,5.0
RETAIL_04891,iPhone 15 Pro,NYC-FifthAve,2024-08-31,2213.7257463547758,3.0
RETAIL_04892,iPad Pro,Tokyo-Ginza,2024-08-20,7102.290504886994,4.0
RETAIL_04893,iPad Pro,Tokyo-Ginza,2024-07-08,19335.62087560572,8.0
RETAIL_04894,Apple Watch Ultra,NYC-FifthAve,2024-09-10,4053.9679236426127,7.0
RETAIL_04895,iPhone 15 Pro,London-RegentSt,2024-07-05,6459.133044924407,6.0
RETAIL_04896,MacBook Air M3,Paris-Opera,2024-12-22,5325.5359020706255,3.0
RETAIL_04897,iPhone 15 Pro,NYC-FifthAve,2024-12-22,3017.8024050153035,4.0
RETAIL_04898,Vision Pro,London-RegentSt,2024-11-15,17316.949229972935,5.0
RETAIL_04900,Vision Pro,London-RegentSt,2024-08-03,24954.018231928378,7.0
RETAIL_04902,iPhone 15 Pro,Paris-Opera,2024-11-05,21040.07865523231,7.0
RETAIL_04903,AirPods Max,NYC-FifthAve,2024-12-16,6479.323065510319,7.0
RETAIL_04904,Vision Pro,Paris-Opera,2024-11-26,13764.506862479648,7.0
RETAIL_04905,iPad Pro,Sydney-GeorgeSt,2024-11-12,3307.894885786767,2.0
RETAIL_04906,Vision Pro,London-RegentSt,2024-09-29,18165.5637248245,6.0
RETAIL_04907,iPhone 15 Pro,NYC-FifthAve,2024-12-16,27753.537551905956,7.0
RETAIL_04908,MacBook Air M3,London-RegentSt,2024-10-26,999.4458389898047,7.0
RETAIL_04909,Apple Watch Ultra,Tokyo-Ginza,2024-10-06,8.705600743373338,1.0
RETAIL_04910,iPad Pro,NYC-FifthAve,2024-12-07,6851.085344878844,4.0
RETAIL_04911,AirPods Max,London-RegentSt,2024-12-02,22709.32333950267,9.0
RETAIL_04912,Vision Pro,Sydney-GeorgeSt,2024-08-03,4068.267820567248,2.0
RETAIL_04913,iPhone 15 Pro,Tokyo-Ginza,2024-11-24,2482.986749273949,1.0
RETAIL_04914,iPhone 15 Pro,Tokyo-Ginza,2024-10-05,35485.114411123555,9.0
RETAIL_04915,Vision Pro,Paris-Opera,2024-08-02,2034.0815387286943,2.0
RETAIL_04916,iPad Pro,London-RegentSt,2024-12-21,2965.885942221903,1.0
RETAIL_04917,iPhone 15 Pro,Tokyo-Ginza,2024-09-13,23294.294085948426,9.0
RETAIL_04918,MacBook Air M3,Sydney-GeorgeSt,2024-11-30,741.5485647082508,6.0
RETAIL_04919,MacBook Air M3,London-RegentSt,2024-10-31,13773.093481567492,6.0
RETAIL_04920,iPhone 15 Pro,London-RegentSt,2024-09-23,1324.3774248072532,4.0
RETAIL_04922,Vision Pro,NYC-FifthAve,2024-11-13,5594.403618237818,4.0
RETAIL_04923,Vision Pro,NYC-FifthAve,2024-11-30,8591.931983957335,4.0
RETAIL_04924,iPad Pro,Tokyo-Ginza,2024-11-12,9562.812515440375,8.0
RETAIL_04925,AirPods Max,Tokyo-Ginza,2024-08-03,18947.042877131622,6.0
RETAIL_04927,Vision Pro,London-RegentSt,2024-12-09,9206.792396521349,3.0
RETAIL_04928,Vision Pro,Sydney-GeorgeSt,2024-09-21,13999.792812365067,8.0
RETAIL_04929,MacBook Air M3,Tokyo-Ginza,2024-10-01,16006.092749573352,8.0
RETAIL_04930,AirPods Max,Paris-Opera,2024-12-13,9771.76678361274,6.0
RETAIL_04933,AirPods Max,Sydney-GeorgeSt,2024-11-18,7920.937651626072,2.0
RETAIL_04934,Vision Pro,London-RegentSt,2024-12-04,1580.4977062991777,7.0
RETAIL_04935,Apple Watch Ultra,Paris-Opera,2024-07-28,2752.1382263561977,2.0
RETAIL_04936,AirPods Max,NYC-FifthAve,2024-11-25,3508.880952913471,5.0
RETAIL_04937,AirPods Max,Paris-Opera,2024-07-17,8413.178101570778,4.0
RETAIL_04938,Vision Pro,Paris-Opera,2024-10-28,15163.1354426338,4.0
RETAIL_04940,Apple Watch Ultra,Tokyo-Ginza,2024-07-05,9113.319106485895,8.0
RETAIL_04941,MacBook Air M3,Tokyo-Ginza,2024-08-26,12756.547518941345,5.0
RETAIL_04942,AirPods Max,Sydney-GeorgeSt,2024-12-13,15192.889231300316,8.0
RETAIL_04943,Apple Watch Ultra,Sydney-GeorgeSt,2024-12-02,9624.331499773863,5.0
RETAIL_04944,Apple Watch Ultra,Tokyo-Ginza,2024-10-22,2571.524794037074,9.0
RETAIL_04948,Apple Watch Ultra,NYC-FifthAve,2024-08-20,27180.299481075188,8.0
RETAIL_04949,MacBook Air M3,NYC-FifthAve,2024-09-17,7702.189374342024,2.0
RETAIL_04950,iPad Pro,NYC-FifthAve,2024-12-01,572.1568156654018,2.0
RETAIL_04951,Apple Watch Ultra,Paris-Opera,2024-10-15,21144.771972106915,6.0
RETAIL_04952,Vision Pro,Sydney-GeorgeSt,2024-10-09,775.1539193715453,7.0
RETAIL_04953,MacBook Air M3,Sydney-GeorgeSt,2024-09-13,4842.072884760999,3.0
RETAIL_04954,iPhone 15 Pro,Sydney-GeorgeSt,2024-07-06,2446.0423807725047,1.0
RETAIL_04955,iPad Pro,London-RegentSt,2024-10-09,3097.0147583450307,1.0
RETAIL_04957,iPad Pro,Sydney-GeorgeSt,2024-12-21,13099.173437450205,5.0
RETAIL_04958,Vision Pro,London-RegentSt,2024-07-23,2946.563516515661,3.0
RETAIL_04959,Vision Pro,NYC-FifthAve,2024-07-14,16669.22469370189,7.0
RETAIL_04960,iPad Pro,Paris-Opera,2024-07-31,3391.1902977761347,1.0
RETAIL_04961,Vision Pro,Paris-Opera,2024-09-22,18005.19565176435,6.0
RETAIL_04962,AirPods Max,London-RegentSt,2024-10-16,5244.753480774324,3.0
RETAIL_04963,iPad Pro,Tokyo-Ginza,2024-10-25,17558.419865739073,6.0
RETAIL_04964,iPad Pro,Sydney-GeorgeSt,2024-11-26,422.55335891795744,1.0
RETAIL_04965,MacBook Air M3,Tokyo-Ginza,2024-10-21,3167.203375594362,1.0
RETAIL_04966,iPad Pro,London-RegentSt,2024-09-29,4800.948403746263,9.0
RETAIL_04967,Vision Pro,London-RegentSt,2024-08-29,8616.9623160021,4.0
RETAIL_04968,AirPods Max,Sydney-GeorgeSt,2024-07-07,18648.24258379638,5.0
RETAIL_04969,iPhone 15 Pro,Tokyo-Ginza,2024-09-16,7552.389359615618,7.0
RETAIL_04970,AirPods Max,Tokyo-Ginza,2024-07-13,3401.0928748815422,1.0
RETAIL_04971,iPhone 15 Pro,London-RegentSt,2024-08-03,15102.176628931596,4.0
RETAIL_04972,MacBook Air M3,NYC-FifthAve,2024-08-22,20904.136779355973,7.0
RETAIL_04974,AirPods Max,Tokyo-Ginza,2024-10-19,27821.84184829164,7.0
RETAIL_04975,Vision Pro,Sydney-GeorgeSt,2024-11-16,3184.7683739071963,1.0
RETAIL_04976,AirPods Max,Paris-Opera,2024-07-07,2106.2324548120578,4.0
RETAIL_04977,AirPods Max,NYC-FifthAve,2024-07-01,7382.57424193959,9.0
RETAIL_04978,iPad Pro,Sydney-GeorgeSt,2024-12-11,3264.4591828787934,9.0
RETAIL_04979,Vision Pro,Tokyo-Ginza,2024-11-24,1188.2052132402878,7.0
RETAIL_04980,iPad Pro,London-RegentSt,2024-10-03,7959.976246031521,3.0
RETAIL_04983,iPad Pro,Tokyo-Ginza,2024-10-25,2465.807777876323,9.0
RETAIL_04984,iPad Pro,Paris-Opera,2024-07-18,13982.396454700898,6.0
RETAIL_04985,AirPods Max,NYC-FifthAve,2024-11-22,3307.8169788789182,1.0
RETAIL_04986,AirPods Max,NYC-FifthAve,2024-09-12,10377.248205040381,5.0
RETAIL_04987,iPhone 15 Pro,Paris-Opera,2024-10-10,17750.008711539995,7.0
RETAIL_04988,AirPods Max,Sydney-GeorgeSt,2024-07-16,11176.908305105619,3.0
RETAIL_04989,Vision Pro,NYC-FifthAve,2024-11-13,2875.922707242932,2.0
RETAIL_04990,iPad Pro,London-RegentSt,2024-08-07,4223.814642665466,2.0
RETAIL_04991,Vision Pro,London-RegentSt,2024-12-14,3672.493572275942,1.0
RETAIL_04992,AirPods Max,Sydney-GeorgeSt,2024-08-13,6485.468439049704,3.0
RETAIL_04993,iPhone 15 Pro,Sydney-GeorgeSt,2024-12-18,28479.283634005376,8.0
RETAIL_04994,AirPods Max,London-RegentSt,2024-07-17,17624.86155710413,8.0
RETAIL_04995,iPad Pro,Tokyo-Ginza,2024-07-25,18601.82293892854,9.0
RETAIL_04996,iPhone 15 Pro,Sydney-GeorgeSt,2024-09-16,3320.9050157962056,9.0
RETAIL_04997,Apple Watch Ultra,Tokyo-Ginza,2024-09-24,17468.644321037817,5.0
RETAIL_04998,iPhone 15 Pro,Paris-Opera,2024-07-20,14348.787198906368,7.0
RETAIL_04999,AirPods Max,Tokyo-Ginza,2024-07-03,27917.0400055365,9.0
