POS_ID,SALE_DATE,BRANCH,SKU,VOLUME,PRICE
POS_00000,2024-11-03,Berlin-West,Landing-Gear,2.0,381.3429479470808
POS_00001,2024-10-27,Tokyo-Central,4K-Camera,2.0,850.3971784301737
POS_00002,2024-08-01,Tokyo-Central,Signal-Booster,8.0,1142.4169662422062
POS_00003,2024-12-05,NYC-East,Lithium-Cell,6.0,2753.054517305263
POS_00004,2024-08-22,Paris-South,Lithium-Cell,,1761.5308215571067
POS_00005,2024-10-05,Paris-South,Controller-Pro,7.0,1399.6301069505923
POS_00006,2024-09-04,Paris-South,4K-Camera,8.0,1243.9830753716326
POS_00007,2024-11-04,Paris-South,Lithium-Cell,3.0,545.0650590122373
POS_00008,2024-12-12,London-HQ,Controller-Pro,5.0,2425.9057906888675
POS_00009,2024-08-05,NYC-East,Signal-Booster,2.0,2264.1211367984984
POS_00010,2024-10-06,London-HQ,Signal-Booster,1.0,755.9529685176315
POS_00011,2024-09-25,NYC-East,Controller-Pro,7.0,386.71456009000485
POS_00012,2024-12-25,Berlin-West,4K-Camera,3.0,1989.1343946396696
POS_00013,2024-07-18,Berlin-West,Controller-Pro,6.0,554.1088957884815
POS_00014,2024-11-07,London-HQ,Lithium-Cell,8.0,2972.883236241869
POS_00015,2024-10-27,NYC-East,Signal-Booster,6.0,2545.8481122149215
POS_00016,2024-07-09,NYC-East,Signal-Booster,3.0,2206.9868841583743
POS_00017,2024-10-19,NYC-East,Controller-Pro,6.0,2603.93318625003
POS_00018,2024-09-13,NYC-East,Falcon-Drone,5.0,588.7731052141532
POS_00019,2024-12-14,Paris-South,Controller-Pro,1.0,2726.7811600515784
POS_00020,2024-09-07,NYC-East,Lithium-Cell,4.0,824.600425057937
POS_00021,2024-07-04,Paris-South,Landing-Gear,2.0,365.54866539431464
POS_00022,2024-10-17,London-HQ,Controller-Pro,8.0,1205.8400976880857
POS_00023,2024-12-27,Berlin-West,Lithium-Cell,4.0,2893.980673210958
POS_00024,2024-07-27,NYC-East,Lithium-Cell,6.0,2491.407069373958
POS_00025,2024-08-31,London-HQ,4K-Camera,2.0,2730.097465075132
POS_00026,2024-12-05,London-HQ,Falcon-Drone,2.0,676.1457351590269
POS_00027,2024-11-04,Berlin-West,Landing-Gear,5.0,-9.605602199774808
POS_00028,2024-11-06,London-HQ,Controller-Pro,4.0,-93.75508334464199
POS_00029,2024-09-09,Paris-South,4K-Camera,1.0,1471.8247347140477
POS_00030,2024-11-11,Paris-South,4K-Camera,5.0,2184.448205922668
POS_00031,2024-07-26,Paris-South,Lithium-Cell,7.0,755.9397379252625
POS_00032,2024-12-20,Paris-South,Lithium-Cell,9.0,-25.092098623653158
POS_00033,2024-07-09,Berlin-West,Controller-Pro,2.0,2546.573157149948
POS_00034,2024-07-31,Berlin-West,Controller-Pro,9.0,283.63899082164255
POS_00035,2024-11-18,Berlin-West,Signal-Booster,2.0,494.1540571797542
POS_00036,2024-10-06,London-HQ,Lithium-Cell,7.0,406.8074061170433
POS_00037,2024-10-05,London-HQ,Signal-Booster,9.0,1970.3789731201673
POS_00038,2024-07-29,Berlin-West,4K-Camera,7.0,2385.0751893855772
POS_00039,2024-10-14,London-HQ,4K-Camera,5.0,1305.2503622518711
POS_00040,2024-07-16,Tokyo-Central,Falcon-Drone,1.0,1060.0293378071337
POS_00041,2024-10-01,Tokyo-Central,4K-Camera,4.0,1113.667562531173
POS_00042,2024-11-10,Tokyo-Central,Falcon-Drone,5.0,2801.1620225699608
POS_00043,2024-07-16,NYC-East,Falcon-Drone,9.0,1655.8738236956838
POS_00044,2024-12-23,Tokyo-Central,Signal-Booster,8.0,360.8544968392973
POS_00045,2024-08-08,Tokyo-Central,Signal-Booster,8.0,1326.1878870620462
POS_00046,2024-09-12,Berlin-West,4K-Camera,7.0,1579.600897617072
POS_00047,2024-12-09,Berlin-West,Controller-Pro,8.0,2589.0851481024015
POS_00048,2024-09-11,Paris-South,Lithium-Cell,9.0,2988.5955942038822
POS_00049,2024-09-02,Paris-South,4K-Camera,2.0,740.448458877563
POS_00050,2024-09-22,Berlin-West,Signal-Booster,4.0,1371.1697413762647
POS_00051,2024-12-09,London-HQ,Falcon-Drone,7.0,95.33263238973944
POS_00052,2024-12-27,Tokyo-Central,Falcon-Drone,1.0,2840.086764625459
POS_00053,2024-10-18,London-HQ,4K-Camera,9.0,2499.1683169058
POS_00054,2024-12-22,NYC-East,Landing-Gear,9.0,1287.6514121748385
POS_00055,2024-07-02,London-HQ,Falcon-Drone,6.0,1511.5396299048493
POS_00056,2024-08-08,Paris-South,4K-Camera,4.0,2989.3373537887655
POS_00057,2024-10-10,Paris-South,4K-Camera,8.0,2038.3451669558804
POS_00058,2024-07-23,Paris-South,Falcon-Drone,3.0,1705.948792912414
POS_00059,2024-08-18,NYC-East,Landing-Gear,2.0,2529.360497649721
POS_00060,2024-07-04,Berlin-West,Controller-Pro,2.0,435.1710651283447
POS_00061,2024-08-18,Paris-South,Landing-Gear,6.0,716.8386459181394
POS_00062,2024-10-27,Berlin-West,Lithium-Cell,6.0,416.1640202003168
POS_00063,2024-10-19,London-HQ,Landing-Gear,,2929.248278446346
POS_00064,2024-11-24,NYC-East,Signal-Booster,2.0,2613.8237024932882
POS_00065,2024-10-16,Berlin-West,Controller-Pro,8.0,1204.958224875751
POS_00066,2024-10-21,Tokyo-Central,Signal-Booster,7.0,2470.766530255627
POS_00067,2024-12-06,Berlin-West,Lithium-Cell,3.0,2297.86289568916
POS_00068,2024-09-30,Berlin-West,Signal-Booster,7.0,2707.7457983318573
POS_00069,2024-12-02,NYC-East,Landing-Gear,6.0,203.6587948469849
POS_00070,2024-07-10,London-HQ,4K-Camera,3.0,766.1612781250867
POS_00071,2024-08-13,Berlin-West,Falcon-Drone,2.0,1225.2589950609631
POS_00072,2024-10-11,NYC-East,Falcon-Drone,9.0,1571.5010324885727
POS_00073,2024-11-23,Paris-South,Landing-Gear,9.0,1871.9002043181285
POS_00074,2024-09-13,London-HQ,Falcon-Drone,2.0,1667.5347804422413
POS_00075,2024-07-31,Berlin-West,Landing-Gear,2.0,15.893336660011116
POS_00076,2024-07-03,Berlin-West,4K-Camera,6.0,40.90779475042953
POS_00077,2024-07-03,NYC-East,Signal-Booster,8.0,535.1304618015274
POS_00078,2024-12-16,Paris-South,4K-Camera,2.0,2879.2290195781006
POS_00079,2024-11-29,Paris-South,Controller-Pro,4.0,1475.625756740628
POS_00080,2024-12-12,NYC-East,4K-Camera,1.0,2948.7001663689357
POS_00081,2024-11-23,Paris-South,4K-Camera,7.0,2979.486886734983
POS_00082,2024-12-02,NYC-East,Falcon-Drone,2.0,2892.2130184608827
POS_00083,2024-11-10,London-HQ,4K-Camera,2.0,1269.8144429968188
POS_00084,2024-11-19,Tokyo-Central,Landing-Gear,4.0,-33.552303704276184
POS_00085,2024-08-11,London-HQ,Landing-Gear,9.0,1460.6793514341523
POS_00086,2024-10-11,Paris-South,4K-Camera,1.0,1377.247434402054
POS_00087,2024-07-03,Tokyo-Central,Signal-Booster,6.0,2287.0108898964363
POS_00088,2024-11-19,NYC-East,Landing-Gear,3.0,2039.2644971389796
POS_00089,2024-10-02,Berlin-West,Falcon-Drone,,2711.6883411910176
POS_00090,2024-10-03,London-HQ,Falcon-Drone,5.0,2412.6672245229593
POS_00091,2024-08-10,NYC-East,Falcon-Drone,9.0,1974.4633555829382
POS_00092,2024-08-23,Paris-South,Falcon-Drone,5.0,1584.3782458917394
POS_00093,2024-09-09,Berlin-West,Controller-Pro,9.0,2600.6121351197044
POS_00094,2024-09-19,NYC-East,Lithium-Cell,5.0,1063.4444287489882
POS_00095,2024-12-06,London-HQ,Controller-Pro,2.0,19.389552456647365
POS_00096,2024-09-05,Tokyo-Central,4K-Camera,5.0,2871.890461240194
POS_00097,2024-10-26,NYC-East,Falcon-Drone,4.0,2746.346426557719
POS_00098,2024-11-10,Berlin-West,Lithium-Cell,,293.48082518362867
POS_00099,2024-11-12,Tokyo-Central,4K-Camera,6.0,2194.664320111619
POS_00100,2024-10-02,Paris-South,4K-Camera,5.0,2067.931298074653
POS_00101,2024-07-29,NYC-East,Lithium-Cell,9.0,2293.9011872933306
POS_00102,2024-09-27,NYC-East,Falcon-Drone,7.0,2388.740262273813
POS_00103,2024-09-27,London-HQ,Signal-Booster,4.0,1034.8806147214889
POS_00104,2024-11-26,NYC-East,4K-Camera,7.0,1415.9168847300134
POS_00105,2024-08-30,NYC-East,Controller-Pro,3.0,47.140736468772104
POS_00106,2024-11-18,NYC-East,Lithium-Cell,5.0,2794.838484383994
POS_00107,2024-08-07,Paris-South,Controller-Pro,3.0,1890.4288430172498
POS_00108,2024-07-15,Paris-South,Controller-Pro,1.0,2635.1508889338834
POS_00109,2024-12-16,Berlin-West,Falcon-Drone,5.0,774.4181948081272
POS_00110,2024-12-26,NYC-East,Falcon-Drone,6.0,1543.6427895914712
POS_00111,2024-12-23,NYC-East,Landing-Gear,2.0,1158.1743703701377
POS_00112,2024-09-26,Paris-South,Signal-Booster,6.0,2402.0935178356012
POS_00113,2024-08-14,NYC-East,4K-Camera,2.0,365.12247590467
POS_00114,2024-10-15,Berlin-West,Lithium-Cell,9.0,2503.293219099007
POS_00115,2024-12-27,Tokyo-Central,Falcon-Drone,5.0,1412.9788181780943
POS_00116,2024-07-28,NYC-East,Controller-Pro,3.0,10.75319142710056
POS_00117,2024-08-27,London-HQ,Falcon-Drone,,-56.66045101608967
POS_00118,2024-10-11,Berlin-West,Landing-Gear,3.0,1573.3726817431823
POS_00119,2024-12-26,Paris-South,Controller-Pro,5.0,309.909318134844
POS_00120,2024-07-03,NYC-East,Falcon-Drone,4.0,1974.7925888393283
POS_00121,2024-08-06,Berlin-West,Lithium-Cell,5.0,958.8550093686731
POS_00122,2024-11-18,Berlin-West,Landing-Gear,2.0,1936.6030923189073
POS_00123,2024-09-21,NYC-East,Signal-Booster,9.0,1708.2235512092318
POS_00124,2024-09-01,NYC-East,Signal-Booster,4.0,2468.6378445361775
POS_00125,2024-07-03,Tokyo-Central,Signal-Booster,3.0,2390.9534234466655
POS_00126,2024-12-26,NYC-East,4K-Camera,4.0,2059.0525610258674
POS_00127,2024-07-28,Tokyo-Central,Signal-Booster,,2348.8976897751645
POS_00128,2024-12-17,Berlin-West,Controller-Pro,1.0,755.2604977564607
POS_00129,2024-07-02,Tokyo-Central,Falcon-Drone,6.0,2163.9111741192582
POS_00130,2024-11-01,NYC-East,Controller-Pro,1.0,10.756003423277363
POS_00131,2024-07-19,Berlin-West,Landing-Gear,1.0,1851.5064323088534
POS_00132,2024-12-22,Paris-South,Falcon-Drone,2.0,776.8551450077697
POS_00133,2024-11-06,Berlin-West,Signal-Booster,2.0,1749.4919755351007
POS_00134,2024-11-11,NYC-East,Falcon-Drone,7.0,675.7642358332032
POS_00135,2024-11-10,NYC-East,Falcon-Drone,5.0,1688.5476109570607
POS_00136,2024-10-19,Tokyo-Central,Controller-Pro,,2486.4100107808445
POS_00137,2024-12-03,Tokyo-Central,Lithium-Cell,7.0,124.3308409316056
POS_00138,2024-07-31,NYC-East,4K-Camera,,2853.434304253934
POS_00139,2024-12-21,Tokyo-Central,Landing-Gear,7.0,1095.7568351972272
POS_00140,2024-09-19,Paris-South,Falcon-Drone,4.0,2510.335944848533
POS_00141,2024-07-30,Berlin-West,Signal-Booster,1.0,1500.2840846212978
POS_00142,2024-12-12,Berlin-West,4K-Camera,9.0,2881.1592590468167
POS_00143,2024-10-15,NYC-East,Lithium-Cell,4.0,701.3924063881054
POS_00144,2024-07-27,NYC-East,4K-Camera,5.0,675.8764168565317
POS_00145,2024-10-15,Paris-South,Controller-Pro,7.0,1013.0254026855703
POS_00146,2024-07-06,NYC-East,Signal-Booster,5.0,1907.2990162586611
POS_00147,2024-12-15,Paris-South,Controller-Pro,2.0,884.917962983312
POS_00148,2024-11-24,NYC-East,Landing-Gear,3.0,188.676376815073
POS_00149,2024-09-22,Berlin-West,Signal-Booster,5.0,1694.5559208652273
POS_00150,2024-11-18,Paris-South,Landing-Gear,8.0,2327.481064171844
POS_00151,2024-11-03,Berlin-West,Signal-Booster,7.0,1138.9856810972378
POS_00152,2024-09-13,Berlin-West,Signal-Booster,6.0,-11.865532507676235
POS_00153,2024-09-21,Berlin-West,4K-Camera,1.0,2929.460488004719
POS_00154,2024-11-26,NYC-East,Landing-Gear,7.0,2630.89457284401
POS_00155,2024-09-10,Berlin-West,Lithium-Cell,6.0,1058.004406466835
POS_00156,2024-08-17,London-HQ,Lithium-Cell,9.0,1440.7537458007853
POS_00157,2024-11-10,London-HQ,Falcon-Drone,1.0,1774.0708714710277
POS_00158,2024-09-21,London-HQ,Lithium-Cell,5.0,1838.9492821823815
POS_00159,2024-07-28,NYC-East,Lithium-Cell,,2947.1837653231996
POS_00160,2024-09-29,Berlin-West,Lithium-Cell,8.0,1103.1530894330874
POS_00161,2024-08-16,Tokyo-Central,Landing-Gear,7.0,2673.3620596349306
POS_00162,2024-07-13,London-HQ,Landing-Gear,2.0,1604.2842111631696
POS_00163,2024-11-23,NYC-East,Falcon-Drone,5.0,2907.821236519052
POS_00164,2024-12-27,London-HQ,Signal-Booster,7.0,2315.1438598833656
POS_00165,2024-09-16,Paris-South,Signal-Booster,8.0,360.44169321584917
POS_00166,2024-07-08,Berlin-West,4K-Camera,7.0,2556.217482728849
POS_00167,2024-09-08,Berlin-West,Controller-Pro,8.0,1507.4251962166256
POS_00168,2024-09-22,Tokyo-Central,4K-Camera,4.0,114.029959451227
POS_00169,2024-09-19,Tokyo-Central,Falcon-Drone,8.0,1496.2502655868118
POS_00170,2024-11-20,Berlin-West,Signal-Booster,8.0,1844.724732653166
POS_00171,2024-07-14,Tokyo-Central,Signal-Booster,9.0,597.0434701752422
POS_00172,2024-10-29,Tokyo-Central,Controller-Pro,8.0,2719.460319876412
POS_00173,2024-07-12,Paris-South,Falcon-Drone,3.0,1269.5101155108107
POS_00174,2024-12-04,Tokyo-Central,Signal-Booster,6.0,1377.496194046557
POS_00175,2024-08-03,London-HQ,Controller-Pro,2.0,1793.6296727413082
POS_00176,2024-08-12,Paris-South,Lithium-Cell,8.0,966.5142482231201
POS_00177,2024-08-06,Berlin-West,4K-Camera,2.0,982.8801764214165
POS_00178,2024-11-08,Tokyo-Central,Signal-Booster,9.0,722.8866712124919
POS_00179,2024-09-23,London-HQ,4K-Camera,7.0,2349.314630318583
POS_00180,2024-11-26,London-HQ,Controller-Pro,1.0,38.87584995112638
POS_00181,2024-11-08,Berlin-West,Controller-Pro,8.0,2345.342648026899
POS_00182,2024-11-27,London-HQ,Controller-Pro,4.0,2363.5393017485294
POS_00183,2024-12-04,Tokyo-Central,Signal-Booster,8.0,2140.956590568543
POS_00184,2024-11-01,London-HQ,Controller-Pro,7.0,1471.093015489166
POS_00185,2024-12-22,NYC-East,Controller-Pro,7.0,57.13108952043831
POS_00186,2024-11-20,Paris-South,Landing-Gear,8.0,653.6814568514004
POS_00187,2024-10-10,Berlin-West,Signal-Booster,4.0,1731.4390209671733
POS_00188,2024-10-07,Berlin-West,Lithium-Cell,9.0,133.24882593607535
POS_00189,2024-10-03,Berlin-West,Signal-Booster,2.0,2420.962731091919
POS_00190,2024-07-08,London-HQ,Signal-Booster,8.0,1718.2757390771599
POS_00191,2024-12-06,Paris-South,Falcon-Drone,7.0,1495.1982178153107
POS_00192,2024-07-10,NYC-East,4K-Camera,5.0,2801.541306440564
POS_00193,2024-11-20,London-HQ,Landing-Gear,2.0,1727.6226887818536
POS_00194,2024-08-01,Berlin-West,Signal-Booster,7.0,1391.9911945097097
POS_00195,2024-09-23,NYC-East,Signal-Booster,9.0,1818.4973963133577
POS_00196,2024-07-25,London-HQ,Lithium-Cell,1.0,834.9107683959727
POS_00197,2024-11-25,Paris-South,4K-Camera,2.0,1238.4360623953846
POS_00198,2024-11-27,Paris-South,Falcon-Drone,1.0,1526.5950648861697
POS_00199,2024-08-02,Tokyo-Central,4K-Camera,8.0,2339.008256591988
POS_00200,2024-12-17,Tokyo-Central,Controller-Pro,3.0,637.84859148754
POS_00201,2024-08-07,Berlin-West,4K-Camera,6.0,207.1094497760056
POS_00202,2024-08-30,Paris-South,Controller-Pro,5.0,1213.145382337726
POS_00203,2024-09-17,NYC-East,Lithium-Cell,9.0,2649.0606870547413
POS_00204,2024-07-03,NYC-East,Falcon-Drone,3.0,90.33084070432108
POS_00205,2024-09-04,Paris-South,Controller-Pro,2.0,172.22758458723337
POS_00206,2024-12-03,NYC-East,Landing-Gear,4.0,1552.1432524360666
POS_00207,2024-07-19,Tokyo-Central,Signal-Booster,2.0,19.040985010783658
POS_00208,2024-09-06,Paris-South,Falcon-Drone,2.0,2688.2305441942085
POS_00209,2024-10-04,London-HQ,Lithium-Cell,4.0,879.8543940329484
POS_00210,2024-08-30,Paris-South,Landing-Gear,6.0,443.8584562924218
POS_00211,2024-10-13,Paris-South,Falcon-Drone,1.0,734.6001990226351
POS_00212,2024-10-29,Berlin-West,4K-Camera,7.0,1886.7894247862298
POS_00213,2024-12-07,Paris-South,Falcon-Drone,8.0,611.2509018590222
POS_00214,2024-07-15,Berlin-West,Landing-Gear,2.0,1540.8461420801248
POS_00215,2024-12-06,Berlin-West,Falcon-Drone,2.0,1518.5508597045723
POS_00216,2024-07-15,NYC-East,Signal-Booster,9.0,868.7442477059129
POS_00217,2024-07-04,London-HQ,Signal-Booster,1.0,1340.9984619422803
POS_00218,2024-11-14,Berlin-West,Lithium-Cell,7.0,2083.175533377757
POS_00219,2024-11-28,Tokyo-Central,4K-Camera,2.0,2980.1489396061684
POS_00220,2024-08-28,Berlin-West,Controller-Pro,9.0,855.5809454406663
POS_00221,2024-08-07,Berlin-West,Falcon-Drone,1.0,2206.8704965038733
POS_00222,2024-09-25,London-HQ,Controller-Pro,6.0,2606.1416363279013
POS_00223,2024-10-29,Berlin-West,4K-Camera,5.0,2302.4489804074246
POS_00224,2024-10-30,NYC-East,Landing-Gear,4.0,2220.7757048608314
POS_00225,2024-10-25,Paris-South,4K-Camera,5.0,1076.1210222006002
POS_00226,2024-12-19,Tokyo-Central,Controller-Pro,1.0,2811.632641632549
POS_00227,2024-07-04,Berlin-West,Landing-Gear,7.0,2444.4676723557427
POS_00228,2024-08-14,Paris-South,Falcon-Drone,1.0,259.6593060913061
POS_00229,2024-07-09,Berlin-West,Falcon-Drone,7.0,1099.6272268014154
POS_00230,2024-11-28,Berlin-West,Falcon-Drone,1.0,31.94321882678878
POS_00231,2024-12-09,London-HQ,Signal-Booster,7.0,432.3165301432532
POS_00232,2024-07-30,Paris-South,Lithium-Cell,9.0,1041.9633631946192
POS_00233,2024-09-23,Tokyo-Central,4K-Camera,9.0,-87.98428026582754
POS_00234,2024-09-29,NYC-East,Landing-Gear,5.0,1986.853497119455
POS_00235,2024-08-01,London-HQ,4K-Camera,1.0,2691.2553104874482
POS_00236,2024-09-10,Paris-South,4K-Camera,1.0,2830.865579270379
POS_00237,2024-07-09,NYC-East,Landing-Gear,9.0,2815.5128325705514
POS_00238,2024-12-23,Berlin-West,Landing-Gear,7.0,1422.7232432820763
POS_00239,2024-10-27,Paris-South,Controller-Pro,6.0,1748.7302693507809
POS_00240,2024-08-19,Tokyo-Central,Falcon-Drone,7.0,2437.0973481609776
POS_00241,2024-07-07,Paris-South,Landing-Gear,,2196.030397479338
POS_00242,2024-07-28,Tokyo-Central,Controller-Pro,7.0,2095.2048474942694
POS_00243,2024-07-06,London-HQ,4K-Camera,2.0,2078.5746844502614
POS_00244,2024-11-08,NYC-East,Controller-Pro,1.0,15.891834553215887
POS_00245,2024-08-19,Tokyo-Central,Controller-Pro,8.0,1777.8742311469962
POS_00246,2024-09-13,NYC-East,4K-Camera,1.0,1057.0264895662488
POS_00247,2024-07-10,Paris-South,Falcon-Drone,6.0,1617.2104228939356
POS_00248,2024-12-12,Berlin-West,4K-Camera,5.0,557.9462563452453
POS_00249,2024-10-01,Berlin-West,Lithium-Cell,5.0,1478.659918784335
POS_00250,2024-08-05,Tokyo-Central,Controller-Pro,6.0,960.6284332998275
POS_00251,2024-10-07,Tokyo-Central,Falcon-Drone,6.0,2699.2791771798934
POS_00252,2024-10-11,Tokyo-Central,Controller-Pro,9.0,1974.6925138240708
POS_00253,2024-08-26,NYC-East,Landing-Gear,3.0,2344.3609661065
POS_00254,2024-12-04,Paris-South,4K-Camera,5.0,2341.5006306218556
POS_00255,2024-12-17,Tokyo-Central,Landing-Gear,1.0,121.72024722411246
POS_00256,2024-11-18,Berlin-West,Lithium-Cell,9.0,773.5758006472357
POS_00257,2024-07-10,NYC-East,4K-Camera,2.0,1377.7836184440241
POS_00258,2024-07-09,Berlin-West,Landing-Gear,3.0,1023.6365645988662
POS_00259,2024-08-29,Tokyo-Central,Signal-Booster,7.0,1210.3724336570676
POS_00260,2024-12-02,Paris-South,Controller-Pro,5.0,1945.3186469655516
POS_00261,2024-08-11,Berlin-West,Landing-Gear,7.0,867.7524796163611
POS_00262,2024-11-12,Paris-South,Controller-Pro,5.0,2584.8185042688215
POS_00263,2024-10-06,Berlin-West,Falcon-Drone,2.0,2569.2880453494827
POS_00264,2024-11-21,Tokyo-Central,Controller-Pro,5.0,184.43257658760808
POS_00265,2024-07-24,NYC-East,4K-Camera,4.0,2963.9957212660856
POS_00266,2024-07-21,Tokyo-Central,Signal-Booster,6.0,1559.365572022418
POS_00267,2024-07-28,Berlin-West,Landing-Gear,7.0,795.0745404210863
POS_00268,2024-07-26,London-HQ,Lithium-Cell,3.0,1952.5179226116015
POS_00269,2024-09-13,London-HQ,Falcon-Drone,2.0,927.2523967964955
POS_00270,2024-10-15,Tokyo-Central,Lithium-Cell,3.0,170.2799288678038
POS_00271,2024-09-27,Berlin-West,Controller-Pro,7.0,1224.8026042368913
POS_00272,2024-07-23,Berlin-West,Controller-Pro,,1216.4991317721942
POS_00273,2024-12-13,NYC-East,Controller-Pro,6.0,2947.4131209673733
POS_00274,2024-11-18,London-HQ,Falcon-Drone,8.0,1307.8625059121746
POS_00275,2024-10-17,NYC-East,Lithium-Cell,4.0,2013.13527770565
POS_00276,2024-12-15,Paris-South,Falcon-Drone,6.0,-80.58216031718264
POS_00277,2024-08-06,London-HQ,Controller-Pro,2.0,2585.0092856047077
POS_00278,2024-12-21,Tokyo-Central,4K-Camera,1.0,1800.6244072018699
POS_00279,2024-10-26,Tokyo-Central,Falcon-Drone,4.0,1816.368771767463
POS_00280,2024-08-04,Tokyo-Central,Controller-Pro,,1911.7918103039483
POS_00281,2024-12-09,Berlin-West,4K-Camera,2.0,677.0595772733458
POS_00282,2024-08-29,Tokyo-Central,Signal-Booster,9.0,2743.7813635470384
POS_00283,2024-08-22,Berlin-West,Signal-Booster,1.0,2590.39110088748
POS_00284,2024-07-09,NYC-East,Lithium-Cell,7.0,860.3789255823688
POS_00285,2024-11-28,Berlin-West,4K-Camera,1.0,2779.6659455245617
POS_00286,2024-12-15,NYC-East,Landing-Gear,5.0,1170.236169204525
POS_00287,2024-08-22,Berlin-West,4K-Camera,1.0,2092.1166077860776
POS_00288,2024-10-20,London-HQ,Falcon-Drone,3.0,57.33610072220327
POS_00289,2024-10-16,Berlin-West,Falcon-Drone,7.0,642.0243158807042
POS_00290,2024-07-19,London-HQ,4K-Camera,1.0,2586.3006416981057
POS_00291,2024-10-16,Berlin-West,Landing-Gear,1.0,2739.379010467848
POS_00292,2024-08-12,NYC-East,4K-Camera,1.0,2111.7465078785212
POS_00293,2024-07-20,NYC-East,4K-Camera,,1911.4829302104306
POS_00294,2024-08-08,Berlin-West,Controller-Pro,9.0,1768.1700671725944
POS_00295,2024-07-08,Berlin-West,Lithium-Cell,5.0,522.8832760423211
POS_00296,2024-09-03,London-HQ,Falcon-Drone,5.0,2874.1620605512057
POS_00297,2024-08-12,Paris-South,Landing-Gear,8.0,-93.38146784581144
POS_00298,2024-08-05,Tokyo-Central,Lithium-Cell,9.0,1900.8305289280083
POS_00299,2024-12-12,Tokyo-Central,Falcon-Drone,7.0,1383.0435181279138
POS_00300,2024-07-22,Tokyo-Central,Signal-Booster,2.0,2521.2867809351415
POS_00301,2024-11-05,London-HQ,Falcon-Drone,6.0,-0.4402872305476393
POS_00302,2024-09-21,Tokyo-Central,Signal-Booster,7.0,890.3909672298274
POS_00303,2024-08-29,Tokyo-Central,Controller-Pro,5.0,455.63668762385043
POS_00304,2024-08-06,NYC-East,4K-Camera,1.0,-1.8416430799423864
POS_00305,2024-09-04,Berlin-West,Landing-Gear,4.0,1553.9755928065733
POS_00306,2024-08-11,London-HQ,Falcon-Drone,1.0,1823.4339388894648
POS_00307,2024-11-12,Tokyo-Central,Signal-Booster,,828.0918369774132
POS_00308,2024-11-14,London-HQ,Signal-Booster,4.0,2203.3096110595125
POS_00309,2024-08-12,London-HQ,Controller-Pro,8.0,1599.572519701264
POS_00310,2024-12-01,Tokyo-Central,Falcon-Drone,6.0,2394.7889777582827
POS_00311,2024-09-03,NYC-East,Signal-Booster,1.0,321.57349220266696
POS_00312,2024-10-22,Paris-South,Falcon-Drone,7.0,1387.039243628964
POS_00313,2024-07-19,Berlin-West,Controller-Pro,6.0,689.1477477461965
POS_00314,2024-08-25,Berlin-West,Controller-Pro,4.0,457.0042845674219
POS_00315,2024-07-11,Berlin-West,Lithium-Cell,8.0,1983.3767185129068
POS_00316,2024-11-04,London-HQ,Lithium-Cell,1.0,2288.0084154605797
POS_00317,2024-09-03,Tokyo-Central,Landing-Gear,4.0,2087.8349401017776
POS_00318,2024-11-01,London-HQ,Controller-Pro,1.0,374.51916558795955
POS_00319,2024-10-29,Tokyo-Central,Lithium-Cell,1.0,988.3262299585444
POS_00320,2024-12-10,Tokyo-Central,Controller-Pro,3.0,1871.702494524851
POS_00321,2024-11-19,NYC-East,Falcon-Drone,3.0,2361.730709245626
POS_00322,2024-11-10,Paris-South,Falcon-Drone,1.0,1852.3736451787902
POS_00323,2024-07-12,Tokyo-Central,4K-Camera,4.0,2555.824997991177
POS_00324,2024-12-20,Tokyo-Central,Lithium-Cell,9.0,84.40410022625579
POS_00325,2024-09-19,Berlin-West,Controller-Pro,3.0,-47.033663384037695
POS_00326,2024-10-11,London-HQ,4K-Camera,5.0,1840.0050470276353
POS_00327,2024-09-26,Tokyo-Central,Lithium-Cell,5.0,759.8289270672803
POS_00328,2024-12-23,Paris-South,Controller-Pro,3.0,2755.1119609376233
POS_00329,2024-11-23,London-HQ,4K-Camera,1.0,822.1732480063953
POS_00330,2024-09-24,NYC-East,Landing-Gear,9.0,2395.629986281512
POS_00331,2024-12-25,Tokyo-Central,Controller-Pro,3.0,1457.2581465560131
POS_00332,2024-09-26,Berlin-West,Controller-Pro,7.0,1676.5864509791024
POS_00333,2024-11-08,Berlin-West,Controller-Pro,1.0,2723.8261096870056
POS_00334,2024-11-23,Tokyo-Central,Controller-Pro,2.0,434.43611140751705
POS_00335,2024-08-26,Tokyo-Central,Lithium-Cell,1.0,967.6691197116581
POS_00336,2024-10-17,Tokyo-Central,4K-Camera,7.0,1456.1419546780357
POS_00337,2024-10-16,Berlin-West,Signal-Booster,4.0,2938.458685364473
POS_00338,2024-07-21,Tokyo-Central,Falcon-Drone,3.0,2614.40691975603
POS_00339,2024-07-25,NYC-East,Lithium-Cell,7.0,1610.8128262901726
POS_00340,2024-07-16,Paris-South,Lithium-Cell,1.0,291.88355001343473
POS_00341,2024-08-27,Berlin-West,4K-Camera,,53.77196409613188
POS_00342,2024-07-01,NYC-East,4K-Camera,,1575.3694418281705
POS_00343,2024-10-29,Tokyo-Central,Signal-Booster,7.0,2154.0198350884502
POS_00344,2024-10-09,Paris-South,Landing-Gear,4.0,994.0109458443967
POS_00345,2024-07-03,NYC-East,Signal-Booster,7.0,263.33613931251807
POS_00346,2024-10-25,Tokyo-Central,Signal-Booster,7.0,1197.1572073983816
POS_00347,2024-07-23,Paris-South,Lithium-Cell,7.0,101.0932850898883
POS_00348,2024-08-03,Paris-South,Signal-Booster,2.0,1500.079356150388
POS_00349,2024-09-13,Tokyo-Central,Controller-Pro,2.0,2286.000116936784
POS_00350,2024-11-19,Tokyo-Central,Controller-Pro,5.0,820.9688881723778
POS_00351,2024-07-21,Tokyo-Central,Controller-Pro,5.0,575.5521857822214
POS_00352,2024-11-07,London-HQ,4K-Camera,4.0,22.832435954444406
POS_00353,2024-10-23,Tokyo-Central,Controller-Pro,6.0,674.8958856915149
POS_00354,2024-10-21,Berlin-West,Landing-Gear,1.0,176.01751821660764
POS_00355,2024-10-11,Paris-South,Landing-Gear,8.0,2226.251804375637
POS_00356,2024-07-06,Paris-South,Lithium-Cell,5.0,220.32829421854387
POS_00357,2024-11-03,Paris-South,Falcon-Drone,8.0,2969.050359353303
POS_00358,2024-10-11,Tokyo-Central,Signal-Booster,8.0,1486.01295394418
POS_00359,2024-08-23,NYC-East,Lithium-Cell,6.0,2966.143825754213
POS_00360,2024-09-13,London-HQ,Lithium-Cell,7.0,2437.6873614483106
POS_00361,2024-08-11,London-HQ,4K-Camera,2.0,1589.1539757384146
POS_00362,2024-08-11,NYC-East,Landing-Gear,2.0,2875.1957598671365
POS_00363,2024-07-23,Paris-South,4K-Camera,5.0,1391.7557147790153
POS_00364,2024-12-24,Berlin-West,4K-Camera,7.0,92.82175506689163
POS_00365,2024-11-11,Paris-South,Falcon-Drone,1.0,1696.7055612006743
POS_00366,2024-07-18,London-HQ,Signal-Booster,5.0,1917.6434936574228
POS_00367,2024-11-14,NYC-East,Signal-Booster,9.0,99.4069000285391
POS_00368,2024-09-04,NYC-East,Falcon-Drone,3.0,1087.5956394919388
POS_00369,2024-09-09,Berlin-West,Lithium-Cell,9.0,586.2852082351204
POS_00370,2024-07-29,Berlin-West,Controller-Pro,2.0,509.1778272331271
POS_00371,2024-12-22,London-HQ,Signal-Booster,1.0,1228.0300454684104
POS_00372,2024-12-26,London-HQ,Controller-Pro,2.0,1252.6915018865736
POS_00373,2024-11-06,Tokyo-Central,Lithium-Cell,2.0,1511.0255685687082
POS_00374,2024-12-15,Tokyo-Central,Signal-Booster,3.0,1712.0555024670214
POS_00375,2024-08-18,NYC-East,Signal-Booster,1.0,2017.1215395816666
POS_00376,2024-10-03,Paris-South,Signal-Booster,1.0,474.18009608739646
POS_00377,2024-08-27,Berlin-West,Signal-Booster,4.0,1272.937464029881
POS_00378,2024-09-27,Berlin-West,Signal-Booster,4.0,1061.3859171878432
POS_00379,2024-09-27,Tokyo-Central,Landing-Gear,4.0,2262.147749237239
POS_00380,2024-07-08,Tokyo-Central,Signal-Booster,8.0,1178.4612813694123
POS_00381,2024-11-13,Berlin-West,Landing-Gear,8.0,2366.4974053788774
POS_00382,2024-10-11,NYC-East,4K-Camera,1.0,1779.860611560861
POS_00383,2024-10-01,Berlin-West,4K-Camera,4.0,2047.1889306855355
POS_00384,2024-11-07,Berlin-West,Lithium-Cell,2.0,2077.52474130301
POS_00385,2024-12-25,NYC-East,4K-Camera,7.0,1386.5483514998318
POS_00386,2024-07-04,London-HQ,Controller-Pro,,1353.5399774778016
POS_00387,2024-07-27,London-HQ,4K-Camera,1.0,895.3591796792166
POS_00388,2024-10-14,Tokyo-Central,Lithium-Cell,2.0,222.51722516255006
POS_00389,2024-12-17,Tokyo-Central,Landing-Gear,4.0,694.5316485134532
POS_00390,2024-07-18,NYC-East,Signal-Booster,3.0,1934.1495151342397
POS_00391,2024-07-03,London-HQ,Lithium-Cell,5.0,1605.1109894185056
POS_00392,2024-08-27,London-HQ,4K-Camera,1.0,-89.77360940388726
POS_00393,2024-12-11,Tokyo-Central,Landing-Gear,6.0,2588.1334916313826
POS_00394,2024-12-22,NYC-East,Falcon-Drone,4.0,456.8131061083268
POS_00395,2024-11-04,London-HQ,4K-Camera,8.0,2851.954229995768
POS_00396,2024-09-19,Paris-South,Signal-Booster,1.0,2273.827860546176
POS_00397,2024-08-20,Paris-South,4K-Camera,5.0,2480.6268324827397
POS_00398,2024-11-28,London-HQ,Signal-Booster,6.0,1058.2429153276264
POS_00399,2024-09-28,Tokyo-Central,4K-Camera,2.0,16.927479503025893
POS_00400,2024-07-30,Berlin-West,4K-Camera,8.0,2578.367342601683
POS_00401,2024-07-06,NYC-East,Falcon-Drone,1.0,598.7894038532075
POS_00402,2024-08-23,Tokyo-Central,Falcon-Drone,3.0,2968.289683587576
POS_00403,2024-12-15,Tokyo-Central,Signal-Booster,4.0,2798.7072219466513
POS_00404,2024-11-29,Paris-South,Controller-Pro,2.0,2917.6401554577506
POS_00405,2024-10-28,NYC-East,Landing-Gear,,1589.4112030063359
POS_00406,2024-09-25,London-HQ,Landing-Gear,8.0,2217.5801841904517
POS_00407,2024-10-16,Tokyo-Central,Controller-Pro,1.0,1619.8761741974922
POS_00408,2024-10-20,Tokyo-Central,Controller-Pro,9.0,2206.778230755598
POS_00409,2024-11-21,NYC-East,Falcon-Drone,3.0,2442.605671837967
POS_00410,2024-09-24,NYC-East,Falcon-Drone,2.0,1428.2035029527924
POS_00411,2024-12-05,London-HQ,Falcon-Drone,2.0,369.3149361292584
POS_00412,2024-09-28,Tokyo-Central,Falcon-Drone,4.0,115.65455465016575
POS_00413,2024-08-30,Paris-South,Landing-Gear,3.0,2564.8421176427473
POS_00414,2024-08-09,London-HQ,Lithium-Cell,6.0,1152.2844811178802
POS_00415,2024-08-23,Paris-South,Lithium-Cell,8.0,2927.311250518594
POS_00416,2024-10-22,London-HQ,4K-Camera,9.0,1433.1535181435447
POS_00417,2024-10-07,Berlin-West,Lithium-Cell,3.0,253.86833571460164
POS_00418,2024-07-17,Berlin-West,Controller-Pro,9.0,2859.303531784829
POS_00419,2024-11-13,NYC-East,Landing-Gear,9.0,401.60159692837715
POS_00420,2024-09-05,Berlin-West,Landing-Gear,9.0,2992.9969241525573
POS_00421,2024-11-29,Berlin-West,Falcon-Drone,7.0,382.8998975085804
POS_00422,2024-07-30,Tokyo-Central,4K-Camera,4.0,1542.7198191549933
POS_00423,2024-10-30,Paris-South,Falcon-Drone,6.0,2351.1307646836526
POS_00424,2024-12-11,Paris-South,Controller-Pro,2.0,2798.7858965308865
POS_00425,2024-11-28,London-HQ,Falcon-Drone,7.0,2032.8863355088088
POS_00426,2024-08-26,Tokyo-Central,Controller-Pro,7.0,1683.6671116877
POS_00427,2024-09-14,Berlin-West,Signal-Booster,7.0,2910.5331268508253
POS_00428,2024-11-09,Tokyo-Central,Falcon-Drone,7.0,1283.2708297983886
POS_00429,2024-12-22,Berlin-West,Signal-Booster,6.0,75.66589764137078
POS_00430,2024-08-06,Paris-South,4K-Camera,4.0,648.2585761613409
POS_00431,2024-09-12,London-HQ,4K-Camera,8.0,1199.4099249186822
POS_00432,2024-12-04,Paris-South,Falcon-Drone,2.0,2262.3332940727087
POS_00433,2024-12-10,Paris-South,Landing-Gear,1.0,1965.3413193209572
POS_00434,2024-11-03,Tokyo-Central,Signal-Booster,5.0,-64.23666771404987
POS_00435,2024-11-07,Tokyo-Central,Falcon-Drone,1.0,1515.777617415473
POS_00436,2024-09-27,London-HQ,Signal-Booster,7.0,2457.131952288556
POS_00437,2024-09-13,Berlin-West,Falcon-Drone,2.0,533.4486284106687
POS_00438,2024-08-02,Berlin-West,Signal-Booster,8.0,485.0621761606408
POS_00439,2024-08-29,London-HQ,4K-Camera,1.0,768.1400324477764
POS_00440,2024-10-23,Paris-South,4K-Camera,4.0,1232.3280261276802
POS_00441,2024-12-01,Tokyo-Central,Lithium-Cell,8.0,994.4496802483095
POS_00442,2024-11-21,Paris-South,Landing-Gear,7.0,1708.2790514375993
POS_00443,2024-08-10,Tokyo-Central,Falcon-Drone,9.0,2994.3687589336764
POS_00444,2024-09-24,Berlin-West,4K-Camera,1.0,56.18729201095414
POS_00445,2024-08-15,Paris-South,Controller-Pro,1.0,950.9596709486343
POS_00446,2024-08-28,London-HQ,Landing-Gear,2.0,1208.5142047879076
POS_00447,2024-07-08,NYC-East,Controller-Pro,5.0,53.87453042647144
POS_00448,2024-12-25,NYC-East,Signal-Booster,,860.9591635411701
POS_00449,2024-09-03,Berlin-West,Signal-Booster,3.0,1267.0782972403226
POS_00450,2024-09-25,Tokyo-Central,Controller-Pro,9.0,1181.895049633303
POS_00451,2024-07-03,London-HQ,Controller-Pro,1.0,41.56135514483287
POS_00452,2024-10-18,London-HQ,Falcon-Drone,6.0,156.58287082248404
POS_00453,2024-12-14,London-HQ,Landing-Gear,4.0,2941.993416128959
POS_00454,2024-11-03,London-HQ,Landing-Gear,4.0,2884.471947235154
POS_00455,2024-09-30,Berlin-West,Signal-Booster,4.0,2818.130428635075
POS_00456,2024-10-09,Berlin-West,4K-Camera,9.0,561.8445627971005
POS_00457,2024-12-15,NYC-East,4K-Camera,1.0,1401.9005226236063
POS_00458,2024-08-24,Tokyo-Central,Signal-Booster,1.0,1506.310284624633
POS_00459,2024-09-01,NYC-East,Landing-Gear,,2898.235516824667
POS_00460,2024-10-01,Berlin-West,Landing-Gear,7.0,875.5753839601446
POS_00461,2024-07-16,NYC-East,Controller-Pro,,773.0464427601256
POS_00462,2024-09-24,Tokyo-Central,4K-Camera,,176.6536860878736
POS_00463,2024-07-23,London-HQ,Signal-Booster,3.0,-79.41809655144559
POS_00464,2024-11-15,Tokyo-Central,Controller-Pro,2.0,1975.9179488067825
POS_00465,2024-09-05,Paris-South,Signal-Booster,5.0,2983.740060317563
POS_00466,2024-11-17,London-HQ,Signal-Booster,8.0,2694.631173534509
POS_00467,2024-10-20,Tokyo-Central,Landing-Gear,2.0,2388.3614311399224
POS_00468,2024-12-11,London-HQ,Lithium-Cell,8.0,336.9409000720988
POS_00469,2024-10-04,London-HQ,Landing-Gear,9.0,1901.1950020904512
POS_00470,2024-09-14,Tokyo-Central,4K-Camera,5.0,1837.3530571205522
POS_00471,2024-12-26,Tokyo-Central,Lithium-Cell,3.0,-19.366266357343676
POS_00472,2024-08-04,Berlin-West,4K-Camera,2.0,1340.972635326866
POS_00473,2024-09-20,NYC-East,Controller-Pro,5.0,2382.629394898011
POS_00474,2024-10-01,NYC-East,Landing-Gear,2.0,2804.1024231645397
POS_00475,2024-09-24,NYC-East,Falcon-Drone,1.0,-47.276863739352
POS_00476,2024-12-15,Paris-South,Landing-Gear,4.0,158.38486910713488
POS_00477,2024-10-30,London-HQ,4K-Camera,2.0,1727.9370669266004
POS_00478,2024-09-06,NYC-East,Landing-Gear,9.0,833.967585837148
POS_00479,2024-11-10,Tokyo-Central,Falcon-Drone,8.0,1336.2510494871256
POS_00480,2024-11-06,London-HQ,4K-Camera,5.0,8.405136699706503
POS_00481,2024-10-22,NYC-East,4K-Camera,1.0,1281.805326268533
POS_00482,2024-10-11,Berlin-West,Landing-Gear,2.0,2204.1891438635093
POS_00483,2024-12-06,London-HQ,Lithium-Cell,3.0,1463.214263703056
POS_00484,2024-08-16,Paris-South,Signal-Booster,3.0,96.61665481382258
POS_00485,2024-07-27,London-HQ,Lithium-Cell,4.0,84.39046791831345
POS_00486,2024-12-17,Berlin-West,Falcon-Drone,1.0,33.88495804037569
POS_00487,2024-07-21,NYC-East,Controller-Pro,6.0,547.1799523980013
POS_00488,2024-11-28,Paris-South,4K-Camera,8.0,165.11625744236056
POS_00489,2024-10-28,NYC-East,Landing-Gear,8.0,-44.517902904247485
POS_00490,2024-10-19,London-HQ,4K-Camera,6.0,413.55017011525524
POS_00491,2024-12-22,NYC-East,Falcon-Drone,3.0,2066.046171771586
POS_00492,2024-08-28,London-HQ,Controller-Pro,6.0,1576.9755981569301
POS_00493,2024-10-31,NYC-East,Lithium-Cell,7.0,1874.68390557338
POS_00494,2024-12-02,NYC-East,Falcon-Drone,9.0,1441.4806090899472
POS_00495,2024-07-29,Tokyo-Central,4K-Camera,9.0,2413.3429494309544
POS_00496,2024-09-24,Berlin-West,Falcon-Drone,3.0,955.3974445695208
POS_00497,2024-08-12,London-HQ,4K-Camera,3.0,1301.6294563391757
POS_00498,2024-08-26,Berlin-West,Lithium-Cell,5.0,1177.2133035932495
POS_00499,2024-12-25,Berlin-West,Falcon-Drone,5.0,746.7750113685348
POS_00500,2024-09-14,London-HQ,Controller-Pro,3.0,2086.363457195925
POS_00501,2024-07-07,Paris-South,Signal-Booster,6.0,1901.1101877067608
POS_00502,2024-07-29,NYC-East,Lithium-Cell,7.0,723.2201775648257
POS_00503,2024-12-02,Paris-South,Landing-Gear,9.0,1150.6710134132106
POS_00504,2024-12-10,Tokyo-Central,4K-Camera,2.0,1852.7595298216083
POS_00505,2024-10-12,Berlin-West,Lithium-Cell,1.0,2019.845139690542
POS_00506,2024-09-05,London-HQ,Signal-Booster,9.0,1410.7940892028944
POS_00507,2024-11-28,Tokyo-Central,Falcon-Drone,9.0,2266.9728552614465
POS_00508,2024-12-07,Tokyo-Central,Signal-Booster,9.0,2691.7141239212824
POS_00509,2024-09-28,Tokyo-Central,Signal-Booster,7.0,2767.052956854236
POS_00510,2024-11-08,London-HQ,Falcon-Drone,2.0,883.552697617999
POS_00511,2024-08-19,Paris-South,Lithium-Cell,8.0,2377.936264161143
POS_00512,2024-09-01,Tokyo-Central,Signal-Booster,2.0,109.68280844274508
POS_00513,2024-09-10,London-HQ,Signal-Booster,7.0,2960.130082832186
POS_00514,2024-12-09,Paris-South,Landing-Gear,1.0,75.68542824236516
POS_00515,2024-09-08,London-HQ,Landing-Gear,8.0,85.79744179332295
POS_00516,2024-12-22,Paris-South,Landing-Gear,9.0,-44.25180041499133
POS_00517,2024-08-21,NYC-East,Controller-Pro,4.0,1663.1954203466546
POS_00518,2024-08-08,Tokyo-Central,Landing-Gear,5.0,2572.425309928422
POS_00519,2024-10-22,Tokyo-Central,Lithium-Cell,4.0,2484.7796986615813
POS_00520,2024-09-28,Paris-South,Controller-Pro,4.0,2668.693172432342
POS_00521,2024-08-08,Paris-South,Signal-Booster,1.0,-77.89525235042706
POS_00522,2024-07-13,Paris-South,4K-Camera,9.0,633.8728447574798
POS_00523,2024-10-06,Berlin-West,Lithium-Cell,,673.0923083038961
POS_00524,2024-07-12,Paris-South,Controller-Pro,6.0,2625.5867732440893
POS_00525,2024-09-06,Tokyo-Central,Controller-Pro,2.0,1501.4340826513205
POS_00526,2024-12-10,Berlin-West,Controller-Pro,6.0,684.2478567533793
POS_00527,2024-08-09,NYC-East,Controller-Pro,9.0,895.1634270546442
POS_00528,2024-10-22,Tokyo-Central,4K-Camera,9.0,410.2209609573442
POS_00529,2024-11-14,Paris-South,Landing-Gear,3.0,1185.9222797170407
POS_00530,2024-12-24,London-HQ,Landing-Gear,2.0,463.762322494096
POS_00531,2024-10-17,NYC-East,Lithium-Cell,9.0,2324.770599231605
POS_00532,2024-07-03,Tokyo-Central,Landing-Gear,6.0,2648.947042958265
POS_00533,2024-10-14,London-HQ,4K-Camera,1.0,2943.122061279222
POS_00534,2024-08-08,NYC-East,Controller-Pro,1.0,2170.1899585382075
POS_00535,2024-09-16,Berlin-West,Lithium-Cell,7.0,1825.5101087574756
POS_00536,2024-10-04,Berlin-West,Falcon-Drone,6.0,1290.032406233251
POS_00537,2024-09-13,Paris-South,Signal-Booster,8.0,299.0329695867431
POS_00538,2024-10-31,Berlin-West,Falcon-Drone,3.0,844.0050502988388
POS_00539,2024-12-10,Berlin-West,Signal-Booster,6.0,64.55146301766351
POS_00540,2024-08-12,Paris-South,Signal-Booster,,2684.192708888303
POS_00541,2024-10-27,Paris-South,4K-Camera,3.0,1424.510654403137
POS_00542,2024-08-03,Berlin-West,Controller-Pro,1.0,1853.465484559387
POS_00543,2024-11-06,NYC-East,4K-Camera,9.0,216.87719295818687
POS_00544,2024-12-19,Tokyo-Central,Signal-Booster,6.0,1289.2071462545748
POS_00545,2024-09-04,Tokyo-Central,Controller-Pro,,1480.1270656505703
POS_00546,2024-10-05,Tokyo-Central,Signal-Booster,5.0,1369.3209194593048
POS_00547,2024-09-15,NYC-East,4K-Camera,5.0,1805.435683490374
POS_00548,2024-11-18,Tokyo-Central,Controller-Pro,2.0,986.8070019514967
POS_00549,2024-08-07,Paris-South,Lithium-Cell,4.0,894.5977849334565
POS_00550,2024-11-30,London-HQ,Falcon-Drone,2.0,-82.69115636720419
POS_00551,2024-07-10,Berlin-West,Signal-Booster,1.0,2651.310548171313
POS_00552,2024-07-15,Paris-South,Falcon-Drone,7.0,2050.8868634235196
POS_00553,2024-12-21,Berlin-West,Controller-Pro,,-88.09151838034781
POS_00554,2024-10-09,NYC-East,Landing-Gear,6.0,-28.478857415320064
POS_00555,2024-12-09,Tokyo-Central,Controller-Pro,4.0,981.8977957868574
POS_00556,2024-10-11,Berlin-West,Controller-Pro,4.0,286.81904450638945
POS_00557,2024-08-03,Paris-South,4K-Camera,4.0,2517.753750683246
POS_00558,2024-07-15,London-HQ,Controller-Pro,4.0,1985.512430249884
POS_00559,2024-09-09,London-HQ,Falcon-Drone,9.0,983.7142607911505
POS_00560,2024-09-06,Paris-South,Signal-Booster,1.0,820.4539170024135
POS_00561,2024-12-16,Tokyo-Central,Falcon-Drone,9.0,1978.9424456410347
POS_00562,2024-12-23,London-HQ,Falcon-Drone,8.0,2092.782041743459
POS_00563,2024-12-17,Berlin-West,Lithium-Cell,6.0,355.3626006970635
POS_00564,2024-11-04,NYC-East,4K-Camera,5.0,867.4218169326248
POS_00565,2024-09-03,NYC-East,Lithium-Cell,3.0,1099.1257648977746
POS_00566,2024-11-15,London-HQ,Controller-Pro,3.0,857.84756861155
POS_00567,2024-12-16,Berlin-West,Lithium-Cell,5.0,495.91444771671115
POS_00568,2024-10-20,Paris-South,Landing-Gear,,1629.771016869045
POS_00569,2024-09-16,London-HQ,Falcon-Drone,2.0,2116.348587608033
POS_00570,2024-07-03,Berlin-West,Signal-Booster,5.0,1275.6468106433274
POS_00571,2024-09-01,NYC-East,Falcon-Drone,3.0,2740.181812829472
POS_00572,2024-10-27,Berlin-West,Landing-Gear,6.0,2391.1208097685103
POS_00573,2024-08-16,Paris-South,Signal-Booster,4.0,1456.5081834424436
POS_00574,2024-11-07,Paris-South,Landing-Gear,1.0,820.8184876615992
POS_00575,2024-11-07,London-HQ,4K-Camera,3.0,-5.212201501593867
POS_00576,2024-12-07,Paris-South,Controller-Pro,6.0,1531.2214545749437
POS_00577,2024-08-31,Tokyo-Central,Controller-Pro,3.0,2458.6208915114835
POS_00578,2024-11-12,Berlin-West,Falcon-Drone,7.0,2976.3946656930916
POS_00579,2024-12-03,Paris-South,Falcon-Drone,3.0,1055.3888524350016
POS_00580,2024-08-24,NYC-East,Landing-Gear,5.0,1730.5321214101543
POS_00581,2024-09-01,Berlin-West,Falcon-Drone,9.0,566.5961921302722
POS_00582,2024-07-03,Berlin-West,Signal-Booster,1.0,2471.9065682472237
POS_00583,2024-07-25,Berlin-West,4K-Camera,6.0,2201.09540339705
POS_00584,2024-07-10,London-HQ,4K-Camera,2.0,-5.758551691066742
POS_00585,2024-11-15,NYC-East,Controller-Pro,3.0,646.7115381438092
POS_00586,2024-12-19,NYC-East,Lithium-Cell,6.0,261.9096952220508
POS_00587,2024-11-13,London-HQ,Falcon-Drone,3.0,2090.6511030304137
POS_00588,2024-07-26,Berlin-West,Controller-Pro,4.0,2603.9637726371025
POS_00589,2024-10-16,Paris-South,Falcon-Drone,5.0,809.5263171157527
POS_00590,2024-07-09,London-HQ,Controller-Pro,5.0,1571.0620039479018
POS_00591,2024-07-03,Berlin-West,Controller-Pro,6.0,1355.8483461650032
POS_00592,2024-09-04,London-HQ,Landing-Gear,9.0,662.0569829459994
POS_00593,2024-12-04,Berlin-West,4K-Camera,7.0,1783.3380197314202
POS_00594,2024-12-16,Tokyo-Central,Controller-Pro,9.0,90.07481360344363
POS_00595,2024-08-01,London-HQ,Controller-Pro,9.0,793.8308463304047
POS_00596,2024-10-14,London-HQ,Controller-Pro,2.0,2756.6115669742553
POS_00597,2024-12-18,London-HQ,Falcon-Drone,8.0,2434.5781519725992
POS_00598,2024-11-10,Paris-South,Signal-Booster,7.0,2919.578616756501
POS_00599,2024-12-24,Paris-South,Falcon-Drone,8.0,2090.796110348206
POS_00600,2024-10-31,NYC-East,Controller-Pro,5.0,2243.018339920895
POS_00601,2024-07-24,Paris-South,Lithium-Cell,1.0,2755.3763544025255
POS_00602,2024-07-24,London-HQ,4K-Camera,6.0,2903.2965259811863
POS_00603,2024-12-16,Berlin-West,4K-Camera,4.0,506.06715113358484
POS_00604,2024-10-16,London-HQ,Falcon-Drone,8.0,707.3526304576544
POS_00605,2024-09-21,Berlin-West,Lithium-Cell,5.0,309.0541044194374
POS_00606,2024-09-01,Tokyo-Central,Falcon-Drone,4.0,2541.625475135353
POS_00607,2024-08-05,Berlin-West,Lithium-Cell,3.0,2758.85078684652
POS_00608,2024-11-08,London-HQ,Lithium-Cell,8.0,2537.3887296943685
POS_00609,2024-08-31,Paris-South,Falcon-Drone,,2462.3833942790006
POS_00610,2024-12-05,Tokyo-Central,4K-Camera,8.0,2102.310857010887
POS_00611,2024-07-22,Paris-South,Landing-Gear,9.0,1813.0561134368963
POS_00612,2024-08-31,Paris-South,4K-Camera,1.0,1454.718618326337
POS_00613,2024-12-12,Paris-South,Falcon-Drone,8.0,2103.6399079011458
POS_00614,2024-09-01,Paris-South,Falcon-Drone,4.0,1565.5079902619557
POS_00615,2024-08-08,NYC-East,4K-Camera,7.0,1898.3038882268224
POS_00616,2024-07-27,Berlin-West,Lithium-Cell,9.0,447.8668627124101
POS_00617,2024-11-23,NYC-East,Landing-Gear,3.0,2295.907087583314
POS_00618,2024-10-13,Berlin-West,Falcon-Drone,8.0,1718.4221538764928
POS_00619,2024-07-19,Berlin-West,Signal-Booster,6.0,2087.9280634785214
POS_00620,2024-07-04,Tokyo-Central,Landing-Gear,4.0,906.7793931449457
POS_00621,2024-08-16,Paris-South,Controller-Pro,3.0,1116.1231504372467
POS_00622,2024-08-22,Tokyo-Central,Landing-Gear,3.0,1374.1641765069899
POS_00623,2024-08-17,NYC-East,4K-Camera,1.0,930.4021748448827
POS_00624,2024-11-26,Tokyo-Central,Lithium-Cell,5.0,809.4363071902294
POS_00625,2024-09-24,Paris-South,4K-Camera,6.0,2514.8668805695474
POS_00626,2024-11-24,Tokyo-Central,Signal-Booster,2.0,1442.365196122778
POS_00627,2024-11-14,Tokyo-Central,Falcon-Drone,7.0,478.34369571111324
POS_00628,2024-07-08,London-HQ,Controller-Pro,9.0,715.9684496858162
POS_00629,2024-11-21,Paris-South,Landing-Gear,9.0,796.1698573640975
POS_00630,2024-12-16,Tokyo-Central,Falcon-Drone,3.0,2576.059853665253
POS_00631,2024-08-14,Paris-South,Lithium-Cell,3.0,285.5893115621797
POS_00632,2024-10-29,Paris-South,Falcon-Drone,8.0,2588.018902022971
POS_00633,2024-09-16,Tokyo-Central,Landing-Gear,9.0,1843.7793986346571
POS_00634,2024-09-10,Tokyo-Central,Controller-Pro,2.0,872.8566778972317
POS_00635,2024-11-07,Tokyo-Central,Lithium-Cell,8.0,2370.4466929997648
POS_00636,2024-07-12,Tokyo-Central,Signal-Booster,1.0,1007.2012297728375
POS_00637,2024-11-15,Tokyo-Central,Landing-Gear,9.0,2727.6192087072
POS_00638,2024-08-06,NYC-East,4K-Camera,4.0,2938.6354794987483
POS_00639,2024-10-09,London-HQ,Falcon-Drone,3.0,2864.3606427384266
POS_00640,2024-12-11,Tokyo-Central,4K-Camera,3.0,1977.5915507501036
POS_00641,2024-08-23,London-HQ,Signal-Booster,8.0,1637.1696872483574
POS_00642,2024-08-21,Paris-South,Falcon-Drone,1.0,652.828241197799
POS_00643,2024-10-15,Berlin-West,4K-Camera,2.0,1303.9046739432522
POS_00644,2024-11-15,NYC-East,Signal-Booster,4.0,1012.447845552332
POS_00645,2024-11-25,Paris-South,Falcon-Drone,3.0,606.0453259283177
POS_00646,2024-08-31,Tokyo-Central,Falcon-Drone,7.0,2094.536087189434
POS_00647,2024-12-03,London-HQ,Landing-Gear,1.0,1612.2333012749116
POS_00648,2024-10-28,Berlin-West,Falcon-Drone,1.0,626.1242467986847
POS_00649,2024-07-26,Tokyo-Central,4K-Camera,3.0,542.3392842843521
POS_00650,2024-11-22,Paris-South,Falcon-Drone,2.0,404.5623612774578
POS_00651,2024-08-14,NYC-East,Signal-Booster,3.0,974.2710062651561
POS_00652,2024-09-01,London-HQ,Controller-Pro,3.0,2367.117510647624
POS_00653,2024-08-28,Berlin-West,4K-Camera,7.0,2390.0436972239995
POS_00654,2024-09-15,Tokyo-Central,Signal-Booster,2.0,2585.10310604922
POS_00655,2024-11-10,NYC-East,4K-Camera,1.0,1331.8261958063317
POS_00656,2024-10-08,NYC-East,Landing-Gear,9.0,982.4429874427215
POS_00657,2024-07-28,London-HQ,Falcon-Drone,5.0,1061.7204626183625
POS_00658,2024-08-07,London-HQ,4K-Camera,8.0,2307.5418721482424
POS_00659,2024-10-22,NYC-East,Lithium-Cell,4.0,1707.290755486629
POS_00660,2024-09-17,London-HQ,4K-Camera,2.0,212.81962926965366
POS_00661,2024-09-02,Berlin-West,4K-Camera,4.0,879.693314893267
POS_00662,2024-11-17,Berlin-West,Lithium-Cell,1.0,716.2719021793494
POS_00663,2024-07-17,Paris-South,4K-Camera,9.0,2359.893581269412
POS_00664,2024-11-22,London-HQ,Landing-Gear,9.0,2844.8391902689327
POS_00665,2024-12-05,NYC-East,Signal-Booster,4.0,1827.7040386259628
POS_00666,2024-08-31,London-HQ,4K-Camera,3.0,1191.1178351382655
POS_00667,2024-08-04,Berlin-West,Lithium-Cell,1.0,957.878926528145
POS_00668,2024-12-08,Tokyo-Central,4K-Camera,6.0,1082.504023180252
POS_00669,2024-09-17,London-HQ,Landing-Gear,2.0,287.83427679499346
POS_00670,2024-08-03,NYC-East,Controller-Pro,8.0,1642.403698371633
POS_00671,2024-09-26,Paris-South,Controller-Pro,6.0,206.43249601748903
POS_00672,2024-10-26,Paris-South,4K-Camera,8.0,2786.2013871483114
POS_00673,2024-07-26,NYC-East,4K-Camera,9.0,-15.088854210834086
POS_00674,2024-07-09,NYC-East,Signal-Booster,8.0,1079.9409615520367
POS_00675,2024-09-07,NYC-East,Controller-Pro,4.0,1694.9379431730003
POS_00676,2024-11-06,Berlin-West,Landing-Gear,1.0,2623.0702210382233
POS_00677,2024-09-01,Berlin-West,Controller-Pro,1.0,857.146949520403
POS_00678,2024-11-16,NYC-East,Landing-Gear,4.0,544.5064378937576
POS_00679,2024-09-18,Tokyo-Central,Falcon-Drone,3.0,407.26477840011995
POS_00680,2024-12-24,NYC-East,4K-Camera,2.0,1300.3643330244065
POS_00681,2024-08-30,Paris-South,Landing-Gear,3.0,2751.7872307249686
POS_00682,2024-07-25,London-HQ,Landing-Gear,3.0,2635.1622336422893
POS_00683,2024-07-14,Tokyo-Central,Landing-Gear,5.0,2972.1968542104787
POS_00684,2024-09-18,Berlin-West,Landing-Gear,9.0,1150.6500269289438
POS_00685,2024-08-19,NYC-East,Signal-Booster,6.0,462.946542578326
POS_00686,2024-12-19,London-HQ,Signal-Booster,7.0,2378.037473692415
POS_00687,2024-07-24,Tokyo-Central,Controller-Pro,2.0,2670.4204437974718
POS_00688,2024-08-29,Tokyo-Central,Controller-Pro,8.0,2978.1868733338897
POS_00689,2024-07-06,NYC-East,Landing-Gear,7.0,1768.229169794612
POS_00690,2024-11-23,London-HQ,Controller-Pro,7.0,2625.590387851751
POS_00691,2024-10-21,Tokyo-Central,Landing-Gear,5.0,-31.828996988080476
POS_00692,2024-07-13,Berlin-West,Controller-Pro,3.0,907.3519808594147
POS_00693,2024-08-06,London-HQ,4K-Camera,1.0,2707.517175075516
POS_00694,2024-12-01,London-HQ,Signal-Booster,4.0,2152.4271893192686
POS_00695,2024-09-13,Berlin-West,Falcon-Drone,6.0,2566.640964744699
POS_00696,2024-12-07,Paris-South,Signal-Booster,6.0,1943.0451981294927
POS_00697,2024-07-21,NYC-East,Falcon-Drone,4.0,2882.5364158786783
POS_00698,2024-10-09,NYC-East,Lithium-Cell,7.0,70.3211410353315
POS_00699,2024-08-11,Berlin-West,Controller-Pro,7.0,782.4859069075669
POS_00700,2024-09-10,London-HQ,Falcon-Drone,7.0,1588.7256193809187
POS_00701,2024-12-07,Tokyo-Central,Signal-Booster,9.0,2356.693340171458
POS_00702,2024-08-29,NYC-East,Lithium-Cell,2.0,2771.615139428694
POS_00703,2024-07-07,Paris-South,Landing-Gear,3.0,2665.7421841969476
POS_00704,2024-07-13,London-HQ,Controller-Pro,8.0,1287.3236626048601
POS_00705,2024-11-29,Paris-South,Controller-Pro,2.0,2174.050860006552
POS_00706,2024-11-26,Berlin-West,Controller-Pro,1.0,2066.798060841151
POS_00707,2024-09-14,Berlin-West,Lithium-Cell,7.0,1620.6098911739507
POS_00708,2024-11-18,London-HQ,Controller-Pro,6.0,-55.73849034127101
POS_00709,2024-12-05,Paris-South,Landing-Gear,9.0,2343.9899452468944
POS_00710,2024-07-10,Tokyo-Central,Controller-Pro,7.0,1309.8749768653272
POS_00711,2024-07-27,NYC-East,4K-Camera,8.0,1662.374225244816
POS_00712,2024-11-27,London-HQ,4K-Camera,4.0,2046.9978212571564
POS_00713,2024-11-02,Tokyo-Central,4K-Camera,8.0,474.617299612161
POS_00714,2024-09-01,Berlin-West,Signal-Booster,5.0,744.1120073875896
POS_00715,2024-12-09,Berlin-West,Landing-Gear,2.0,1697.9959109019305
POS_00716,2024-09-11,London-HQ,4K-Camera,7.0,2343.7331274306507
POS_00717,2024-10-07,London-HQ,Controller-Pro,2.0,2832.499434391652
POS_00718,2024-09-15,London-HQ,4K-Camera,9.0,154.01461036772085
POS_00719,2024-07-20,NYC-East,Controller-Pro,,617.3991852940686
POS_00720,2024-12-15,Berlin-West,Landing-Gear,2.0,923.7837622291196
POS_00721,2024-09-09,London-HQ,Falcon-Drone,6.0,1803.6428286839027
POS_00722,2024-08-30,NYC-East,Controller-Pro,3.0,804.6803452419196
POS_00723,2024-10-16,Tokyo-Central,Falcon-Drone,7.0,1082.5631889249566
POS_00724,2024-11-29,Paris-South,Falcon-Drone,3.0,1069.399573263027
POS_00725,2024-07-05,Tokyo-Central,Controller-Pro,3.0,273.0868529498008
POS_00726,2024-12-11,Tokyo-Central,Falcon-Drone,3.0,1165.9311439711923
POS_00727,2024-09-15,Paris-South,Signal-Booster,7.0,356.8616208892554
POS_00728,2024-10-26,Paris-South,Landing-Gear,8.0,2953.4910217046177
POS_00729,2024-08-25,Tokyo-Central,Landing-Gear,5.0,1991.704375756245
POS_00730,2024-12-02,Paris-South,Signal-Booster,1.0,702.673319509995
POS_00731,2024-09-17,Berlin-West,4K-Camera,5.0,200.1485903746393
POS_00732,2024-12-12,Berlin-West,Lithium-Cell,2.0,455.5288482680263
POS_00733,2024-08-14,Berlin-West,4K-Camera,9.0,2087.2494498418996
POS_00734,2024-07-03,NYC-East,4K-Camera,3.0,783.1516175456925
POS_00735,2024-10-04,Berlin-West,Landing-Gear,5.0,1208.4812766822536
POS_00736,2024-09-01,Paris-South,Landing-Gear,1.0,2295.576500005408
POS_00737,2024-09-13,Paris-South,Lithium-Cell,8.0,82.86990835304411
POS_00738,2024-09-28,Tokyo-Central,Controller-Pro,2.0,1073.338372202806
POS_00739,2024-12-16,London-HQ,Lithium-Cell,4.0,2110.3912516870496
POS_00740,2024-07-29,Berlin-West,4K-Camera,9.0,2433.4289279496074
POS_00741,2024-12-19,NYC-East,4K-Camera,1.0,403.1273688661278
POS_00742,2024-12-10,Tokyo-Central,Lithium-Cell,5.0,2862.659246008556
POS_00743,2024-07-31,Paris-South,Controller-Pro,3.0,2125.4538863427583
POS_00744,2024-07-14,Berlin-West,Lithium-Cell,4.0,93.75953997051008
POS_00745,2024-08-04,Berlin-West,Signal-Booster,7.0,1524.9515177461246
POS_00746,2024-11-17,London-HQ,Controller-Pro,4.0,1262.9971539245541
POS_00747,2024-07-20,NYC-East,Lithium-Cell,3.0,2816.691292175778
POS_00748,2024-10-20,NYC-East,Falcon-Drone,4.0,2448.3317535886945
POS_00749,2024-10-13,Paris-South,Signal-Booster,5.0,2637.0404205975874
POS_00750,2024-10-06,Berlin-West,4K-Camera,6.0,-27.77425366987265
POS_00751,2024-07-08,London-HQ,Falcon-Drone,4.0,2932.061974153747
POS_00752,2024-09-28,Berlin-West,Landing-Gear,8.0,1686.3781762651547
POS_00753,2024-11-26,London-HQ,Controller-Pro,8.0,2321.437551891261
POS_00754,2024-11-29,London-HQ,4K-Camera,6.0,1269.7407892810636
POS_00755,2024-10-20,London-HQ,Controller-Pro,1.0,1372.1771849937122
POS_00756,2024-07-18,Berlin-West,Falcon-Drone,4.0,2581.106529921517
POS_00757,2024-10-23,London-HQ,Landing-Gear,5.0,198.66931784452015
POS_00758,2024-10-20,NYC-East,Falcon-Drone,1.0,2701.463403667669
POS_00759,2024-11-19,NYC-East,Controller-Pro,9.0,493.133070145685
POS_00760,2024-11-15,London-HQ,Lithium-Cell,4.0,352.4190665855076
POS_00761,2024-07-21,Berlin-West,Signal-Booster,,1551.1510299192753
POS_00762,2024-07-12,London-HQ,4K-Camera,3.0,2263.1863813011128
POS_00763,2024-11-15,NYC-East,4K-Camera,,-14.781301571436998
POS_00764,2024-10-23,Berlin-West,4K-Camera,2.0,1194.3824188778456
POS_00765,2024-09-08,Paris-South,Landing-Gear,3.0,2105.261548469325
POS_00766,2024-10-15,NYC-East,4K-Camera,2.0,2180.012097732868
POS_00767,2024-09-25,Tokyo-Central,Signal-Booster,9.0,530.6999741459261
POS_00768,2024-11-21,Tokyo-Central,Signal-Booster,4.0,1281.049642410442
POS_00769,2024-11-15,NYC-East,Signal-Booster,,2155.4218602017077
POS_00770,2024-07-15,Tokyo-Central,Falcon-Drone,9.0,1697.7549141661082
POS_00771,2024-10-15,NYC-East,Falcon-Drone,4.0,2092.9715789201136
POS_00772,2024-07-13,Paris-South,Landing-Gear,,1291.7412336641116
POS_00773,2024-11-09,Paris-South,Controller-Pro,8.0,722.2080669861921
POS_00774,2024-07-26,London-HQ,4K-Camera,5.0,2572.174381817004
POS_00775,2024-11-30,Berlin-West,Lithium-Cell,9.0,296.80234187068066
POS_00776,2024-08-18,London-HQ,Landing-Gear,8.0,1723.8423068650502
POS_00777,2024-11-01,Tokyo-Central,Falcon-Drone,9.0,903.9852616758897
POS_00778,2024-07-30,Tokyo-Central,Landing-Gear,4.0,287.57565085463625
POS_00779,2024-09-13,Tokyo-Central,4K-Camera,7.0,1745.9459538142821
POS_00780,2024-07-14,Paris-South,4K-Camera,4.0,2094.270049713085
POS_00781,2024-12-06,NYC-East,Falcon-Drone,6.0,96.71254845571673
POS_00782,2024-07-08,Berlin-West,Controller-Pro,9.0,1618.164109467422
POS_00783,2024-08-18,Tokyo-Central,Landing-Gear,1.0,-48.380262739860584
POS_00784,2024-09-15,NYC-East,4K-Camera,3.0,1870.4889167428125
POS_00785,2024-11-23,London-HQ,Lithium-Cell,3.0,2693.8769138906828
POS_00786,2024-11-16,NYC-East,Controller-Pro,1.0,542.5825779018677
POS_00787,2024-12-09,London-HQ,Falcon-Drone,9.0,1235.9251495225087
POS_00788,2024-07-19,London-HQ,Controller-Pro,1.0,1714.0006247646538
POS_00789,2024-07-19,Paris-South,Landing-Gear,7.0,1884.84917988724
POS_00790,2024-12-03,Berlin-West,4K-Camera,7.0,2618.000007588526
POS_00791,2024-12-05,Berlin-West,Controller-Pro,1.0,2538.9100142717916
POS_00792,2024-07-31,London-HQ,Falcon-Drone,3.0,2482.288433542661
POS_00793,2024-10-17,Paris-South,Falcon-Drone,,423.5789493847069
POS_00794,2024-11-06,Paris-South,Signal-Booster,7.0,1933.0467684411178
POS_00795,2024-10-02,London-HQ,Controller-Pro,8.0,1163.636739374611
POS_00796,2024-10-15,London-HQ,Landing-Gear,2.0,547.7227656295839
POS_00797,2024-09-11,Berlin-West,Lithium-Cell,1.0,683.7985280740584
POS_00798,2024-10-29,Paris-South,Signal-Booster,1.0,1881.8882203827782
POS_00799,2024-08-16,Paris-South,Lithium-Cell,8.0,2278.4641685227725
POS_00800,2024-07-22,London-HQ,Falcon-Drone,3.0,1898.3313436158955
POS_00801,2024-09-23,London-HQ,4K-Camera,7.0,2080.8794768799194
POS_00802,2024-10-14,NYC-East,Controller-Pro,8.0,835.8052761704153
POS_00803,2024-07-10,Paris-South,4K-Camera,6.0,2156.687594598936
POS_00804,2024-11-23,Tokyo-Central,Falcon-Drone,9.0,2090.0959471426963
POS_00805,2024-08-30,Paris-South,Lithium-Cell,4.0,2241.2847096113755
POS_00806,2024-12-07,Paris-South,Lithium-Cell,1.0,312.45529399306395
POS_00807,2024-07-27,Paris-South,Lithium-Cell,4.0,606.417743606199
POS_00808,2024-10-24,Paris-South,Signal-Booster,7.0,1608.348623056254
POS_00809,2024-09-09,Berlin-West,Lithium-Cell,8.0,2940.9846688118996
POS_00810,2024-12-22,NYC-East,Lithium-Cell,1.0,2111.9414465109176
POS_00811,2024-08-09,Paris-South,Lithium-Cell,4.0,1804.7879561455518
POS_00812,2024-08-15,NYC-East,Controller-Pro,4.0,1928.9776428553305
POS_00813,2024-12-14,Paris-South,Lithium-Cell,9.0,1668.1462038431112
POS_00814,2024-10-14,Tokyo-Central,4K-Camera,,1598.2564141774992
POS_00815,2024-08-16,Paris-South,Falcon-Drone,1.0,2931.2385169817694
POS_00816,2024-08-14,Berlin-West,Falcon-Drone,2.0,933.8633888739892
POS_00817,2024-08-18,NYC-East,Falcon-Drone,4.0,2255.8181557858425
POS_00818,2024-07-04,Berlin-West,Lithium-Cell,5.0,1396.5482421252052
POS_00819,2024-10-28,Tokyo-Central,Lithium-Cell,6.0,1598.9760167276127
POS_00820,2024-12-26,NYC-East,Lithium-Cell,5.0,2730.147643627131
POS_00821,2024-11-18,Berlin-West,Signal-Booster,9.0,-41.624133495303596
POS_00822,2024-09-15,Tokyo-Central,Controller-Pro,6.0,1708.2346128875663
POS_00823,2024-07-08,Paris-South,Landing-Gear,7.0,1573.2314612823263
POS_00824,2024-08-01,Berlin-West,Controller-Pro,9.0,310.013793393308
POS_00825,2024-11-22,NYC-East,Falcon-Drone,2.0,2144.516037311065
POS_00826,2024-08-26,Tokyo-Central,Controller-Pro,9.0,368.2944163963501
POS_00827,2024-11-14,Tokyo-Central,Landing-Gear,4.0,1847.6520838729311
POS_00828,2024-08-04,Berlin-West,Signal-Booster,1.0,1635.8973966864655
POS_00829,2024-07-13,NYC-East,Landing-Gear,6.0,236.09414628799482
POS_00830,2024-07-12,NYC-East,Lithium-Cell,3.0,-71.70710697816752
POS_00831,2024-08-01,Tokyo-Central,Signal-Booster,,1645.2940752185004
POS_00832,2024-09-15,NYC-East,Falcon-Drone,8.0,1858.0580675939873
POS_00833,2024-07-31,Tokyo-Central,Landing-Gear,9.0,2497.6236085778355
POS_00834,2024-07-10,Berlin-West,Lithium-Cell,4.0,1404.1190200491583
POS_00835,2024-09-12,London-HQ,Controller-Pro,1.0,288.0708397027508
POS_00836,2024-07-05,Paris-South,Falcon-Drone,2.0,2111.124285070552
POS_00837,2024-08-31,NYC-East,Falcon-Drone,7.0,1373.4534920140638
POS_00838,2024-08-28,Paris-South,Lithium-Cell,8.0,2398.6709677540707
POS_00839,2024-09-20,Tokyo-Central,Landing-Gear,,1689.9684638233982
POS_00840,2024-11-11,Tokyo-Central,Signal-Booster,5.0,1608.5015994193934
POS_00841,2024-07-16,Tokyo-Central,Controller-Pro,7.0,1544.3011159297155
POS_00842,2024-09-11,Tokyo-Central,4K-Camera,3.0,924.189351693042
POS_00843,2024-08-05,NYC-East,Signal-Booster,8.0,2169.4106143773834
POS_00844,2024-12-22,London-HQ,Lithium-Cell,9.0,1955.1655735286881
POS_00845,2024-09-10,Berlin-West,Signal-Booster,4.0,1453.340298394936
POS_00846,2024-08-28,Berlin-West,Lithium-Cell,1.0,1082.5468940823862
POS_00847,2024-07-30,Tokyo-Central,Controller-Pro,1.0,391.5732336614781
POS_00848,2024-12-24,Berlin-West,Signal-Booster,2.0,367.36278807935486
POS_00849,2024-10-25,London-HQ,Landing-Gear,3.0,1520.1541553328118
POS_00850,2024-07-03,NYC-East,Landing-Gear,2.0,1019.2452244749318
POS_00851,2024-12-04,NYC-East,Landing-Gear,6.0,619.3500505244704
POS_00852,2024-07-31,London-HQ,Lithium-Cell,7.0,2027.7324496335177
POS_00853,2024-10-31,London-HQ,Falcon-Drone,1.0,1352.4851241647389
POS_00854,2024-12-04,Tokyo-Central,4K-Camera,5.0,927.3924759328177
POS_00855,2024-11-27,NYC-East,Signal-Booster,5.0,2345.2902270239892
POS_00856,2024-10-16,London-HQ,4K-Camera,7.0,1988.1142533446637
POS_00857,2024-09-18,Paris-South,Signal-Booster,3.0,-57.24106254054141
POS_00858,2024-08-04,Tokyo-Central,Lithium-Cell,7.0,2525.389482285926
POS_00859,2024-12-20,Berlin-West,Falcon-Drone,8.0,-92.10468703302355
POS_00860,2024-09-19,Berlin-West,Lithium-Cell,3.0,1419.2019737554988
POS_00861,2024-10-01,Paris-South,Lithium-Cell,9.0,1219.2548587169474
POS_00862,2024-09-12,Paris-South,Landing-Gear,4.0,319.3583797201846
POS_00863,2024-12-05,Berlin-West,Controller-Pro,6.0,2963.804843706707
POS_00864,2024-08-21,Berlin-West,Signal-Booster,6.0,1708.9180110066393
POS_00865,2024-09-27,Tokyo-Central,Lithium-Cell,6.0,271.9105750894629
POS_00866,2024-07-23,NYC-East,Controller-Pro,1.0,2602.6189391252137
POS_00867,2024-10-02,NYC-East,Lithium-Cell,4.0,2814.6002294356363
POS_00868,2024-07-03,Tokyo-Central,Falcon-Drone,8.0,712.6176913811083
POS_00869,2024-11-22,Berlin-West,Signal-Booster,2.0,2154.796415927099
POS_00870,2024-12-08,Berlin-West,Landing-Gear,5.0,272.3142003756516
POS_00871,2024-11-01,NYC-East,Controller-Pro,2.0,2161.127807876891
POS_00872,2024-07-15,London-HQ,4K-Camera,4.0,-67.75313148429413
POS_00873,2024-07-15,Paris-South,Lithium-Cell,9.0,285.6425088824733
POS_00874,2024-09-25,Paris-South,Signal-Booster,9.0,1226.7712660679526
POS_00875,2024-07-21,London-HQ,Lithium-Cell,4.0,118.07314390000454
POS_00876,2024-11-19,London-HQ,Landing-Gear,7.0,607.3834389116548
POS_00877,2024-07-22,NYC-East,Landing-Gear,9.0,2644.1898563873624
POS_00878,2024-08-20,Tokyo-Central,4K-Camera,3.0,2349.618054546698
POS_00879,2024-07-18,Berlin-West,4K-Camera,,1570.3644813960248
POS_00880,2024-09-06,NYC-East,Landing-Gear,6.0,1571.09084537943
POS_00881,2024-12-03,London-HQ,Controller-Pro,4.0,582.4977111803103
POS_00882,2024-07-21,Berlin-West,4K-Camera,7.0,1194.401055228813
POS_00883,2024-11-23,Paris-South,4K-Camera,4.0,1322.6012465615918
POS_00884,2024-08-14,Tokyo-Central,Falcon-Drone,1.0,1868.716449689393
POS_00885,2024-07-22,Tokyo-Central,4K-Camera,2.0,905.2048015030355
POS_00886,2024-12-18,NYC-East,Lithium-Cell,,1891.5940430632352
POS_00887,2024-08-24,Berlin-West,Signal-Booster,4.0,1454.9861310532979
POS_00888,2024-11-14,Paris-South,Landing-Gear,5.0,1827.1896654237062
POS_00889,2024-11-30,Tokyo-Central,Falcon-Drone,9.0,564.768210871342
POS_00890,2024-11-30,London-HQ,Lithium-Cell,7.0,231.8866107596969
POS_00891,2024-10-12,Paris-South,Landing-Gear,5.0,2202.989598103713
POS_00892,2024-08-10,Tokyo-Central,Signal-Booster,3.0,1700.7663627063487
POS_00893,2024-09-17,Paris-South,Signal-Booster,2.0,1767.134551698738
POS_00894,2024-11-16,NYC-East,Signal-Booster,2.0,1637.474113470052
POS_00895,2024-12-09,Tokyo-Central,Lithium-Cell,5.0,598.2693962920137
POS_00896,2024-12-24,London-HQ,Controller-Pro,2.0,2119.839418258261
POS_00897,2024-08-14,NYC-East,Controller-Pro,1.0,196.8614970653736
POS_00898,2024-12-26,Tokyo-Central,4K-Camera,7.0,295.64643753351413
POS_00899,2024-10-25,Berlin-West,Controller-Pro,6.0,1349.531117913028
POS_00900,2024-09-10,London-HQ,Signal-Booster,7.0,308.22019147621506
POS_00901,2024-11-21,NYC-East,4K-Camera,6.0,-84.96983904211356
POS_00902,2024-11-24,Paris-South,Falcon-Drone,5.0,2418.792385915403
POS_00903,2024-08-19,London-HQ,Falcon-Drone,7.0,380.7342980963522
POS_00904,2024-08-31,London-HQ,Falcon-Drone,9.0,1408.2385519216714
POS_00905,2024-07-05,Berlin-West,Signal-Booster,4.0,1832.9926231221866
POS_00906,2024-10-09,London-HQ,Landing-Gear,1.0,646.2702499711716
POS_00907,2024-09-28,Berlin-West,Landing-Gear,7.0,1848.1887595654496
POS_00908,2024-08-13,Berlin-West,Controller-Pro,6.0,2473.5569642236487
POS_00909,2024-09-14,Berlin-West,Falcon-Drone,3.0,288.3018253801189
POS_00910,2024-07-17,NYC-East,Controller-Pro,2.0,380.6974765842689
POS_00911,2024-10-12,NYC-East,Lithium-Cell,1.0,231.28293467576628
POS_00912,2024-12-27,Paris-South,Signal-Booster,6.0,1903.3906918465714
POS_00913,2024-10-01,Berlin-West,Controller-Pro,6.0,2986.723952665059
POS_00914,2024-11-30,London-HQ,Landing-Gear,5.0,1341.1800388387667
POS_00915,2024-12-12,Paris-South,4K-Camera,5.0,1354.0770167001488
POS_00916,2024-12-27,NYC-East,Controller-Pro,9.0,2135.8131451347463
POS_00917,2024-12-12,London-HQ,Signal-Booster,6.0,1317.0083022923386
POS_00918,2024-08-26,Paris-South,Controller-Pro,7.0,881.486523457511
POS_00919,2024-10-07,Tokyo-Central,Falcon-Drone,5.0,1951.7185831818397
POS_00920,2024-10-08,Berlin-West,4K-Camera,9.0,823.1497088594334
POS_00921,2024-09-16,Tokyo-Central,Falcon-Drone,7.0,2072.5109144619287
POS_00922,2024-09-07,Tokyo-Central,Landing-Gear,4.0,1352.4452055545912
POS_00923,2024-11-02,NYC-East,Signal-Booster,4.0,2103.5324236872857
POS_00924,2024-09-16,Paris-South,Lithium-Cell,7.0,2822.113191010996
POS_00925,2024-08-12,London-HQ,4K-Camera,4.0,2614.7362825481787
POS_00926,2024-09-18,Paris-South,Falcon-Drone,4.0,1702.5139360652709
POS_00927,2024-12-19,Berlin-West,Lithium-Cell,6.0,2738.0032950161317
POS_00928,2024-10-12,Tokyo-Central,Controller-Pro,6.0,917.6842005584846
POS_00929,2024-09-20,Paris-South,Landing-Gear,6.0,797.6288962802086
POS_00930,2024-11-25,Tokyo-Central,Signal-Booster,4.0,410.7174056944988
POS_00931,2024-10-24,Berlin-West,Controller-Pro,6.0,2128.7616628977053
POS_00932,2024-10-26,Paris-South,Controller-Pro,9.0,1453.1632153790483
POS_00933,2024-09-05,NYC-East,Signal-Booster,5.0,1751.7758194145376
POS_00934,2024-10-10,NYC-East,4K-Camera,8.0,436.8139908206974
POS_00935,2024-10-08,London-HQ,Landing-Gear,3.0,2491.0977790803568
POS_00936,2024-08-10,Tokyo-Central,Landing-Gear,7.0,1334.6864327749406
POS_00937,2024-11-12,NYC-East,Landing-Gear,3.0,464.5606768187042
POS_00938,2024-08-30,Berlin-West,Controller-Pro,8.0,702.0971622678107
POS_00939,2024-08-09,London-HQ,4K-Camera,4.0,1617.5774007309542
POS_00940,2024-07-26,Berlin-West,Landing-Gear,7.0,616.3862655043952
POS_00941,2024-08-29,Berlin-West,Controller-Pro,9.0,1497.235372105367
POS_00942,2024-09-16,Paris-South,Lithium-Cell,3.0,1289.3892107027893
POS_00943,2024-09-28,Paris-South,Falcon-Drone,2.0,2155.6555210009674
POS_00944,2024-11-23,Paris-South,Landing-Gear,4.0,2183.970341840933
POS_00945,2024-08-03,London-HQ,Lithium-Cell,4.0,726.3927411700811
POS_00946,2024-12-19,London-HQ,Falcon-Drone,6.0,1356.64697656167
POS_00947,2024-11-17,London-HQ,4K-Camera,2.0,2713.5364610025317
POS_00948,2024-10-10,NYC-East,Signal-Booster,5.0,2042.5802772091492
POS_00949,2024-10-21,Paris-South,Falcon-Drone,5.0,1771.0859911688697
POS_00950,2024-07-14,Tokyo-Central,Lithium-Cell,1.0,2621.9817225295424
POS_00951,2024-11-20,Paris-South,Landing-Gear,6.0,2524.7639457198493
POS_00952,2024-07-03,NYC-East,Landing-Gear,9.0,1900.5937014373537
POS_00953,2024-09-01,Paris-South,Lithium-Cell,7.0,2006.512673249856
POS_00954,2024-09-09,Tokyo-Central,4K-Camera,1.0,735.3063736567076
POS_00955,2024-11-12,Tokyo-Central,Landing-Gear,5.0,1775.6934469187438
POS_00956,2024-09-18,Berlin-West,4K-Camera,7.0,1182.8230967362178
POS_00957,2024-11-09,London-HQ,Landing-Gear,4.0,1110.814327486761
POS_00958,2024-11-22,Tokyo-Central,4K-Camera,6.0,334.0018436695046
POS_00959,2024-11-14,London-HQ,Landing-Gear,9.0,2142.7404992406123
POS_00960,2024-11-04,Paris-South,Lithium-Cell,2.0,675.0064997208927
POS_00961,2024-09-06,London-HQ,Landing-Gear,3.0,628.1473994131376
POS_00962,2024-08-16,Tokyo-Central,Lithium-Cell,7.0,485.03926452687176
POS_00963,2024-12-13,Berlin-West,Lithium-Cell,3.0,1904.7332425281033
POS_00964,2024-11-18,London-HQ,4K-Camera,2.0,475.2783600127059
POS_00965,2024-09-01,Paris-South,Signal-Booster,7.0,1884.4580268863535
POS_00966,2024-11-21,Paris-South,Falcon-Drone,6.0,948.2704279682841
POS_00967,2024-07-25,Tokyo-Central,Signal-Booster,5.0,1963.2394101665423
POS_00968,2024-07-27,Berlin-West,Controller-Pro,7.0,1643.0235109928221
POS_00969,2024-12-07,Tokyo-Central,Landing-Gear,1.0,1636.142422428182
POS_00970,2024-10-03,London-HQ,Signal-Booster,8.0,2270.5909335058877
POS_00971,2024-10-06,Berlin-West,4K-Camera,5.0,201.75691751134275
POS_00972,2024-12-15,Paris-South,Lithium-Cell,2.0,383.1975782002671
POS_00973,2024-11-12,Tokyo-Central,4K-Camera,1.0,1801.4103181384592
POS_00974,2024-10-08,Berlin-West,Landing-Gear,3.0,732.9323960456514
POS_00975,2024-11-28,Berlin-West,Lithium-Cell,3.0,774.5529897953904
POS_00976,2024-12-01,Tokyo-Central,Controller-Pro,3.0,2280.221071290148
POS_00977,2024-12-02,Paris-South,Signal-Booster,2.0,2218.1405524129655
POS_00978,2024-10-25,Paris-South,Signal-Booster,1.0,1261.088770776751
POS_00979,2024-09-05,NYC-East,Falcon-Drone,8.0,1746.664057977985
POS_00980,2024-08-06,Tokyo-Central,Falcon-Drone,8.0,2782.154095989091
POS_00981,2024-09-16,Tokyo-Central,Controller-Pro,4.0,129.77576745645675
POS_00982,2024-10-22,Tokyo-Central,Lithium-Cell,4.0,990.2069256322395
POS_00983,2024-12-27,London-HQ,Falcon-Drone,2.0,2588.015578689029
POS_00984,2024-07-05,Berlin-West,Landing-Gear,2.0,1179.677555065468
POS_00985,2024-07-26,Paris-South,Falcon-Drone,4.0,470.9840613723742
POS_00986,2024-07-28,Tokyo-Central,Signal-Booster,5.0,2163.6491071844002
POS_00987,2024-08-23,Berlin-West,4K-Camera,9.0,467.34063130507855
POS_00988,2024-07-01,Paris-South,4K-Camera,1.0,1120.470483797454
POS_00989,2024-07-07,Tokyo-Central,Signal-Booster,5.0,2566.4523633180092
POS_00990,2024-08-11,NYC-East,Signal-Booster,7.0,276.88374753507907
POS_00991,2024-12-04,NYC-East,Signal-Booster,2.0,1199.3783933038958
POS_00992,2024-07-05,Paris-South,Signal-Booster,,2446.3883467674063
POS_00993,2024-09-20,NYC-East,Falcon-Drone,7.0,2435.9417270145404
POS_00994,2024-11-23,Tokyo-Central,Falcon-Drone,7.0,2489.6847996121537
POS_00995,2024-07-15,London-HQ,Signal-Booster,6.0,1493.6575482904755
POS_00996,2024-11-03,London-HQ,Falcon-Drone,7.0,2955.6082947610957
POS_00997,2024-08-16,Paris-South,Falcon-Drone,2.0,1221.3838579073497
POS_00998,2024-12-08,NYC-East,Signal-Booster,8.0,2571.264722094873
POS_00999,2024-08-23,London-HQ,Controller-Pro,7.0,796.5369971141753
POS_01000,2024-07-16,Berlin-West,Landing-Gear,5.0,1735.937863155453
POS_01001,2024-07-19,NYC-East,Lithium-Cell,8.0,1201.9123605216414
POS_01002,2024-08-07,Berlin-West,Lithium-Cell,5.0,109.26129498680737
POS_01003,2024-12-26,London-HQ,Landing-Gear,8.0,262.1803036290829
POS_01004,2024-07-27,Paris-South,Lithium-Cell,2.0,106.63435894934625
POS_01005,2024-08-29,Berlin-West,Falcon-Drone,3.0,1194.506702219147
POS_01006,2024-10-06,London-HQ,4K-Camera,7.0,2258.512872604531
POS_01007,2024-07-12,Tokyo-Central,Landing-Gear,2.0,2142.618021198532
POS_01008,2024-11-15,Paris-South,Landing-Gear,4.0,1330.8359797634614
POS_01009,2024-07-06,London-HQ,Landing-Gear,8.0,863.206324309477
POS_01010,2024-09-04,Tokyo-Central,Signal-Booster,6.0,557.5455904319887
POS_01011,2024-12-18,Paris-South,4K-Camera,4.0,1878.3947997116986
POS_01012,2024-07-18,London-HQ,Landing-Gear,5.0,2555.452547187127
POS_01013,2024-10-04,Tokyo-Central,4K-Camera,6.0,1407.6508329948563
POS_01014,2024-07-11,Tokyo-Central,Landing-Gear,4.0,294.80052136574744
POS_01015,2024-10-20,Berlin-West,Falcon-Drone,2.0,1864.854000032416
POS_01016,2024-08-07,NYC-East,Controller-Pro,7.0,2226.9265516485034
POS_01017,2024-08-19,London-HQ,Controller-Pro,2.0,2134.9870099168656
POS_01018,2024-09-24,Paris-South,Landing-Gear,2.0,2506.407504824619
POS_01019,2024-10-23,Paris-South,Signal-Booster,7.0,2467.9847093766593
POS_01020,2024-08-03,NYC-East,Controller-Pro,,1323.3741499158648
POS_01021,2024-10-10,London-HQ,Landing-Gear,6.0,392.1826724647796
POS_01022,2024-09-20,NYC-East,Landing-Gear,4.0,243.8657088463571
POS_01023,2024-07-29,Paris-South,4K-Camera,3.0,1841.1748008546217
POS_01024,2024-09-08,Berlin-West,Signal-Booster,2.0,1345.6382955409765
POS_01025,2024-07-11,Tokyo-Central,4K-Camera,8.0,197.9808779762236
POS_01026,2024-08-16,Berlin-West,4K-Camera,1.0,2499.846923292294
POS_01027,2024-08-06,Tokyo-Central,4K-Camera,5.0,1394.284510671601
POS_01028,2024-10-18,London-HQ,4K-Camera,6.0,1137.73829568648
POS_01029,2024-12-09,Berlin-West,Lithium-Cell,1.0,2083.7155053368692
POS_01030,2024-08-07,Paris-South,4K-Camera,8.0,2842.046743669378
POS_01031,2024-09-17,Paris-South,Landing-Gear,5.0,622.8645408038116
POS_01032,2024-10-21,Paris-South,Lithium-Cell,1.0,-7.809412143752084
POS_01033,2024-09-06,Paris-South,Falcon-Drone,2.0,546.6840128786217
POS_01034,2024-09-18,NYC-East,Landing-Gear,3.0,2565.2387834040755
POS_01035,2024-08-26,NYC-East,Falcon-Drone,2.0,113.05724186159145
POS_01036,2024-09-03,Berlin-West,Lithium-Cell,3.0,2407.512758113288
POS_01037,2024-12-06,London-HQ,Landing-Gear,7.0,2332.088067667379
POS_01038,2024-07-29,London-HQ,Controller-Pro,2.0,1614.2562636711787
POS_01039,2024-11-16,Tokyo-Central,Falcon-Drone,5.0,404.76604028543125
POS_01040,2024-11-25,Paris-South,4K-Camera,6.0,1212.5965254583994
POS_01041,2024-10-01,NYC-East,Controller-Pro,2.0,235.43633469482023
POS_01042,2024-10-01,Tokyo-Central,Landing-Gear,4.0,1920.7460821741583
POS_01043,2024-07-01,Berlin-West,Falcon-Drone,,1920.0510820951679
POS_01044,2024-10-23,London-HQ,Falcon-Drone,9.0,37.77758382139848
POS_01045,2024-11-19,Tokyo-Central,4K-Camera,1.0,1107.1834036805628
POS_01046,2024-10-17,Paris-South,Lithium-Cell,4.0,1799.8025667154168
POS_01047,2024-08-11,Paris-South,4K-Camera,9.0,814.6308782250944
POS_01048,2024-08-14,Tokyo-Central,Lithium-Cell,3.0,630.0401920202224
POS_01049,2024-11-18,Paris-South,Falcon-Drone,5.0,2464.643333600711
POS_01050,2024-11-27,Berlin-West,4K-Camera,6.0,354.0283352816139
POS_01051,2024-09-24,NYC-East,Lithium-Cell,5.0,2954.448866243039
POS_01052,2024-11-07,NYC-East,4K-Camera,4.0,2548.922274672477
POS_01053,2024-08-16,Paris-South,Falcon-Drone,7.0,93.22449983002
POS_01054,2024-11-03,Paris-South,Signal-Booster,6.0,2682.091478511645
POS_01055,2024-09-20,Paris-South,Landing-Gear,7.0,2696.2036095383255
POS_01056,2024-12-07,NYC-East,Controller-Pro,1.0,2150.8405675793238
POS_01057,2024-08-05,Tokyo-Central,Landing-Gear,9.0,1750.4754961418741
POS_01058,2024-07-17,Berlin-West,4K-Camera,9.0,2962.008373636919
POS_01059,2024-08-21,Berlin-West,4K-Camera,2.0,2365.501735949181
POS_01060,2024-11-17,Paris-South,Falcon-Drone,8.0,-1.009351835394483
POS_01061,2024-08-03,Paris-South,Lithium-Cell,9.0,2352.46685922554
POS_01062,2024-09-23,NYC-East,Controller-Pro,,1056.9508259554752
POS_01063,2024-12-25,Paris-South,Signal-Booster,4.0,1872.4212427351358
POS_01064,2024-11-28,Paris-South,Falcon-Drone,4.0,968.1496321718805
POS_01065,2024-08-09,Berlin-West,Landing-Gear,8.0,2238.586019698718
POS_01066,2024-12-06,Berlin-West,4K-Camera,5.0,2104.227926608398
POS_01067,2024-09-25,London-HQ,Landing-Gear,3.0,2262.442494951412
POS_01068,2024-11-09,Berlin-West,4K-Camera,6.0,1795.3383106789415
POS_01069,2024-11-25,London-HQ,4K-Camera,7.0,769.8427536050131
POS_01070,2024-11-12,Tokyo-Central,Landing-Gear,4.0,1482.4455993269842
POS_01071,2024-12-13,Berlin-West,Controller-Pro,3.0,1865.7074344805399
POS_01072,2024-10-27,NYC-East,4K-Camera,8.0,1147.915876078006
POS_01073,2024-12-13,Tokyo-Central,Landing-Gear,8.0,291.9748563090579
POS_01074,2024-11-23,Berlin-West,Falcon-Drone,3.0,231.68183381743398
POS_01075,2024-08-18,London-HQ,4K-Camera,1.0,2490.6177972176647
POS_01076,2024-07-13,London-HQ,Falcon-Drone,4.0,2010.1011515135801
POS_01077,2024-12-16,Berlin-West,Falcon-Drone,4.0,1092.9862936311517
POS_01078,2024-10-25,Berlin-West,Lithium-Cell,5.0,1268.000737097317
POS_01079,2024-07-09,Tokyo-Central,Falcon-Drone,5.0,964.0407948223633
POS_01080,2024-08-09,London-HQ,Controller-Pro,6.0,2552.4316586303394
POS_01081,2024-08-08,NYC-East,Falcon-Drone,6.0,202.94865330079642
POS_01082,2024-08-09,Tokyo-Central,Lithium-Cell,8.0,340.6606698336889
POS_01083,2024-12-23,Paris-South,Controller-Pro,5.0,1984.515839702461
POS_01084,2024-10-14,Berlin-West,Lithium-Cell,1.0,-95.58504696909647
POS_01085,2024-07-31,NYC-East,4K-Camera,1.0,2827.7684551233306
POS_01086,2024-08-04,Berlin-West,Landing-Gear,6.0,1558.347280180636
POS_01087,2024-07-25,Tokyo-Central,Landing-Gear,4.0,2406.96590507452
POS_01088,2024-10-03,Tokyo-Central,Falcon-Drone,5.0,411.10214882177695
POS_01089,2024-09-14,Tokyo-Central,Falcon-Drone,8.0,2108.8912384032838
POS_01090,2024-08-20,Tokyo-Central,Lithium-Cell,2.0,902.3591466921856
POS_01091,2024-12-07,Berlin-West,4K-Camera,7.0,496.1795396504849
POS_01092,2024-09-17,Paris-South,Falcon-Drone,6.0,-63.250448429424445
POS_01093,2024-09-15,NYC-East,Lithium-Cell,6.0,312.9065493941704
POS_01094,2024-12-10,Tokyo-Central,Falcon-Drone,2.0,699.6950900329698
POS_01095,2024-10-30,Paris-South,Signal-Booster,4.0,451.48007669764434
POS_01096,2024-09-18,NYC-East,Landing-Gear,2.0,2833.3669163575114
POS_01097,2024-10-01,London-HQ,Controller-Pro,8.0,1926.107108706628
POS_01098,2024-12-20,Paris-South,Lithium-Cell,7.0,67.75460993843416
POS_01099,2024-09-22,NYC-East,4K-Camera,4.0,1799.8843981420075
POS_01100,2024-09-27,London-HQ,Signal-Booster,9.0,1807.9338630464879
POS_01101,2024-08-08,London-HQ,Controller-Pro,4.0,2931.2335127568563
POS_01102,2024-09-29,Paris-South,Landing-Gear,8.0,1049.921292903075
POS_01103,2024-07-02,Paris-South,Controller-Pro,3.0,585.8601420207627
POS_01104,2024-12-09,Berlin-West,Lithium-Cell,4.0,1623.199323185855
POS_01105,2024-12-19,Tokyo-Central,Falcon-Drone,6.0,-67.79521934496486
POS_01106,2024-12-27,Tokyo-Central,Controller-Pro,9.0,325.77244882345013
POS_01107,2024-12-07,London-HQ,Landing-Gear,5.0,1484.6301381331104
POS_01108,2024-11-05,Paris-South,Lithium-Cell,9.0,1602.9358793499246
POS_01109,2024-09-02,Paris-South,Controller-Pro,2.0,1113.8718165769087
POS_01110,2024-11-05,NYC-East,Signal-Booster,3.0,2002.7547644500187
POS_01111,2024-11-20,Berlin-West,Lithium-Cell,2.0,1131.2639462416055
POS_01112,2024-08-03,London-HQ,4K-Camera,9.0,2422.486111354305
POS_01113,2024-09-27,Paris-South,Falcon-Drone,7.0,23.84836815243675
POS_01114,2024-11-26,Tokyo-Central,4K-Camera,,1636.075269893592
POS_01115,2024-08-09,Tokyo-Central,Lithium-Cell,6.0,604.5570121736451
POS_01116,2024-09-25,London-HQ,Landing-Gear,3.0,887.7732185847331
POS_01117,2024-07-01,Berlin-West,Controller-Pro,3.0,1084.1610263595855
POS_01118,2024-07-22,Paris-South,Falcon-Drone,6.0,2297.265307438349
POS_01119,2024-12-08,Tokyo-Central,Landing-Gear,6.0,978.6303247524579
POS_01120,2024-09-17,NYC-East,Signal-Booster,,551.0436703014883
POS_01121,2024-10-18,Tokyo-Central,Falcon-Drone,9.0,1451.0668064538697
POS_01122,2024-11-11,Paris-South,Falcon-Drone,7.0,1034.7278592488801
POS_01123,2024-12-07,Berlin-West,Signal-Booster,7.0,2415.932384089247
POS_01124,2024-11-22,NYC-East,4K-Camera,5.0,2246.587671419532
POS_01125,2024-09-05,Tokyo-Central,Landing-Gear,9.0,460.4792855093898
POS_01126,2024-09-25,Berlin-West,Falcon-Drone,9.0,2844.8970735701278
POS_01127,2024-12-06,Tokyo-Central,Controller-Pro,2.0,80.34775264527664
POS_01128,2024-12-18,London-HQ,Lithium-Cell,2.0,2467.7204283855863
POS_01129,2024-09-15,Paris-South,Controller-Pro,8.0,1324.5133383004659
POS_01130,2024-12-24,NYC-East,Controller-Pro,2.0,1315.8517972828465
POS_01131,2024-09-30,NYC-East,Falcon-Drone,8.0,1824.3124518239003
POS_01132,2024-10-11,Berlin-West,Lithium-Cell,6.0,250.2673039927766
POS_01133,2024-07-19,London-HQ,Controller-Pro,9.0,-19.033125570357413
POS_01134,2024-10-16,NYC-East,Signal-Booster,9.0,1542.1191431652649
POS_01135,2024-08-03,Berlin-West,4K-Camera,5.0,2223.996058534059
POS_01136,2024-07-23,Paris-South,Controller-Pro,4.0,627.7539848408611
POS_01137,2024-11-30,Tokyo-Central,Lithium-Cell,2.0,2164.6888713854732
POS_01138,2024-08-06,London-HQ,Falcon-Drone,7.0,1433.9339763015232
POS_01139,2024-08-15,Tokyo-Central,Falcon-Drone,7.0,-73.32249710220276
POS_01140,2024-09-21,Berlin-West,Lithium-Cell,9.0,2755.513611874008
POS_01141,2024-12-22,Paris-South,Lithium-Cell,3.0,1621.176794317759
POS_01142,2024-12-16,Berlin-West,Landing-Gear,2.0,1945.4969898978163
POS_01143,2024-09-12,Paris-South,Lithium-Cell,8.0,2923.403838363523
POS_01144,2024-08-16,NYC-East,Falcon-Drone,6.0,166.17307968490866
POS_01145,2024-08-31,NYC-East,Signal-Booster,3.0,-91.9978315687379
POS_01146,2024-12-03,Paris-South,Falcon-Drone,2.0,2835.188016374116
POS_01147,2024-12-17,Paris-South,Signal-Booster,8.0,2822.375604771792
POS_01148,2024-11-17,Tokyo-Central,Falcon-Drone,1.0,476.5259265901817
POS_01149,2024-09-27,Berlin-West,4K-Camera,9.0,2292.364391240716
POS_01150,2024-08-29,Tokyo-Central,Controller-Pro,,2630.073041789885
POS_01151,2024-07-22,Tokyo-Central,Controller-Pro,4.0,1279.93367500751
POS_01152,2024-12-24,NYC-East,Controller-Pro,,52.19037768221028
POS_01153,2024-09-02,Berlin-West,Landing-Gear,8.0,687.1023595440199
POS_01154,2024-08-22,Berlin-West,Signal-Booster,8.0,405.1749707921163
POS_01155,2024-07-27,Paris-South,Controller-Pro,6.0,504.222940722667
POS_01156,2024-11-11,London-HQ,Landing-Gear,1.0,2884.369013835564
POS_01157,2024-08-30,Paris-South,Signal-Booster,5.0,2252.415095612425
POS_01158,2024-07-06,Tokyo-Central,4K-Camera,8.0,1179.64109208057
POS_01159,2024-08-10,Paris-South,Landing-Gear,,277.4917481034961
POS_01160,2024-12-23,Tokyo-Central,Signal-Booster,2.0,612.7990241570575
POS_01161,2024-10-06,Berlin-West,Controller-Pro,7.0,1525.4080905183798
POS_01162,2024-11-06,Tokyo-Central,Controller-Pro,2.0,1402.7791973656729
POS_01163,2024-11-20,London-HQ,Lithium-Cell,2.0,-16.429272402827877
POS_01164,2024-09-19,London-HQ,Signal-Booster,9.0,1393.7150768880133
POS_01165,2024-07-10,Berlin-West,4K-Camera,,1425.4139573662742
POS_01166,2024-09-07,Paris-South,Signal-Booster,3.0,255.8114947652337
POS_01167,2024-11-17,Berlin-West,Landing-Gear,3.0,2441.8919041088075
POS_01168,2024-09-02,London-HQ,Falcon-Drone,7.0,2050.1008002404187
POS_01169,2024-12-24,London-HQ,Signal-Booster,2.0,645.8670867520116
POS_01170,2024-07-07,Tokyo-Central,Falcon-Drone,4.0,590.859705034465
POS_01171,2024-11-11,NYC-East,Lithium-Cell,3.0,2969.177171920018
POS_01172,2024-11-16,Paris-South,Controller-Pro,1.0,2000.8329548083998
POS_01173,2024-11-01,Paris-South,Landing-Gear,4.0,2092.8913008029476
POS_01174,2024-08-10,Paris-South,4K-Camera,2.0,132.2166964663322
POS_01175,2024-10-04,Tokyo-Central,Lithium-Cell,2.0,555.5137693962303
POS_01176,2024-07-30,Berlin-West,Landing-Gear,6.0,2281.0268821069917
POS_01177,2024-08-19,Berlin-West,Signal-Booster,9.0,2897.1389450095235
POS_01178,2024-07-25,London-HQ,Signal-Booster,4.0,623.5973710281588
POS_01179,2024-10-13,NYC-East,4K-Camera,5.0,-68.10508540725795
POS_01180,2024-08-16,Paris-South,Signal-Booster,6.0,123.71621294633164
POS_01181,2024-12-02,London-HQ,Controller-Pro,3.0,2642.551702243713
POS_01182,2024-09-17,Berlin-West,Controller-Pro,7.0,1914.823868051504
POS_01183,2024-12-02,Tokyo-Central,Signal-Booster,8.0,2704.3428670401336
POS_01184,2024-12-08,NYC-East,4K-Camera,3.0,1383.4850193835118
POS_01185,2024-08-24,London-HQ,Falcon-Drone,2.0,2415.150970653147
POS_01186,2024-10-29,NYC-East,4K-Camera,7.0,1506.2110812386418
POS_01187,2024-07-22,NYC-East,Signal-Booster,2.0,1371.3691929755787
POS_01188,2024-09-24,Tokyo-Central,Controller-Pro,5.0,2188.0836848489653
POS_01189,2024-07-02,London-HQ,Falcon-Drone,1.0,2329.016903785035
POS_01190,2024-12-12,Paris-South,Landing-Gear,7.0,723.6683979436293
POS_01191,2024-12-21,Berlin-West,Falcon-Drone,8.0,2246.5559703558824
POS_01192,2024-12-05,London-HQ,Controller-Pro,2.0,472.42238937291097
POS_01193,2024-09-25,Paris-South,Falcon-Drone,4.0,1717.230089826425
POS_01194,2024-08-03,Tokyo-Central,Controller-Pro,1.0,796.1394308596
POS_01195,2024-09-05,NYC-East,Controller-Pro,8.0,1188.0534599561574
POS_01196,2024-11-27,Berlin-West,Lithium-Cell,5.0,417.8952130600421
POS_01197,2024-07-24,Berlin-West,Controller-Pro,5.0,512.6168202908852
POS_01198,2024-12-24,Berlin-West,Lithium-Cell,5.0,1226.8831794897105
POS_01199,2024-07-24,Paris-South,Lithium-Cell,9.0,2546.0215085594164
POS_01200,2024-11-24,NYC-East,Controller-Pro,3.0,2663.3852602332245
POS_01201,2024-08-19,London-HQ,Lithium-Cell,6.0,2048.2441871773963
POS_01202,2024-08-06,London-HQ,Controller-Pro,2.0,1478.0105792967702
POS_01203,2024-09-05,London-HQ,4K-Camera,8.0,1159.5590433242987
POS_01204,2024-10-22,Tokyo-Central,Controller-Pro,8.0,1666.0358122722812
POS_01205,2024-10-27,Paris-South,Falcon-Drone,8.0,358.2758775764551
POS_01206,2024-11-17,Paris-South,Lithium-Cell,6.0,1903.4144590742324
POS_01207,2024-10-24,NYC-East,Landing-Gear,8.0,1186.1275871081916
POS_01208,2024-07-29,Paris-South,Landing-Gear,1.0,2402.863261518851
POS_01209,2024-12-15,Paris-South,Lithium-Cell,7.0,2323.48771064281
POS_01210,2024-07-04,Berlin-West,Lithium-Cell,9.0,592.8895622281345
POS_01211,2024-08-27,London-HQ,Signal-Booster,8.0,1915.57889635625
POS_01212,2024-11-19,Tokyo-Central,Falcon-Drone,8.0,1558.7664303695287
POS_01213,2024-10-28,Berlin-West,Controller-Pro,9.0,1375.8404229320083
POS_01214,2024-10-14,London-HQ,Falcon-Drone,5.0,81.26334298676076
POS_01215,2024-08-30,NYC-East,Controller-Pro,5.0,2973.3560952161656
POS_01216,2024-11-23,London-HQ,Lithium-Cell,6.0,2816.440063389306
POS_01217,2024-10-02,Berlin-West,Falcon-Drone,4.0,2614.4332627660747
POS_01218,2024-07-21,Tokyo-Central,Signal-Booster,3.0,2720.0837969805466
POS_01219,2024-11-23,Berlin-West,Falcon-Drone,3.0,1099.4238789997369
POS_01220,2024-12-07,Paris-South,Landing-Gear,9.0,2497.900065783195
POS_01221,2024-10-08,NYC-East,Falcon-Drone,9.0,2016.9578331653452
POS_01222,2024-12-01,Paris-South,4K-Camera,9.0,2226.578531274627
POS_01223,2024-07-18,Tokyo-Central,Falcon-Drone,6.0,380.6732362507348
POS_01224,2024-08-31,NYC-East,Controller-Pro,4.0,1514.9033930450994
POS_01225,2024-08-09,London-HQ,Landing-Gear,2.0,433.23936047365305
POS_01226,2024-08-07,NYC-East,Controller-Pro,5.0,2574.5159440855423
POS_01227,2024-11-07,Tokyo-Central,Falcon-Drone,1.0,1964.791146893343
POS_01228,2024-07-22,Tokyo-Central,Lithium-Cell,2.0,2021.0216956016861
POS_01229,2024-08-14,Paris-South,Falcon-Drone,6.0,957.2411616526631
POS_01230,2024-09-30,London-HQ,Signal-Booster,3.0,2576.2410291842248
POS_01231,2024-08-05,NYC-East,Falcon-Drone,7.0,1123.3357978976037
POS_01232,2024-07-30,Tokyo-Central,Landing-Gear,7.0,2527.600928865342
POS_01233,2024-09-04,Berlin-West,4K-Camera,8.0,1065.798440801
POS_01234,2024-10-07,London-HQ,Signal-Booster,,1400.38214768757
POS_01235,2024-10-16,Tokyo-Central,Landing-Gear,6.0,599.1770198042086
POS_01236,2024-07-03,NYC-East,Landing-Gear,9.0,495.3198547437423
POS_01237,2024-08-20,Paris-South,4K-Camera,9.0,1748.9044364529457
POS_01238,2024-10-25,Tokyo-Central,Controller-Pro,5.0,1797.961446216544
POS_01239,2024-12-01,Tokyo-Central,Signal-Booster,3.0,2747.2124647534442
POS_01240,2024-10-11,Paris-South,Signal-Booster,6.0,2237.4637386362942
POS_01241,2024-11-25,NYC-East,Lithium-Cell,8.0,2464.137956576598
POS_01242,2024-10-18,Tokyo-Central,Landing-Gear,5.0,238.47765279699206
POS_01243,2024-12-06,Paris-South,Signal-Booster,9.0,372.1391694171708
POS_01244,2024-10-14,NYC-East,4K-Camera,3.0,1359.9627336079716
POS_01245,2024-10-13,Berlin-West,4K-Camera,7.0,2226.429666911065
POS_01246,2024-09-02,Berlin-West,Landing-Gear,7.0,2498.509477025024
POS_01247,2024-07-10,Paris-South,Signal-Booster,8.0,1567.3023557475653
POS_01248,2024-12-09,Paris-South,Landing-Gear,2.0,891.7594574823975
POS_01249,2024-08-04,London-HQ,Controller-Pro,4.0,1039.267106191422
POS_01250,2024-07-13,Berlin-West,Signal-Booster,7.0,1800.8847625835504
POS_01251,2024-09-02,Tokyo-Central,Falcon-Drone,4.0,1812.2852251260047
POS_01252,2024-08-31,NYC-East,Signal-Booster,7.0,305.9198885070877
POS_01253,2024-10-26,Tokyo-Central,4K-Camera,6.0,462.9621488053533
POS_01254,2024-08-12,London-HQ,Signal-Booster,9.0,2101.3061425795568
POS_01255,2024-11-29,London-HQ,Signal-Booster,,2363.4266454092326
POS_01256,2024-10-02,NYC-East,Landing-Gear,7.0,1536.0343682218383
POS_01257,2024-07-01,London-HQ,Lithium-Cell,,2701.747906844577
POS_01258,2024-09-17,Berlin-West,Controller-Pro,8.0,370.83258634251763
POS_01259,2024-07-18,Paris-South,Falcon-Drone,2.0,2487.6351937768413
POS_01260,2024-10-10,Berlin-West,Landing-Gear,9.0,1402.9160368703663
POS_01261,2024-09-02,London-HQ,Falcon-Drone,2.0,2960.05342870268
POS_01262,2024-07-27,Paris-South,4K-Camera,5.0,2363.8262212558147
POS_01263,2024-09-05,Paris-South,Falcon-Drone,4.0,1833.1403619939133
POS_01264,2024-08-19,NYC-East,Lithium-Cell,4.0,2905.003081456772
POS_01265,2024-09-05,NYC-East,Lithium-Cell,3.0,689.061905520836
POS_01266,2024-10-22,Tokyo-Central,Lithium-Cell,2.0,335.7961552168255
POS_01267,2024-07-02,Tokyo-Central,4K-Camera,3.0,1826.5729042479752
POS_01268,2024-11-14,Berlin-West,Lithium-Cell,3.0,2234.953391712963
POS_01269,2024-11-13,Berlin-West,Landing-Gear,2.0,2739.1329264818505
POS_01270,2024-08-01,Tokyo-Central,Landing-Gear,7.0,988.8086082025568
POS_01271,2024-07-24,Tokyo-Central,Lithium-Cell,4.0,112.07760198690687
POS_01272,2024-08-11,Paris-South,Landing-Gear,9.0,604.1765494495711
POS_01273,2024-08-29,Paris-South,Signal-Booster,8.0,2946.6861896921614
POS_01274,2024-10-26,NYC-East,Falcon-Drone,8.0,2924.978913916105
POS_01275,2024-12-11,Tokyo-Central,4K-Camera,5.0,2679.681457077118
POS_01276,2024-10-02,London-HQ,Lithium-Cell,3.0,1782.611834441366
POS_01277,2024-08-23,NYC-East,4K-Camera,7.0,62.42479191852067
POS_01278,2024-11-29,Paris-South,Controller-Pro,2.0,1470.522508188708
POS_01279,2024-12-08,Tokyo-Central,Lithium-Cell,3.0,2301.342597369382
POS_01280,2024-12-12,Paris-South,Lithium-Cell,2.0,2262.4200467121104
POS_01281,2024-08-17,Paris-South,Landing-Gear,6.0,2198.4090119888456
POS_01282,2024-09-11,Berlin-West,Controller-Pro,3.0,343.2526764669639
POS_01283,2024-12-09,Tokyo-Central,Signal-Booster,3.0,1846.0866211166895
POS_01284,2024-12-16,Tokyo-Central,Falcon-Drone,4.0,1892.0143247317128
POS_01285,2024-08-26,Paris-South,Landing-Gear,8.0,261.8549004962658
POS_01286,2024-12-22,London-HQ,Controller-Pro,5.0,1791.9402342674318
POS_01287,2024-07-27,Paris-South,Signal-Booster,1.0,1037.0296562287906
POS_01288,2024-12-15,Tokyo-Central,Lithium-Cell,2.0,126.24643482949796
POS_01289,2024-07-07,Paris-South,4K-Camera,9.0,1526.1608927191005
POS_01290,2024-07-13,Tokyo-Central,Controller-Pro,6.0,64.93631701010503
POS_01291,2024-10-06,Berlin-West,Signal-Booster,7.0,840.015636347929
POS_01292,2024-12-04,Berlin-West,Signal-Booster,9.0,209.81987552866286
POS_01293,2024-07-18,NYC-East,Controller-Pro,2.0,2872.4742521775725
POS_01294,2024-08-06,Berlin-West,Controller-Pro,9.0,1994.8901308092259
POS_01295,2024-07-22,Tokyo-Central,Landing-Gear,4.0,544.4820464775889
POS_01296,2024-08-27,London-HQ,Falcon-Drone,7.0,1100.4247798463339
POS_01297,2024-07-10,Paris-South,4K-Camera,6.0,2242.399980207765
POS_01298,2024-07-14,Tokyo-Central,Signal-Booster,8.0,2317.6826665553353
POS_01299,2024-08-06,London-HQ,4K-Camera,1.0,1173.7487821212262
POS_01300,2024-08-22,London-HQ,Falcon-Drone,9.0,458.9707726324177
POS_01301,2024-12-27,London-HQ,Falcon-Drone,4.0,2167.399715189998
POS_01302,2024-09-07,Paris-South,Signal-Booster,2.0,1285.949663208476
POS_01303,2024-08-25,Paris-South,Signal-Booster,7.0,1192.287559706656
POS_01304,2024-08-07,Berlin-West,Landing-Gear,6.0,161.345648714184
POS_01305,2024-09-28,Tokyo-Central,Falcon-Drone,9.0,1016.6368088835504
POS_01306,2024-07-24,Berlin-West,Controller-Pro,9.0,147.1700146898457
POS_01307,2024-12-06,London-HQ,Lithium-Cell,2.0,1245.406429164594
POS_01308,2024-07-25,Paris-South,Signal-Booster,9.0,1049.7231169147997
POS_01309,2024-12-16,London-HQ,Signal-Booster,2.0,900.5384433372668
POS_01310,2024-07-08,NYC-East,Lithium-Cell,8.0,1581.1204192721161
POS_01311,2024-08-26,NYC-East,Falcon-Drone,4.0,2248.566830913566
POS_01312,2024-08-22,London-HQ,Falcon-Drone,3.0,2476.528427224182
POS_01313,2024-07-16,Tokyo-Central,Lithium-Cell,5.0,55.60283022279509
POS_01314,2024-12-08,NYC-East,Landing-Gear,3.0,415.8869257759584
POS_01315,2024-12-16,Berlin-West,Landing-Gear,2.0,648.581428299134
POS_01316,2024-07-24,Berlin-West,Landing-Gear,7.0,2384.582673067163
POS_01317,2024-11-29,Tokyo-Central,4K-Camera,7.0,1341.9525689714285
POS_01318,2024-07-28,London-HQ,4K-Camera,,297.76542923427684
POS_01319,2024-09-16,Berlin-West,4K-Camera,8.0,1874.3594501247264
POS_01320,2024-08-05,Berlin-West,Signal-Booster,9.0,1037.2371274585792
POS_01321,2024-07-09,NYC-East,Signal-Booster,6.0,956.9125235927363
POS_01322,2024-11-18,Berlin-West,Signal-Booster,6.0,652.3698861455825
POS_01323,2024-11-27,NYC-East,Landing-Gear,3.0,700.1887682943387
POS_01324,2024-12-23,Paris-South,Lithium-Cell,3.0,215.4760317008276
POS_01325,2024-09-06,Tokyo-Central,Landing-Gear,5.0,1056.335029946635
POS_01326,2024-11-14,Berlin-West,Falcon-Drone,8.0,586.0675806277376
POS_01327,2024-07-23,Berlin-West,Controller-Pro,2.0,1924.180297616217
POS_01328,2024-08-19,Paris-South,Landing-Gear,9.0,450.8525420452278
POS_01329,2024-11-18,Tokyo-Central,Landing-Gear,3.0,886.957401890014
POS_01330,2024-11-20,NYC-East,Lithium-Cell,8.0,626.8577942102378
POS_01331,2024-12-03,London-HQ,4K-Camera,9.0,2685.184401579568
POS_01332,2024-09-11,Tokyo-Central,4K-Camera,9.0,1161.8640698287772
POS_01333,2024-08-24,Berlin-West,Controller-Pro,8.0,1834.51460751878
POS_01334,2024-08-08,London-HQ,Signal-Booster,,1899.7537900423324
POS_01335,2024-11-06,Paris-South,Signal-Booster,6.0,2405.3190897163454
POS_01336,2024-12-07,NYC-East,4K-Camera,1.0,1011.834295158859
POS_01337,2024-11-12,London-HQ,Signal-Booster,5.0,1281.4494392359125
POS_01338,2024-11-16,Berlin-West,4K-Camera,6.0,1747.1890772601218
POS_01339,2024-10-29,Tokyo-Central,4K-Camera,9.0,1928.1674897928792
POS_01340,2024-11-10,Berlin-West,Lithium-Cell,2.0,384.0655155568562
POS_01341,2024-10-07,Berlin-West,4K-Camera,3.0,1441.878038071041
POS_01342,2024-12-23,London-HQ,Falcon-Drone,6.0,2629.780858119585
POS_01343,2024-09-02,Berlin-West,Signal-Booster,5.0,626.1979647882963
POS_01344,2024-07-11,NYC-East,4K-Camera,6.0,2105.9158515613794
POS_01345,2024-09-24,London-HQ,Falcon-Drone,1.0,787.4188784623987
POS_01346,2024-08-14,London-HQ,4K-Camera,2.0,904.8715082788813
POS_01347,2024-08-24,Tokyo-Central,Controller-Pro,1.0,1510.5506326056782
POS_01348,2024-11-21,NYC-East,Controller-Pro,1.0,256.9886377467057
POS_01349,2024-09-26,Berlin-West,4K-Camera,6.0,1849.0921925382472
POS_01350,2024-09-22,Berlin-West,Controller-Pro,5.0,148.67594392310642
POS_01351,2024-08-18,Berlin-West,Lithium-Cell,4.0,940.2010855913677
POS_01352,2024-09-03,NYC-East,Lithium-Cell,3.0,1003.3774944691852
POS_01353,2024-09-17,Tokyo-Central,Controller-Pro,2.0,780.8274523663267
POS_01354,2024-11-25,Paris-South,Controller-Pro,9.0,-98.20027534950782
POS_01355,2024-10-27,Tokyo-Central,4K-Camera,7.0,642.8800505471281
POS_01356,2024-08-23,Berlin-West,Lithium-Cell,7.0,2459.7609726434216
POS_01357,2024-08-15,Berlin-West,Signal-Booster,8.0,1974.645431050792
POS_01358,2024-10-07,London-HQ,Lithium-Cell,9.0,995.6992782895811
POS_01359,2024-09-04,NYC-East,Signal-Booster,4.0,2695.2616718389036
POS_01360,2024-11-03,Berlin-West,4K-Camera,1.0,2202.687896060856
POS_01361,2024-11-21,Tokyo-Central,Lithium-Cell,4.0,2794.521848293554
POS_01362,2024-07-22,Tokyo-Central,Landing-Gear,8.0,2510.397721400111
POS_01363,2024-12-12,NYC-East,Controller-Pro,4.0,1657.755417493052
POS_01364,2024-09-17,Paris-South,Landing-Gear,4.0,139.15749441549735
POS_01365,2024-08-27,London-HQ,Lithium-Cell,7.0,568.3454199999136
POS_01366,2024-11-19,London-HQ,4K-Camera,7.0,2566.4293189533637
POS_01367,2024-07-17,Berlin-West,Signal-Booster,1.0,2661.171894751622
POS_01368,2024-12-14,Berlin-West,Landing-Gear,8.0,1285.4435406721086
POS_01369,2024-11-19,Berlin-West,Falcon-Drone,4.0,471.1651825102567
POS_01370,2024-11-11,London-HQ,4K-Camera,9.0,1258.9579145987602
POS_01371,2024-11-06,Tokyo-Central,Lithium-Cell,1.0,43.23335631271621
POS_01372,2024-10-24,Paris-South,Landing-Gear,7.0,106.71865213703958
POS_01373,2024-09-13,Berlin-West,Controller-Pro,8.0,-91.98210901217725
POS_01374,2024-07-18,Tokyo-Central,Landing-Gear,5.0,2680.865871583464
POS_01375,2024-08-30,Tokyo-Central,Signal-Booster,9.0,2882.528150169788
POS_01376,2024-08-25,Berlin-West,Signal-Booster,3.0,2511.841175102702
POS_01377,2024-07-28,Tokyo-Central,Signal-Booster,9.0,1858.1662295915298
POS_01378,2024-07-17,Paris-South,Landing-Gear,3.0,2163.7393790122183
POS_01379,2024-10-20,Paris-South,Landing-Gear,3.0,976.9100737872998
POS_01380,2024-11-10,Tokyo-Central,Signal-Booster,8.0,175.21753077560157
POS_01381,2024-12-25,Berlin-West,Lithium-Cell,2.0,2768.2508597025662
POS_01382,2024-07-08,London-HQ,Landing-Gear,4.0,1092.8715606094463
POS_01383,2024-07-30,London-HQ,Signal-Booster,9.0,1036.0692235044944
POS_01384,2024-10-25,London-HQ,Falcon-Drone,8.0,2679.2246947791496
POS_01385,2024-08-20,NYC-East,Signal-Booster,4.0,2942.097711572633
POS_01386,2024-07-15,London-HQ,4K-Camera,7.0,1780.566230906446
POS_01387,2024-08-26,London-HQ,Controller-Pro,5.0,2136.1667251538224
POS_01388,2024-12-08,London-HQ,4K-Camera,5.0,601.2284846159688
POS_01389,2024-12-01,Paris-South,Controller-Pro,9.0,396.0677780348051
POS_01390,2024-07-09,London-HQ,Falcon-Drone,3.0,1211.3506857773623
POS_01391,2024-12-27,Paris-South,Landing-Gear,9.0,1927.19826785124
POS_01392,2024-09-22,Tokyo-Central,Landing-Gear,6.0,2912.3499831467716
POS_01393,2024-07-16,Tokyo-Central,Controller-Pro,7.0,2396.783870510157
POS_01394,2024-07-06,Paris-South,Landing-Gear,2.0,1429.4134778565358
POS_01395,2024-11-19,Tokyo-Central,4K-Camera,8.0,983.0535220482061
POS_01396,2024-11-07,Berlin-West,Falcon-Drone,9.0,1581.1660807462692
POS_01397,2024-08-20,London-HQ,Landing-Gear,5.0,1115.0584381077197
POS_01398,2024-08-12,Tokyo-Central,Landing-Gear,5.0,1275.5430348517373
POS_01399,2024-11-29,NYC-East,Controller-Pro,4.0,-38.590973789400664
POS_01400,2024-08-08,London-HQ,Signal-Booster,6.0,1252.86519565633
POS_01401,2024-07-19,London-HQ,Controller-Pro,6.0,2784.047016994556
POS_01402,2024-08-21,Paris-South,Lithium-Cell,4.0,1840.3007325841265
POS_01403,2024-12-19,Tokyo-Central,4K-Camera,4.0,2219.8780638682574
POS_01404,2024-11-23,Paris-South,Landing-Gear,9.0,1417.3698943546613
POS_01405,2024-08-12,Paris-South,Controller-Pro,3.0,435.69893455241186
POS_01406,2024-08-29,Tokyo-Central,Landing-Gear,9.0,930.4291726600957
POS_01407,2024-09-29,Berlin-West,Lithium-Cell,2.0,1353.6835638767081
POS_01408,2024-11-04,Tokyo-Central,Falcon-Drone,5.0,1484.4976868898939
POS_01409,2024-10-09,NYC-East,4K-Camera,1.0,1865.3222097618602
POS_01410,2024-09-01,Paris-South,Controller-Pro,7.0,2366.7685496438985
POS_01411,2024-10-21,NYC-East,Lithium-Cell,9.0,1953.562553474303
POS_01412,2024-07-28,Paris-South,Falcon-Drone,7.0,1392.5101948763033
POS_01413,2024-10-28,London-HQ,Landing-Gear,5.0,1664.0284821339199
POS_01414,2024-12-11,Berlin-West,Lithium-Cell,8.0,-67.20433780389303
POS_01415,2024-12-14,Tokyo-Central,4K-Camera,2.0,1807.4772213435406
POS_01416,2024-08-15,Paris-South,Signal-Booster,8.0,1724.5821984014083
POS_01417,2024-12-05,Berlin-West,Lithium-Cell,5.0,2039.268831458518
POS_01418,2024-07-16,Paris-South,Landing-Gear,7.0,1926.323733512274
POS_01419,2024-08-19,Paris-South,Lithium-Cell,4.0,2950.104586551733
POS_01420,2024-11-30,Paris-South,Falcon-Drone,3.0,1305.8967422997953
POS_01421,2024-07-09,Tokyo-Central,4K-Camera,2.0,289.9950387204621
POS_01422,2024-11-17,Paris-South,Signal-Booster,4.0,1976.6627424517428
POS_01423,2024-07-17,Berlin-West,Signal-Booster,3.0,1635.588056968522
POS_01424,2024-09-04,NYC-East,Lithium-Cell,7.0,510.0897911823854
POS_01425,2024-07-14,Berlin-West,Falcon-Drone,5.0,932.4826199915988
POS_01426,2024-08-25,Tokyo-Central,Falcon-Drone,9.0,489.6569557471445
POS_01427,2024-07-13,London-HQ,4K-Camera,8.0,117.71412059143637
POS_01428,2024-10-18,Berlin-West,Controller-Pro,2.0,2727.1045162147425
POS_01429,2024-12-15,Tokyo-Central,Landing-Gear,2.0,627.6029795472473
POS_01430,2024-08-06,Berlin-West,Lithium-Cell,9.0,1308.1804825014892
POS_01431,2024-09-10,Paris-South,Controller-Pro,2.0,16.51339337800492
POS_01432,2024-08-16,NYC-East,Controller-Pro,3.0,1015.5831943696148
POS_01433,2024-11-22,London-HQ,Falcon-Drone,5.0,2152.1021820132564
POS_01434,2024-08-09,NYC-East,Controller-Pro,4.0,950.4079493369402
POS_01435,2024-11-10,Paris-South,Falcon-Drone,2.0,2143.283590973642
POS_01436,2024-11-28,London-HQ,4K-Camera,1.0,2872.0506592372326
POS_01437,2024-07-28,Tokyo-Central,4K-Camera,8.0,101.65517884619226
POS_01438,2024-11-08,Tokyo-Central,Controller-Pro,5.0,1275.277293183599
POS_01439,2024-10-22,Paris-South,Signal-Booster,1.0,1383.6602128599284
POS_01440,2024-12-05,NYC-East,4K-Camera,7.0,2594.090513881182
POS_01441,2024-10-05,Berlin-West,Falcon-Drone,6.0,1155.5305902049286
POS_01442,2024-10-08,London-HQ,4K-Camera,1.0,2669.8261461184193
POS_01443,2024-11-21,London-HQ,4K-Camera,9.0,103.26922476642645
POS_01444,2024-10-14,Tokyo-Central,Lithium-Cell,3.0,2338.23320505153
POS_01445,2024-11-19,Berlin-West,Controller-Pro,6.0,875.3427349295814
POS_01446,2024-08-15,Berlin-West,4K-Camera,6.0,2898.09930810967
POS_01447,2024-12-24,NYC-East,4K-Camera,7.0,18.468931871153828
POS_01448,2024-12-22,London-HQ,Controller-Pro,4.0,-52.881710712922704
POS_01449,2024-10-26,NYC-East,Controller-Pro,4.0,1152.9356977260625
POS_01450,2024-11-05,Tokyo-Central,Falcon-Drone,3.0,2125.3835697286377
POS_01451,2024-09-01,London-HQ,Controller-Pro,2.0,1746.2661630545656
POS_01452,2024-11-07,Berlin-West,Controller-Pro,1.0,921.1513860311233
POS_01453,2024-12-15,Berlin-West,Signal-Booster,2.0,2945.47794313385
POS_01454,2024-08-28,Tokyo-Central,Lithium-Cell,4.0,2011.1010100688195
POS_01455,2024-09-10,Paris-South,Controller-Pro,1.0,2742.7132037093684
POS_01456,2024-11-14,Paris-South,Controller-Pro,5.0,717.1126196842013
POS_01457,2024-07-19,Berlin-West,4K-Camera,8.0,235.7788195136901
POS_01458,2024-10-16,London-HQ,Signal-Booster,9.0,603.4829655051944
POS_01459,2024-09-25,NYC-East,Signal-Booster,8.0,1772.3290495488739
POS_01460,2024-10-31,Berlin-West,Falcon-Drone,7.0,-96.89222716558879
POS_01461,2024-07-20,NYC-East,Lithium-Cell,8.0,2063.285677654244
POS_01462,2024-08-29,Paris-South,Lithium-Cell,5.0,615.8419219221092
POS_01463,2024-10-24,Paris-South,Signal-Booster,6.0,-9.656800010539513
POS_01464,2024-12-15,Berlin-West,Lithium-Cell,8.0,1919.6045149002452
POS_01465,2024-08-31,Berlin-West,Signal-Booster,7.0,348.2913130797468
POS_01466,2024-12-12,NYC-East,Lithium-Cell,5.0,2827.0797609426795
POS_01467,2024-07-26,NYC-East,Lithium-Cell,5.0,1492.5219237430288
POS_01468,2024-08-25,NYC-East,4K-Camera,6.0,2885.0720289368815
POS_01469,2024-09-08,Tokyo-Central,Lithium-Cell,1.0,1938.043178370243
POS_01470,2024-11-30,London-HQ,Signal-Booster,3.0,2553.9142145940036
POS_01471,2024-12-02,Berlin-West,Lithium-Cell,8.0,134.41605745574634
POS_01472,2024-10-01,Tokyo-Central,Signal-Booster,9.0,2430.8016539904947
POS_01473,2024-09-14,London-HQ,Falcon-Drone,4.0,1164.3629851285111
POS_01474,2024-09-15,Paris-South,Falcon-Drone,,1531.431070744818
POS_01475,2024-09-14,Berlin-West,4K-Camera,5.0,2659.9233174467886
POS_01476,2024-11-12,NYC-East,Landing-Gear,1.0,2735.216265667803
POS_01477,2024-11-23,London-HQ,Controller-Pro,,796.2320238605139
POS_01478,2024-10-23,NYC-East,Falcon-Drone,5.0,1655.4249219618848
POS_01479,2024-08-29,London-HQ,Signal-Booster,4.0,1695.8718291032799
POS_01480,2024-07-16,Paris-South,Landing-Gear,9.0,2073.743507469051
POS_01481,2024-08-26,London-HQ,Landing-Gear,3.0,856.3962444907578
POS_01482,2024-12-08,Paris-South,4K-Camera,7.0,106.47318204310073
POS_01483,2024-12-10,NYC-East,Controller-Pro,4.0,1782.0252711791006
POS_01484,2024-08-10,London-HQ,Lithium-Cell,6.0,973.2176493462543
POS_01485,2024-10-04,Berlin-West,4K-Camera,3.0,702.4068380174625
POS_01486,2024-12-24,Tokyo-Central,Controller-Pro,2.0,1535.1635796945302
POS_01487,2024-12-09,NYC-East,Landing-Gear,6.0,2109.341439278625
POS_01488,2024-07-15,Berlin-West,Landing-Gear,1.0,1200.3055495801896
POS_01489,2024-07-10,Berlin-West,Controller-Pro,7.0,2763.827172336699
POS_01490,2024-09-21,Berlin-West,4K-Camera,3.0,2983.23427457368
POS_01491,2024-11-05,Tokyo-Central,Landing-Gear,9.0,2868.3670100989825
POS_01492,2024-11-08,Berlin-West,Signal-Booster,,1871.3466012831339
POS_01493,2024-12-14,Paris-South,Signal-Booster,4.0,2143.5862413177265
POS_01494,2024-11-20,Berlin-West,4K-Camera,2.0,2012.5744335556192
POS_01495,2024-08-31,Tokyo-Central,Landing-Gear,8.0,135.42032022836997
POS_01496,2024-12-21,Tokyo-Central,4K-Camera,5.0,737.0331483751305
POS_01497,2024-07-25,Paris-South,Falcon-Drone,9.0,765.3873766143098
POS_01498,2024-11-29,Paris-South,Lithium-Cell,8.0,1221.7090829209656
POS_01499,2024-09-23,NYC-East,Landing-Gear,5.0,151.44515107005708
POS_01500,2024-08-04,NYC-East,Signal-Booster,5.0,-69.31470490128598
POS_01501,2024-07-20,London-HQ,Signal-Booster,3.0,1105.699610070529
POS_01502,2024-11-16,London-HQ,Signal-Booster,6.0,91.7761990808323
POS_01503,2024-11-03,Paris-South,4K-Camera,7.0,2781.06449567773
POS_01504,2024-12-23,Berlin-West,Landing-Gear,1.0,1511.650901479249
POS_01505,2024-09-12,Berlin-West,Controller-Pro,8.0,1400.196320183361
POS_01506,2024-08-28,Tokyo-Central,Controller-Pro,6.0,2802.2749426921096
POS_01507,2024-10-02,Paris-South,4K-Camera,9.0,1129.37785326063
POS_01508,2024-11-25,Paris-South,Landing-Gear,2.0,2141.0487930204467
POS_01509,2024-09-28,Berlin-West,Controller-Pro,7.0,2528.1993430420002
POS_01510,2024-09-29,London-HQ,Falcon-Drone,,1246.9402107397648
POS_01511,2024-08-09,London-HQ,Falcon-Drone,1.0,2091.9672648154565
POS_01512,2024-07-04,Paris-South,4K-Camera,5.0,192.71543584642677
POS_01513,2024-10-25,Tokyo-Central,Lithium-Cell,6.0,2264.5227440292742
POS_01514,2024-10-04,Berlin-West,Lithium-Cell,2.0,2974.2834728735806
POS_01515,2024-12-03,NYC-East,4K-Camera,8.0,-65.64906950626562
POS_01516,2024-08-15,NYC-East,Signal-Booster,5.0,1412.8986559869677
POS_01517,2024-07-20,London-HQ,Lithium-Cell,5.0,2041.3000585130262
POS_01518,2024-12-20,Paris-South,4K-Camera,6.0,733.2024679285404
POS_01519,2024-08-31,Paris-South,Signal-Booster,5.0,944.8085981056622
POS_01520,2024-08-07,NYC-East,Controller-Pro,2.0,571.6456725634995
POS_01521,2024-11-15,London-HQ,Lithium-Cell,8.0,1380.6363150247164
POS_01522,2024-12-25,Tokyo-Central,4K-Camera,1.0,1813.3135352200907
POS_01523,2024-12-11,Berlin-West,4K-Camera,3.0,2937.218363447517
POS_01524,2024-09-16,Paris-South,4K-Camera,1.0,292.42471996196645
POS_01525,2024-10-22,Berlin-West,Landing-Gear,7.0,1229.2480400506981
POS_01526,2024-11-22,London-HQ,4K-Camera,,1919.406578154451
POS_01527,2024-09-09,Berlin-West,Lithium-Cell,,2071.356885635041
POS_01528,2024-10-18,Berlin-West,Falcon-Drone,3.0,1104.1137708045685
POS_01529,2024-09-18,Tokyo-Central,Landing-Gear,5.0,2987.3178412079224
POS_01530,2024-11-19,London-HQ,Signal-Booster,8.0,1458.7994388561262
POS_01531,2024-10-10,Tokyo-Central,Signal-Booster,2.0,1836.83321124743
POS_01532,2024-07-21,Berlin-West,4K-Camera,6.0,1624.7808975189168
POS_01533,2024-09-05,Berlin-West,4K-Camera,7.0,1873.3342269934578
POS_01534,2024-12-10,London-HQ,Falcon-Drone,5.0,1072.6299160110962
POS_01535,2024-10-26,Berlin-West,Falcon-Drone,6.0,1288.4916818186653
POS_01536,2024-08-18,Paris-South,Controller-Pro,6.0,2916.983980617458
POS_01537,2024-12-14,NYC-East,Signal-Booster,2.0,2252.568256076031
POS_01538,2024-07-09,NYC-East,Controller-Pro,4.0,88.35512591897245
POS_01539,2024-08-05,Paris-South,4K-Camera,4.0,1429.8349226525118
POS_01540,2024-11-10,London-HQ,Controller-Pro,2.0,878.6037040455445
POS_01541,2024-11-28,Berlin-West,Landing-Gear,4.0,2711.4168345852595
POS_01542,2024-12-15,Paris-South,4K-Camera,2.0,2786.1018554211482
POS_01543,2024-09-24,Paris-South,Falcon-Drone,3.0,2980.144198860033
POS_01544,2024-08-06,NYC-East,Falcon-Drone,7.0,719.8418118092073
POS_01545,2024-10-12,London-HQ,Controller-Pro,8.0,1721.562739245063
POS_01546,2024-07-14,Berlin-West,Lithium-Cell,9.0,2463.270254553314
POS_01547,2024-07-26,London-HQ,Lithium-Cell,8.0,2640.032810129856
POS_01548,2024-12-21,Tokyo-Central,Signal-Booster,2.0,1738.4371515874757
POS_01549,2024-10-17,London-HQ,4K-Camera,9.0,1409.9558890644826
POS_01550,2024-12-27,London-HQ,4K-Camera,6.0,1986.882067556715
POS_01551,2024-07-13,London-HQ,Falcon-Drone,5.0,832.8589658231899
POS_01552,2024-12-05,NYC-East,4K-Camera,,595.652100822412
POS_01553,2024-07-04,Paris-South,Controller-Pro,3.0,1615.17844132489
POS_01554,2024-08-16,London-HQ,4K-Camera,5.0,1235.4563885636232
POS_01555,2024-08-07,Berlin-West,Landing-Gear,8.0,1048.8732658346864
POS_01556,2024-11-29,NYC-East,Signal-Booster,5.0,1998.8289574457222
POS_01557,2024-07-29,Berlin-West,Controller-Pro,2.0,227.36035111735367
POS_01558,2024-09-29,NYC-East,Lithium-Cell,8.0,528.9427163170396
POS_01559,2024-08-12,Berlin-West,Landing-Gear,2.0,375.00799489133476
POS_01560,2024-11-08,Tokyo-Central,Controller-Pro,5.0,798.7678665001425
POS_01561,2024-10-24,London-HQ,Falcon-Drone,5.0,311.3258320611373
POS_01562,2024-09-02,London-HQ,4K-Camera,4.0,1475.4696660970458
POS_01563,2024-11-15,NYC-East,4K-Camera,8.0,1470.33447937253
POS_01564,2024-08-11,Paris-South,Lithium-Cell,6.0,197.4315791683306
POS_01565,2024-12-06,Berlin-West,Lithium-Cell,4.0,942.5739648253689
POS_01566,2024-08-14,London-HQ,Landing-Gear,8.0,235.75815792084006
POS_01567,2024-12-22,Tokyo-Central,Signal-Booster,6.0,2540.3918285938153
POS_01568,2024-12-05,London-HQ,Signal-Booster,6.0,-13.185286355326468
POS_01569,2024-08-21,London-HQ,Signal-Booster,7.0,198.6786715957099
POS_01570,2024-11-04,NYC-East,4K-Camera,6.0,2246.16299637835
POS_01571,2024-08-31,NYC-East,Landing-Gear,5.0,2311.1093778234685
POS_01572,2024-07-29,London-HQ,Signal-Booster,9.0,2518.3868549204285
POS_01573,2024-08-14,London-HQ,Lithium-Cell,3.0,874.9465440435958
POS_01574,2024-07-24,Berlin-West,Controller-Pro,8.0,161.6023500217488
POS_01575,2024-11-13,Paris-South,Controller-Pro,9.0,1433.7367217974877
POS_01576,2024-12-06,Tokyo-Central,4K-Camera,2.0,2855.3185455017383
POS_01577,2024-09-09,Berlin-West,Landing-Gear,1.0,2778.1525222750483
POS_01578,2024-10-23,Paris-South,Controller-Pro,8.0,379.7821794006806
POS_01579,2024-07-05,Paris-South,Landing-Gear,5.0,558.6698633479194
POS_01580,2024-07-15,Berlin-West,Falcon-Drone,4.0,2701.174955211019
POS_01581,2024-10-04,Paris-South,4K-Camera,3.0,1377.6593770292418
POS_01582,2024-08-12,Paris-South,4K-Camera,7.0,2792.95048613921
POS_01583,2024-09-03,NYC-East,Controller-Pro,9.0,2260.3206258690434
POS_01584,2024-11-27,Berlin-West,Controller-Pro,6.0,1630.874855819693
POS_01585,2024-08-13,NYC-East,Landing-Gear,9.0,111.35879407838956
POS_01586,2024-11-16,NYC-East,Signal-Booster,5.0,1171.0752828408558
POS_01587,2024-09-27,London-HQ,4K-Camera,3.0,487.21776178878656
POS_01588,2024-07-02,Tokyo-Central,Falcon-Drone,4.0,60.18916682496251
POS_01589,2024-09-29,NYC-East,4K-Camera,4.0,2059.116795310185
POS_01590,2024-11-14,London-HQ,Falcon-Drone,3.0,0.9442526549844388
POS_01591,2024-12-02,Paris-South,4K-Camera,8.0,1823.933448228493
POS_01592,2024-08-27,NYC-East,Landing-Gear,8.0,930.2507727832774
POS_01593,2024-07-26,Paris-South,Signal-Booster,6.0,2888.4880960503324
POS_01594,2024-09-28,Berlin-West,Landing-Gear,4.0,167.77242419508815
POS_01595,2024-10-04,Paris-South,Falcon-Drone,9.0,901.918116866823
POS_01596,2024-11-10,NYC-East,Controller-Pro,4.0,2884.312077084102
POS_01597,2024-08-06,Berlin-West,Lithium-Cell,6.0,1601.3912467388752
POS_01598,2024-07-22,NYC-East,Falcon-Drone,5.0,2380.4775469355072
POS_01599,2024-09-24,Paris-South,Lithium-Cell,8.0,-73.57826129028562
POS_01600,2024-10-04,NYC-East,Controller-Pro,9.0,2117.1648267317587
POS_01601,2024-10-26,Berlin-West,Landing-Gear,8.0,2427.369159320073
POS_01602,2024-09-19,Berlin-West,Landing-Gear,3.0,2136.444930735265
POS_01603,2024-09-06,London-HQ,Falcon-Drone,2.0,32.144588428818054
POS_01604,2024-08-06,London-HQ,Signal-Booster,9.0,170.91558550040048
POS_01605,2024-11-02,Berlin-West,Lithium-Cell,4.0,1679.9705433949318
POS_01606,2024-10-31,London-HQ,4K-Camera,7.0,1366.720031992966
POS_01607,2024-09-16,Tokyo-Central,4K-Camera,5.0,2614.103175022286
POS_01608,2024-10-21,Tokyo-Central,Falcon-Drone,7.0,2423.9437519478993
POS_01609,2024-10-06,Tokyo-Central,4K-Camera,2.0,2038.672506696309
POS_01610,2024-07-31,Paris-South,Falcon-Drone,4.0,1125.4491049875012
POS_01611,2024-09-01,Tokyo-Central,Controller-Pro,8.0,1232.82237184853
POS_01612,2024-09-10,NYC-East,Controller-Pro,6.0,804.7555755759981
POS_01613,2024-11-05,Berlin-West,Landing-Gear,1.0,1868.2068904368086
POS_01614,2024-07-16,Berlin-West,Landing-Gear,6.0,2019.2785638954829
POS_01615,2024-12-27,Paris-South,Controller-Pro,3.0,794.1428843617764
POS_01616,2024-07-07,NYC-East,Landing-Gear,1.0,547.5911236292025
POS_01617,2024-07-02,London-HQ,Landing-Gear,9.0,2824.110648233231
POS_01618,2024-07-19,Paris-South,Falcon-Drone,1.0,2148.956188022496
POS_01619,2024-07-02,Tokyo-Central,Controller-Pro,2.0,197.4420278185815
POS_01620,2024-09-16,NYC-East,Landing-Gear,7.0,2126.425516272771
POS_01621,2024-10-16,NYC-East,Signal-Booster,8.0,1718.6542304568882
POS_01622,2024-11-17,Berlin-West,Signal-Booster,,1565.3384410125625
POS_01623,2024-10-24,London-HQ,Landing-Gear,5.0,1896.3139760715972
POS_01624,2024-07-01,Paris-South,4K-Camera,4.0,819.0314149796097
POS_01625,2024-10-03,Paris-South,Controller-Pro,8.0,2893.4406518373753
POS_01626,2024-12-21,Tokyo-Central,Controller-Pro,,2760.277257731737
POS_01627,2024-09-11,London-HQ,Controller-Pro,4.0,2971.9114561540423
POS_01628,2024-09-02,NYC-East,Landing-Gear,9.0,1734.811219117965
POS_01629,2024-09-17,London-HQ,4K-Camera,1.0,2059.4825959266686
POS_01630,2024-07-22,London-HQ,4K-Camera,1.0,584.9970417732001
POS_01631,2024-07-22,NYC-East,Landing-Gear,6.0,2148.5122822188314
POS_01632,2024-09-04,Berlin-West,Landing-Gear,8.0,2419.7372019015424
POS_01633,2024-12-06,Paris-South,4K-Camera,7.0,2329.2299380291656
POS_01634,2024-11-19,NYC-East,Falcon-Drone,9.0,1393.3614449341615
POS_01635,2024-11-13,Tokyo-Central,Falcon-Drone,5.0,590.6260008799387
POS_01636,2024-11-05,Paris-South,Lithium-Cell,2.0,733.5004149494534
POS_01637,2024-07-15,Paris-South,Landing-Gear,8.0,2624.8789238857194
POS_01638,2024-07-16,Tokyo-Central,4K-Camera,1.0,823.5991098794259
POS_01639,2024-12-18,London-HQ,Falcon-Drone,4.0,397.1225022707588
POS_01640,2024-10-31,NYC-East,Falcon-Drone,5.0,2630.2827656767286
POS_01641,2024-09-03,Paris-South,Falcon-Drone,7.0,2848.8786254852166
POS_01642,2024-11-19,Berlin-West,Landing-Gear,,914.0508837519791
POS_01643,2024-07-07,Berlin-West,Signal-Booster,3.0,1094.8218170892746
POS_01644,2024-12-15,Paris-South,Lithium-Cell,9.0,637.057554048844
POS_01645,2024-10-13,London-HQ,Landing-Gear,9.0,433.23195954166624
POS_01646,2024-08-08,NYC-East,Controller-Pro,8.0,1162.0820634242466
POS_01647,2024-07-14,London-HQ,4K-Camera,9.0,979.5923577397821
POS_01648,2024-11-03,Berlin-West,Landing-Gear,4.0,1401.1594396442058
POS_01649,2024-12-16,Tokyo-Central,4K-Camera,6.0,2975.5608894125553
POS_01650,2024-07-25,London-HQ,Falcon-Drone,,2982.8410477145653
POS_01651,2024-12-25,Paris-South,Controller-Pro,3.0,2780.916179957161
POS_01652,2024-09-03,Berlin-West,Controller-Pro,,1867.00152607485
POS_01653,2024-10-28,London-HQ,Signal-Booster,2.0,-84.00481096938842
POS_01654,2024-10-26,Tokyo-Central,Landing-Gear,1.0,2209.0630599627275
POS_01655,2024-10-27,London-HQ,4K-Camera,8.0,1502.9020091414732
POS_01656,2024-07-08,Tokyo-Central,Falcon-Drone,9.0,2284.86862352908
POS_01657,2024-09-05,Paris-South,Controller-Pro,6.0,879.4517973429204
POS_01658,2024-08-16,NYC-East,Signal-Booster,9.0,1887.8867263556897
POS_01659,2024-09-20,NYC-East,4K-Camera,6.0,2005.9584585278185
POS_01660,2024-08-05,London-HQ,Falcon-Drone,1.0,2952.107579529825
POS_01661,2024-12-23,Paris-South,Lithium-Cell,6.0,2301.0836364800543
POS_01662,2024-08-05,London-HQ,Falcon-Drone,2.0,689.029402307892
POS_01663,2024-12-19,Paris-South,Lithium-Cell,2.0,981.2530458811289
POS_01664,2024-11-05,NYC-East,Controller-Pro,,1441.9296844887026
POS_01665,2024-11-11,NYC-East,Lithium-Cell,2.0,140.1248467478441
POS_01666,2024-12-17,NYC-East,Landing-Gear,8.0,2409.372632251781
POS_01667,2024-10-10,Berlin-West,Controller-Pro,4.0,2984.970182226823
POS_01668,2024-11-13,Paris-South,Landing-Gear,8.0,600.8461421729171
POS_01669,2024-07-31,NYC-East,Lithium-Cell,9.0,1766.533949720996
POS_01670,2024-11-05,Tokyo-Central,Controller-Pro,2.0,1476.3353340161389
POS_01671,2024-08-19,NYC-East,Signal-Booster,9.0,2864.1722953944495
POS_01672,2024-09-14,NYC-East,4K-Camera,5.0,1801.4809212339517
POS_01673,2024-09-17,Tokyo-Central,Signal-Booster,3.0,1306.5873685314878
POS_01674,2024-07-31,London-HQ,Controller-Pro,9.0,1431.1463342876443
POS_01675,2024-07-14,Paris-South,Landing-Gear,8.0,442.4223122297675
POS_01676,2024-11-09,Tokyo-Central,Landing-Gear,6.0,956.7881872743517
POS_01677,2024-07-20,London-HQ,Falcon-Drone,7.0,749.078617637869
POS_01678,2024-12-09,Paris-South,Signal-Booster,7.0,2690.1287326987026
POS_01679,2024-07-28,London-HQ,Controller-Pro,7.0,812.2789735773572
POS_01680,2024-11-29,Tokyo-Central,Falcon-Drone,9.0,2500.810181961217
POS_01681,2024-10-29,NYC-East,Landing-Gear,9.0,1987.3369713814654
POS_01682,2024-12-06,London-HQ,Signal-Booster,8.0,494.10239898055454
POS_01683,2024-12-19,Tokyo-Central,Landing-Gear,1.0,2385.9418284371372
POS_01684,2024-10-09,Paris-South,Signal-Booster,1.0,2280.1465144918957
POS_01685,2024-09-24,Berlin-West,Lithium-Cell,8.0,1598.2890420526714
POS_01686,2024-07-14,Berlin-West,Lithium-Cell,6.0,1917.338166198067
POS_01687,2024-12-20,London-HQ,Falcon-Drone,2.0,2647.334473215179
POS_01688,2024-11-20,NYC-East,Falcon-Drone,7.0,2907.706765152185
POS_01689,2024-11-16,Paris-South,Controller-Pro,9.0,1602.879828842462
POS_01690,2024-09-01,Tokyo-Central,Lithium-Cell,7.0,522.5454578859664
POS_01691,2024-12-04,NYC-East,Lithium-Cell,5.0,1124.711302381716
POS_01692,2024-11-14,London-HQ,Falcon-Drone,1.0,2347.8817519347126
POS_01693,2024-12-09,London-HQ,Controller-Pro,4.0,2841.822305875626
POS_01694,2024-12-21,Tokyo-Central,Signal-Booster,6.0,2942.5297466808056
POS_01695,2024-09-12,Tokyo-Central,Signal-Booster,5.0,2333.700833878955
POS_01696,2024-11-08,Berlin-West,Signal-Booster,4.0,2028.111142903043
POS_01697,2024-07-11,Tokyo-Central,Signal-Booster,6.0,1832.723844076461
POS_01698,2024-11-21,Paris-South,4K-Camera,3.0,2414.079229286306
POS_01699,2024-11-14,Tokyo-Central,Falcon-Drone,5.0,218.1056943606264
POS_01700,2024-10-18,Paris-South,Lithium-Cell,6.0,2146.226978883304
POS_01701,2024-12-23,Paris-South,4K-Camera,9.0,227.76286680671853
POS_01702,2024-12-13,London-HQ,Signal-Booster,9.0,2010.3951246658398
POS_01703,2024-07-19,Berlin-West,Falcon-Drone,2.0,2069.1460550553265
POS_01704,2024-09-27,NYC-East,4K-Camera,2.0,2397.3409555051844
POS_01705,2024-12-20,London-HQ,Landing-Gear,4.0,1463.2329361169932
POS_01706,2024-11-10,NYC-East,4K-Camera,6.0,1737.3036572106407
POS_01707,2024-12-23,NYC-East,Landing-Gear,9.0,907.750688724559
POS_01708,2024-12-14,Paris-South,Lithium-Cell,4.0,2879.388559799942
POS_01709,2024-09-30,London-HQ,Landing-Gear,5.0,2332.2681266381696
POS_01710,2024-08-04,Berlin-West,Signal-Booster,5.0,1417.4161094813346
POS_01711,2024-07-23,Paris-South,Lithium-Cell,5.0,1172.3096557993101
POS_01712,2024-10-07,NYC-East,Falcon-Drone,,132.91162146270636
POS_01713,2024-11-05,London-HQ,Landing-Gear,8.0,657.0984109650587
POS_01714,2024-11-08,Tokyo-Central,Landing-Gear,9.0,2867.747246341554
POS_01715,2024-08-22,London-HQ,Controller-Pro,1.0,2601.8225393144967
POS_01716,2024-07-27,London-HQ,Lithium-Cell,6.0,2234.85173734299
POS_01717,2024-08-18,Berlin-West,Lithium-Cell,7.0,1489.4584430277182
POS_01718,2024-11-26,Berlin-West,Falcon-Drone,2.0,2184.1856392751497
POS_01719,2024-09-17,NYC-East,Landing-Gear,8.0,1670.6336366990874
POS_01720,2024-12-17,Tokyo-Central,4K-Camera,7.0,401.6250809186331
POS_01721,2024-11-11,London-HQ,Lithium-Cell,5.0,1500.0509858531907
POS_01722,2024-09-09,Berlin-West,Lithium-Cell,5.0,-17.007148494580264
POS_01723,2024-08-30,Paris-South,Lithium-Cell,8.0,1248.1801689134886
POS_01724,2024-12-15,Paris-South,Lithium-Cell,5.0,1634.9442682697997
POS_01725,2024-08-26,Paris-South,Signal-Booster,2.0,728.2029625702977
POS_01726,2024-07-05,Tokyo-Central,Landing-Gear,2.0,1650.5587353867656
POS_01727,2024-08-19,Berlin-West,4K-Camera,2.0,2444.1025387457735
POS_01728,2024-09-10,Paris-South,Signal-Booster,1.0,481.2802850387102
POS_01729,2024-08-16,Tokyo-Central,Controller-Pro,8.0,2487.26293572398
POS_01730,2024-11-06,London-HQ,4K-Camera,2.0,1474.2080421575974
POS_01731,2024-09-06,NYC-East,Signal-Booster,2.0,910.1719546165573
POS_01732,2024-08-19,London-HQ,Signal-Booster,2.0,169.98693329249085
POS_01733,2024-08-17,London-HQ,4K-Camera,7.0,1886.2769591442986
POS_01734,2024-12-18,London-HQ,Controller-Pro,9.0,2683.0102554126406
POS_01735,2024-12-14,Tokyo-Central,Landing-Gear,3.0,772.7822260819905
POS_01736,2024-11-05,Paris-South,Lithium-Cell,3.0,28.561877132288515
POS_01737,2024-08-14,NYC-East,4K-Camera,6.0,108.3004979377099
POS_01738,2024-08-17,Berlin-West,Signal-Booster,7.0,2093.6988709811008
POS_01739,2024-07-09,NYC-East,Landing-Gear,3.0,1302.5675088977246
POS_01740,2024-07-01,NYC-East,Falcon-Drone,3.0,1373.5849361053508
POS_01741,2024-08-02,Berlin-West,Landing-Gear,8.0,113.57502707411615
POS_01742,2024-10-17,Paris-South,4K-Camera,5.0,763.5768692666248
POS_01743,2024-07-19,Paris-South,Landing-Gear,2.0,2612.678294531593
POS_01744,2024-08-06,Berlin-West,Lithium-Cell,6.0,2275.5654970336914
POS_01745,2024-08-02,Paris-South,Falcon-Drone,5.0,398.87443744671
POS_01746,2024-11-05,Tokyo-Central,4K-Camera,9.0,1218.3275987811646
POS_01747,2024-12-20,Paris-South,Lithium-Cell,3.0,2686.1189936037167
POS_01748,2024-09-30,NYC-East,Controller-Pro,1.0,1967.8374013163557
POS_01749,2024-10-24,Berlin-West,Controller-Pro,5.0,2244.1282137431426
POS_01750,2024-11-24,London-HQ,Landing-Gear,6.0,975.4370452959197
POS_01751,2024-08-30,NYC-East,Landing-Gear,2.0,-17.034387996580307
POS_01752,2024-08-31,Berlin-West,Landing-Gear,4.0,1018.315321163609
POS_01753,2024-07-18,Tokyo-Central,4K-Camera,7.0,1424.244427326657
POS_01754,2024-10-18,Tokyo-Central,Falcon-Drone,6.0,2330.8733187468883
POS_01755,2024-10-06,Tokyo-Central,4K-Camera,8.0,1683.079693775683
POS_01756,2024-07-04,NYC-East,Controller-Pro,8.0,2523.944713402447
POS_01757,2024-09-03,London-HQ,Landing-Gear,7.0,1880.8853494159227
POS_01758,2024-07-03,London-HQ,Controller-Pro,,2728.202559186316
POS_01759,2024-07-14,Paris-South,Lithium-Cell,9.0,2954.114574567695
POS_01760,2024-08-11,Paris-South,4K-Camera,6.0,1615.2215236651962
POS_01761,2024-10-18,NYC-East,Landing-Gear,5.0,2893.512168307633
POS_01762,2024-09-19,Paris-South,Controller-Pro,3.0,2543.684720164236
POS_01763,2024-10-11,Paris-South,Falcon-Drone,4.0,1379.44053154085
POS_01764,2024-11-24,NYC-East,Controller-Pro,8.0,546.2035488513062
POS_01765,2024-10-27,London-HQ,Controller-Pro,5.0,2354.1953551219553
POS_01766,2024-10-14,Tokyo-Central,Controller-Pro,3.0,2404.2637475620586
POS_01767,2024-09-04,London-HQ,Signal-Booster,6.0,1785.0621491657398
POS_01768,2024-10-10,Tokyo-Central,Lithium-Cell,4.0,1325.2663971584343
POS_01769,2024-07-15,Tokyo-Central,Falcon-Drone,7.0,1484.450633233607
POS_01770,2024-11-06,Tokyo-Central,Controller-Pro,,1312.5958310923518
POS_01771,2024-07-23,London-HQ,Controller-Pro,6.0,1577.4208546180025
POS_01772,2024-09-29,Tokyo-Central,Landing-Gear,9.0,2095.2698963910184
POS_01773,2024-11-25,Berlin-West,Lithium-Cell,7.0,1132.8413732436218
POS_01774,2024-11-01,Tokyo-Central,Falcon-Drone,9.0,665.3441865540378
POS_01775,2024-08-19,London-HQ,Landing-Gear,7.0,2798.5693268533987
POS_01776,2024-09-24,London-HQ,Controller-Pro,6.0,47.04750976794716
POS_01777,2024-07-08,Tokyo-Central,Landing-Gear,7.0,2999.9524241440768
POS_01778,2024-12-06,Paris-South,Lithium-Cell,9.0,2213.2708683569567
POS_01779,2024-11-28,Berlin-West,4K-Camera,5.0,1206.8930391228903
POS_01780,2024-07-17,Paris-South,Falcon-Drone,3.0,2905.90116859715
POS_01781,2024-08-26,Berlin-West,Lithium-Cell,8.0,2279.627613129917
POS_01782,2024-09-22,London-HQ,Lithium-Cell,2.0,2249.2681722276297
POS_01783,2024-07-07,London-HQ,Landing-Gear,4.0,409.6828140136568
POS_01784,2024-08-19,Tokyo-Central,Controller-Pro,4.0,88.06973893310871
POS_01785,2024-08-14,Berlin-West,Signal-Booster,5.0,2538.655639552874
POS_01786,2024-12-17,Tokyo-Central,Controller-Pro,3.0,289.08004441494074
POS_01787,2024-11-25,NYC-East,4K-Camera,9.0,2758.747192987759
POS_01788,2024-11-27,Paris-South,4K-Camera,5.0,182.20858363878125
POS_01789,2024-10-23,NYC-East,4K-Camera,1.0,2596.2777205399893
POS_01790,2024-12-15,London-HQ,Signal-Booster,9.0,689.28095787941
POS_01791,2024-12-09,Tokyo-Central,Landing-Gear,6.0,930.9142949171305
POS_01792,2024-07-24,Paris-South,Lithium-Cell,2.0,868.0474681802809
POS_01793,2024-11-04,Tokyo-Central,Signal-Booster,9.0,246.15640053204424
POS_01794,2024-07-22,NYC-East,Falcon-Drone,8.0,1703.977533064655
POS_01795,2024-08-11,Paris-South,4K-Camera,3.0,2005.2423267363642
POS_01796,2024-10-20,London-HQ,Lithium-Cell,1.0,669.8057735024155
POS_01797,2024-09-07,Paris-South,Signal-Booster,3.0,1374.437948023862
POS_01798,2024-12-23,London-HQ,Signal-Booster,2.0,1982.378480091223
POS_01799,2024-07-29,Berlin-West,Landing-Gear,7.0,1008.1790373864294
POS_01800,2024-07-24,London-HQ,Landing-Gear,3.0,2469.3458338575615
POS_01801,2024-07-23,NYC-East,4K-Camera,1.0,656.3608880756117
POS_01802,2024-11-18,Paris-South,Falcon-Drone,4.0,-66.72180762854353
POS_01803,2024-09-08,Tokyo-Central,Falcon-Drone,6.0,1538.1044238797224
POS_01804,2024-08-12,Berlin-West,4K-Camera,1.0,1866.2228895415178
POS_01805,2024-11-09,Tokyo-Central,Landing-Gear,8.0,1143.2250611571756
POS_01806,2024-12-17,Berlin-West,Lithium-Cell,7.0,596.7188270802966
POS_01807,2024-08-29,Berlin-West,Lithium-Cell,4.0,2599.585365128464
POS_01808,2024-11-13,Paris-South,Landing-Gear,1.0,742.0346725215129
POS_01809,2024-07-03,Tokyo-Central,Falcon-Drone,5.0,2998.438258617667
POS_01810,2024-09-19,Berlin-West,4K-Camera,3.0,832.8761952716246
POS_01811,2024-07-22,Paris-South,Falcon-Drone,2.0,1180.8147638970904
POS_01812,2024-09-04,Berlin-West,Controller-Pro,8.0,2563.217232411464
POS_01813,2024-11-30,Tokyo-Central,Lithium-Cell,5.0,1477.3995154504494
POS_01814,2024-08-28,London-HQ,4K-Camera,6.0,208.48342820560447
POS_01815,2024-07-18,Berlin-West,Falcon-Drone,8.0,1699.3901947624217
POS_01816,2024-08-24,London-HQ,4K-Camera,9.0,2956.446729818174
POS_01817,2024-07-06,Paris-South,4K-Camera,3.0,2917.6842775570667
POS_01818,2024-10-04,NYC-East,Controller-Pro,7.0,1339.3436815645953
POS_01819,2024-08-24,NYC-East,Controller-Pro,5.0,1432.534172997989
POS_01820,2024-08-13,NYC-East,4K-Camera,7.0,2206.3257886345823
POS_01821,2024-10-08,Berlin-West,Falcon-Drone,3.0,1835.1538270564286
POS_01822,2024-07-19,London-HQ,Falcon-Drone,4.0,2655.197529634915
POS_01823,2024-07-11,Tokyo-Central,Controller-Pro,1.0,1285.9414268161756
POS_01824,2024-07-22,Berlin-West,Controller-Pro,6.0,2264.912209144456
POS_01825,2024-08-16,NYC-East,Lithium-Cell,5.0,2767.8704585418486
POS_01826,2024-07-27,NYC-East,4K-Camera,5.0,2905.464501280965
POS_01827,2024-10-19,Paris-South,4K-Camera,7.0,1561.4380326618752
POS_01828,2024-10-13,Berlin-West,Signal-Booster,4.0,1528.4001364103676
POS_01829,2024-09-06,Paris-South,Falcon-Drone,5.0,660.270816470468
POS_01830,2024-08-21,Berlin-West,Signal-Booster,2.0,1331.9474988523205
POS_01831,2024-07-08,Berlin-West,Lithium-Cell,3.0,1668.7088198606173
POS_01832,2024-11-28,London-HQ,Landing-Gear,5.0,255.9894286166176
POS_01833,2024-10-26,Berlin-West,4K-Camera,1.0,1972.6820053820438
POS_01834,2024-08-18,Berlin-West,Controller-Pro,3.0,2272.8649363474365
POS_01835,2024-11-02,NYC-East,Controller-Pro,2.0,905.7258113301506
POS_01836,2024-09-14,Berlin-West,4K-Camera,8.0,2427.7827506206
POS_01837,2024-10-01,Paris-South,4K-Camera,7.0,-78.99135575446715
POS_01838,2024-09-08,Paris-South,Controller-Pro,1.0,1502.6640695291878
POS_01839,2024-10-11,Berlin-West,Lithium-Cell,8.0,2929.862417309807
POS_01840,2024-10-01,London-HQ,Landing-Gear,8.0,2405.812970642505
POS_01841,2024-11-17,Berlin-West,Controller-Pro,4.0,640.5771354694206
POS_01842,2024-10-31,Tokyo-Central,Controller-Pro,8.0,624.0588733644145
POS_01843,2024-08-10,London-HQ,4K-Camera,5.0,724.8766429326679
POS_01844,2024-10-14,NYC-East,4K-Camera,5.0,749.5179539527392
POS_01845,2024-08-06,Berlin-West,Lithium-Cell,1.0,1982.6496790844158
POS_01846,2024-09-14,Tokyo-Central,Controller-Pro,9.0,228.36610298234632
POS_01847,2024-08-02,Tokyo-Central,4K-Camera,2.0,2155.8276885328114
POS_01848,2024-11-13,Berlin-West,Falcon-Drone,,2211.1809259741417
POS_01849,2024-07-15,Berlin-West,Falcon-Drone,8.0,886.1645459095321
POS_01850,2024-10-27,Paris-South,Controller-Pro,3.0,432.1833619090363
POS_01851,2024-11-08,Berlin-West,Landing-Gear,,787.9151365468342
POS_01852,2024-07-14,Paris-South,Signal-Booster,6.0,2474.849079390824
POS_01853,2024-12-10,NYC-East,Falcon-Drone,5.0,2526.3744403454566
POS_01854,2024-07-16,NYC-East,Falcon-Drone,7.0,2723.2134693199973
POS_01855,2024-08-01,NYC-East,Landing-Gear,5.0,2793.2766718468793
POS_01856,2024-08-12,Tokyo-Central,Falcon-Drone,6.0,2496.9274772682547
POS_01857,2024-07-30,NYC-East,Landing-Gear,8.0,2888.0778994245084
POS_01858,2024-07-30,Paris-South,4K-Camera,7.0,2204.09302449007
POS_01859,2024-11-20,Berlin-West,4K-Camera,8.0,320.58883263854455
POS_01860,2024-07-01,Tokyo-Central,Signal-Booster,3.0,2027.6956597626527
POS_01861,2024-07-28,Tokyo-Central,Controller-Pro,5.0,2547.3428293402835
POS_01862,2024-08-07,Berlin-West,Landing-Gear,5.0,1803.258288088793
POS_01863,2024-09-02,Paris-South,Lithium-Cell,7.0,1164.6623954943052
POS_01864,2024-07-19,Paris-South,Signal-Booster,9.0,2612.087834607996
POS_01865,2024-08-31,Berlin-West,Falcon-Drone,6.0,251.6601198722131
POS_01866,2024-12-09,Berlin-West,Lithium-Cell,5.0,1234.7100213798517
POS_01867,2024-11-14,Tokyo-Central,Signal-Booster,8.0,359.16062782471755
POS_01868,2024-11-10,NYC-East,Falcon-Drone,8.0,252.12374580747638
POS_01869,2024-09-13,Tokyo-Central,Controller-Pro,6.0,2512.771537064565
POS_01870,2024-10-18,Berlin-West,Lithium-Cell,6.0,1380.4346507083087
POS_01871,2024-10-07,Paris-South,Lithium-Cell,5.0,645.7216442158449
POS_01872,2024-10-25,NYC-East,4K-Camera,6.0,1949.415851574276
POS_01873,2024-09-27,NYC-East,Signal-Booster,2.0,1918.3722862916288
POS_01874,2024-08-02,NYC-East,Controller-Pro,3.0,1902.0938646598595
POS_01875,2024-09-05,Paris-South,Controller-Pro,9.0,523.2523433235552
POS_01876,2024-09-07,Berlin-West,Signal-Booster,2.0,2319.170760680189
POS_01877,2024-12-04,Tokyo-Central,Lithium-Cell,2.0,1592.333956553422
POS_01878,2024-07-09,Paris-South,4K-Camera,7.0,2481.8442558471124
POS_01879,2024-07-13,London-HQ,Signal-Booster,1.0,2899.70268007522
POS_01880,2024-09-06,London-HQ,Falcon-Drone,5.0,1462.944167604552
POS_01881,2024-11-12,Tokyo-Central,Lithium-Cell,5.0,651.7235684889762
POS_01882,2024-10-05,London-HQ,Lithium-Cell,9.0,1745.3738656087658
POS_01883,2024-08-24,Berlin-West,Controller-Pro,8.0,555.3553601969849
POS_01884,2024-07-16,London-HQ,Signal-Booster,,281.1555676361343
POS_01885,2024-12-02,Berlin-West,Controller-Pro,6.0,2176.7216912073527
POS_01886,2024-07-30,Berlin-West,Lithium-Cell,9.0,1078.248544287307
POS_01887,2024-07-15,Berlin-West,Falcon-Drone,8.0,2617.0959457732324
POS_01888,2024-08-13,Paris-South,Falcon-Drone,8.0,2778.0184818747816
POS_01889,2024-07-15,NYC-East,4K-Camera,3.0,745.5610103422563
POS_01890,2024-08-11,Paris-South,Falcon-Drone,2.0,1953.6668402559844
POS_01891,2024-09-01,Paris-South,Controller-Pro,3.0,-37.858411871987144
POS_01892,2024-09-28,Berlin-West,4K-Camera,3.0,788.8672195778508
POS_01893,2024-10-24,NYC-East,Controller-Pro,1.0,1373.0964021631128
POS_01894,2024-11-22,Berlin-West,Controller-Pro,2.0,228.32980390879004
POS_01895,2024-10-09,Tokyo-Central,Controller-Pro,7.0,2066.606500872978
POS_01896,2024-11-01,Tokyo-Central,Lithium-Cell,3.0,2928.9188618422722
POS_01897,2024-11-20,Tokyo-Central,Lithium-Cell,3.0,1581.3802160135676
POS_01898,2024-11-09,Paris-South,Signal-Booster,3.0,535.2248144649219
POS_01899,2024-09-13,Berlin-West,4K-Camera,8.0,2966.8348170716185
POS_01900,2024-09-28,Tokyo-Central,Signal-Booster,5.0,1153.9614873204423
POS_01901,2024-12-04,Berlin-West,Falcon-Drone,6.0,2179.689643620648
POS_01902,2024-09-21,Berlin-West,Controller-Pro,5.0,-74.98977863203342
POS_01903,2024-09-28,Tokyo-Central,Lithium-Cell,,737.0539044302286
POS_01904,2024-12-04,Paris-South,Falcon-Drone,4.0,2739.1503857341977
POS_01905,2024-12-14,Paris-South,Controller-Pro,7.0,1006.1191218212621
POS_01906,2024-10-19,Berlin-West,Controller-Pro,8.0,1880.505650837917
POS_01907,2024-10-04,London-HQ,Falcon-Drone,5.0,2613.9817478867253
POS_01908,2024-11-30,London-HQ,Lithium-Cell,6.0,916.1377461399371
POS_01909,2024-09-23,Tokyo-Central,Signal-Booster,3.0,325.37014126449594
POS_01910,2024-07-01,Berlin-West,Signal-Booster,3.0,125.48695144737661
POS_01911,2024-07-19,NYC-East,4K-Camera,8.0,2396.7161531071324
POS_01912,2024-09-28,NYC-East,Signal-Booster,6.0,2476.70220886571
POS_01913,2024-10-01,Tokyo-Central,4K-Camera,6.0,-89.02936731841572
POS_01914,2024-11-15,NYC-East,Landing-Gear,6.0,1766.8677026745802
POS_01915,2024-11-13,London-HQ,Lithium-Cell,6.0,1488.1768834583454
POS_01916,2024-07-09,Paris-South,Signal-Booster,5.0,1291.731945029266
POS_01917,2024-12-18,NYC-East,4K-Camera,6.0,2860.612590497991
POS_01918,2024-08-17,Tokyo-Central,Landing-Gear,7.0,1043.3673947702114
POS_01919,2024-11-15,NYC-East,4K-Camera,2.0,310.4706424180123
POS_01920,2024-10-05,Tokyo-Central,Signal-Booster,1.0,769.9344457282
POS_01921,2024-09-19,NYC-East,Controller-Pro,9.0,2004.9136618277175
POS_01922,2024-09-13,Tokyo-Central,Signal-Booster,4.0,791.0966403219971
POS_01923,2024-12-27,Paris-South,Landing-Gear,5.0,335.5987034132516
POS_01924,2024-12-10,Berlin-West,Signal-Booster,7.0,327.4854894233177
POS_01925,2024-09-15,Berlin-West,4K-Camera,3.0,2764.738715135178
POS_01926,2024-12-09,Berlin-West,Landing-Gear,7.0,694.395324342542
POS_01927,2024-09-13,London-HQ,Signal-Booster,2.0,2870.8407059550286
POS_01928,2024-08-04,NYC-East,4K-Camera,5.0,751.2051415826198
POS_01929,2024-10-03,Paris-South,Signal-Booster,5.0,2636.684286461433
POS_01930,2024-11-24,Berlin-West,Falcon-Drone,8.0,836.8660363622877
POS_01931,2024-08-27,London-HQ,Falcon-Drone,9.0,2749.659702262536
POS_01932,2024-07-30,Tokyo-Central,Lithium-Cell,8.0,1582.6755759908408
POS_01933,2024-07-05,London-HQ,4K-Camera,2.0,1339.6400953303605
POS_01934,2024-11-25,Paris-South,Landing-Gear,,1314.8226395595455
POS_01935,2024-10-30,Paris-South,Landing-Gear,7.0,1376.279711197641
POS_01936,2024-10-27,NYC-East,4K-Camera,1.0,163.87245466458552
POS_01937,2024-07-31,London-HQ,Landing-Gear,2.0,2857.8566369705227
POS_01938,2024-08-26,Paris-South,Controller-Pro,5.0,2944.459083919509
POS_01939,2024-11-13,Tokyo-Central,Controller-Pro,5.0,805.9915140866015
POS_01940,2024-07-05,Berlin-West,Controller-Pro,4.0,2374.7520687637866
POS_01941,2024-07-17,NYC-East,4K-Camera,1.0,1977.2281389901245
POS_01942,2024-09-22,London-HQ,Landing-Gear,1.0,689.435113684911
POS_01943,2024-12-01,Berlin-West,Landing-Gear,3.0,2212.9387638246108
POS_01944,2024-11-18,Tokyo-Central,Controller-Pro,5.0,200.33790102344284
POS_01945,2024-09-06,NYC-East,4K-Camera,6.0,1001.6103630959826
POS_01946,2024-12-16,NYC-East,Landing-Gear,3.0,1278.3678189257416
POS_01947,2024-08-24,NYC-East,Falcon-Drone,1.0,1590.9339688647901
POS_01948,2024-10-06,London-HQ,Falcon-Drone,6.0,1523.1295077820964
POS_01949,2024-09-17,Paris-South,Falcon-Drone,3.0,254.49494084465215
POS_01950,2024-11-12,London-HQ,Signal-Booster,5.0,1804.4914710750604
POS_01951,2024-07-01,NYC-East,Signal-Booster,3.0,73.080653319308
POS_01952,2024-10-25,London-HQ,Falcon-Drone,8.0,1557.8167190338893
POS_01953,2024-11-05,NYC-East,Lithium-Cell,2.0,830.071462777915
POS_01954,2024-07-12,NYC-East,Signal-Booster,6.0,681.8852954084759
POS_01955,2024-08-02,Berlin-West,4K-Camera,7.0,2183.428498339097
POS_01956,2024-07-09,NYC-East,Signal-Booster,1.0,1753.0140500325092
POS_01957,2024-08-19,Paris-South,Lithium-Cell,7.0,1601.7800513300795
POS_01958,2024-09-28,Paris-South,Controller-Pro,2.0,2766.159226907774
POS_01959,2024-12-10,Berlin-West,Lithium-Cell,3.0,469.224474355481
POS_01960,2024-12-23,Tokyo-Central,Landing-Gear,8.0,1042.9590577288488
POS_01961,2024-11-19,NYC-East,Lithium-Cell,8.0,163.09990050581837
POS_01962,2024-12-06,Berlin-West,4K-Camera,6.0,1633.1177032423118
POS_01963,2024-12-08,Tokyo-Central,Lithium-Cell,3.0,614.5981261969713
POS_01964,2024-11-01,Tokyo-Central,Falcon-Drone,7.0,1781.0067611093684
POS_01965,2024-10-01,London-HQ,Signal-Booster,8.0,2098.1924176730367
POS_01966,2024-10-18,Berlin-West,Falcon-Drone,6.0,2773.244663810445
POS_01967,2024-09-06,NYC-East,Falcon-Drone,1.0,1411.02631206853
POS_01968,2024-08-23,London-HQ,4K-Camera,2.0,2304.1136860890565
POS_01969,2024-08-10,Tokyo-Central,Lithium-Cell,9.0,1752.450459992748
POS_01970,2024-09-23,Tokyo-Central,4K-Camera,8.0,1863.0219301571215
POS_01971,2024-11-19,Tokyo-Central,4K-Camera,3.0,335.8204235306796
POS_01972,2024-09-30,Tokyo-Central,Falcon-Drone,2.0,1297.5296801090212
POS_01973,2024-08-15,Berlin-West,Falcon-Drone,2.0,663.8895083400148
POS_01974,2024-09-11,Paris-South,Lithium-Cell,7.0,2132.433578475555
POS_01975,2024-08-16,NYC-East,4K-Camera,9.0,2067.5994295346527
POS_01976,2024-12-05,Berlin-West,4K-Camera,5.0,1757.179458746915
POS_01977,2024-08-23,Tokyo-Central,Controller-Pro,,2673.5623348729728
POS_01978,2024-10-01,Tokyo-Central,Lithium-Cell,5.0,674.5927397733499
POS_01979,2024-07-22,Paris-South,Lithium-Cell,8.0,1790.3257591781312
POS_01980,2024-11-06,London-HQ,Landing-Gear,8.0,688.8198038339009
POS_01981,2024-07-22,Tokyo-Central,4K-Camera,7.0,2252.9457200821307
POS_01982,2024-12-14,NYC-East,Controller-Pro,6.0,483.9040628835737
POS_01983,2024-09-17,Paris-South,Controller-Pro,2.0,1016.9115674908971
POS_01984,2024-09-03,NYC-East,Landing-Gear,9.0,1102.67890187504
POS_01985,2024-12-04,Tokyo-Central,Landing-Gear,8.0,1207.64235331019
POS_01986,2024-08-10,Paris-South,Falcon-Drone,1.0,2379.447249179481
POS_01987,2024-09-21,NYC-East,4K-Camera,4.0,308.6358333359397
POS_01988,2024-10-19,NYC-East,Signal-Booster,5.0,151.34290196869168
POS_01989,2024-09-22,London-HQ,Falcon-Drone,1.0,1782.4919076150318
POS_01990,2024-12-06,Paris-South,Lithium-Cell,5.0,2443.9421087579726
POS_01991,2024-07-29,Berlin-West,4K-Camera,6.0,1661.3883927168558
POS_01992,2024-12-18,Tokyo-Central,Lithium-Cell,4.0,2515.6748308472374
POS_01993,2024-07-04,Tokyo-Central,Controller-Pro,7.0,1628.9043736126305
POS_01994,2024-08-15,London-HQ,Signal-Booster,,1623.8541664936492
POS_01995,2024-10-03,Berlin-West,Falcon-Drone,7.0,2222.2559510625915
POS_01996,2024-09-16,London-HQ,Landing-Gear,3.0,560.3143057979191
POS_01997,2024-12-07,Berlin-West,4K-Camera,7.0,59.92759512908523
POS_01998,2024-09-29,Tokyo-Central,Falcon-Drone,7.0,2885.553607047923
POS_01999,2024-09-14,Tokyo-Central,Controller-Pro,4.0,1301.4952229436585
POS_02000,2024-12-17,Berlin-West,Falcon-Drone,6.0,2018.2108163249118
POS_02001,2024-10-13,NYC-East,4K-Camera,8.0,10.009040827406778
POS_02002,2024-12-07,Paris-South,Landing-Gear,5.0,497.2369246315218
POS_02003,2024-12-26,Paris-South,Controller-Pro,,-48.927711801267705
POS_02004,2024-07-24,Berlin-West,4K-Camera,3.0,602.8569436563056
POS_02005,2024-07-17,Berlin-West,Signal-Booster,2.0,1493.9569671176369
POS_02006,2024-11-27,Paris-South,Falcon-Drone,1.0,484.85801723919747
POS_02007,2024-09-17,Berlin-West,4K-Camera,3.0,1853.0697078542682
POS_02008,2024-11-11,Berlin-West,Falcon-Drone,6.0,1503.825264254987
POS_02009,2024-09-29,London-HQ,Falcon-Drone,3.0,2465.472160088999
POS_02010,2024-12-06,Berlin-West,4K-Camera,6.0,391.74072402596556
POS_02011,2024-08-18,Paris-South,Controller-Pro,3.0,2274.917459110209
POS_02012,2024-07-20,Tokyo-Central,Signal-Booster,4.0,1511.498746174401
POS_02013,2024-11-24,Berlin-West,Signal-Booster,8.0,82.70756022421676
POS_02014,2024-07-02,Paris-South,Landing-Gear,,943.6440049438252
POS_02015,2024-08-27,NYC-East,Controller-Pro,4.0,1457.4508826382848
POS_02016,2024-09-13,Berlin-West,4K-Camera,3.0,2548.7021929706048
POS_02017,2024-08-08,NYC-East,Landing-Gear,5.0,-84.04094738735745
POS_02018,2024-07-17,NYC-East,Landing-Gear,9.0,-4.085900929102124
POS_02019,2024-11-09,London-HQ,Controller-Pro,1.0,1452.6162471497587
POS_02020,2024-09-27,Berlin-West,Signal-Booster,2.0,2046.0849578254047
POS_02021,2024-09-26,Tokyo-Central,Signal-Booster,4.0,2594.8910161903664
POS_02022,2024-11-26,Tokyo-Central,Falcon-Drone,1.0,2975.0435941816195
POS_02023,2024-08-24,Berlin-West,Lithium-Cell,2.0,1302.4975730252768
POS_02024,2024-07-11,Berlin-West,Signal-Booster,2.0,1262.441107029594
POS_02025,2024-08-10,Paris-South,4K-Camera,8.0,2055.631212272299
POS_02026,2024-07-16,Paris-South,Falcon-Drone,7.0,101.65648344935892
POS_02027,2024-08-11,Tokyo-Central,Lithium-Cell,8.0,1341.3348803915937
POS_02028,2024-12-24,Tokyo-Central,Controller-Pro,3.0,1048.3279221982932
POS_02029,2024-12-07,Berlin-West,Lithium-Cell,2.0,496.30930999889006
POS_02030,2024-12-23,Tokyo-Central,Controller-Pro,7.0,1390.3393017936648
POS_02031,2024-08-30,Tokyo-Central,Signal-Booster,3.0,2302.6515905900937
POS_02032,2024-11-14,Tokyo-Central,Falcon-Drone,9.0,2062.743714559224
POS_02033,2024-10-07,NYC-East,Landing-Gear,5.0,520.1238427423763
POS_02034,2024-11-21,NYC-East,Landing-Gear,6.0,1066.5932894466066
POS_02035,2024-10-15,London-HQ,Landing-Gear,7.0,1658.068305559637
POS_02036,2024-10-02,Paris-South,Landing-Gear,4.0,701.9554081964936
POS_02037,2024-10-12,Paris-South,Controller-Pro,7.0,2514.3687268252943
POS_02038,2024-08-19,Berlin-West,Falcon-Drone,6.0,-71.93233439370573
POS_02039,2024-10-19,NYC-East,Controller-Pro,5.0,366.6995717533095
POS_02040,2024-08-14,NYC-East,Lithium-Cell,,978.2000249330197
POS_02041,2024-11-19,Tokyo-Central,Falcon-Drone,9.0,1779.7550850435348
POS_02042,2024-07-04,Paris-South,Falcon-Drone,9.0,654.9541084347843
POS_02043,2024-08-01,London-HQ,Lithium-Cell,9.0,469.061346936145
POS_02044,2024-12-06,London-HQ,Signal-Booster,7.0,2100.2667768541146
POS_02045,2024-08-11,Berlin-West,Lithium-Cell,2.0,1413.31920555312
POS_02046,2024-11-07,Tokyo-Central,Controller-Pro,9.0,221.5772247754569
POS_02047,2024-11-22,London-HQ,Falcon-Drone,3.0,1964.0013326467997
POS_02048,2024-07-08,Berlin-West,Landing-Gear,7.0,495.11421495954926
POS_02049,2024-08-09,Berlin-West,Falcon-Drone,2.0,1696.2279199607267
POS_02050,2024-07-23,NYC-East,Controller-Pro,5.0,1963.0258712669274
POS_02051,2024-12-26,NYC-East,Controller-Pro,8.0,369.4905770686165
POS_02052,2024-11-14,Berlin-West,4K-Camera,6.0,-89.26925837881886
POS_02053,2024-08-10,Tokyo-Central,Landing-Gear,4.0,1674.9044256104137
POS_02054,2024-11-20,Paris-South,Lithium-Cell,6.0,189.60287685632034
POS_02055,2024-11-16,Paris-South,Signal-Booster,6.0,1483.16987908918
POS_02056,2024-09-23,Paris-South,Signal-Booster,6.0,2357.812202982253
POS_02057,2024-09-23,Berlin-West,Landing-Gear,4.0,748.1730548664688
POS_02058,2024-11-23,Tokyo-Central,Landing-Gear,8.0,1758.9634342185386
POS_02059,2024-11-18,Tokyo-Central,Signal-Booster,3.0,2953.0559042141476
POS_02060,2024-10-21,London-HQ,Landing-Gear,9.0,-73.38093973254755
POS_02061,2024-11-26,NYC-East,Landing-Gear,4.0,2025.696351993724
POS_02062,2024-09-30,Paris-South,Falcon-Drone,5.0,326.46519653342716
POS_02063,2024-10-04,Tokyo-Central,Landing-Gear,9.0,2572.027855607808
POS_02064,2024-08-16,Paris-South,Lithium-Cell,4.0,2098.914704569674
POS_02065,2024-12-02,NYC-East,Landing-Gear,7.0,2750.823131873826
POS_02066,2024-09-10,Paris-South,Signal-Booster,4.0,2796.618095574098
POS_02067,2024-11-29,London-HQ,4K-Camera,9.0,383.4414969106548
POS_02068,2024-12-21,Berlin-West,Falcon-Drone,9.0,2683.563260715922
POS_02069,2024-07-30,NYC-East,Landing-Gear,6.0,2990.8749931022603
POS_02070,2024-08-19,Tokyo-Central,4K-Camera,1.0,-79.49631788154981
POS_02071,2024-07-25,Tokyo-Central,4K-Camera,8.0,2955.3852635723106
POS_02072,2024-08-15,Paris-South,4K-Camera,4.0,1708.6095941688695
POS_02073,2024-08-03,NYC-East,Controller-Pro,9.0,2046.7565406694262
POS_02074,2024-07-05,NYC-East,Falcon-Drone,3.0,1157.739423627261
POS_02075,2024-07-10,Berlin-West,Lithium-Cell,8.0,695.4658918621252
POS_02076,2024-11-02,Paris-South,Signal-Booster,2.0,2581.344471211814
POS_02077,2024-07-02,Berlin-West,Signal-Booster,7.0,767.7282902917193
POS_02078,2024-09-28,Tokyo-Central,Landing-Gear,6.0,2790.477538459017
POS_02079,2024-08-17,NYC-East,Landing-Gear,5.0,285.0846082026583
POS_02080,2024-11-29,NYC-East,Lithium-Cell,1.0,1668.8095193724203
POS_02081,2024-12-20,London-HQ,Lithium-Cell,4.0,1662.8658374710678
POS_02082,2024-12-25,NYC-East,Falcon-Drone,8.0,2273.62988435859
POS_02083,2024-12-13,Berlin-West,Landing-Gear,9.0,139.42947106639645
POS_02084,2024-11-20,London-HQ,Landing-Gear,5.0,2001.635716673607
POS_02085,2024-09-28,Tokyo-Central,Lithium-Cell,4.0,2897.808595204225
POS_02086,2024-09-09,NYC-East,Landing-Gear,4.0,1116.6145021059876
POS_02087,2024-07-26,NYC-East,Signal-Booster,2.0,591.0930227533289
POS_02088,2024-12-19,London-HQ,Signal-Booster,1.0,2917.9256110766373
POS_02089,2024-12-15,London-HQ,Lithium-Cell,7.0,2355.4981385579745
POS_02090,2024-07-21,Berlin-West,Landing-Gear,5.0,459.1281908966895
POS_02091,2024-09-07,Paris-South,Signal-Booster,2.0,722.1713251306766
POS_02092,2024-09-15,Paris-South,4K-Camera,9.0,936.9179581602525
POS_02093,2024-09-14,NYC-East,Signal-Booster,3.0,1622.5039030496632
POS_02094,2024-12-07,Berlin-West,4K-Camera,6.0,91.4842988114697
POS_02095,2024-12-14,London-HQ,Lithium-Cell,6.0,1477.7119102223626
POS_02096,2024-11-01,Berlin-West,Signal-Booster,4.0,1250.6326672232856
POS_02097,2024-09-22,NYC-East,Landing-Gear,9.0,2392.5643752158726
POS_02098,2024-07-25,Berlin-West,Controller-Pro,7.0,1646.0224827704312
POS_02099,2024-10-13,NYC-East,Falcon-Drone,4.0,2136.5609593399995
POS_02100,2024-08-09,Berlin-West,Falcon-Drone,8.0,1668.5138561174597
POS_02101,2024-11-18,Paris-South,Landing-Gear,5.0,1177.6097453939478
POS_02102,2024-08-09,NYC-East,Falcon-Drone,2.0,386.7105420811034
POS_02103,2024-09-30,Paris-South,Controller-Pro,8.0,495.2822124455462
POS_02104,2024-08-26,Berlin-West,Lithium-Cell,3.0,1511.03285213166
POS_02105,2024-10-18,NYC-East,Falcon-Drone,8.0,1251.2657947044136
POS_02106,2024-11-26,London-HQ,Controller-Pro,9.0,1880.7065681686115
POS_02107,2024-12-10,Tokyo-Central,Lithium-Cell,3.0,1504.6425561231397
POS_02108,2024-10-27,London-HQ,Falcon-Drone,4.0,944.0542423052668
POS_02109,2024-11-20,Paris-South,4K-Camera,6.0,861.0078678709388
POS_02110,2024-11-07,Berlin-West,4K-Camera,9.0,59.33468463719777
POS_02111,2024-12-26,Tokyo-Central,Landing-Gear,4.0,2195.7930798551756
POS_02112,2024-08-16,Berlin-West,Falcon-Drone,1.0,626.3146209144056
POS_02113,2024-11-21,Paris-South,Landing-Gear,8.0,716.8918833266401
POS_02114,2024-07-30,Tokyo-Central,Lithium-Cell,8.0,221.31532601433958
POS_02115,2024-10-24,London-HQ,Falcon-Drone,6.0,2528.4950145153202
POS_02116,2024-08-14,Berlin-West,Lithium-Cell,3.0,1690.4059254913157
POS_02117,2024-10-23,Berlin-West,Falcon-Drone,3.0,1839.420645262476
POS_02118,2024-08-11,London-HQ,Controller-Pro,8.0,1069.3334685284171
POS_02119,2024-10-20,London-HQ,Controller-Pro,5.0,1193.5840936646123
POS_02120,2024-08-24,Paris-South,Falcon-Drone,6.0,1666.2026846071096
POS_02121,2024-10-18,London-HQ,4K-Camera,9.0,2028.0949856977918
POS_02122,2024-12-19,Berlin-West,Signal-Booster,2.0,2922.5086211255666
POS_02123,2024-12-11,Tokyo-Central,Falcon-Drone,6.0,1379.1120764579691
POS_02124,2024-11-05,Paris-South,Falcon-Drone,,1114.0886235566275
POS_02125,2024-08-16,NYC-East,4K-Camera,6.0,1133.8519754139495
POS_02126,2024-11-19,London-HQ,Lithium-Cell,3.0,660.6102590777551
POS_02127,2024-11-17,NYC-East,4K-Camera,1.0,499.9194032232898
POS_02128,2024-11-15,London-HQ,Lithium-Cell,2.0,1114.503910831449
POS_02129,2024-07-12,London-HQ,Falcon-Drone,2.0,1872.3884590996502
POS_02130,2024-12-05,Berlin-West,Lithium-Cell,6.0,677.3452874523275
POS_02131,2024-07-22,NYC-East,Controller-Pro,7.0,1648.7980406824893
POS_02132,2024-08-19,Tokyo-Central,Controller-Pro,8.0,2165.2669290665835
POS_02133,2024-10-22,NYC-East,Controller-Pro,6.0,1083.3407251991382
POS_02134,2024-11-05,NYC-East,Lithium-Cell,2.0,842.5223611181331
POS_02135,2024-09-26,Paris-South,Falcon-Drone,7.0,2880.863641611816
POS_02136,2024-12-07,Paris-South,Controller-Pro,7.0,2110.678629415242
POS_02137,2024-08-16,Berlin-West,Falcon-Drone,5.0,2112.9167894980087
POS_02138,2024-12-08,NYC-East,Landing-Gear,2.0,-18.407995426258864
POS_02139,2024-10-31,Tokyo-Central,Controller-Pro,8.0,2542.59799865626
POS_02140,2024-09-14,London-HQ,Controller-Pro,3.0,2292.0400112041875
POS_02141,2024-08-16,NYC-East,Landing-Gear,6.0,2089.21356597036
POS_02142,2024-08-10,NYC-East,4K-Camera,2.0,2840.8062975516
POS_02143,2024-11-17,Berlin-West,Falcon-Drone,5.0,2640.728769917465
POS_02144,2024-07-27,NYC-East,4K-Camera,9.0,2516.312969832081
POS_02145,2024-10-19,Paris-South,Falcon-Drone,,2346.961764298497
POS_02146,2024-11-19,Tokyo-Central,Lithium-Cell,2.0,418.212765743379
POS_02147,2024-11-15,London-HQ,Lithium-Cell,3.0,516.558061050906
POS_02148,2024-07-02,Paris-South,Signal-Booster,2.0,2758.4575047406383
POS_02149,2024-12-04,London-HQ,Landing-Gear,9.0,247.91586183816156
POS_02150,2024-09-20,London-HQ,4K-Camera,3.0,94.7654365711893
POS_02151,2024-12-07,London-HQ,Lithium-Cell,9.0,1791.5773828098288
POS_02152,2024-07-05,Paris-South,Controller-Pro,6.0,377.0458222302797
POS_02153,2024-08-25,Berlin-West,Landing-Gear,5.0,847.3169214099499
POS_02154,2024-09-26,Paris-South,Signal-Booster,6.0,218.83117148572302
POS_02155,2024-12-14,Paris-South,4K-Camera,1.0,-55.04612852612701
POS_02156,2024-11-30,Tokyo-Central,4K-Camera,6.0,1163.0481854455563
POS_02157,2024-08-23,Tokyo-Central,Lithium-Cell,,547.4756218640576
POS_02158,2024-07-26,NYC-East,4K-Camera,1.0,880.7386454998224
POS_02159,2024-08-31,London-HQ,4K-Camera,7.0,2414.2538162632436
POS_02160,2024-09-05,Paris-South,Landing-Gear,1.0,1775.9738238375203
POS_02161,2024-08-19,London-HQ,Signal-Booster,2.0,2399.88371839761
POS_02162,2024-12-10,Tokyo-Central,Falcon-Drone,3.0,1478.5914060961206
POS_02163,2024-12-12,London-HQ,Falcon-Drone,5.0,1509.163698321319
POS_02164,2024-11-15,Tokyo-Central,Falcon-Drone,8.0,111.74556829184908
POS_02165,2024-12-11,Tokyo-Central,Landing-Gear,2.0,1163.4588378585304
POS_02166,2024-10-08,Paris-South,Landing-Gear,6.0,2262.9457961040416
POS_02167,2024-11-23,Berlin-West,Lithium-Cell,3.0,2419.1454598536257
POS_02168,2024-11-14,NYC-East,Landing-Gear,7.0,2640.4365512938684
POS_02169,2024-10-19,NYC-East,Controller-Pro,4.0,437.25043585460855
POS_02170,2024-08-13,Paris-South,Falcon-Drone,6.0,2917.2401437947697
POS_02171,2024-08-13,London-HQ,Controller-Pro,8.0,1167.4440520854657
POS_02172,2024-11-04,London-HQ,Controller-Pro,5.0,1833.6757285769613
POS_02173,2024-11-08,Tokyo-Central,Falcon-Drone,6.0,1050.8379220806023
POS_02174,2024-12-18,London-HQ,Signal-Booster,2.0,1217.6231225185923
POS_02175,2024-12-21,NYC-East,Controller-Pro,3.0,2555.890844706542
POS_02176,2024-08-01,Tokyo-Central,Lithium-Cell,1.0,2381.333375461144
POS_02177,2024-07-01,Tokyo-Central,Signal-Booster,7.0,1913.2249940031081
POS_02178,2024-08-17,Paris-South,Landing-Gear,1.0,114.70169680988204
POS_02179,2024-07-29,Tokyo-Central,Lithium-Cell,7.0,775.3895641017496
POS_02180,2024-07-30,Berlin-West,Controller-Pro,3.0,308.64510037351977
POS_02181,2024-09-10,Berlin-West,4K-Camera,,2726.4589736918665
POS_02182,2024-10-16,Paris-South,4K-Camera,8.0,361.982131528149
POS_02183,2024-09-26,Berlin-West,Falcon-Drone,8.0,1674.394901443581
POS_02184,2024-10-18,London-HQ,4K-Camera,2.0,2267.0076819394585
POS_02185,2024-10-05,Tokyo-Central,Landing-Gear,9.0,374.32358530003546
POS_02186,2024-07-14,London-HQ,Signal-Booster,8.0,1754.5335688383411
POS_02187,2024-07-11,Berlin-West,Landing-Gear,2.0,2982.443363407214
POS_02188,2024-10-24,Berlin-West,4K-Camera,9.0,1334.7943753942134
POS_02189,2024-08-05,Berlin-West,4K-Camera,4.0,2488.4208794746214
POS_02190,2024-09-24,Paris-South,Landing-Gear,7.0,1018.3062037990642
POS_02191,2024-11-26,NYC-East,Landing-Gear,1.0,151.81083292190462
POS_02192,2024-07-31,Tokyo-Central,Controller-Pro,3.0,155.9562870648889
POS_02193,2024-07-08,NYC-East,Landing-Gear,8.0,1165.1823874928725
POS_02194,2024-08-02,Paris-South,Lithium-Cell,2.0,1584.2924847897295
POS_02195,2024-09-14,NYC-East,Signal-Booster,7.0,2614.0257315809495
POS_02196,2024-08-05,Paris-South,4K-Camera,4.0,1681.2964437194178
POS_02197,2024-12-10,NYC-East,Controller-Pro,4.0,1160.8290739153026
POS_02198,2024-10-31,London-HQ,Falcon-Drone,2.0,543.337347316538
POS_02199,2024-09-04,London-HQ,Controller-Pro,1.0,307.04702525736707
POS_02200,2024-10-05,Berlin-West,Signal-Booster,9.0,2235.381681470886
POS_02201,2024-12-06,Paris-South,Controller-Pro,2.0,127.80747469054208
POS_02202,2024-07-31,Paris-South,Signal-Booster,3.0,423.8584610919478
POS_02203,2024-12-10,Berlin-West,Falcon-Drone,8.0,454.9166927020307
POS_02204,2024-11-11,NYC-East,Signal-Booster,6.0,2784.5338298316674
POS_02205,2024-12-06,Berlin-West,Falcon-Drone,2.0,220.3672318424056
POS_02206,2024-11-08,London-HQ,Landing-Gear,8.0,254.27216795072326
POS_02207,2024-09-30,London-HQ,4K-Camera,2.0,36.59513303005531
POS_02208,2024-12-12,NYC-East,Controller-Pro,1.0,2737.91363837125
POS_02209,2024-11-22,Paris-South,Falcon-Drone,1.0,1777.9391767067405
POS_02210,2024-11-01,NYC-East,Falcon-Drone,5.0,2393.672312569532
POS_02211,2024-08-15,Tokyo-Central,Landing-Gear,7.0,2733.9856114248805
POS_02212,2024-09-06,NYC-East,4K-Camera,4.0,1065.0273345035268
POS_02213,2024-10-27,NYC-East,Falcon-Drone,7.0,1448.0675641100754
POS_02214,2024-11-22,Tokyo-Central,4K-Camera,5.0,328.2727670600921
POS_02215,2024-08-31,Tokyo-Central,Falcon-Drone,4.0,1124.3932666322596
POS_02216,2024-07-02,London-HQ,4K-Camera,7.0,2821.487941362118
POS_02217,2024-10-14,Tokyo-Central,4K-Camera,2.0,2487.2687704697005
POS_02218,2024-10-04,NYC-East,Signal-Booster,6.0,2017.257378427781
POS_02219,2024-08-27,Paris-South,Lithium-Cell,3.0,2950.790878675264
POS_02220,2024-08-08,Paris-South,Controller-Pro,7.0,584.958448016084
POS_02221,2024-08-30,Tokyo-Central,Lithium-Cell,5.0,1303.077595485737
POS_02222,2024-07-14,Tokyo-Central,Landing-Gear,1.0,2568.091722636291
POS_02223,2024-12-03,Paris-South,4K-Camera,2.0,30.20537910671146
POS_02224,2024-08-28,Tokyo-Central,4K-Camera,5.0,289.89882014208183
POS_02225,2024-07-08,Paris-South,Landing-Gear,4.0,1875.329887005969
POS_02226,2024-08-29,London-HQ,Signal-Booster,6.0,2139.8709473280146
POS_02227,2024-08-13,Paris-South,Falcon-Drone,2.0,430.01636741919094
POS_02228,2024-07-07,Berlin-West,Falcon-Drone,1.0,1688.2893278901615
POS_02229,2024-07-01,Berlin-West,Signal-Booster,8.0,1299.0855691472007
POS_02230,2024-12-17,Berlin-West,Signal-Booster,9.0,1441.3771049630093
POS_02231,2024-12-25,Tokyo-Central,Landing-Gear,7.0,2714.747883656519
POS_02232,2024-07-30,Berlin-West,Falcon-Drone,9.0,2294.797809254123
POS_02233,2024-07-01,NYC-East,Signal-Booster,1.0,2580.6545685693236
POS_02234,2024-10-02,Berlin-West,Lithium-Cell,5.0,1092.3779717461389
POS_02235,2024-11-24,Berlin-West,Landing-Gear,1.0,554.6524356251249
POS_02236,2024-07-21,Paris-South,Lithium-Cell,9.0,2524.167022774983
POS_02237,2024-07-15,NYC-East,Landing-Gear,4.0,1168.9023347468346
POS_02238,2024-12-15,Paris-South,Falcon-Drone,8.0,1759.8851403099534
POS_02239,2024-12-04,London-HQ,Lithium-Cell,6.0,1142.9461245270218
POS_02240,2024-07-21,Tokyo-Central,Controller-Pro,3.0,18.84905605127453
POS_02241,2024-12-26,Berlin-West,Falcon-Drone,4.0,1872.0391079287233
POS_02242,2024-09-14,Tokyo-Central,Falcon-Drone,8.0,372.0544468649662
POS_02243,2024-09-12,London-HQ,Signal-Booster,4.0,2263.0780743542578
POS_02244,2024-12-07,London-HQ,Signal-Booster,4.0,228.79687518706288
POS_02245,2024-10-06,London-HQ,Lithium-Cell,4.0,2661.4978530421827
POS_02246,2024-12-03,NYC-East,4K-Camera,6.0,1791.5149189570893
POS_02247,2024-07-04,Tokyo-Central,Landing-Gear,8.0,220.3292144574334
POS_02248,2024-12-18,NYC-East,4K-Camera,8.0,2304.6163905049243
POS_02249,2024-10-10,Tokyo-Central,Controller-Pro,8.0,1744.0646820955228
POS_02250,2024-11-19,London-HQ,Signal-Booster,2.0,1800.2821404980516
POS_02251,2024-07-02,NYC-East,Signal-Booster,1.0,273.11283072188417
POS_02252,2024-07-08,Tokyo-Central,4K-Camera,5.0,1283.0880716283775
POS_02253,2024-12-16,Berlin-West,Controller-Pro,7.0,867.1509677401361
POS_02254,2024-12-11,Paris-South,Signal-Booster,5.0,1180.2968654558358
POS_02255,2024-11-30,London-HQ,Signal-Booster,3.0,323.84973002259426
POS_02256,2024-09-09,London-HQ,4K-Camera,4.0,279.9671629097064
POS_02257,2024-07-03,NYC-East,Signal-Booster,2.0,2483.5763087137616
POS_02258,2024-11-20,Paris-South,Falcon-Drone,4.0,2549.314464548317
POS_02259,2024-07-05,London-HQ,Signal-Booster,7.0,456.4477910011991
POS_02260,2024-12-26,Berlin-West,Controller-Pro,4.0,679.3115063145029
POS_02261,2024-11-22,NYC-East,4K-Camera,7.0,2667.2017460782695
POS_02262,2024-07-19,Paris-South,Landing-Gear,9.0,259.81574392700804
POS_02263,2024-12-04,London-HQ,Controller-Pro,3.0,1098.2274485743067
POS_02264,2024-11-04,Tokyo-Central,Signal-Booster,3.0,2033.380352505696
POS_02265,2024-09-30,Berlin-West,Lithium-Cell,9.0,2560.2888479095272
POS_02266,2024-11-28,NYC-East,Signal-Booster,1.0,951.3880417878802
POS_02267,2024-09-30,Tokyo-Central,Landing-Gear,9.0,2093.527030155198
POS_02268,2024-10-07,London-HQ,Falcon-Drone,9.0,1164.323494756576
POS_02269,2024-10-05,NYC-East,Controller-Pro,,1041.820208324193
POS_02270,2024-09-01,Tokyo-Central,4K-Camera,5.0,1179.0767082857874
POS_02271,2024-10-13,NYC-East,4K-Camera,5.0,1331.2901447212319
POS_02272,2024-08-26,NYC-East,Controller-Pro,8.0,2722.2890903881007
POS_02273,2024-09-14,Berlin-West,Signal-Booster,4.0,87.80881778767409
POS_02274,2024-08-01,Tokyo-Central,4K-Camera,2.0,-53.26001968712296
POS_02275,2024-07-03,Berlin-West,Falcon-Drone,9.0,2318.089860993948
POS_02276,2024-09-26,Paris-South,4K-Camera,6.0,556.0672693678462
POS_02277,2024-08-31,Berlin-West,Controller-Pro,6.0,1485.6167698140066
POS_02278,2024-09-01,Paris-South,Falcon-Drone,6.0,652.0220306724277
POS_02279,2024-12-01,Berlin-West,Controller-Pro,9.0,100.63031197354496
POS_02280,2024-09-18,NYC-East,Falcon-Drone,1.0,555.214123883633
POS_02281,2024-10-14,Paris-South,Controller-Pro,8.0,17.819326238834236
POS_02282,2024-09-16,Tokyo-Central,Falcon-Drone,7.0,1934.9419132387313
POS_02283,2024-10-19,Paris-South,Signal-Booster,8.0,746.8064361693157
POS_02284,2024-08-15,Tokyo-Central,Lithium-Cell,8.0,677.9395749352401
POS_02285,2024-10-22,London-HQ,Signal-Booster,4.0,1866.1109106547185
POS_02286,2024-08-22,Berlin-West,Landing-Gear,6.0,2414.3316811999816
POS_02287,2024-10-16,London-HQ,Landing-Gear,2.0,537.1994968303787
POS_02288,2024-11-13,Tokyo-Central,Signal-Booster,1.0,2401.931935529142
POS_02289,2024-07-13,Paris-South,Falcon-Drone,3.0,1082.1901546576703
POS_02290,2024-10-06,Paris-South,Landing-Gear,1.0,-12.820895939271622
POS_02291,2024-11-19,Berlin-West,4K-Camera,6.0,2852.461733983978
POS_02292,2024-11-01,Tokyo-Central,Signal-Booster,6.0,417.3529896789189
POS_02293,2024-07-05,Tokyo-Central,4K-Camera,4.0,1507.717256913442
POS_02294,2024-11-04,London-HQ,Controller-Pro,5.0,1037.2983886528068
POS_02295,2024-10-30,Berlin-West,Lithium-Cell,2.0,416.8537958322115
POS_02296,2024-11-26,Paris-South,4K-Camera,1.0,2255.5579835810604
POS_02297,2024-11-05,Tokyo-Central,Controller-Pro,5.0,206.43612700485988
POS_02298,2024-07-29,Berlin-West,Landing-Gear,5.0,2540.966521996371
POS_02299,2024-08-29,London-HQ,Lithium-Cell,9.0,448.54216661413966
POS_02300,2024-07-28,Berlin-West,4K-Camera,8.0,1065.4997477773616
POS_02301,2024-08-21,Tokyo-Central,4K-Camera,5.0,2138.0496553118783
POS_02302,2024-11-28,Tokyo-Central,Controller-Pro,9.0,1199.381076293101
POS_02303,2024-07-30,Paris-South,Lithium-Cell,3.0,125.74617253316961
POS_02304,2024-09-13,London-HQ,Signal-Booster,8.0,479.30596164005215
POS_02305,2024-07-08,NYC-East,Falcon-Drone,8.0,1103.220676562541
POS_02306,2024-08-11,Paris-South,Falcon-Drone,5.0,815.7343598412814
POS_02307,2024-08-16,Berlin-West,Signal-Booster,7.0,2215.0442452946795
POS_02308,2024-07-11,NYC-East,4K-Camera,5.0,2961.34577210195
POS_02309,2024-11-25,Paris-South,Landing-Gear,5.0,786.4035419265887
POS_02310,2024-11-15,Paris-South,Lithium-Cell,7.0,891.6265391052458
POS_02311,2024-11-17,NYC-East,Lithium-Cell,4.0,880.0823350379831
POS_02312,2024-08-26,Berlin-West,Landing-Gear,4.0,-86.83878183853702
POS_02313,2024-10-20,NYC-East,Falcon-Drone,2.0,-87.23848078459913
POS_02314,2024-07-08,Berlin-West,Landing-Gear,4.0,383.3800532266166
POS_02315,2024-10-27,Berlin-West,Lithium-Cell,7.0,1829.6197761500243
POS_02316,2024-08-23,Tokyo-Central,4K-Camera,3.0,982.5772911135914
POS_02317,2024-08-12,NYC-East,Lithium-Cell,1.0,1152.9662032266015
POS_02318,2024-10-08,Berlin-West,Falcon-Drone,5.0,1529.676967837134
POS_02319,2024-10-09,Berlin-West,4K-Camera,2.0,2463.1852023641827
POS_02320,2024-10-26,Berlin-West,Falcon-Drone,5.0,2983.1440174034756
POS_02321,2024-11-27,Tokyo-Central,Landing-Gear,7.0,2402.919020660947
POS_02322,2024-11-15,NYC-East,Controller-Pro,8.0,439.99356750507184
POS_02323,2024-08-29,London-HQ,Falcon-Drone,7.0,2234.6891596532223
POS_02324,2024-08-03,Berlin-West,Falcon-Drone,6.0,860.9805644786118
POS_02325,2024-11-01,Berlin-West,Landing-Gear,3.0,2494.456413819472
POS_02326,2024-07-24,NYC-East,Falcon-Drone,1.0,1741.5049289021472
POS_02327,2024-09-05,Tokyo-Central,Falcon-Drone,3.0,469.7019423274518
POS_02328,2024-09-06,Paris-South,Landing-Gear,3.0,564.6062597292375
POS_02329,2024-07-21,London-HQ,Lithium-Cell,7.0,1645.0016634741166
POS_02330,2024-11-29,NYC-East,Signal-Booster,3.0,443.8828798562298
POS_02331,2024-10-08,NYC-East,Lithium-Cell,7.0,1134.8895782782795
POS_02332,2024-08-13,Paris-South,Lithium-Cell,9.0,1861.0363649062726
POS_02333,2024-07-31,London-HQ,Controller-Pro,7.0,1174.9794245618916
POS_02334,2024-08-24,London-HQ,Lithium-Cell,3.0,2302.628633208315
POS_02335,2024-07-24,Paris-South,Falcon-Drone,6.0,587.6590976095325
POS_02336,2024-12-24,London-HQ,4K-Camera,1.0,2673.874821824482
POS_02337,2024-10-05,London-HQ,Controller-Pro,5.0,193.78770205615058
POS_02338,2024-11-27,London-HQ,Lithium-Cell,4.0,1956.589694356007
POS_02339,2024-07-07,Berlin-West,4K-Camera,1.0,794.333378919811
POS_02340,2024-08-30,Paris-South,Landing-Gear,3.0,1244.3004988907976
POS_02341,2024-11-05,Paris-South,Lithium-Cell,7.0,1966.2488352475907
POS_02342,2024-11-08,Berlin-West,Falcon-Drone,9.0,2177.167273935187
POS_02343,2024-09-14,London-HQ,Falcon-Drone,3.0,2740.548503769729
POS_02344,2024-07-02,Paris-South,Controller-Pro,5.0,444.30926299185126
POS_02345,2024-11-04,Tokyo-Central,Signal-Booster,6.0,1212.5460931541613
POS_02346,2024-09-17,Paris-South,Controller-Pro,1.0,2551.982570302154
POS_02347,2024-11-18,NYC-East,Lithium-Cell,7.0,1003.1741908327351
POS_02348,2024-12-13,Tokyo-Central,Signal-Booster,4.0,4.798565916582703
POS_02349,2024-07-21,Berlin-West,Signal-Booster,4.0,1163.8538185978928
POS_02350,2024-11-11,Tokyo-Central,4K-Camera,3.0,-98.38738496384832
POS_02351,2024-11-28,NYC-East,Landing-Gear,4.0,2732.9280468043635
POS_02352,2024-08-20,London-HQ,4K-Camera,3.0,2254.6405387368927
POS_02353,2024-10-16,NYC-East,Falcon-Drone,8.0,249.14457793219918
POS_02354,2024-09-20,Paris-South,Landing-Gear,1.0,673.7767575676937
POS_02355,2024-12-07,Berlin-West,Signal-Booster,9.0,225.87815911490412
POS_02356,2024-11-30,Tokyo-Central,Signal-Booster,,1898.5924902734205
POS_02357,2024-10-03,Paris-South,Lithium-Cell,3.0,2576.664397474257
POS_02358,2024-10-04,Paris-South,Signal-Booster,6.0,2475.26818358842
POS_02359,2024-09-03,Paris-South,Falcon-Drone,9.0,2534.909510286014
POS_02360,2024-10-12,London-HQ,Lithium-Cell,9.0,823.3623413233905
POS_02361,2024-10-27,London-HQ,Landing-Gear,,860.8454428481039
POS_02362,2024-11-12,Berlin-West,Lithium-Cell,3.0,2028.2771666720273
POS_02363,2024-10-25,Tokyo-Central,Controller-Pro,1.0,1057.5303829238915
POS_02364,2024-10-15,London-HQ,Signal-Booster,7.0,338.1038855576382
POS_02365,2024-08-02,Berlin-West,4K-Camera,2.0,1286.8244367254433
POS_02366,2024-09-02,NYC-East,Signal-Booster,5.0,668.0290642936266
POS_02367,2024-11-24,Tokyo-Central,Lithium-Cell,7.0,2694.5448258357237
POS_02368,2024-11-23,London-HQ,Controller-Pro,4.0,1463.900287416435
POS_02369,2024-12-06,NYC-East,Falcon-Drone,9.0,863.4422005010175
POS_02370,2024-11-02,Tokyo-Central,Lithium-Cell,7.0,646.5037923007911
POS_02371,2024-08-16,Paris-South,Controller-Pro,1.0,1970.6586451180324
POS_02372,2024-07-03,Tokyo-Central,Controller-Pro,6.0,2118.5496465054644
POS_02373,2024-11-15,Tokyo-Central,Controller-Pro,4.0,2456.4686277319374
POS_02374,2024-12-17,NYC-East,Falcon-Drone,3.0,201.43786226325955
POS_02375,2024-08-25,Berlin-West,Falcon-Drone,9.0,2614.9086929282475
POS_02376,2024-10-27,London-HQ,Controller-Pro,9.0,2439.766159794731
POS_02377,2024-08-18,Paris-South,Lithium-Cell,7.0,1244.301416812128
POS_02378,2024-08-03,NYC-East,Falcon-Drone,3.0,2204.5602283514245
POS_02379,2024-11-05,NYC-East,Signal-Booster,9.0,2128.960678089709
POS_02380,2024-12-07,NYC-East,Landing-Gear,1.0,2664.5140876550936
POS_02381,2024-11-05,Tokyo-Central,Landing-Gear,6.0,522.0808924221872
POS_02382,2024-08-24,NYC-East,Signal-Booster,4.0,420.2544040975889
POS_02383,2024-10-22,Paris-South,4K-Camera,9.0,2150.028449195133
POS_02384,2024-09-25,Paris-South,Falcon-Drone,1.0,1167.1261786523773
POS_02385,2024-12-04,Berlin-West,Signal-Booster,,-39.14113766575931
POS_02386,2024-10-25,London-HQ,Landing-Gear,7.0,2115.88914596369
POS_02387,2024-09-24,London-HQ,Falcon-Drone,1.0,1054.15417087793
POS_02388,2024-07-28,Paris-South,Controller-Pro,7.0,24.448654285423586
POS_02389,2024-07-07,NYC-East,Landing-Gear,5.0,-16.218882506518213
POS_02390,2024-12-02,Paris-South,4K-Camera,1.0,2504.8840931860977
POS_02391,2024-07-22,Berlin-West,4K-Camera,3.0,816.7857109455015
POS_02392,2024-09-24,Paris-South,Controller-Pro,7.0,592.5695137596691
POS_02393,2024-09-02,Berlin-West,Lithium-Cell,3.0,1019.8154055605478
POS_02394,2024-07-25,Paris-South,Lithium-Cell,4.0,1452.5691819604529
POS_02395,2024-10-21,Berlin-West,Lithium-Cell,8.0,450.9483825098098
POS_02396,2024-09-24,London-HQ,Falcon-Drone,9.0,16.006548344497105
POS_02397,2024-10-16,Tokyo-Central,4K-Camera,3.0,718.832283629768
POS_02398,2024-12-05,NYC-East,Falcon-Drone,5.0,1834.4044203804272
POS_02399,2024-09-02,Tokyo-Central,4K-Camera,3.0,1500.9689532050231
POS_02400,2024-09-11,Paris-South,Signal-Booster,6.0,2850.277088819667
POS_02401,2024-08-08,Tokyo-Central,Lithium-Cell,8.0,299.51615265569967
POS_02402,2024-12-02,Paris-South,Lithium-Cell,7.0,567.6271220702097
POS_02403,2024-08-28,London-HQ,Landing-Gear,4.0,400.7132584681662
POS_02404,2024-08-23,Paris-South,Landing-Gear,4.0,1529.2307105689633
POS_02405,2024-08-10,NYC-East,Controller-Pro,1.0,586.7594505043651
POS_02406,2024-11-13,London-HQ,Falcon-Drone,9.0,2518.5390137164413
POS_02407,2024-11-02,Paris-South,Signal-Booster,,2154.143932690628
POS_02408,2024-10-10,Paris-South,Landing-Gear,9.0,1129.9348191785834
POS_02409,2024-08-19,Tokyo-Central,Signal-Booster,4.0,1217.8467108504972
POS_02410,2024-09-20,London-HQ,Landing-Gear,3.0,627.8167617205121
POS_02411,2024-08-12,Tokyo-Central,4K-Camera,6.0,2041.4573382762442
POS_02412,2024-09-14,London-HQ,4K-Camera,4.0,1471.184330849581
POS_02413,2024-11-08,Tokyo-Central,Controller-Pro,2.0,903.8988585918747
POS_02414,2024-08-05,Berlin-West,Controller-Pro,6.0,1764.4352530181116
POS_02415,2024-07-15,Tokyo-Central,Lithium-Cell,9.0,2489.8698425621196
POS_02416,2024-12-26,Paris-South,Signal-Booster,9.0,744.9736853151159
POS_02417,2024-12-17,London-HQ,Signal-Booster,,464.61349034231966
POS_02418,2024-12-15,Tokyo-Central,Controller-Pro,6.0,1803.526823451172
POS_02419,2024-10-07,Berlin-West,Falcon-Drone,7.0,2259.304774229135
POS_02420,2024-07-01,Tokyo-Central,Lithium-Cell,7.0,413.2364830169298
POS_02421,2024-07-21,NYC-East,Lithium-Cell,6.0,1788.0714482377448
POS_02422,2024-12-25,Paris-South,4K-Camera,4.0,1324.6112073371871
POS_02423,2024-11-16,London-HQ,Signal-Booster,7.0,844.2136631895312
POS_02424,2024-12-12,NYC-East,4K-Camera,,1418.5428319720897
POS_02425,2024-08-05,London-HQ,Lithium-Cell,,915.2822340146264
POS_02426,2024-12-20,London-HQ,Falcon-Drone,4.0,2347.8952087302864
POS_02427,2024-08-06,Paris-South,Falcon-Drone,9.0,2797.155335537395
POS_02428,2024-09-29,London-HQ,Landing-Gear,2.0,335.8282857328028
POS_02429,2024-11-11,Tokyo-Central,Falcon-Drone,4.0,487.90954415873193
POS_02430,2024-09-13,NYC-East,Controller-Pro,1.0,394.40254364250364
POS_02431,2024-11-02,Tokyo-Central,Falcon-Drone,5.0,2734.2575581644646
POS_02432,2024-11-07,London-HQ,Signal-Booster,4.0,2130.9215263607666
POS_02433,2024-08-10,London-HQ,Landing-Gear,5.0,374.68402728519953
POS_02434,2024-11-20,Paris-South,Signal-Booster,9.0,342.1324980437858
POS_02435,2024-08-10,Berlin-West,Lithium-Cell,,2150.534671659907
POS_02436,2024-12-22,Tokyo-Central,Lithium-Cell,1.0,1381.2008151793978
POS_02437,2024-10-28,NYC-East,Lithium-Cell,9.0,863.4029102322646
POS_02438,2024-09-26,Paris-South,Lithium-Cell,6.0,1033.026581698773
POS_02439,2024-10-07,London-HQ,Falcon-Drone,5.0,1561.9275347497655
POS_02440,2024-07-10,Paris-South,Controller-Pro,2.0,2974.465795743965
POS_02441,2024-11-03,London-HQ,Signal-Booster,2.0,33.95662408155596
POS_02442,2024-11-10,Berlin-West,Signal-Booster,6.0,2346.2770342293584
POS_02443,2024-12-09,Tokyo-Central,4K-Camera,5.0,721.7386242161899
POS_02444,2024-07-28,Berlin-West,Signal-Booster,9.0,2628.0105613728733
POS_02445,2024-10-14,Berlin-West,Controller-Pro,1.0,108.80154308863405
POS_02446,2024-10-08,Paris-South,4K-Camera,9.0,2380.1297600830458
POS_02447,2024-10-05,Paris-South,4K-Camera,1.0,1605.6236491737022
POS_02448,2024-12-21,London-HQ,Falcon-Drone,2.0,2716.0006007381835
POS_02449,2024-07-26,NYC-East,Landing-Gear,9.0,187.04146912411272
POS_02450,2024-12-10,Paris-South,Landing-Gear,8.0,1421.8015311376564
POS_02451,2024-12-22,Tokyo-Central,Landing-Gear,7.0,1137.6006808530115
POS_02452,2024-09-23,London-HQ,4K-Camera,8.0,963.9789341827209
POS_02453,2024-10-11,Tokyo-Central,Lithium-Cell,,1996.1998844645937
POS_02454,2024-11-04,NYC-East,Landing-Gear,8.0,1023.6111612885579
POS_02455,2024-11-08,Berlin-West,Controller-Pro,,686.2105046097759
POS_02456,2024-11-22,Tokyo-Central,Controller-Pro,3.0,2447.3015251489487
POS_02457,2024-07-18,Paris-South,Signal-Booster,9.0,1539.90038173003
POS_02458,2024-09-11,Tokyo-Central,Controller-Pro,2.0,2123.8571460369044
POS_02459,2024-08-11,London-HQ,4K-Camera,8.0,155.5735186936906
POS_02460,2024-11-12,Berlin-West,Falcon-Drone,7.0,636.9520393618577
POS_02461,2024-08-09,Tokyo-Central,Controller-Pro,5.0,1284.3612164649319
POS_02462,2024-10-12,NYC-East,Controller-Pro,2.0,2197.282652145868
POS_02463,2024-08-10,Tokyo-Central,Landing-Gear,7.0,1627.945127979461
POS_02464,2024-12-01,Paris-South,Lithium-Cell,9.0,1325.9540967175546
POS_02465,2024-10-03,Berlin-West,Controller-Pro,9.0,2311.7050436447657
POS_02466,2024-08-12,Tokyo-Central,Signal-Booster,3.0,1099.6514126876632
POS_02467,2024-11-13,Berlin-West,Signal-Booster,1.0,1459.6971064281058
POS_02468,2024-08-13,NYC-East,Controller-Pro,4.0,1015.5814607494901
POS_02469,2024-08-29,London-HQ,Controller-Pro,6.0,1876.435951541036
POS_02470,2024-10-27,NYC-East,Signal-Booster,6.0,1961.872878134658
POS_02471,2024-08-27,Paris-South,4K-Camera,5.0,1121.0275549655926
POS_02472,2024-09-12,London-HQ,Signal-Booster,1.0,153.26682031385522
POS_02473,2024-08-19,Paris-South,Falcon-Drone,6.0,291.9342660681113
POS_02474,2024-07-20,London-HQ,Lithium-Cell,4.0,2200.1294282240915
POS_02475,2024-07-06,Tokyo-Central,Lithium-Cell,2.0,1299.8248236803943
POS_02476,2024-07-24,Berlin-West,4K-Camera,1.0,195.3253450532049
POS_02477,2024-08-20,Berlin-West,Falcon-Drone,6.0,276.7789117266266
POS_02478,2024-11-10,NYC-East,Lithium-Cell,2.0,1197.235783503926
POS_02479,2024-07-11,London-HQ,Landing-Gear,7.0,1682.3896513231662
POS_02480,2024-07-15,Berlin-West,Controller-Pro,3.0,1491.3238493849333
POS_02481,2024-12-15,Berlin-West,Controller-Pro,5.0,1137.5939740361607
POS_02482,2024-11-18,Tokyo-Central,Controller-Pro,7.0,2145.9349636590023
POS_02483,2024-08-14,NYC-East,Landing-Gear,5.0,2074.767137275655
POS_02484,2024-12-01,Tokyo-Central,Landing-Gear,6.0,638.2691404167866
POS_02485,2024-07-31,Berlin-West,Falcon-Drone,5.0,1478.2011152632842
POS_02486,2024-08-22,NYC-East,Falcon-Drone,5.0,642.2490268700333
POS_02487,2024-08-31,NYC-East,Falcon-Drone,6.0,717.9086549615383
POS_02488,2024-07-09,Berlin-West,Falcon-Drone,3.0,86.2753148982145
POS_02489,2024-10-06,NYC-East,Lithium-Cell,9.0,-58.76995593543685
POS_02490,2024-10-01,Berlin-West,Lithium-Cell,9.0,578.7030061141653
POS_02491,2024-08-10,London-HQ,Landing-Gear,3.0,2685.90393503921
POS_02492,2024-11-22,Tokyo-Central,Signal-Booster,7.0,1703.5821584558714
POS_02493,2024-08-01,Paris-South,Controller-Pro,3.0,506.1297468720235
POS_02494,2024-07-15,London-HQ,Controller-Pro,2.0,568.9375032283565
POS_02495,2024-10-11,London-HQ,Controller-Pro,6.0,2593.7130927844355
POS_02496,2024-10-07,Berlin-West,Signal-Booster,3.0,403.25868899442634
POS_02497,2024-12-06,Tokyo-Central,Signal-Booster,1.0,2298.515050034309
POS_02498,2024-08-19,Berlin-West,Signal-Booster,3.0,1303.031825581309
POS_02499,2024-10-09,NYC-East,Signal-Booster,5.0,281.1847601812269
POS_02500,2024-07-29,Tokyo-Central,Lithium-Cell,6.0,1383.3197698471809
POS_02501,2024-10-11,Tokyo-Central,4K-Camera,3.0,2118.390979339508
POS_02502,2024-09-09,NYC-East,Landing-Gear,5.0,130.19008605554663
POS_02503,2024-12-06,Berlin-West,Controller-Pro,2.0,2699.5092988493298
POS_02504,2024-11-22,Tokyo-Central,4K-Camera,3.0,2937.7930609447812
POS_02505,2024-08-03,London-HQ,Landing-Gear,6.0,2092.2202094478657
POS_02506,2024-10-09,Tokyo-Central,Controller-Pro,3.0,153.99872678594556
POS_02507,2024-12-13,NYC-East,4K-Camera,1.0,583.2406656820069
POS_02508,2024-12-01,London-HQ,Controller-Pro,4.0,1848.665863861977
POS_02509,2024-11-01,Paris-South,Lithium-Cell,4.0,552.1183334681477
POS_02510,2024-12-15,Berlin-West,4K-Camera,8.0,974.9750850483372
POS_02511,2024-08-04,NYC-East,Landing-Gear,2.0,370.45534757458
POS_02512,2024-08-21,Paris-South,Falcon-Drone,3.0,-47.45933387704078
POS_02513,2024-11-22,NYC-East,Landing-Gear,1.0,750.8876576964758
POS_02514,2024-11-16,NYC-East,Falcon-Drone,6.0,152.97446570459448
POS_02515,2024-10-03,Paris-South,Controller-Pro,8.0,2870.532362178959
POS_02516,2024-08-18,Tokyo-Central,Landing-Gear,7.0,1302.5671997238596
POS_02517,2024-10-30,Paris-South,Lithium-Cell,,968.3783775059842
POS_02518,2024-10-05,London-HQ,Lithium-Cell,2.0,311.92153107255257
POS_02519,2024-09-24,Paris-South,Controller-Pro,7.0,1421.3149690296111
POS_02520,2024-08-28,Berlin-West,Lithium-Cell,4.0,2900.3247974001997
POS_02521,2024-10-29,Berlin-West,Controller-Pro,6.0,235.83808262153434
POS_02522,2024-11-06,Paris-South,4K-Camera,4.0,2536.2853221022897
POS_02523,2024-10-28,Tokyo-Central,Signal-Booster,,81.91473172888251
POS_02524,2024-12-10,NYC-East,Falcon-Drone,8.0,388.24388059425706
POS_02525,2024-08-09,Paris-South,Landing-Gear,1.0,1288.9765831986808
POS_02526,2024-11-25,Paris-South,Lithium-Cell,1.0,892.714226141918
POS_02527,2024-11-24,London-HQ,Lithium-Cell,5.0,1597.004274603401
POS_02528,2024-09-18,Paris-South,Lithium-Cell,7.0,686.2020579819052
POS_02529,2024-10-06,NYC-East,4K-Camera,4.0,2645.472379670597
POS_02530,2024-12-20,Tokyo-Central,Landing-Gear,8.0,830.2832618975889
POS_02531,2024-11-05,Tokyo-Central,Controller-Pro,1.0,1219.7966225397834
POS_02532,2024-10-20,NYC-East,Lithium-Cell,5.0,804.8357553805091
POS_02533,2024-10-17,NYC-East,Falcon-Drone,4.0,2510.6701190808453
POS_02534,2024-11-24,Paris-South,Controller-Pro,2.0,489.09311130697097
POS_02535,2024-11-26,Berlin-West,Controller-Pro,2.0,1616.1290462440484
POS_02536,2024-12-23,NYC-East,Lithium-Cell,6.0,583.9442487425782
POS_02537,2024-12-05,NYC-East,4K-Camera,3.0,2970.5665171180863
POS_02538,2024-07-23,Tokyo-Central,Signal-Booster,1.0,1623.5142895470046
POS_02539,2024-09-15,Berlin-West,Signal-Booster,1.0,2555.0133415055247
POS_02540,2024-08-24,Berlin-West,Falcon-Drone,7.0,1715.032208542424
POS_02541,2024-08-28,Paris-South,Falcon-Drone,2.0,809.7682898327851
POS_02542,2024-10-24,NYC-East,Landing-Gear,,2708.1718126251562
POS_02543,2024-12-13,Berlin-West,Falcon-Drone,4.0,1937.456475566888
POS_02544,2024-08-11,Tokyo-Central,Signal-Booster,8.0,2541.481145532429
POS_02545,2024-12-02,Paris-South,Lithium-Cell,,2575.0635012310877
POS_02546,2024-09-06,London-HQ,Falcon-Drone,8.0,435.66638407303924
POS_02547,2024-11-30,Tokyo-Central,Controller-Pro,6.0,57.55799808947367
POS_02548,2024-11-12,Tokyo-Central,4K-Camera,2.0,371.44783197132506
POS_02549,2024-08-14,Paris-South,Lithium-Cell,5.0,1466.605293762688
POS_02550,2024-11-09,Paris-South,Falcon-Drone,7.0,568.7094481090508
POS_02551,2024-07-25,Paris-South,Falcon-Drone,7.0,1075.1614369191304
POS_02552,2024-07-24,Paris-South,Falcon-Drone,7.0,1599.2578990555157
POS_02553,2024-08-07,NYC-East,Falcon-Drone,3.0,1947.6921068530567
POS_02554,2024-07-11,Berlin-West,4K-Camera,6.0,158.43131931448823
POS_02555,2024-07-02,London-HQ,Signal-Booster,6.0,1507.398045039619
POS_02556,2024-12-24,London-HQ,Lithium-Cell,7.0,2823.1635259377604
POS_02557,2024-12-05,Tokyo-Central,Landing-Gear,9.0,1952.431012484502
POS_02558,2024-07-09,NYC-East,Controller-Pro,5.0,325.3102538715098
POS_02559,2024-10-16,Paris-South,Controller-Pro,3.0,2192.6149484007005
POS_02560,2024-11-22,Paris-South,Landing-Gear,3.0,1730.2425157101843
POS_02561,2024-09-01,Tokyo-Central,Controller-Pro,2.0,794.9735911226144
POS_02562,2024-09-24,NYC-East,4K-Camera,2.0,463.73274186934543
POS_02563,2024-10-30,NYC-East,4K-Camera,6.0,2881.2505691330316
POS_02564,2024-08-09,Berlin-West,Signal-Booster,9.0,1647.2006099031032
POS_02565,2024-09-24,NYC-East,Lithium-Cell,8.0,1985.1496064809025
POS_02566,2024-09-12,NYC-East,Falcon-Drone,3.0,-75.36584674478576
POS_02567,2024-08-06,NYC-East,Controller-Pro,2.0,454.5458173424141
POS_02568,2024-11-01,London-HQ,Lithium-Cell,3.0,1595.7769498836724
POS_02569,2024-07-09,Berlin-West,Signal-Booster,2.0,13.662654687264208
POS_02570,2024-12-01,NYC-East,Lithium-Cell,1.0,2245.2113421289064
POS_02571,2024-11-28,Tokyo-Central,Lithium-Cell,4.0,1832.9013102234796
POS_02572,2024-08-25,Berlin-West,Lithium-Cell,5.0,1292.841661172728
POS_02573,2024-08-16,NYC-East,Signal-Booster,,952.1395155048237
POS_02574,2024-12-06,NYC-East,4K-Camera,4.0,84.99224813814581
POS_02575,2024-10-16,Berlin-West,Signal-Booster,8.0,1641.921114028603
POS_02576,2024-07-01,NYC-East,Lithium-Cell,6.0,2250.4174783811372
POS_02577,2024-11-20,Berlin-West,Landing-Gear,9.0,2520.631493919218
POS_02578,2024-12-19,Tokyo-Central,4K-Camera,4.0,1150.3418775515859
POS_02579,2024-11-17,Tokyo-Central,Controller-Pro,4.0,1916.0352932500016
POS_02580,2024-10-09,Berlin-West,4K-Camera,4.0,-60.4555990645092
POS_02581,2024-10-31,London-HQ,Signal-Booster,5.0,229.8462492153149
POS_02582,2024-12-03,Tokyo-Central,Lithium-Cell,8.0,530.0596028636251
POS_02583,2024-08-17,London-HQ,Landing-Gear,6.0,2266.10222176552
POS_02584,2024-08-17,London-HQ,4K-Camera,1.0,1558.6110166327949
POS_02585,2024-08-30,London-HQ,Signal-Booster,7.0,1262.7996270132498
POS_02586,2024-11-26,Berlin-West,4K-Camera,8.0,1325.3791473616268
POS_02587,2024-11-29,Berlin-West,Falcon-Drone,7.0,1697.0063182112574
POS_02588,2024-07-22,Paris-South,Landing-Gear,2.0,2889.700966979376
POS_02589,2024-07-12,Berlin-West,Lithium-Cell,5.0,1142.7095215559773
POS_02590,2024-09-25,Tokyo-Central,Signal-Booster,4.0,2381.770169661311
POS_02591,2024-12-08,NYC-East,Landing-Gear,7.0,48.485526405596715
POS_02592,2024-09-01,Berlin-West,Lithium-Cell,1.0,406.8631023830609
POS_02593,2024-07-21,NYC-East,Falcon-Drone,3.0,1708.3085460241516
POS_02594,2024-09-03,Tokyo-Central,Controller-Pro,1.0,1272.2341348905163
POS_02595,2024-10-05,Berlin-West,Lithium-Cell,5.0,1228.3402910043349
POS_02596,2024-12-11,London-HQ,Controller-Pro,4.0,908.1696389877327
POS_02597,2024-07-21,Tokyo-Central,Falcon-Drone,5.0,2235.8178802684943
POS_02598,2024-11-23,Paris-South,4K-Camera,9.0,1976.6917571932295
POS_02599,2024-11-24,NYC-East,Landing-Gear,6.0,1169.2017347978606
POS_02600,2024-10-09,London-HQ,Lithium-Cell,6.0,2534.2468388687466
POS_02601,2024-12-07,Paris-South,Landing-Gear,1.0,2837.012728487196
POS_02602,2024-12-16,Berlin-West,Falcon-Drone,5.0,1460.2646782635334
POS_02603,2024-12-11,Tokyo-Central,Controller-Pro,3.0,1500.895102860679
POS_02604,2024-09-15,Tokyo-Central,Controller-Pro,5.0,2883.2433790391888
POS_02605,2024-09-02,Tokyo-Central,Lithium-Cell,1.0,792.2208909769782
POS_02606,2024-07-24,NYC-East,Lithium-Cell,8.0,870.1726384269818
POS_02607,2024-08-02,NYC-East,Signal-Booster,7.0,1025.51843152214
POS_02608,2024-11-18,Berlin-West,Controller-Pro,1.0,-14.128367446067998
POS_02609,2024-09-15,Paris-South,Lithium-Cell,4.0,1231.1090798486332
POS_02610,2024-09-22,Tokyo-Central,Lithium-Cell,8.0,2804.957471626076
POS_02611,2024-11-14,London-HQ,4K-Camera,8.0,1886.760729642827
POS_02612,2024-09-22,Berlin-West,Lithium-Cell,8.0,2184.6506347378695
POS_02613,2024-09-11,Paris-South,Falcon-Drone,7.0,2209.955581541557
POS_02614,2024-10-10,London-HQ,Falcon-Drone,7.0,730.1777855217708
POS_02615,2024-07-11,Paris-South,Falcon-Drone,4.0,335.9321152710614
POS_02616,2024-09-20,Paris-South,Controller-Pro,7.0,1871.9344298385913
POS_02617,2024-10-03,London-HQ,4K-Camera,5.0,1173.9852451550619
POS_02618,2024-08-10,Tokyo-Central,4K-Camera,2.0,671.8415284134295
POS_02619,2024-12-05,Paris-South,4K-Camera,1.0,2867.9101820214964
POS_02620,2024-07-23,Paris-South,Controller-Pro,9.0,509.4073996824509
POS_02621,2024-07-12,NYC-East,Lithium-Cell,2.0,365.10341211633767
POS_02622,2024-11-25,Berlin-West,Signal-Booster,2.0,515.6887215592187
POS_02623,2024-08-09,Tokyo-Central,Landing-Gear,2.0,1432.283088777817
POS_02624,2024-11-16,NYC-East,Signal-Booster,4.0,944.1480159894713
POS_02625,2024-08-21,Berlin-West,4K-Camera,5.0,1307.3416777366176
POS_02626,2024-08-17,Paris-South,Signal-Booster,9.0,1557.796189850005
POS_02627,2024-11-16,Paris-South,Signal-Booster,4.0,1965.2424288656766
POS_02628,2024-08-29,NYC-East,Falcon-Drone,7.0,2939.7723661902646
POS_02629,2024-12-12,London-HQ,Controller-Pro,5.0,717.6440510875118
POS_02630,2024-10-29,NYC-East,Controller-Pro,9.0,539.749146913612
POS_02631,2024-12-19,Berlin-West,Landing-Gear,7.0,1926.5064211390898
POS_02632,2024-07-27,London-HQ,Signal-Booster,4.0,2977.1512916149663
POS_02633,2024-09-04,Paris-South,4K-Camera,8.0,2177.784284852548
POS_02634,2024-09-17,NYC-East,Signal-Booster,1.0,708.3750257026843
POS_02635,2024-08-12,Tokyo-Central,Controller-Pro,2.0,2885.709535951914
POS_02636,2024-08-27,Tokyo-Central,Signal-Booster,7.0,362.7453245522449
POS_02637,2024-08-05,Tokyo-Central,Signal-Booster,7.0,2259.6858839799315
POS_02638,2024-12-11,NYC-East,Lithium-Cell,6.0,2430.559743292939
POS_02639,2024-10-03,NYC-East,Signal-Booster,7.0,490.41272805506105
POS_02640,2024-08-21,NYC-East,Signal-Booster,2.0,608.4778430199722
POS_02641,2024-09-05,Paris-South,Signal-Booster,9.0,2663.938538232818
POS_02642,2024-12-10,Paris-South,Controller-Pro,6.0,2270.419804827296
POS_02643,2024-07-05,Paris-South,Signal-Booster,8.0,2257.8452284591403
POS_02644,2024-10-14,Tokyo-Central,Signal-Booster,9.0,766.7478916974433
POS_02645,2024-12-15,Tokyo-Central,Lithium-Cell,5.0,576.1554000404367
POS_02646,2024-09-12,NYC-East,Lithium-Cell,5.0,2288.6175248234913
POS_02647,2024-09-18,Tokyo-Central,Falcon-Drone,7.0,1885.9149530719992
POS_02648,2024-09-08,NYC-East,Lithium-Cell,3.0,1186.2903526622802
POS_02649,2024-10-26,Berlin-West,Controller-Pro,3.0,2258.766974606222
POS_02650,2024-08-28,Tokyo-Central,Lithium-Cell,8.0,69.20598274363516
POS_02651,2024-09-02,NYC-East,4K-Camera,4.0,2604.6425280936946
POS_02652,2024-11-16,Berlin-West,Landing-Gear,2.0,119.79314349407807
POS_02653,2024-12-04,Tokyo-Central,Falcon-Drone,9.0,2310.2615101310535
POS_02654,2024-12-24,Berlin-West,Lithium-Cell,6.0,2888.9921712022406
POS_02655,2024-12-05,Paris-South,Signal-Booster,2.0,2432.953669973657
POS_02656,2024-07-15,NYC-East,4K-Camera,8.0,2904.177207302821
POS_02657,2024-11-30,NYC-East,Lithium-Cell,7.0,1774.1621703398268
POS_02658,2024-11-11,Paris-South,Controller-Pro,8.0,1626.547234508747
POS_02659,2024-10-18,NYC-East,Signal-Booster,4.0,2967.443081010868
POS_02660,2024-08-27,Berlin-West,Controller-Pro,6.0,1448.6045242647601
POS_02661,2024-09-20,Paris-South,Falcon-Drone,5.0,863.9666341858441
POS_02662,2024-07-22,Paris-South,Lithium-Cell,6.0,949.4650778631096
POS_02663,2024-11-28,London-HQ,Landing-Gear,1.0,2267.8181546124383
POS_02664,2024-10-22,Paris-South,Falcon-Drone,3.0,2474.7842242044812
POS_02665,2024-07-14,NYC-East,Falcon-Drone,2.0,1433.0122707855949
POS_02666,2024-11-30,Berlin-West,4K-Camera,5.0,1196.7608144354765
POS_02667,2024-07-03,Berlin-West,Signal-Booster,2.0,2712.8768140625325
POS_02668,2024-10-14,Paris-South,Signal-Booster,6.0,2717.6367211489433
POS_02669,2024-08-15,Berlin-West,4K-Camera,3.0,1587.475686792362
POS_02670,2024-10-06,Tokyo-Central,Landing-Gear,5.0,2280.11809841097
POS_02671,2024-08-09,NYC-East,Falcon-Drone,3.0,2391.7469921477878
POS_02672,2024-09-11,Paris-South,Signal-Booster,4.0,502.2559647259807
POS_02673,2024-11-27,NYC-East,Landing-Gear,1.0,2430.2246675638708
POS_02674,2024-09-02,Tokyo-Central,Controller-Pro,,2875.672955138257
POS_02675,2024-10-09,London-HQ,Lithium-Cell,4.0,2577.0821805266805
POS_02676,2024-09-07,London-HQ,Signal-Booster,2.0,343.94998409685456
POS_02677,2024-07-22,Berlin-West,Falcon-Drone,2.0,2828.222421714932
POS_02678,2024-07-28,London-HQ,Landing-Gear,7.0,1847.898336217135
POS_02679,2024-11-10,London-HQ,Signal-Booster,4.0,1696.6426344875822
POS_02680,2024-07-25,Paris-South,Lithium-Cell,7.0,2427.7135487482155
POS_02681,2024-09-01,NYC-East,Lithium-Cell,3.0,2118.9860582556785
POS_02682,2024-08-21,Tokyo-Central,4K-Camera,6.0,1898.2716985466238
POS_02683,2024-10-24,Berlin-West,4K-Camera,9.0,1951.2753240479924
POS_02684,2024-07-16,Paris-South,Signal-Booster,9.0,2434.377153106822
POS_02685,2024-10-27,Paris-South,Falcon-Drone,2.0,2397.2376995851014
POS_02686,2024-10-06,Paris-South,Falcon-Drone,1.0,574.8315034147959
POS_02687,2024-12-11,Tokyo-Central,Signal-Booster,2.0,1652.147561127084
POS_02688,2024-11-19,Paris-South,Signal-Booster,5.0,1925.7920560120137
POS_02689,2024-11-02,London-HQ,Falcon-Drone,8.0,1872.6321400753077
POS_02690,2024-11-25,NYC-East,Falcon-Drone,2.0,1752.8358318771918
POS_02691,2024-12-21,Tokyo-Central,Signal-Booster,1.0,2990.9149571945736
POS_02692,2024-08-18,Tokyo-Central,Controller-Pro,9.0,1815.6210462044935
POS_02693,2024-11-01,Berlin-West,4K-Camera,9.0,80.49507176222178
POS_02694,2024-10-31,London-HQ,Landing-Gear,3.0,2079.3029796561536
POS_02695,2024-11-26,Paris-South,Lithium-Cell,7.0,533.0524193407529
POS_02696,2024-10-16,Paris-South,Lithium-Cell,1.0,689.9039838737357
POS_02697,2024-08-04,NYC-East,4K-Camera,5.0,744.9225725252809
POS_02698,2024-10-31,Berlin-West,4K-Camera,3.0,972.7272214278246
POS_02699,2024-07-26,NYC-East,Landing-Gear,9.0,1413.9605879116286
POS_02700,2024-08-21,Paris-South,Signal-Booster,5.0,2345.4961928912985
POS_02701,2024-12-22,Berlin-West,Lithium-Cell,4.0,537.501667082755
POS_02702,2024-07-08,Berlin-West,Lithium-Cell,3.0,824.6848118238256
POS_02703,2024-11-12,Berlin-West,Landing-Gear,2.0,549.6912642988104
POS_02704,2024-12-06,Berlin-West,Falcon-Drone,4.0,1980.0918624638534
POS_02705,2024-08-21,London-HQ,Landing-Gear,2.0,495.56791153036477
POS_02706,2024-07-15,Berlin-West,Controller-Pro,1.0,2155.969634066955
POS_02707,2024-09-13,Paris-South,4K-Camera,7.0,1799.9583742995542
POS_02708,2024-08-28,Tokyo-Central,Falcon-Drone,9.0,907.3911691654191
POS_02709,2024-11-21,Tokyo-Central,Landing-Gear,9.0,446.6065837816632
POS_02710,2024-08-07,NYC-East,Landing-Gear,9.0,2186.7747985404667
POS_02711,2024-07-02,Berlin-West,Signal-Booster,8.0,1270.0150235938652
POS_02712,2024-10-02,Tokyo-Central,4K-Camera,4.0,2725.7802385242053
POS_02713,2024-10-21,Berlin-West,Landing-Gear,4.0,1930.116924495049
POS_02714,2024-10-30,Tokyo-Central,Signal-Booster,3.0,2018.5929246267283
POS_02715,2024-11-29,Tokyo-Central,Signal-Booster,4.0,1226.3005895456752
POS_02716,2024-08-02,Berlin-West,Falcon-Drone,7.0,2868.5483499205866
POS_02717,2024-11-24,NYC-East,Signal-Booster,,-9.636032704867176
POS_02718,2024-09-11,London-HQ,Signal-Booster,3.0,1003.1106640302608
POS_02719,2024-10-16,Tokyo-Central,Landing-Gear,6.0,1523.1626174570758
POS_02720,2024-08-21,NYC-East,Signal-Booster,2.0,2720.274820831131
POS_02721,2024-11-09,Paris-South,Landing-Gear,1.0,2706.7009077265093
POS_02722,2024-08-28,NYC-East,Controller-Pro,4.0,2240.2352276620063
POS_02723,2024-08-21,Paris-South,Falcon-Drone,9.0,2186.1520509480415
POS_02724,2024-11-24,Berlin-West,Landing-Gear,8.0,1596.0188542813296
POS_02725,2024-11-10,Berlin-West,Signal-Booster,3.0,1203.3307542457471
POS_02726,2024-09-04,NYC-East,Falcon-Drone,6.0,1362.1213277606
POS_02727,2024-09-08,NYC-East,4K-Camera,7.0,115.71469490560776
POS_02728,2024-10-01,Paris-South,Controller-Pro,7.0,855.6278690652686
POS_02729,2024-08-27,NYC-East,Landing-Gear,2.0,1974.3533382398773
POS_02730,2024-08-28,Tokyo-Central,Falcon-Drone,8.0,2584.0918084286527
POS_02731,2024-10-27,London-HQ,Landing-Gear,,50.046593643247945
POS_02732,2024-08-13,Berlin-West,Controller-Pro,9.0,1842.5299622285486
POS_02733,2024-10-19,Tokyo-Central,4K-Camera,1.0,496.09779680045074
POS_02734,2024-10-01,Paris-South,Lithium-Cell,3.0,603.1199685228322
POS_02735,2024-07-11,London-HQ,Lithium-Cell,4.0,2854.26317617494
POS_02736,2024-12-16,NYC-East,Falcon-Drone,2.0,490.307617415816
POS_02737,2024-09-17,NYC-East,Signal-Booster,9.0,1255.5882029067134
POS_02738,2024-08-02,Tokyo-Central,4K-Camera,8.0,2760.084577777238
POS_02739,2024-07-24,Paris-South,Lithium-Cell,7.0,2373.7133316036993
POS_02740,2024-12-18,NYC-East,4K-Camera,4.0,484.38659191604654
POS_02741,2024-12-03,Berlin-West,Controller-Pro,3.0,2674.3341686285057
POS_02742,2024-10-22,Tokyo-Central,Lithium-Cell,3.0,1515.25152693576
POS_02743,2024-07-10,London-HQ,Lithium-Cell,2.0,1904.541733186653
POS_02744,2024-07-22,Tokyo-Central,Controller-Pro,1.0,426.4742664544501
POS_02745,2024-12-02,Berlin-West,Signal-Booster,3.0,2026.2504665826837
POS_02746,2024-08-25,London-HQ,4K-Camera,8.0,1259.3820692171466
POS_02747,2024-10-19,NYC-East,Lithium-Cell,4.0,1825.7579234857717
POS_02748,2024-11-09,NYC-East,Falcon-Drone,8.0,2557.742956682564
POS_02749,2024-10-12,London-HQ,Lithium-Cell,6.0,749.6415290090816
POS_02750,2024-10-28,London-HQ,Controller-Pro,5.0,2694.371530374564
POS_02751,2024-09-29,NYC-East,Landing-Gear,8.0,1194.9671651741587
POS_02752,2024-08-12,Tokyo-Central,Falcon-Drone,2.0,2660.434660900405
POS_02753,2024-08-20,Paris-South,Controller-Pro,3.0,2037.0594914364642
POS_02754,2024-07-17,London-HQ,4K-Camera,,1693.9172588157355
POS_02755,2024-10-25,Berlin-West,Signal-Booster,2.0,714.8993442053845
POS_02756,2024-10-27,Berlin-West,Controller-Pro,7.0,2956.496402184585
POS_02757,2024-09-29,Tokyo-Central,Falcon-Drone,6.0,1503.787038933704
POS_02758,2024-12-05,Berlin-West,Lithium-Cell,3.0,296.18126779852963
POS_02759,2024-07-24,Berlin-West,Controller-Pro,7.0,158.29217327572394
POS_02760,2024-12-20,NYC-East,Landing-Gear,9.0,1866.4360958977034
POS_02761,2024-10-05,NYC-East,Landing-Gear,4.0,2515.3731029877554
POS_02762,2024-10-07,Paris-South,Controller-Pro,7.0,686.6882255598908
POS_02763,2024-08-17,London-HQ,Falcon-Drone,1.0,790.1067866754095
POS_02764,2024-12-25,Berlin-West,Landing-Gear,3.0,2383.9550899217948
POS_02765,2024-12-11,NYC-East,Landing-Gear,3.0,1309.824275980618
POS_02766,2024-10-11,NYC-East,4K-Camera,9.0,2038.903425803916
POS_02767,2024-07-07,Berlin-West,4K-Camera,2.0,2333.9762782830476
POS_02768,2024-07-01,London-HQ,Lithium-Cell,1.0,105.90877593539716
POS_02769,2024-11-12,Paris-South,Landing-Gear,4.0,1440.9231403435222
POS_02770,2024-10-01,Tokyo-Central,Controller-Pro,9.0,1500.3161632881263
POS_02771,2024-12-15,Tokyo-Central,4K-Camera,6.0,2969.8798187175003
POS_02772,2024-12-07,Tokyo-Central,Controller-Pro,5.0,849.6491254236979
POS_02773,2024-07-05,Berlin-West,4K-Camera,2.0,1744.4996459236463
POS_02774,2024-10-02,Paris-South,Lithium-Cell,6.0,890.1621921414727
POS_02775,2024-07-06,Berlin-West,Falcon-Drone,6.0,2281.898545346198
POS_02776,2024-07-06,Berlin-West,Signal-Booster,3.0,1910.0268936940192
POS_02777,2024-10-22,London-HQ,Lithium-Cell,1.0,2832.0187626315656
POS_02778,2024-12-01,Tokyo-Central,Lithium-Cell,6.0,863.353216987757
POS_02779,2024-12-09,Berlin-West,4K-Camera,,718.3593391375285
POS_02780,2024-08-30,Paris-South,Falcon-Drone,5.0,878.9808164223696
POS_02781,2024-10-05,NYC-East,4K-Camera,6.0,1952.8076668867707
POS_02782,2024-10-03,Paris-South,Lithium-Cell,3.0,2523.4478017826737
POS_02783,2024-10-28,NYC-East,Signal-Booster,3.0,2023.9837057639643
POS_02784,2024-09-14,London-HQ,Lithium-Cell,6.0,2302.1735674220317
POS_02785,2024-07-07,Berlin-West,Landing-Gear,7.0,97.33647213520516
POS_02786,2024-07-04,Paris-South,Signal-Booster,6.0,113.37244302315199
POS_02787,2024-11-19,Tokyo-Central,Controller-Pro,5.0,1354.934152487445
POS_02788,2024-11-17,Tokyo-Central,Lithium-Cell,2.0,1465.9628202771614
POS_02789,2024-09-11,Paris-South,Lithium-Cell,7.0,2197.841638815148
POS_02790,2024-09-10,Paris-South,Controller-Pro,8.0,1646.4560919277005
POS_02791,2024-10-01,London-HQ,4K-Camera,5.0,1045.3076436498122
POS_02792,2024-08-28,Tokyo-Central,Lithium-Cell,8.0,2904.639030925506
POS_02793,2024-10-05,London-HQ,Signal-Booster,8.0,1018.6145013254666
POS_02794,2024-12-26,Tokyo-Central,Falcon-Drone,8.0,2758.2594670682893
POS_02795,2024-07-12,Berlin-West,Falcon-Drone,1.0,1304.3034623599713
POS_02796,2024-11-11,Tokyo-Central,Landing-Gear,2.0,2335.947642669595
POS_02797,2024-08-17,Tokyo-Central,Falcon-Drone,4.0,1750.5598444489833
POS_02798,2024-08-17,London-HQ,Controller-Pro,3.0,711.9498468511146
POS_02799,2024-10-02,Paris-South,4K-Camera,1.0,2521.4010139890097
POS_02800,2024-10-03,NYC-East,4K-Camera,9.0,2301.179125144194
POS_02801,2024-08-03,Paris-South,4K-Camera,1.0,1748.1936959115478
POS_02802,2024-11-18,NYC-East,4K-Camera,4.0,1585.6857833508313
POS_02803,2024-12-06,London-HQ,Lithium-Cell,4.0,1684.8452570658862
POS_02804,2024-09-05,London-HQ,Signal-Booster,8.0,2945.2253019047444
POS_02805,2024-09-25,NYC-East,Landing-Gear,4.0,1327.339969473315
POS_02806,2024-07-16,London-HQ,Signal-Booster,7.0,1334.0666284005385
POS_02807,2024-10-07,London-HQ,Landing-Gear,4.0,2943.5718114274514
POS_02808,2024-09-23,NYC-East,Controller-Pro,4.0,2403.5427353673426
POS_02809,2024-07-31,London-HQ,Controller-Pro,1.0,1185.0898049917148
POS_02810,2024-12-27,London-HQ,4K-Camera,9.0,786.2533097846834
POS_02811,2024-07-10,Berlin-West,Controller-Pro,7.0,784.3189736889398
POS_02812,2024-09-27,NYC-East,Signal-Booster,5.0,932.6626002793678
POS_02813,2024-08-06,London-HQ,Falcon-Drone,8.0,1938.2650777953575
POS_02814,2024-08-26,London-HQ,Controller-Pro,8.0,1795.9606241451554
POS_02815,2024-09-18,Berlin-West,4K-Camera,4.0,114.49345135112853
POS_02816,2024-10-14,Berlin-West,Controller-Pro,6.0,895.2556051746843
POS_02817,2024-10-04,London-HQ,Controller-Pro,1.0,891.5484719144845
POS_02818,2024-10-18,Tokyo-Central,Falcon-Drone,8.0,48.19157555247773
POS_02819,2024-12-13,Paris-South,Controller-Pro,2.0,1721.0394201229008
POS_02820,2024-12-25,London-HQ,Falcon-Drone,9.0,2822.7237972766125
POS_02821,2024-08-02,London-HQ,4K-Camera,3.0,2602.022030225489
POS_02822,2024-08-27,London-HQ,Controller-Pro,2.0,510.83689352342265
POS_02823,2024-12-04,London-HQ,Lithium-Cell,2.0,565.8909776251797
POS_02824,2024-12-06,Paris-South,Lithium-Cell,6.0,2520.5337204360726
POS_02825,2024-09-09,NYC-East,Falcon-Drone,2.0,2651.2117238935625
POS_02826,2024-12-21,Tokyo-Central,4K-Camera,1.0,557.1378982934092
POS_02827,2024-11-15,Paris-South,Falcon-Drone,7.0,2965.835826534548
POS_02828,2024-08-15,London-HQ,Signal-Booster,3.0,2371.3043111817315
POS_02829,2024-09-23,London-HQ,Landing-Gear,1.0,1848.703061055742
POS_02830,2024-10-12,NYC-East,4K-Camera,,-15.917746035670675
POS_02831,2024-07-11,London-HQ,Controller-Pro,8.0,1170.7812858588607
POS_02832,2024-11-19,Berlin-West,Signal-Booster,7.0,1277.466350401826
POS_02833,2024-08-08,Tokyo-Central,Controller-Pro,8.0,93.89742341495662
POS_02834,2024-07-23,Tokyo-Central,Controller-Pro,6.0,1959.638474546398
POS_02835,2024-07-10,Berlin-West,Controller-Pro,1.0,150.58616686282042
POS_02836,2024-10-03,Tokyo-Central,Controller-Pro,7.0,2710.7278666052034
POS_02837,2024-08-15,NYC-East,Signal-Booster,9.0,2039.8442561108168
POS_02838,2024-11-28,NYC-East,4K-Camera,1.0,293.3378238145812
POS_02839,2024-12-03,NYC-East,Lithium-Cell,6.0,2356.787220520572
POS_02840,2024-08-29,Paris-South,4K-Camera,4.0,1622.02195341994
POS_02841,2024-08-14,Paris-South,Controller-Pro,7.0,1524.1510138488554
POS_02842,2024-09-16,Tokyo-Central,Lithium-Cell,7.0,324.03734878534783
POS_02843,2024-10-18,Paris-South,4K-Camera,5.0,772.6413688314524
POS_02844,2024-09-15,NYC-East,4K-Camera,7.0,355.7966197913516
POS_02845,2024-09-20,Berlin-West,Falcon-Drone,9.0,2334.918897653504
POS_02846,2024-11-06,Tokyo-Central,Falcon-Drone,2.0,1670.5729268543723
POS_02847,2024-07-07,Paris-South,Signal-Booster,4.0,2638.067799333555
POS_02848,2024-11-06,Tokyo-Central,Landing-Gear,1.0,552.5658241292892
POS_02849,2024-11-08,Tokyo-Central,Signal-Booster,8.0,1238.9512190928056
POS_02850,2024-10-30,London-HQ,Falcon-Drone,2.0,1310.6738813092725
POS_02851,2024-12-27,Paris-South,Signal-Booster,1.0,2800.127174742839
POS_02852,2024-12-13,NYC-East,4K-Camera,3.0,2551.2304139281146
POS_02853,2024-07-14,Berlin-West,Falcon-Drone,4.0,1808.165510574875
POS_02854,2024-12-01,Paris-South,Lithium-Cell,9.0,63.86216449425265
POS_02855,2024-11-09,Paris-South,Lithium-Cell,4.0,1726.765074288141
POS_02856,2024-11-08,NYC-East,Controller-Pro,8.0,2253.4552593799913
POS_02857,2024-08-20,Tokyo-Central,Controller-Pro,3.0,525.0063997853802
POS_02858,2024-08-06,Berlin-West,Landing-Gear,5.0,433.1612548360457
POS_02859,2024-10-19,NYC-East,Landing-Gear,5.0,1790.676904572873
POS_02860,2024-11-07,Tokyo-Central,Lithium-Cell,6.0,432.6843740944107
POS_02861,2024-09-12,Berlin-West,Controller-Pro,1.0,1697.1627403964033
POS_02862,2024-08-17,Berlin-West,Controller-Pro,3.0,831.0511846772731
POS_02863,2024-11-29,Tokyo-Central,Landing-Gear,2.0,-38.71741255113188
POS_02864,2024-11-25,Berlin-West,Signal-Booster,9.0,1918.0219725688291
POS_02865,2024-09-26,NYC-East,Signal-Booster,5.0,1590.650821409503
POS_02866,2024-11-23,Paris-South,Controller-Pro,6.0,2556.9346995677784
POS_02867,2024-09-23,Paris-South,Landing-Gear,3.0,2427.0866005328253
POS_02868,2024-11-18,Berlin-West,Landing-Gear,1.0,2229.088736556579
POS_02869,2024-07-09,Tokyo-Central,4K-Camera,8.0,1682.2733513744872
POS_02870,2024-07-05,London-HQ,Landing-Gear,9.0,2033.109490885833
POS_02871,2024-10-14,Berlin-West,4K-Camera,9.0,248.10866889016177
POS_02872,2024-12-13,Tokyo-Central,Landing-Gear,3.0,1687.3660897960917
POS_02873,2024-09-18,NYC-East,Controller-Pro,9.0,1202.7646318114662
POS_02874,2024-08-18,Tokyo-Central,Signal-Booster,5.0,1510.8271866662353
POS_02875,2024-09-28,Berlin-West,Landing-Gear,8.0,-7.89368903726421
POS_02876,2024-08-18,NYC-East,Controller-Pro,4.0,1592.1440674252353
POS_02877,2024-07-12,NYC-East,4K-Camera,4.0,2801.838398155245
POS_02878,2024-11-20,NYC-East,Controller-Pro,4.0,2213.990559895984
POS_02879,2024-09-26,Paris-South,Lithium-Cell,9.0,213.1210882627223
POS_02880,2024-09-27,London-HQ,Landing-Gear,1.0,1852.6562405863508
POS_02881,2024-09-19,Paris-South,Falcon-Drone,6.0,189.45702282371116
POS_02882,2024-09-17,Berlin-West,Landing-Gear,7.0,2852.328709424674
POS_02883,2024-10-09,NYC-East,Landing-Gear,9.0,562.449556919719
POS_02884,2024-09-18,Paris-South,Landing-Gear,1.0,62.81579175903303
POS_02885,2024-07-12,London-HQ,Signal-Booster,8.0,934.4172666482666
POS_02886,2024-09-27,NYC-East,4K-Camera,3.0,2478.8621392252335
POS_02887,2024-10-31,Berlin-West,Signal-Booster,3.0,464.96628374059344
POS_02888,2024-08-26,Tokyo-Central,Signal-Booster,6.0,1865.0214499206102
POS_02889,2024-11-13,Paris-South,Signal-Booster,3.0,1441.6262676892693
POS_02890,2024-10-21,Paris-South,Signal-Booster,3.0,461.4413741748335
POS_02891,2024-12-06,Paris-South,Falcon-Drone,8.0,450.3537367852948
POS_02892,2024-07-12,NYC-East,Controller-Pro,6.0,2549.8708748150066
POS_02893,2024-09-01,NYC-East,Falcon-Drone,6.0,1544.2673871777986
POS_02894,2024-10-24,Berlin-West,Landing-Gear,1.0,2231.568987374334
POS_02895,2024-10-30,Paris-South,Falcon-Drone,5.0,2011.8365738738994
POS_02896,2024-08-04,London-HQ,Signal-Booster,8.0,731.8612440614478
POS_02897,2024-09-21,Berlin-West,Signal-Booster,1.0,354.4674153970947
POS_02898,2024-08-11,Paris-South,Signal-Booster,7.0,391.3432062440546
POS_02899,2024-11-13,Paris-South,Controller-Pro,1.0,2649.7373485256317
POS_02900,2024-10-04,Tokyo-Central,Landing-Gear,7.0,1532.863348109385
POS_02901,2024-07-26,Berlin-West,Signal-Booster,5.0,477.9994172011907
POS_02902,2024-08-28,NYC-East,Landing-Gear,1.0,681.8412771266004
POS_02903,2024-11-20,NYC-East,Landing-Gear,1.0,27.902875926593865
POS_02904,2024-08-16,Tokyo-Central,Lithium-Cell,2.0,2134.8316568997952
POS_02905,2024-09-15,NYC-East,Lithium-Cell,9.0,716.7424900221371
POS_02906,2024-11-03,Paris-South,Landing-Gear,1.0,526.0081267307171
POS_02907,2024-12-06,Berlin-West,Signal-Booster,4.0,958.7878234060888
POS_02908,2024-11-21,Paris-South,Landing-Gear,2.0,1381.598559768171
POS_02909,2024-10-15,NYC-East,Falcon-Drone,4.0,343.6858906913796
POS_02910,2024-12-08,NYC-East,Falcon-Drone,2.0,1965.236901953711
POS_02911,2024-07-14,Paris-South,Lithium-Cell,6.0,612.4679534252789
POS_02912,2024-07-02,Berlin-West,Falcon-Drone,5.0,2477.0298439259777
POS_02913,2024-08-18,Paris-South,Lithium-Cell,6.0,1418.311490195573
POS_02914,2024-12-23,Paris-South,4K-Camera,6.0,1790.67591822515
POS_02915,2024-10-05,London-HQ,Landing-Gear,1.0,2322.9895984948967
POS_02916,2024-11-15,Tokyo-Central,Lithium-Cell,2.0,838.6880330296736
POS_02917,2024-12-26,Tokyo-Central,Controller-Pro,7.0,1867.1020913757202
POS_02918,2024-11-02,Tokyo-Central,Signal-Booster,5.0,1324.7190531910571
POS_02919,2024-11-03,Berlin-West,Signal-Booster,7.0,562.6083495495643
POS_02920,2024-07-12,NYC-East,Signal-Booster,9.0,876.3434207075685
POS_02921,2024-10-08,Berlin-West,Landing-Gear,7.0,1916.9506286970548
POS_02922,2024-09-02,Paris-South,Controller-Pro,8.0,2951.560507096903
POS_02923,2024-10-30,Tokyo-Central,Falcon-Drone,7.0,882.665472305326
POS_02924,2024-09-06,Paris-South,Controller-Pro,5.0,2551.7626342027484
POS_02925,2024-08-20,NYC-East,4K-Camera,4.0,2233.6146015519676
POS_02926,2024-11-16,Tokyo-Central,4K-Camera,5.0,-41.11448730549648
POS_02927,2024-09-24,Tokyo-Central,Landing-Gear,8.0,1025.4304348005628
POS_02928,2024-09-15,Berlin-West,4K-Camera,6.0,2791.05926359991
POS_02929,2024-07-18,Paris-South,Signal-Booster,4.0,1585.9293058011342
POS_02930,2024-12-06,Berlin-West,Controller-Pro,3.0,46.01640616775924
POS_02931,2024-07-10,Berlin-West,Falcon-Drone,6.0,2899.5495824853433
POS_02932,2024-12-11,NYC-East,Falcon-Drone,2.0,321.69582654002386
POS_02933,2024-07-11,London-HQ,Falcon-Drone,6.0,2673.0547446928317
POS_02934,2024-08-27,London-HQ,Falcon-Drone,1.0,1528.24923826147
POS_02935,2024-10-22,Berlin-West,4K-Camera,1.0,1441.8568743892652
POS_02936,2024-12-08,Berlin-West,4K-Camera,3.0,2880.680138639591
POS_02937,2024-10-12,Paris-South,4K-Camera,9.0,1604.2638052088207
POS_02938,2024-12-25,NYC-East,Signal-Booster,5.0,1197.4288629390867
POS_02939,2024-08-16,London-HQ,Controller-Pro,2.0,2863.3240267210776
POS_02940,2024-11-02,Paris-South,Lithium-Cell,7.0,1771.1341598257147
POS_02941,2024-12-12,Berlin-West,4K-Camera,,2871.6978695937505
POS_02942,2024-07-08,Tokyo-Central,4K-Camera,4.0,469.6664298194827
POS_02943,2024-10-13,London-HQ,4K-Camera,1.0,2638.367652363013
POS_02944,2024-11-06,NYC-East,Landing-Gear,8.0,739.4679178145392
POS_02945,2024-10-20,NYC-East,Landing-Gear,6.0,502.17633649381605
POS_02946,2024-09-18,Paris-South,Falcon-Drone,7.0,535.9303517718445
POS_02947,2024-07-30,NYC-East,4K-Camera,2.0,2913.266856015415
POS_02948,2024-12-03,Tokyo-Central,Controller-Pro,5.0,1497.5668235671012
POS_02949,2024-07-14,NYC-East,Lithium-Cell,8.0,1603.3577551362278
POS_02950,2024-12-14,Paris-South,4K-Camera,3.0,2004.1337117854168
POS_02951,2024-11-20,Paris-South,Landing-Gear,6.0,2151.4274501882123
POS_02952,2024-07-19,Paris-South,Controller-Pro,4.0,1298.451182935694
POS_02953,2024-09-24,NYC-East,Lithium-Cell,1.0,1244.346352880099
POS_02954,2024-12-26,Berlin-West,Landing-Gear,3.0,220.0521228410002
POS_02955,2024-11-20,Berlin-West,Falcon-Drone,1.0,982.5754570091949
POS_02956,2024-09-05,London-HQ,Lithium-Cell,8.0,986.2276403070714
POS_02957,2024-12-17,Paris-South,Controller-Pro,7.0,32.38851739552618
POS_02958,2024-07-23,NYC-East,4K-Camera,5.0,-37.29185998947371
POS_02959,2024-11-26,Tokyo-Central,4K-Camera,8.0,721.9200280117816
POS_02960,2024-07-12,Paris-South,Lithium-Cell,9.0,374.8928699713107
POS_02961,2024-12-13,Berlin-West,Lithium-Cell,,1315.3254802346614
POS_02962,2024-08-21,Paris-South,Controller-Pro,1.0,2751.525386936261
POS_02963,2024-09-13,Berlin-West,4K-Camera,1.0,2487.7683270544485
POS_02964,2024-08-31,Tokyo-Central,Controller-Pro,5.0,419.6833368674203
POS_02965,2024-12-27,Tokyo-Central,Falcon-Drone,8.0,1349.4262866151853
POS_02966,2024-11-22,Berlin-West,Landing-Gear,4.0,1079.5513917280243
POS_02967,2024-11-20,Berlin-West,4K-Camera,2.0,410.30937273933563
POS_02968,2024-11-05,NYC-East,Controller-Pro,4.0,650.0254814504152
POS_02969,2024-11-06,Paris-South,Controller-Pro,6.0,675.5017070571222
POS_02970,2024-09-17,NYC-East,Signal-Booster,4.0,1727.945171929902
POS_02971,2024-12-17,NYC-East,Signal-Booster,3.0,2273.860559271648
POS_02972,2024-12-23,London-HQ,Controller-Pro,6.0,2480.1680087901386
POS_02973,2024-12-14,Berlin-West,Controller-Pro,8.0,2486.1757594777328
POS_02974,2024-12-09,Berlin-West,4K-Camera,,413.2404658175134
POS_02975,2024-11-29,Tokyo-Central,4K-Camera,7.0,743.8747603342086
POS_02976,2024-11-03,London-HQ,Lithium-Cell,8.0,671.8554868634673
POS_02977,2024-09-27,Berlin-West,4K-Camera,6.0,1547.7735279324331
POS_02978,2024-07-01,NYC-East,Falcon-Drone,5.0,1644.8667698640575
POS_02979,2024-09-19,Berlin-West,4K-Camera,2.0,49.35947651413656
POS_02980,2024-08-21,Berlin-West,Controller-Pro,3.0,853.8446040980456
POS_02981,2024-09-16,NYC-East,4K-Camera,4.0,388.4893744574286
POS_02982,2024-12-07,Paris-South,Signal-Booster,7.0,86.08689495080026
POS_02983,2024-10-16,NYC-East,Lithium-Cell,6.0,1101.0571805685647
POS_02984,2024-07-19,Berlin-West,Signal-Booster,4.0,989.6226128280462
POS_02985,2024-11-12,NYC-East,4K-Camera,5.0,682.4972864389139
POS_02986,2024-08-27,Paris-South,Controller-Pro,6.0,-87.53092109255542
POS_02987,2024-10-02,NYC-East,Landing-Gear,5.0,727.2679740918283
POS_02988,2024-11-19,Tokyo-Central,Lithium-Cell,,2144.5630656317603
POS_02989,2024-07-13,Berlin-West,Signal-Booster,3.0,-89.36366673570478
POS_02990,2024-08-06,Berlin-West,Landing-Gear,2.0,1163.8589732932976
POS_02991,2024-11-14,NYC-East,Signal-Booster,7.0,42.97593572384008
POS_02992,2024-11-27,Tokyo-Central,Controller-Pro,,927.3786132128212
POS_02993,2024-12-06,Tokyo-Central,Falcon-Drone,1.0,56.255701613948474
POS_02994,2024-10-30,Tokyo-Central,4K-Camera,3.0,1854.458970220199
POS_02995,2024-09-09,London-HQ,Lithium-Cell,2.0,1256.2138175212651
POS_02996,2024-11-11,NYC-East,Landing-Gear,7.0,1625.322185930379
POS_02997,2024-10-07,Paris-South,Signal-Booster,9.0,-26.41864968116188
POS_02998,2024-08-06,London-HQ,Signal-Booster,2.0,2124.6033158680357
POS_02999,2024-07-25,Berlin-West,Controller-Pro,6.0,2755.2892619818554
POS_03000,2024-10-20,NYC-East,Lithium-Cell,1.0,2477.607412763572
POS_03001,2024-09-11,Paris-South,Controller-Pro,7.0,1436.579778359633
POS_03002,2024-08-09,London-HQ,Falcon-Drone,3.0,871.2930686930671
POS_03003,2024-10-20,NYC-East,Falcon-Drone,4.0,-82.20461465738975
POS_03004,2024-07-17,Berlin-West,Signal-Booster,4.0,2596.2725285555694
POS_03005,2024-08-09,Paris-South,Controller-Pro,7.0,2254.2895889860006
POS_03006,2024-07-01,Paris-South,4K-Camera,9.0,1258.4769194836576
POS_03007,2024-08-13,NYC-East,4K-Camera,8.0,2126.3246944108046
POS_03008,2024-12-27,Tokyo-Central,Signal-Booster,5.0,1278.2632273810395
POS_03009,2024-10-06,London-HQ,Landing-Gear,3.0,1382.0891671314116
POS_03010,2024-10-26,Tokyo-Central,Signal-Booster,6.0,260.51701674419735
POS_03011,2024-09-23,Berlin-West,4K-Camera,6.0,2305.5590831858
POS_03012,2024-07-21,London-HQ,Falcon-Drone,8.0,2397.545972838623
POS_03013,2024-11-03,Berlin-West,Signal-Booster,5.0,1637.502833946454
POS_03014,2024-11-02,Berlin-West,Falcon-Drone,6.0,2213.52652329116
POS_03015,2024-10-29,London-HQ,Landing-Gear,1.0,302.6373484027872
POS_03016,2024-07-03,London-HQ,4K-Camera,7.0,2758.36175203878
POS_03017,2024-08-26,NYC-East,Controller-Pro,3.0,814.8702038666447
POS_03018,2024-11-11,NYC-East,Landing-Gear,8.0,38.0898723672849
POS_03019,2024-10-02,Paris-South,Falcon-Drone,7.0,579.3190874331099
POS_03020,2024-09-11,Tokyo-Central,Landing-Gear,3.0,208.5110913169412
POS_03021,2024-10-03,Paris-South,4K-Camera,1.0,637.8701916399486
POS_03022,2024-11-01,NYC-East,Lithium-Cell,4.0,1991.8759516164823
POS_03023,2024-09-17,Tokyo-Central,Lithium-Cell,2.0,2401.7328358800346
POS_03024,2024-12-27,Tokyo-Central,Falcon-Drone,8.0,742.6630971557416
POS_03025,2024-09-02,London-HQ,Signal-Booster,9.0,112.20577140422668
POS_03026,2024-09-16,Tokyo-Central,Falcon-Drone,7.0,2656.7430849689854
POS_03027,2024-11-14,Berlin-West,4K-Camera,9.0,2783.2863211672366
POS_03028,2024-09-29,London-HQ,4K-Camera,9.0,650.6586167863663
POS_03029,2024-11-21,Berlin-West,Landing-Gear,4.0,1989.9251582609604
POS_03030,2024-12-25,Berlin-West,Signal-Booster,6.0,881.4483585532411
POS_03031,2024-09-22,Paris-South,4K-Camera,9.0,2773.7627254331046
POS_03032,2024-12-07,Paris-South,Controller-Pro,6.0,1877.382288539601
POS_03033,2024-08-17,NYC-East,Signal-Booster,9.0,2634.279104620656
POS_03034,2024-07-29,London-HQ,Lithium-Cell,5.0,100.83917211429471
POS_03035,2024-10-05,London-HQ,Controller-Pro,8.0,348.03258535499094
POS_03036,2024-08-20,Paris-South,Lithium-Cell,8.0,-88.66755196672919
POS_03037,2024-12-09,Tokyo-Central,Signal-Booster,7.0,1470.4690422358467
POS_03038,2024-11-10,Berlin-West,Landing-Gear,4.0,2846.884258543409
POS_03039,2024-07-02,Paris-South,4K-Camera,8.0,1799.2038468798798
POS_03040,2024-09-06,London-HQ,Lithium-Cell,7.0,1906.8813963598125
POS_03041,2024-09-19,Tokyo-Central,4K-Camera,8.0,2546.8993982565366
POS_03042,2024-12-16,Berlin-West,Signal-Booster,8.0,2024.5852942126885
POS_03043,2024-11-17,Paris-South,Signal-Booster,1.0,132.64668789477332
POS_03044,2024-11-07,Paris-South,Controller-Pro,6.0,1392.2874885366602
POS_03045,2024-08-19,Tokyo-Central,Falcon-Drone,4.0,2782.7303535825145
POS_03046,2024-08-30,Berlin-West,Controller-Pro,1.0,2150.606110879862
POS_03047,2024-12-13,Paris-South,Controller-Pro,2.0,2471.2162168213276
POS_03048,2024-09-23,Tokyo-Central,Falcon-Drone,5.0,2155.8663058962993
POS_03049,2024-11-05,Paris-South,Lithium-Cell,8.0,1050.4869412043556
POS_03050,2024-08-26,NYC-East,Controller-Pro,2.0,2804.2071509677403
POS_03051,2024-12-22,London-HQ,Lithium-Cell,1.0,321.5867468873755
POS_03052,2024-11-16,London-HQ,Landing-Gear,8.0,56.22746453908792
POS_03053,2024-10-12,Berlin-West,Signal-Booster,9.0,1886.239899706475
POS_03054,2024-09-03,Tokyo-Central,Controller-Pro,4.0,101.50432956982141
POS_03055,2024-09-08,London-HQ,Signal-Booster,3.0,2691.5020648082036
POS_03056,2024-08-21,Tokyo-Central,Signal-Booster,2.0,1926.508352022683
POS_03057,2024-10-13,Paris-South,Signal-Booster,6.0,1416.7202420937338
POS_03058,2024-12-24,NYC-East,Signal-Booster,1.0,1573.6223181883158
POS_03059,2024-09-24,Berlin-West,Controller-Pro,3.0,1447.7373307803844
POS_03060,2024-10-08,Tokyo-Central,Lithium-Cell,2.0,2603.728654736081
POS_03061,2024-11-02,London-HQ,Controller-Pro,8.0,848.0188969963345
POS_03062,2024-09-13,London-HQ,Falcon-Drone,1.0,1288.7310564312065
POS_03063,2024-08-07,Tokyo-Central,Falcon-Drone,8.0,1707.0455940293127
POS_03064,2024-10-28,NYC-East,Signal-Booster,4.0,2234.2709862601246
POS_03065,2024-07-26,Berlin-West,4K-Camera,8.0,646.4149500001608
POS_03066,2024-11-08,Berlin-West,Lithium-Cell,9.0,105.45326582191015
POS_03067,2024-07-23,Berlin-West,Controller-Pro,3.0,1240.6757345091194
POS_03068,2024-10-04,Tokyo-Central,Lithium-Cell,6.0,2608.2701194391448
POS_03069,2024-12-22,London-HQ,Landing-Gear,5.0,672.5385566540748
POS_03070,2024-09-21,London-HQ,4K-Camera,9.0,1899.3120737097086
POS_03071,2024-12-01,NYC-East,Landing-Gear,7.0,1013.41080528311
POS_03072,2024-12-06,NYC-East,4K-Camera,3.0,1330.7906596666635
POS_03073,2024-08-27,NYC-East,Controller-Pro,9.0,2942.2091840554745
POS_03074,2024-10-31,Paris-South,Falcon-Drone,3.0,1904.0582476604307
POS_03075,2024-07-27,Tokyo-Central,Falcon-Drone,7.0,2036.915259037106
POS_03076,2024-09-25,London-HQ,Lithium-Cell,6.0,2199.838928475099
POS_03077,2024-11-16,Tokyo-Central,Lithium-Cell,1.0,441.9525028965934
POS_03078,2024-08-02,NYC-East,Falcon-Drone,6.0,2645.4185652541655
POS_03079,2024-09-04,NYC-East,Signal-Booster,8.0,2963.974404970995
POS_03080,2024-11-09,Berlin-West,4K-Camera,3.0,2165.1752802552046
POS_03081,2024-12-05,London-HQ,Landing-Gear,7.0,637.4881141619732
POS_03082,2024-08-30,Berlin-West,4K-Camera,9.0,2950.3639395464465
POS_03083,2024-09-01,London-HQ,Controller-Pro,9.0,451.46285797054225
POS_03084,2024-07-21,NYC-East,Falcon-Drone,5.0,-48.01232024587036
POS_03085,2024-10-15,Berlin-West,Signal-Booster,6.0,775.9309213159753
POS_03086,2024-12-24,London-HQ,Signal-Booster,3.0,859.0131271796636
POS_03087,2024-07-06,Tokyo-Central,Signal-Booster,5.0,1642.6411060285297
POS_03088,2024-11-26,Tokyo-Central,Lithium-Cell,7.0,2413.7434245382174
POS_03089,2024-11-17,Tokyo-Central,Signal-Booster,5.0,2394.612091130268
POS_03090,2024-10-14,Berlin-West,Lithium-Cell,5.0,938.7803569728057
POS_03091,2024-07-01,Paris-South,Controller-Pro,5.0,1771.1136216678885
POS_03092,2024-08-29,London-HQ,Signal-Booster,3.0,2320.693909430992
POS_03093,2024-12-23,Paris-South,Lithium-Cell,8.0,327.6556236830752
POS_03094,2024-08-01,Tokyo-Central,4K-Camera,8.0,341.7187599956374
POS_03095,2024-08-04,Tokyo-Central,Falcon-Drone,8.0,-3.402503020335203
POS_03096,2024-09-26,London-HQ,Landing-Gear,2.0,36.25609632062995
POS_03097,2024-07-16,Tokyo-Central,4K-Camera,7.0,1522.9992514826993
POS_03098,2024-12-03,London-HQ,Falcon-Drone,2.0,470.900971498162
POS_03099,2024-12-11,London-HQ,Falcon-Drone,4.0,913.6544588439424
POS_03100,2024-08-28,Paris-South,Signal-Booster,2.0,794.9731660089643
POS_03101,2024-07-19,NYC-East,Controller-Pro,1.0,1227.4025837603072
POS_03102,2024-12-09,Berlin-West,Signal-Booster,3.0,240.64457842603804
POS_03103,2024-08-13,Paris-South,Landing-Gear,7.0,502.3007458990172
POS_03104,2024-09-23,NYC-East,Lithium-Cell,9.0,2715.727166454178
POS_03105,2024-08-24,NYC-East,Landing-Gear,8.0,2902.164520189945
POS_03106,2024-08-24,Berlin-West,Lithium-Cell,6.0,737.5031013706887
POS_03107,2024-12-10,NYC-East,Lithium-Cell,7.0,2036.2760688573876
POS_03108,2024-08-10,Tokyo-Central,Landing-Gear,5.0,2556.3331874646674
POS_03109,2024-10-25,London-HQ,Controller-Pro,6.0,-96.10905208000716
POS_03110,2024-09-06,London-HQ,Signal-Booster,3.0,32.68747281800037
POS_03111,2024-11-04,Paris-South,Landing-Gear,5.0,196.3019335126183
POS_03112,2024-10-01,London-HQ,Falcon-Drone,1.0,256.3950473122824
POS_03113,2024-07-17,NYC-East,Lithium-Cell,7.0,2775.8612909031694
POS_03114,2024-08-04,NYC-East,4K-Camera,5.0,1147.34488954054
POS_03115,2024-09-20,London-HQ,Falcon-Drone,8.0,1984.889824515376
POS_03116,2024-07-12,Paris-South,4K-Camera,5.0,473.42775184560526
POS_03117,2024-11-22,Paris-South,Controller-Pro,7.0,1043.2504963937474
POS_03118,2024-09-20,Tokyo-Central,Signal-Booster,9.0,858.5502165435979
POS_03119,2024-07-12,Paris-South,Controller-Pro,8.0,2821.3380371772473
POS_03120,2024-08-09,NYC-East,Controller-Pro,2.0,-29.27225859469671
POS_03121,2024-12-18,NYC-East,Signal-Booster,6.0,1850.5330498853548
POS_03122,2024-09-01,Paris-South,Lithium-Cell,2.0,2222.204118676458
POS_03123,2024-07-08,NYC-East,Falcon-Drone,9.0,903.1495083258367
POS_03124,2024-10-09,Tokyo-Central,Landing-Gear,5.0,2533.1359766222636
POS_03125,2024-11-21,Paris-South,Controller-Pro,4.0,13.917450397179124
POS_03126,2024-12-06,Paris-South,Landing-Gear,5.0,1466.933931447426
POS_03127,2024-12-27,Tokyo-Central,Landing-Gear,3.0,8.460230119307667
POS_03128,2024-09-17,Paris-South,Lithium-Cell,7.0,-23.043841554184382
POS_03129,2024-09-14,NYC-East,Signal-Booster,9.0,80.80862607634893
POS_03130,2024-12-18,London-HQ,Lithium-Cell,2.0,22.87346436555808
POS_03131,2024-12-22,Paris-South,Lithium-Cell,1.0,1004.1455530636194
POS_03132,2024-10-05,London-HQ,Lithium-Cell,9.0,-98.94194750747963
POS_03133,2024-08-11,London-HQ,Falcon-Drone,3.0,-31.75697804622493
POS_03134,2024-12-26,Berlin-West,Landing-Gear,2.0,754.7273100179104
POS_03135,2024-07-14,Tokyo-Central,Lithium-Cell,8.0,2974.357780297403
POS_03136,2024-07-20,Berlin-West,Landing-Gear,2.0,1694.9436799800585
POS_03137,2024-12-12,Paris-South,Landing-Gear,6.0,2053.684554823156
POS_03138,2024-07-24,Berlin-West,Signal-Booster,9.0,2814.0633756036823
POS_03139,2024-11-25,Berlin-West,4K-Camera,2.0,512.5390372960137
POS_03140,2024-09-20,Paris-South,Signal-Booster,2.0,1781.9665523816554
POS_03141,2024-11-09,Berlin-West,Controller-Pro,7.0,575.2166416315387
POS_03142,2024-07-20,Tokyo-Central,Controller-Pro,8.0,2386.407644318154
POS_03143,2024-12-17,Paris-South,Falcon-Drone,8.0,2248.243310091293
POS_03144,2024-12-13,London-HQ,Lithium-Cell,6.0,770.0052694013036
POS_03145,2024-08-01,NYC-East,Controller-Pro,4.0,1497.0724908195923
POS_03146,2024-08-15,London-HQ,Controller-Pro,3.0,1138.1795415940787
POS_03147,2024-11-29,Paris-South,4K-Camera,2.0,166.3812651677116
POS_03148,2024-08-02,London-HQ,Controller-Pro,7.0,2912.2468409221055
POS_03149,2024-07-15,Paris-South,Signal-Booster,4.0,1174.6806101284942
POS_03150,2024-07-11,London-HQ,Controller-Pro,6.0,1987.5169054496928
POS_03151,2024-10-31,NYC-East,4K-Camera,4.0,1613.6178712507322
POS_03152,2024-10-31,London-HQ,Signal-Booster,9.0,2145.4978887532293
POS_03153,2024-10-25,NYC-East,Lithium-Cell,9.0,564.4695691287784
POS_03154,2024-10-11,Berlin-West,Lithium-Cell,8.0,2585.43658050174
POS_03155,2024-11-19,NYC-East,Controller-Pro,3.0,2283.3844265606403
POS_03156,2024-10-24,Tokyo-Central,Signal-Booster,8.0,420.7976417430531
POS_03157,2024-07-20,Berlin-West,Landing-Gear,2.0,1239.8865299693114
POS_03158,2024-11-17,NYC-East,Landing-Gear,4.0,2836.74186571608
POS_03159,2024-11-01,Paris-South,Falcon-Drone,7.0,1299.5340152741705
POS_03160,2024-11-10,NYC-East,4K-Camera,9.0,1113.974436517595
POS_03161,2024-12-05,London-HQ,Falcon-Drone,7.0,1963.7647717448667
POS_03162,2024-07-15,Berlin-West,Landing-Gear,8.0,898.1121927186032
POS_03163,2024-09-08,Tokyo-Central,4K-Camera,9.0,2632.7088804492646
POS_03164,2024-11-15,NYC-East,Signal-Booster,6.0,972.8916266030155
POS_03165,2024-07-19,Berlin-West,Lithium-Cell,3.0,1602.012323051988
POS_03166,2024-07-10,Tokyo-Central,Signal-Booster,7.0,935.5835108694519
POS_03167,2024-08-26,Berlin-West,Landing-Gear,5.0,2595.512062641025
POS_03168,2024-12-08,Paris-South,Signal-Booster,9.0,78.10975749171868
POS_03169,2024-07-20,Berlin-West,Landing-Gear,1.0,345.3990614618053
POS_03170,2024-12-24,NYC-East,Landing-Gear,5.0,707.9711362938594
POS_03171,2024-12-23,NYC-East,Signal-Booster,2.0,1892.2398740126932
POS_03172,2024-10-11,NYC-East,Signal-Booster,3.0,237.281645200402
POS_03173,2024-11-14,Berlin-West,Landing-Gear,1.0,122.57374411067602
POS_03174,2024-08-13,NYC-East,Lithium-Cell,4.0,2636.9761372120024
POS_03175,2024-10-01,London-HQ,Signal-Booster,5.0,192.3334533572596
POS_03176,2024-07-17,Paris-South,Landing-Gear,3.0,1051.269223415004
POS_03177,2024-09-29,London-HQ,Lithium-Cell,7.0,2843.094209680378
POS_03178,2024-07-11,Paris-South,Falcon-Drone,6.0,1278.137388866235
POS_03179,2024-11-19,NYC-East,4K-Camera,9.0,2902.3949703695152
POS_03180,2024-07-31,Berlin-West,Lithium-Cell,5.0,1087.1504809548148
POS_03181,2024-09-05,NYC-East,Controller-Pro,5.0,1366.8790862858057
POS_03182,2024-07-27,Berlin-West,Falcon-Drone,8.0,1718.764924807091
POS_03183,2024-09-15,London-HQ,Falcon-Drone,4.0,603.7031482668908
POS_03184,2024-11-12,Paris-South,Lithium-Cell,6.0,641.1886293182865
POS_03185,2024-11-21,London-HQ,Landing-Gear,4.0,1736.94653832981
POS_03186,2024-08-12,Berlin-West,Controller-Pro,2.0,2290.7919453200243
POS_03187,2024-11-09,Berlin-West,Landing-Gear,6.0,2080.2232903343042
POS_03188,2024-10-23,Tokyo-Central,Landing-Gear,3.0,1742.530380265534
POS_03189,2024-08-01,NYC-East,Controller-Pro,8.0,565.7639337004168
POS_03190,2024-12-26,London-HQ,Falcon-Drone,4.0,385.6066240862286
POS_03191,2024-08-11,Paris-South,Signal-Booster,4.0,599.0062759366392
POS_03192,2024-10-08,Tokyo-Central,Controller-Pro,9.0,897.4965378761755
POS_03193,2024-08-06,Paris-South,Controller-Pro,7.0,404.42865482868274
POS_03194,2024-07-09,NYC-East,4K-Camera,7.0,999.0272308652995
POS_03195,2024-09-26,London-HQ,Landing-Gear,5.0,2872.2049648418124
POS_03196,2024-08-03,Berlin-West,Landing-Gear,7.0,2289.3996933509748
POS_03197,2024-11-09,Paris-South,Falcon-Drone,7.0,1744.940951076514
POS_03198,2024-10-20,Berlin-West,Signal-Booster,3.0,120.40977039971534
POS_03199,2024-11-17,NYC-East,Signal-Booster,9.0,-59.498981959546136
POS_03200,2024-07-13,Tokyo-Central,Signal-Booster,1.0,2127.144145292796
POS_03201,2024-12-15,Paris-South,Lithium-Cell,7.0,2164.834312534907
POS_03202,2024-11-03,Paris-South,Falcon-Drone,1.0,1185.1637077176797
POS_03203,2024-08-13,Tokyo-Central,Falcon-Drone,3.0,1184.416364175055
POS_03204,2024-08-13,Tokyo-Central,Lithium-Cell,3.0,676.7873055119437
POS_03205,2024-12-06,NYC-East,Falcon-Drone,7.0,453.12165742278864
POS_03206,2024-11-15,Tokyo-Central,Signal-Booster,1.0,2673.008169094755
POS_03207,2024-10-27,NYC-East,Signal-Booster,6.0,2064.1168142514553
POS_03208,2024-07-07,NYC-East,Falcon-Drone,4.0,2020.6570183097838
POS_03209,2024-07-21,Paris-South,Landing-Gear,1.0,2227.7790675310066
POS_03210,2024-10-27,Paris-South,Signal-Booster,4.0,732.7575350792656
POS_03211,2024-08-07,Tokyo-Central,Controller-Pro,8.0,1039.9204558158112
POS_03212,2024-08-18,Paris-South,Falcon-Drone,,34.68824813171159
POS_03213,2024-09-28,NYC-East,Signal-Booster,4.0,2404.7965960870597
POS_03214,2024-09-07,Berlin-West,Landing-Gear,3.0,933.1993845479769
POS_03215,2024-10-17,Berlin-West,Falcon-Drone,1.0,2806.9609805728664
POS_03216,2024-09-24,Berlin-West,4K-Camera,6.0,918.945010183294
POS_03217,2024-09-17,Berlin-West,Landing-Gear,1.0,2530.226603785569
POS_03218,2024-09-03,London-HQ,Controller-Pro,5.0,-34.7198321738105
POS_03219,2024-12-20,NYC-East,Landing-Gear,4.0,288.8810788941744
POS_03220,2024-08-23,Paris-South,Signal-Booster,4.0,939.2637140925485
POS_03221,2024-07-20,Tokyo-Central,Signal-Booster,5.0,25.10910920840591
POS_03222,2024-10-08,Paris-South,Falcon-Drone,3.0,97.7234833360389
POS_03223,2024-08-12,Berlin-West,Landing-Gear,3.0,2174.867345739715
POS_03224,2024-07-10,Paris-South,Signal-Booster,8.0,859.0776270789013
POS_03225,2024-10-11,NYC-East,Lithium-Cell,8.0,2793.2668884234204
POS_03226,2024-10-17,London-HQ,Controller-Pro,6.0,1294.4816069703447
POS_03227,2024-11-29,Berlin-West,Landing-Gear,8.0,1027.2179716877665
POS_03228,2024-10-24,NYC-East,Landing-Gear,6.0,2458.4432038479536
POS_03229,2024-12-04,London-HQ,Falcon-Drone,5.0,1687.926442482488
POS_03230,2024-11-25,Paris-South,4K-Camera,9.0,2970.3342350261337
POS_03231,2024-08-18,London-HQ,Falcon-Drone,7.0,2424.7712312078215
POS_03232,2024-10-03,Tokyo-Central,Falcon-Drone,7.0,1986.1037245543107
POS_03233,2024-07-22,London-HQ,4K-Camera,5.0,573.758224776236
POS_03234,2024-07-17,Berlin-West,Controller-Pro,5.0,1605.4728972074922
POS_03235,2024-08-29,Paris-South,Signal-Booster,6.0,1657.6198916081898
POS_03236,2024-11-14,NYC-East,Falcon-Drone,5.0,1573.4283724457152
POS_03237,2024-12-24,London-HQ,Signal-Booster,8.0,663.9337809116458
POS_03238,2024-10-26,Paris-South,Signal-Booster,9.0,2508.754140574566
POS_03239,2024-10-31,Tokyo-Central,Controller-Pro,2.0,1567.6693401816515
POS_03240,2024-07-29,Paris-South,Signal-Booster,1.0,398.00691666392
POS_03241,2024-09-15,Tokyo-Central,4K-Camera,9.0,16.531035443045
POS_03242,2024-09-01,Tokyo-Central,Lithium-Cell,1.0,1398.0591505052728
POS_03243,2024-08-31,NYC-East,Signal-Booster,8.0,1960.5505585717906
POS_03244,2024-09-10,Berlin-West,Falcon-Drone,9.0,914.3654920418101
POS_03245,2024-10-15,Berlin-West,Controller-Pro,8.0,2517.7851202050247
POS_03246,2024-12-13,Berlin-West,4K-Camera,1.0,2620.487361481613
POS_03247,2024-10-04,Tokyo-Central,Falcon-Drone,8.0,2504.3200889033806
POS_03248,2024-12-13,NYC-East,Falcon-Drone,6.0,2486.222552580724
POS_03249,2024-12-16,NYC-East,Falcon-Drone,3.0,448.8702740488751
POS_03250,2024-07-06,NYC-East,Falcon-Drone,1.0,1032.1451915827595
POS_03251,2024-11-06,London-HQ,Lithium-Cell,9.0,957.3849162460463
POS_03252,2024-07-17,Berlin-West,Falcon-Drone,3.0,641.9116254831237
POS_03253,2024-07-10,NYC-East,4K-Camera,9.0,366.9365884713062
POS_03254,2024-09-13,Tokyo-Central,4K-Camera,9.0,1623.6827654427666
POS_03255,2024-09-04,Tokyo-Central,Falcon-Drone,5.0,1105.9301102989937
POS_03256,2024-10-25,Paris-South,Signal-Booster,8.0,1602.507379845133
POS_03257,2024-07-09,Paris-South,Signal-Booster,6.0,753.9742952298891
POS_03258,2024-08-13,Tokyo-Central,4K-Camera,9.0,677.1285349017895
POS_03259,2024-11-29,Berlin-West,Falcon-Drone,5.0,2256.2661430470616
POS_03260,2024-09-24,NYC-East,4K-Camera,7.0,786.9645406336751
POS_03261,2024-11-14,NYC-East,Falcon-Drone,3.0,381.7332567736372
POS_03262,2024-11-28,NYC-East,Signal-Booster,,636.7035735087524
POS_03263,2024-08-05,Paris-South,4K-Camera,5.0,1501.673178999996
POS_03264,2024-08-22,London-HQ,Landing-Gear,2.0,2150.2753395016575
POS_03265,2024-09-18,NYC-East,Landing-Gear,6.0,1117.9042265036321
POS_03266,2024-07-12,Berlin-West,Controller-Pro,9.0,267.9952106329381
POS_03267,2024-07-24,London-HQ,Signal-Booster,6.0,2353.845703737485
POS_03268,2024-10-15,Paris-South,Falcon-Drone,7.0,1243.540489150113
POS_03269,2024-08-10,Berlin-West,4K-Camera,6.0,1725.8666280797688
POS_03270,2024-10-18,NYC-East,Landing-Gear,1.0,237.5626842076262
POS_03271,2024-11-05,London-HQ,4K-Camera,7.0,1345.6235020387423
POS_03272,2024-11-29,NYC-East,Landing-Gear,5.0,727.1033425245059
POS_03273,2024-10-05,London-HQ,Landing-Gear,1.0,36.71808703468227
POS_03274,2024-09-04,London-HQ,Falcon-Drone,9.0,1928.4149295440432
POS_03275,2024-09-15,Paris-South,Signal-Booster,2.0,478.14044429869875
POS_03276,2024-11-18,Berlin-West,4K-Camera,7.0,826.4167299268089
POS_03277,2024-07-28,Paris-South,Signal-Booster,8.0,299.4087877930243
POS_03278,2024-09-08,NYC-East,Falcon-Drone,5.0,1995.2892949881248
POS_03279,2024-08-29,Paris-South,Falcon-Drone,1.0,1822.842239306756
POS_03280,2024-10-25,Paris-South,Landing-Gear,5.0,687.0791899582788
POS_03281,2024-12-09,Berlin-West,4K-Camera,6.0,1845.7951204912483
POS_03282,2024-12-18,Tokyo-Central,Signal-Booster,4.0,2233.34465273586
POS_03283,2024-12-10,London-HQ,Controller-Pro,,2975.969249613951
POS_03284,2024-12-17,Berlin-West,Lithium-Cell,9.0,1385.3175378383435
POS_03285,2024-12-11,London-HQ,Landing-Gear,1.0,2377.8656869750366
POS_03286,2024-07-17,Berlin-West,4K-Camera,9.0,2639.6414053956782
POS_03287,2024-10-11,Berlin-West,Signal-Booster,,2343.365867008858
POS_03288,2024-07-05,NYC-East,Signal-Booster,8.0,317.6151212010328
POS_03289,2024-11-21,Berlin-West,Controller-Pro,7.0,2847.0027252584596
POS_03290,2024-09-04,Berlin-West,Landing-Gear,1.0,319.00954604018983
POS_03291,2024-08-14,London-HQ,Signal-Booster,8.0,793.0631146038216
POS_03292,2024-09-18,London-HQ,Signal-Booster,6.0,2213.394118596111
POS_03293,2024-09-16,Tokyo-Central,Signal-Booster,8.0,2505.8427115182653
POS_03294,2024-09-07,NYC-East,Falcon-Drone,6.0,100.37356006363436
POS_03295,2024-10-01,Paris-South,4K-Camera,3.0,957.9782326409324
POS_03296,2024-12-03,London-HQ,Signal-Booster,5.0,2530.1136039823637
POS_03297,2024-11-29,London-HQ,Landing-Gear,3.0,481.95712214643254
POS_03298,2024-10-28,Berlin-West,Landing-Gear,1.0,906.7262323503556
POS_03299,2024-09-09,Tokyo-Central,Landing-Gear,1.0,72.12589315538486
POS_03300,2024-07-04,NYC-East,Controller-Pro,6.0,2867.9027773249154
POS_03301,2024-08-14,Tokyo-Central,4K-Camera,3.0,1112.5031610295769
POS_03302,2024-07-12,Berlin-West,4K-Camera,7.0,2086.592505210691
POS_03303,2024-10-15,Tokyo-Central,4K-Camera,2.0,675.6290856656396
POS_03304,2024-10-07,London-HQ,Landing-Gear,9.0,1551.8649282021506
POS_03305,2024-11-04,NYC-East,Signal-Booster,4.0,1967.6778798913829
POS_03306,2024-07-05,Berlin-West,Landing-Gear,9.0,2019.553805802862
POS_03307,2024-09-14,Berlin-West,Landing-Gear,2.0,2041.3323306856469
POS_03308,2024-09-04,Paris-South,Landing-Gear,3.0,1511.8870291219266
POS_03309,2024-10-04,Berlin-West,4K-Camera,2.0,1374.0199823267117
POS_03310,2024-11-02,Tokyo-Central,Signal-Booster,7.0,1930.2817756826337
POS_03311,2024-08-23,Paris-South,Falcon-Drone,3.0,107.16748026872907
POS_03312,2024-10-30,Paris-South,Landing-Gear,5.0,272.4621359760909
POS_03313,2024-10-13,Paris-South,Landing-Gear,2.0,2504.9521044442367
POS_03314,2024-09-30,London-HQ,4K-Camera,8.0,704.7359676197175
POS_03315,2024-08-26,Berlin-West,Falcon-Drone,4.0,259.6917146860621
POS_03316,2024-08-21,Berlin-West,Lithium-Cell,2.0,2819.999442137463
POS_03317,2024-09-09,Berlin-West,Falcon-Drone,9.0,1745.44733676274
POS_03318,2024-07-29,NYC-East,Falcon-Drone,9.0,504.03361261252996
POS_03319,2024-09-19,Paris-South,Signal-Booster,1.0,98.32460294390543
POS_03320,2024-11-30,Berlin-West,Lithium-Cell,3.0,1789.1926207024367
POS_03321,2024-09-08,Paris-South,Falcon-Drone,9.0,771.4067554329869
POS_03322,2024-12-13,Tokyo-Central,Falcon-Drone,6.0,1283.5495969731774
POS_03323,2024-10-13,Berlin-West,4K-Camera,5.0,1414.1014971950483
POS_03324,2024-08-25,Berlin-West,Falcon-Drone,5.0,1821.9696971370652
POS_03325,2024-10-26,London-HQ,4K-Camera,8.0,2043.4791283175136
POS_03326,2024-08-29,London-HQ,Controller-Pro,3.0,342.5350220776003
POS_03327,2024-10-06,London-HQ,4K-Camera,9.0,471.3645927238789
POS_03328,2024-08-16,NYC-East,Signal-Booster,7.0,1907.9528863263101
POS_03329,2024-11-29,Tokyo-Central,4K-Camera,1.0,935.6796829993332
POS_03330,2024-08-05,London-HQ,4K-Camera,2.0,2004.2363091149537
POS_03331,2024-07-29,Berlin-West,Controller-Pro,3.0,193.68947568710655
POS_03332,2024-08-26,NYC-East,Controller-Pro,2.0,2154.5691192241507
POS_03333,2024-12-22,Paris-South,Falcon-Drone,6.0,2967.290222743111
POS_03334,2024-07-27,NYC-East,Landing-Gear,8.0,1326.016648415757
POS_03335,2024-07-24,NYC-East,Falcon-Drone,1.0,521.1617951689889
POS_03336,2024-08-28,Paris-South,Controller-Pro,4.0,2742.5107404876694
POS_03337,2024-07-02,London-HQ,4K-Camera,5.0,2563.2543648861247
POS_03338,2024-08-25,Tokyo-Central,Falcon-Drone,6.0,-92.81082940717931
POS_03339,2024-12-06,Berlin-West,Lithium-Cell,5.0,2936.143157340237
POS_03340,2024-10-31,Berlin-West,Lithium-Cell,6.0,643.0422423843736
POS_03341,2024-10-08,London-HQ,Falcon-Drone,7.0,992.4584940866134
POS_03342,2024-12-21,Berlin-West,Landing-Gear,2.0,769.6039230440315
POS_03343,2024-10-27,London-HQ,Signal-Booster,4.0,1276.5048798641722
POS_03344,2024-07-30,Berlin-West,Falcon-Drone,9.0,1769.7903185680661
POS_03345,2024-09-16,London-HQ,Landing-Gear,9.0,2920.3573579621448
POS_03346,2024-08-18,Berlin-West,4K-Camera,2.0,647.4438695976437
POS_03347,2024-08-20,London-HQ,Controller-Pro,9.0,2435.817633785333
POS_03348,2024-09-22,NYC-East,Landing-Gear,9.0,931.7325386612006
POS_03349,2024-07-19,London-HQ,Controller-Pro,6.0,2410.1991310654803
POS_03350,2024-07-19,Berlin-West,4K-Camera,3.0,975.3733710973102
POS_03351,2024-11-19,NYC-East,Landing-Gear,8.0,2378.849512487742
POS_03352,2024-09-10,NYC-East,Controller-Pro,2.0,1704.8412693288235
POS_03353,2024-08-02,Berlin-West,4K-Camera,1.0,1905.7817380914178
POS_03354,2024-12-18,NYC-East,Falcon-Drone,1.0,1228.5672790745537
POS_03355,2024-10-05,NYC-East,Falcon-Drone,7.0,1542.7712392957862
POS_03356,2024-12-11,NYC-East,Signal-Booster,6.0,976.7657700958778
POS_03357,2024-10-03,NYC-East,Signal-Booster,3.0,460.6011131267212
POS_03358,2024-11-26,Paris-South,Landing-Gear,3.0,2223.4758535947212
POS_03359,2024-09-09,Paris-South,Signal-Booster,5.0,915.3242122521889
POS_03360,2024-11-10,Paris-South,Signal-Booster,2.0,-72.41989575952013
POS_03361,2024-10-19,Tokyo-Central,Controller-Pro,6.0,1554.915297644811
POS_03362,2024-10-07,Berlin-West,Controller-Pro,2.0,42.991370286830914
POS_03363,2024-08-06,London-HQ,Falcon-Drone,8.0,273.9099768232813
POS_03364,2024-10-17,NYC-East,Landing-Gear,6.0,1354.3928245068535
POS_03365,2024-10-09,Tokyo-Central,Falcon-Drone,4.0,2571.555921078686
POS_03366,2024-07-26,NYC-East,Signal-Booster,1.0,68.40681951936415
POS_03367,2024-11-26,Tokyo-Central,Controller-Pro,1.0,1135.1254842546205
POS_03368,2024-07-10,NYC-East,4K-Camera,5.0,1057.014627147597
POS_03369,2024-11-26,Tokyo-Central,Lithium-Cell,7.0,-75.06528085234075
POS_03370,2024-11-26,Berlin-West,Lithium-Cell,,1930.2774714831385
POS_03371,2024-08-10,London-HQ,Falcon-Drone,6.0,774.6691098169024
POS_03372,2024-11-18,Paris-South,4K-Camera,3.0,1378.800229160276
POS_03373,2024-07-02,NYC-East,Lithium-Cell,1.0,1841.9860614306783
POS_03374,2024-09-22,NYC-East,Signal-Booster,3.0,2808.800126243532
POS_03375,2024-12-19,London-HQ,Lithium-Cell,8.0,2438.6609140442524
POS_03376,2024-07-26,NYC-East,4K-Camera,5.0,2477.6025559629343
POS_03377,2024-12-14,NYC-East,Falcon-Drone,3.0,1033.4340060899005
POS_03378,2024-12-25,NYC-East,Falcon-Drone,2.0,1308.0214715571358
POS_03379,2024-08-22,Tokyo-Central,4K-Camera,9.0,1967.7009067555223
POS_03380,2024-07-07,London-HQ,Landing-Gear,3.0,2043.1596933181195
POS_03381,2024-11-23,NYC-East,Lithium-Cell,5.0,606.180657690798
POS_03382,2024-10-18,Tokyo-Central,Falcon-Drone,3.0,2122.389466304924
POS_03383,2024-10-08,London-HQ,Lithium-Cell,6.0,411.9553850421255
POS_03384,2024-09-30,London-HQ,Controller-Pro,8.0,897.3141495903766
POS_03385,2024-12-05,NYC-East,Falcon-Drone,6.0,912.9475550127773
POS_03386,2024-11-22,NYC-East,Landing-Gear,3.0,344.2023901537737
POS_03387,2024-11-08,Tokyo-Central,Signal-Booster,3.0,608.2232630906326
POS_03388,2024-08-11,Paris-South,Falcon-Drone,4.0,453.21310912348054
POS_03389,2024-07-25,NYC-East,Landing-Gear,4.0,2387.4308888050687
POS_03390,2024-09-11,Berlin-West,4K-Camera,4.0,1578.269453895158
POS_03391,2024-12-05,NYC-East,4K-Camera,3.0,150.9921333901404
POS_03392,2024-11-13,Paris-South,Landing-Gear,5.0,375.0393300674921
POS_03393,2024-11-20,Berlin-West,4K-Camera,9.0,1934.4472556157657
POS_03394,2024-08-29,Berlin-West,Falcon-Drone,2.0,1524.9335125781793
POS_03395,2024-12-22,London-HQ,4K-Camera,9.0,2314.2070888363646
POS_03396,2024-07-19,London-HQ,Lithium-Cell,9.0,-93.70750013984173
POS_03397,2024-07-22,London-HQ,Controller-Pro,2.0,1145.4623307045097
POS_03398,2024-09-22,London-HQ,Signal-Booster,,856.2385011707853
POS_03399,2024-09-03,Tokyo-Central,Landing-Gear,3.0,2526.154480925499
POS_03400,2024-08-19,Berlin-West,4K-Camera,1.0,1457.1260585777616
POS_03401,2024-12-01,Tokyo-Central,Landing-Gear,,2238.3665757998497
POS_03402,2024-12-24,London-HQ,4K-Camera,1.0,141.8871593435263
POS_03403,2024-07-29,Tokyo-Central,4K-Camera,1.0,1758.2033519418583
POS_03404,2024-12-18,Tokyo-Central,Landing-Gear,1.0,2520.055578434069
POS_03405,2024-11-11,London-HQ,Controller-Pro,7.0,1904.792349783996
POS_03406,2024-11-12,Tokyo-Central,Controller-Pro,6.0,985.7619739911202
POS_03407,2024-09-29,NYC-East,Lithium-Cell,5.0,2433.029323612665
POS_03408,2024-12-15,London-HQ,Landing-Gear,9.0,1366.3505929982414
POS_03409,2024-11-21,Berlin-West,Falcon-Drone,2.0,1480.1216261192417
POS_03410,2024-09-15,London-HQ,Signal-Booster,9.0,2542.017548718792
POS_03411,2024-09-21,NYC-East,Signal-Booster,8.0,385.5414758110074
POS_03412,2024-11-13,NYC-East,Landing-Gear,2.0,2057.564769085562
POS_03413,2024-09-21,Berlin-West,Landing-Gear,1.0,2261.5669357599327
POS_03414,2024-09-22,Berlin-West,Controller-Pro,8.0,2188.984583951146
POS_03415,2024-07-28,Tokyo-Central,Landing-Gear,8.0,1865.5367317433568
POS_03416,2024-08-02,London-HQ,Signal-Booster,8.0,740.0643398666042
POS_03417,2024-09-04,NYC-East,Landing-Gear,8.0,1287.810413174212
POS_03418,2024-09-26,NYC-East,Falcon-Drone,6.0,2825.767369513182
POS_03419,2024-12-14,London-HQ,Signal-Booster,9.0,143.06567466308766
POS_03420,2024-09-01,London-HQ,Falcon-Drone,5.0,-82.74724495523589
POS_03421,2024-12-17,Tokyo-Central,Landing-Gear,3.0,1693.1199908377016
POS_03422,2024-11-12,Berlin-West,Lithium-Cell,6.0,2110.212062149318
POS_03423,2024-10-12,Berlin-West,Falcon-Drone,6.0,141.27553013868553
POS_03424,2024-12-12,Paris-South,Lithium-Cell,1.0,261.2141369513369
POS_03425,2024-07-26,London-HQ,Signal-Booster,2.0,451.36630441026534
POS_03426,2024-10-23,NYC-East,Controller-Pro,8.0,1596.394587866189
POS_03427,2024-07-02,Berlin-West,Controller-Pro,9.0,492.554947206581
POS_03428,2024-10-20,Berlin-West,Landing-Gear,3.0,614.8222746167602
POS_03429,2024-11-02,Paris-South,Falcon-Drone,6.0,-34.773682544006306
POS_03430,2024-12-22,Berlin-West,Landing-Gear,8.0,1816.4446408764925
POS_03431,2024-09-07,NYC-East,4K-Camera,5.0,2563.3960590876272
POS_03432,2024-07-23,Berlin-West,Landing-Gear,5.0,1537.5650554490019
POS_03433,2024-08-05,NYC-East,Landing-Gear,6.0,1244.5436320719991
POS_03434,2024-07-05,NYC-East,Landing-Gear,9.0,861.5388364736849
POS_03435,2024-10-24,NYC-East,Falcon-Drone,6.0,2126.705377491982
POS_03436,2024-11-10,Tokyo-Central,Landing-Gear,5.0,1353.9611076361693
POS_03437,2024-11-22,NYC-East,Controller-Pro,9.0,-98.14381555795873
POS_03438,2024-10-12,Berlin-West,Landing-Gear,5.0,1028.1760905655806
POS_03439,2024-08-29,Tokyo-Central,Lithium-Cell,5.0,694.1226526339054
POS_03440,2024-08-24,Tokyo-Central,Signal-Booster,5.0,2126.977106767349
POS_03441,2024-11-21,Paris-South,Falcon-Drone,5.0,2555.521556724574
POS_03442,2024-08-12,Berlin-West,Lithium-Cell,9.0,667.9154959555785
POS_03443,2024-11-14,Berlin-West,Signal-Booster,1.0,2290.5071701877073
POS_03444,2024-08-24,London-HQ,Falcon-Drone,2.0,1072.004763532404
POS_03445,2024-07-19,London-HQ,Lithium-Cell,7.0,2918.861154725158
POS_03446,2024-12-01,London-HQ,Falcon-Drone,5.0,287.11039337669786
POS_03447,2024-07-28,Berlin-West,Landing-Gear,4.0,2090.0772397379365
POS_03448,2024-09-10,London-HQ,Lithium-Cell,2.0,-61.83656477236371
POS_03449,2024-10-29,Paris-South,Lithium-Cell,6.0,2337.7212608925283
POS_03450,2024-10-07,Tokyo-Central,Controller-Pro,3.0,79.54502577755858
POS_03451,2024-09-27,NYC-East,4K-Camera,1.0,1410.8594941462052
POS_03452,2024-08-24,London-HQ,Lithium-Cell,6.0,1967.9383798549698
POS_03453,2024-10-18,Berlin-West,Lithium-Cell,7.0,2779.430193851744
POS_03454,2024-09-02,Paris-South,4K-Camera,7.0,684.0075655353687
POS_03455,2024-10-21,Paris-South,Landing-Gear,3.0,2272.1722204575044
POS_03456,2024-07-01,Paris-South,4K-Camera,5.0,1788.5334352784614
POS_03457,2024-11-04,Paris-South,Falcon-Drone,5.0,2987.244107634824
POS_03458,2024-10-26,Tokyo-Central,Falcon-Drone,4.0,2772.793643094402
POS_03459,2024-07-28,Tokyo-Central,Controller-Pro,9.0,1258.7075734565924
POS_03460,2024-10-26,London-HQ,Falcon-Drone,7.0,978.880676966478
POS_03461,2024-07-27,NYC-East,4K-Camera,7.0,1946.1696818288992
POS_03462,2024-10-19,Paris-South,4K-Camera,2.0,1922.614594327597
POS_03463,2024-09-29,Berlin-West,Falcon-Drone,3.0,228.1568542935729
POS_03464,2024-10-29,London-HQ,Landing-Gear,6.0,2937.723683093758
POS_03465,2024-08-02,Paris-South,Controller-Pro,8.0,2469.588559085379
POS_03466,2024-11-26,Berlin-West,4K-Camera,2.0,2047.343985679995
POS_03467,2024-11-24,Paris-South,Controller-Pro,8.0,1748.1490147081058
POS_03468,2024-08-03,Tokyo-Central,Controller-Pro,9.0,2709.4170810080204
POS_03469,2024-10-20,Berlin-West,4K-Camera,2.0,-54.743977449712425
POS_03470,2024-09-07,Paris-South,Falcon-Drone,7.0,1685.1808252431692
POS_03471,2024-09-08,Tokyo-Central,Lithium-Cell,6.0,451.28209902840206
POS_03472,2024-09-05,Paris-South,Controller-Pro,2.0,1425.2053304178792
POS_03473,2024-12-15,NYC-East,Lithium-Cell,8.0,440.8390263430257
POS_03474,2024-10-20,Berlin-West,Falcon-Drone,4.0,77.51337033220193
POS_03475,2024-11-12,Berlin-West,Controller-Pro,9.0,2995.749802681055
POS_03476,2024-09-04,Tokyo-Central,Lithium-Cell,1.0,1984.0151281744133
POS_03477,2024-12-05,Paris-South,4K-Camera,5.0,1733.4683166435507
POS_03478,2024-11-22,Berlin-West,Falcon-Drone,4.0,2124.2308353049784
POS_03479,2024-10-05,Berlin-West,Falcon-Drone,2.0,2968.924975561329
POS_03480,2024-08-31,Paris-South,Falcon-Drone,8.0,1516.7777087523616
POS_03481,2024-08-12,Paris-South,4K-Camera,9.0,148.26707581187304
POS_03482,2024-08-26,NYC-East,Falcon-Drone,8.0,1499.1350734812647
POS_03483,2024-11-05,Tokyo-Central,Signal-Booster,3.0,907.074003082313
POS_03484,2024-08-28,Paris-South,Falcon-Drone,3.0,172.54952674945406
POS_03485,2024-10-23,Berlin-West,4K-Camera,9.0,398.61623263259924
POS_03486,2024-11-12,Tokyo-Central,4K-Camera,2.0,1382.8596461340267
POS_03487,2024-07-03,NYC-East,Signal-Booster,9.0,1063.410930712818
POS_03488,2024-07-12,Paris-South,Falcon-Drone,3.0,1641.808077595218
POS_03489,2024-08-06,London-HQ,Landing-Gear,2.0,1666.9165980402636
POS_03490,2024-07-23,Tokyo-Central,Signal-Booster,6.0,121.47501865912668
POS_03491,2024-07-01,Paris-South,Lithium-Cell,2.0,144.53796673071054
POS_03492,2024-08-30,Paris-South,Falcon-Drone,7.0,684.4694233782781
POS_03493,2024-09-29,Berlin-West,Falcon-Drone,2.0,1705.9385638310998
POS_03494,2024-09-13,Paris-South,Signal-Booster,1.0,2253.530816063958
POS_03495,2024-10-30,Berlin-West,Falcon-Drone,4.0,638.4645984431954
POS_03496,2024-10-22,NYC-East,Lithium-Cell,8.0,2529.268441417269
POS_03497,2024-07-17,Berlin-West,Controller-Pro,6.0,818.9475473735649
POS_03498,2024-07-21,NYC-East,Landing-Gear,1.0,1587.2076107387957
POS_03499,2024-09-24,Berlin-West,Landing-Gear,5.0,2969.692580388808
POS_03500,2024-10-18,Paris-South,Signal-Booster,9.0,107.19359246558128
POS_03501,2024-11-27,Tokyo-Central,Signal-Booster,5.0,2133.9592157208313
POS_03502,2024-08-15,NYC-East,Controller-Pro,7.0,-5.139075894112537
POS_03503,2024-07-03,Berlin-West,Controller-Pro,2.0,676.9834484939948
POS_03504,2024-07-07,Berlin-West,4K-Camera,7.0,2557.912613192044
POS_03505,2024-10-02,NYC-East,Controller-Pro,8.0,2643.850856852085
POS_03506,2024-11-15,Paris-South,Signal-Booster,7.0,31.75030371908889
POS_03507,2024-10-10,Paris-South,Lithium-Cell,8.0,1796.9040191242418
POS_03508,2024-10-21,Tokyo-Central,Landing-Gear,3.0,1323.5100691562081
POS_03509,2024-12-17,London-HQ,Signal-Booster,1.0,1516.7733097288447
POS_03510,2024-08-19,Paris-South,Falcon-Drone,9.0,2780.352205047346
POS_03511,2024-10-13,London-HQ,Landing-Gear,4.0,2084.5939600920524
POS_03512,2024-10-10,Tokyo-Central,Controller-Pro,9.0,-57.681162558762566
POS_03513,2024-09-13,Paris-South,Controller-Pro,2.0,48.469628762230656
POS_03514,2024-07-15,London-HQ,Controller-Pro,3.0,1926.3319100488484
POS_03515,2024-12-05,NYC-East,Signal-Booster,9.0,1505.9661003598646
POS_03516,2024-11-14,NYC-East,Signal-Booster,2.0,1989.0240510107292
POS_03517,2024-11-24,Berlin-West,Controller-Pro,8.0,404.8076814151089
POS_03518,2024-08-12,Berlin-West,Landing-Gear,4.0,949.2933010231438
POS_03519,2024-12-01,Tokyo-Central,4K-Camera,,1859.319371851103
POS_03520,2024-08-27,Berlin-West,Falcon-Drone,2.0,2999.2829472787944
POS_03521,2024-09-04,Paris-South,Landing-Gear,2.0,1448.9106789507962
POS_03522,2024-08-04,London-HQ,4K-Camera,7.0,2567.8545213981633
POS_03523,2024-10-29,Paris-South,Signal-Booster,9.0,2134.8316223895795
POS_03524,2024-10-17,Paris-South,Signal-Booster,9.0,1358.1420429033733
POS_03525,2024-09-24,Berlin-West,Signal-Booster,6.0,2722.7030824397916
POS_03526,2024-12-27,Tokyo-Central,Falcon-Drone,2.0,1702.939286713325
POS_03527,2024-12-09,NYC-East,Controller-Pro,8.0,300.2028363988328
POS_03528,2024-11-23,NYC-East,Controller-Pro,6.0,2557.2510483509177
POS_03529,2024-09-03,Paris-South,Controller-Pro,7.0,1245.642905114504
POS_03530,2024-07-12,London-HQ,Signal-Booster,6.0,288.08641792364676
POS_03531,2024-09-10,London-HQ,Landing-Gear,9.0,137.5892090181643
POS_03532,2024-10-06,London-HQ,Controller-Pro,7.0,2485.4317037774035
POS_03533,2024-08-17,London-HQ,Signal-Booster,2.0,1997.0541048944656
POS_03534,2024-08-05,Berlin-West,4K-Camera,3.0,1872.812472177159
POS_03535,2024-11-02,Paris-South,Controller-Pro,3.0,1139.8661572881888
POS_03536,2024-10-11,Berlin-West,Landing-Gear,8.0,1408.3691698255718
POS_03537,2024-07-11,NYC-East,4K-Camera,1.0,2683.634037465223
POS_03538,2024-11-23,Tokyo-Central,Controller-Pro,5.0,448.2109685659018
POS_03539,2024-12-02,Paris-South,Lithium-Cell,6.0,2919.501266538511
POS_03540,2024-10-09,Berlin-West,Landing-Gear,8.0,2766.238649951207
POS_03541,2024-11-24,London-HQ,Signal-Booster,8.0,2373.340892099114
POS_03542,2024-07-10,NYC-East,Signal-Booster,1.0,364.6891618300342
POS_03543,2024-11-28,Berlin-West,4K-Camera,4.0,622.1787512062443
POS_03544,2024-10-22,NYC-East,4K-Camera,1.0,271.888347393698
POS_03545,2024-09-21,Berlin-West,4K-Camera,5.0,-52.93762687983532
POS_03546,2024-09-02,London-HQ,Signal-Booster,6.0,2574.217440356674
POS_03547,2024-07-11,London-HQ,Lithium-Cell,8.0,155.65592524092392
POS_03548,2024-08-31,London-HQ,Lithium-Cell,9.0,669.9907677879036
POS_03549,2024-10-07,London-HQ,Controller-Pro,4.0,2050.25574178215
POS_03550,2024-09-04,Tokyo-Central,Controller-Pro,1.0,2774.739272599961
POS_03551,2024-11-05,NYC-East,Signal-Booster,5.0,2552.856376215703
POS_03552,2024-08-14,NYC-East,Signal-Booster,1.0,2693.0783791533713
POS_03553,2024-09-23,Tokyo-Central,Signal-Booster,,2033.3849911441748
POS_03554,2024-09-13,Tokyo-Central,Controller-Pro,5.0,1421.8174494004347
POS_03555,2024-08-11,Paris-South,Landing-Gear,6.0,1954.0729740591096
POS_03556,2024-10-06,Paris-South,Signal-Booster,8.0,2219.5510025103526
POS_03557,2024-11-22,NYC-East,Lithium-Cell,6.0,546.6586669556117
POS_03558,2024-09-06,Berlin-West,Falcon-Drone,2.0,2527.0720462044333
POS_03559,2024-10-16,London-HQ,4K-Camera,6.0,-33.910398073788556
POS_03560,2024-09-19,NYC-East,Falcon-Drone,1.0,944.0391582735897
POS_03561,2024-11-10,Berlin-West,Falcon-Drone,8.0,525.4035735798517
POS_03562,2024-11-23,London-HQ,Lithium-Cell,3.0,2297.079003743993
POS_03563,2024-11-22,Tokyo-Central,Lithium-Cell,8.0,1874.9425500432972
POS_03564,2024-07-06,Berlin-West,Controller-Pro,9.0,1925.4086464102506
POS_03565,2024-10-24,Paris-South,Signal-Booster,7.0,4.415520222907432
POS_03566,2024-07-26,London-HQ,4K-Camera,1.0,257.28792279284977
POS_03567,2024-07-23,Tokyo-Central,Controller-Pro,6.0,1966.5226955566604
POS_03568,2024-10-31,Berlin-West,Falcon-Drone,8.0,2051.7345674503517
POS_03569,2024-08-07,Tokyo-Central,4K-Camera,9.0,791.9946428751673
POS_03570,2024-11-18,London-HQ,4K-Camera,3.0,1304.2116599415092
POS_03571,2024-11-28,Tokyo-Central,Falcon-Drone,8.0,-86.55641652498596
POS_03572,2024-09-21,NYC-East,Lithium-Cell,8.0,1710.8554373767633
POS_03573,2024-10-17,NYC-East,Landing-Gear,4.0,2331.0210165072012
POS_03574,2024-09-22,Paris-South,Lithium-Cell,9.0,293.13566395804503
POS_03575,2024-09-30,NYC-East,4K-Camera,3.0,464.7760998393243
POS_03576,2024-07-06,London-HQ,Controller-Pro,6.0,2678.9043644315225
POS_03577,2024-11-20,Berlin-West,Signal-Booster,5.0,403.29882283268086
POS_03578,2024-10-31,London-HQ,Landing-Gear,7.0,2506.828468433172
POS_03579,2024-07-14,Tokyo-Central,Signal-Booster,7.0,2489.637975034229
POS_03580,2024-10-08,Paris-South,Landing-Gear,9.0,1518.8606594226887
POS_03581,2024-12-12,Paris-South,Signal-Booster,1.0,422.14732149382314
POS_03582,2024-09-23,Berlin-West,Controller-Pro,6.0,2098.232953347673
POS_03583,2024-09-26,Paris-South,Signal-Booster,1.0,2683.5460644132145
POS_03584,2024-11-18,London-HQ,Falcon-Drone,2.0,760.9202473902034
POS_03585,2024-07-04,NYC-East,Controller-Pro,5.0,-76.430222047539
POS_03586,2024-08-18,NYC-East,4K-Camera,6.0,2358.0605688967094
POS_03587,2024-08-10,Tokyo-Central,Controller-Pro,3.0,2968.2107234400164
POS_03588,2024-07-14,Tokyo-Central,Controller-Pro,5.0,2489.905924031646
POS_03589,2024-09-29,Paris-South,Falcon-Drone,3.0,958.4377403806197
POS_03590,2024-09-08,Berlin-West,Lithium-Cell,2.0,154.36068148831794
POS_03591,2024-09-22,Paris-South,Lithium-Cell,8.0,556.0738435243852
POS_03592,2024-10-13,Paris-South,4K-Camera,9.0,1104.2508710797
POS_03593,2024-07-06,Tokyo-Central,4K-Camera,2.0,2983.6210179265054
POS_03594,2024-08-02,NYC-East,Falcon-Drone,8.0,2413.8738427776666
POS_03595,2024-09-08,Tokyo-Central,Landing-Gear,5.0,95.69366329724195
POS_03596,2024-11-29,London-HQ,Lithium-Cell,1.0,531.3217431334525
POS_03597,2024-10-11,London-HQ,Landing-Gear,3.0,1552.3089763194694
POS_03598,2024-09-19,London-HQ,Signal-Booster,9.0,373.9754874406646
POS_03599,2024-11-16,NYC-East,4K-Camera,4.0,725.5253285275601
POS_03600,2024-12-13,Paris-South,Falcon-Drone,1.0,1537.6788322469051
POS_03601,2024-08-08,Berlin-West,Landing-Gear,4.0,1768.7953533823081
POS_03602,2024-07-19,London-HQ,Controller-Pro,3.0,2160.9612428461687
POS_03603,2024-08-03,Paris-South,Falcon-Drone,2.0,879.1121515599667
POS_03604,2024-10-29,London-HQ,4K-Camera,1.0,1627.177520844417
POS_03605,2024-09-11,London-HQ,4K-Camera,4.0,1695.5343998451087
POS_03606,2024-11-12,London-HQ,Falcon-Drone,7.0,923.942192168954
POS_03607,2024-12-08,Tokyo-Central,Signal-Booster,6.0,1387.3548529295383
POS_03608,2024-11-02,London-HQ,Signal-Booster,2.0,2386.346589316292
POS_03609,2024-12-05,Tokyo-Central,Signal-Booster,8.0,2575.0971756636677
POS_03610,2024-10-31,Tokyo-Central,Controller-Pro,2.0,254.21616692283584
POS_03611,2024-09-03,Berlin-West,Signal-Booster,8.0,1106.0806916557553
POS_03612,2024-11-12,Berlin-West,Signal-Booster,6.0,329.6002189511124
POS_03613,2024-12-01,NYC-East,Landing-Gear,5.0,1428.8797045996323
POS_03614,2024-09-06,NYC-East,Falcon-Drone,2.0,1065.6830135898167
POS_03615,2024-08-05,Berlin-West,Signal-Booster,7.0,2469.8458078172775
POS_03616,2024-09-05,NYC-East,4K-Camera,5.0,2057.9047655945956
POS_03617,2024-10-04,Berlin-West,Signal-Booster,6.0,2186.990775127679
POS_03618,2024-08-16,NYC-East,Falcon-Drone,9.0,2406.4222093022036
POS_03619,2024-12-02,NYC-East,Lithium-Cell,8.0,245.1782783047451
POS_03620,2024-12-22,Berlin-West,Lithium-Cell,4.0,1025.2226421686169
POS_03621,2024-11-27,London-HQ,Falcon-Drone,6.0,2359.0453234292013
POS_03622,2024-09-05,London-HQ,Lithium-Cell,5.0,1375.5334776377695
POS_03623,2024-10-19,London-HQ,4K-Camera,5.0,432.7739118732138
POS_03624,2024-10-05,Tokyo-Central,Lithium-Cell,1.0,2637.2622901076325
POS_03625,2024-07-03,Tokyo-Central,Signal-Booster,3.0,693.4869930785567
POS_03626,2024-11-22,NYC-East,4K-Camera,1.0,1472.7255005719692
POS_03627,2024-07-15,Berlin-West,Lithium-Cell,6.0,1271.8723905892577
POS_03628,2024-11-18,Tokyo-Central,Controller-Pro,7.0,1132.416066482787
POS_03629,2024-12-26,Tokyo-Central,Signal-Booster,6.0,791.7919269405703
POS_03630,2024-10-05,Berlin-West,Signal-Booster,8.0,865.2213484537017
POS_03631,2024-11-03,Tokyo-Central,4K-Camera,5.0,28.297486528265665
POS_03632,2024-08-23,Paris-South,Lithium-Cell,1.0,325.37949187598383
POS_03633,2024-11-24,NYC-East,Landing-Gear,1.0,574.9522759182692
POS_03634,2024-09-01,Tokyo-Central,Falcon-Drone,2.0,1682.1811963369796
POS_03635,2024-10-23,Tokyo-Central,4K-Camera,2.0,880.5415643455716
POS_03636,2024-11-12,Paris-South,Lithium-Cell,6.0,1463.4529075751113
POS_03637,2024-12-12,Tokyo-Central,Controller-Pro,3.0,2400.1184358239707
POS_03638,2024-09-14,Paris-South,Signal-Booster,9.0,2442.554586001802
POS_03639,2024-09-05,Tokyo-Central,Landing-Gear,6.0,749.2334798903818
POS_03640,2024-10-22,NYC-East,Controller-Pro,8.0,464.5482890184122
POS_03641,2024-07-26,London-HQ,Landing-Gear,6.0,810.3136800280045
POS_03642,2024-09-10,Paris-South,Signal-Booster,,1215.6408634111842
POS_03643,2024-12-27,Paris-South,4K-Camera,9.0,95.44291011816495
POS_03644,2024-10-22,Berlin-West,4K-Camera,6.0,1902.5088935613978
POS_03645,2024-12-20,London-HQ,Falcon-Drone,1.0,2298.5072273598166
POS_03646,2024-08-13,Paris-South,Landing-Gear,5.0,1015.7470949391798
POS_03647,2024-09-18,London-HQ,Signal-Booster,3.0,793.3330854859367
POS_03648,2024-09-27,Tokyo-Central,4K-Camera,1.0,2775.311778310566
POS_03649,2024-08-30,Berlin-West,Controller-Pro,8.0,-36.505722488699334
POS_03650,2024-11-28,NYC-East,4K-Camera,4.0,838.1541807843774
POS_03651,2024-11-07,Paris-South,Lithium-Cell,9.0,2001.2093768732107
POS_03652,2024-09-02,NYC-East,Controller-Pro,9.0,644.1267566306011
POS_03653,2024-09-22,London-HQ,Controller-Pro,8.0,1704.4308563331647
POS_03654,2024-07-25,London-HQ,4K-Camera,9.0,1519.8925060753156
POS_03655,2024-10-09,Tokyo-Central,Falcon-Drone,5.0,1107.4964912356918
POS_03656,2024-09-08,Paris-South,Signal-Booster,,279.04965923929285
POS_03657,2024-12-26,Berlin-West,Signal-Booster,7.0,1281.4444289861926
POS_03658,2024-10-03,London-HQ,Lithium-Cell,1.0,902.5607790719317
POS_03659,2024-07-04,Paris-South,Landing-Gear,1.0,1645.877713070731
POS_03660,2024-10-24,Tokyo-Central,Controller-Pro,2.0,1480.1980249834228
POS_03661,2024-12-16,Berlin-West,4K-Camera,7.0,1554.6347308084114
POS_03662,2024-11-16,Berlin-West,Lithium-Cell,6.0,2417.5987687259417
POS_03663,2024-10-03,Tokyo-Central,Controller-Pro,2.0,2549.1654958695876
POS_03664,2024-09-29,Paris-South,4K-Camera,6.0,2170.153525863773
POS_03665,2024-08-07,Berlin-West,Controller-Pro,9.0,568.9427865772848
POS_03666,2024-07-10,NYC-East,Signal-Booster,4.0,1962.0769125475395
POS_03667,2024-11-15,London-HQ,Falcon-Drone,8.0,42.45549623038673
POS_03668,2024-08-05,Paris-South,Lithium-Cell,5.0,2151.8518565605737
POS_03669,2024-07-03,NYC-East,4K-Camera,2.0,2679.9016217611843
POS_03670,2024-12-03,Berlin-West,Falcon-Drone,7.0,927.2609295340515
POS_03671,2024-10-08,NYC-East,Signal-Booster,8.0,1693.4363838670506
POS_03672,2024-07-18,NYC-East,Controller-Pro,4.0,2451.957366919048
POS_03673,2024-09-22,Berlin-West,Signal-Booster,8.0,1081.0784775494294
POS_03674,2024-09-19,NYC-East,Falcon-Drone,6.0,1362.5258893849734
POS_03675,2024-09-04,NYC-East,Signal-Booster,9.0,1298.1375604091559
POS_03676,2024-09-16,Tokyo-Central,Falcon-Drone,6.0,1261.2468080976266
POS_03677,2024-07-30,Berlin-West,Controller-Pro,5.0,2686.4219537068316
POS_03678,2024-11-28,NYC-East,Falcon-Drone,5.0,2846.921340365741
POS_03679,2024-09-25,Tokyo-Central,Falcon-Drone,1.0,39.17250139679308
POS_03680,2024-10-08,NYC-East,Lithium-Cell,5.0,2316.9982414214423
POS_03681,2024-09-25,Tokyo-Central,Landing-Gear,4.0,938.0644567575689
POS_03682,2024-09-03,London-HQ,Falcon-Drone,2.0,2352.078793635591
POS_03683,2024-09-13,Berlin-West,4K-Camera,2.0,73.7686020711966
POS_03684,2024-07-10,Tokyo-Central,4K-Camera,8.0,1404.4211408199374
POS_03685,2024-09-09,London-HQ,4K-Camera,9.0,2226.0967090776344
POS_03686,2024-09-20,Berlin-West,Lithium-Cell,6.0,25.881825759361774
POS_03687,2024-09-28,Paris-South,Controller-Pro,4.0,533.3630449960086
POS_03688,2024-12-13,Berlin-West,Landing-Gear,5.0,131.40695923404206
POS_03689,2024-12-27,Berlin-West,4K-Camera,3.0,2483.324253451091
POS_03690,2024-07-11,London-HQ,4K-Camera,6.0,2828.853065695915
POS_03691,2024-12-24,Berlin-West,Signal-Booster,4.0,219.74528866652355
POS_03692,2024-12-01,Tokyo-Central,Controller-Pro,4.0,2299.577887396491
POS_03693,2024-07-11,Berlin-West,Landing-Gear,4.0,1338.4487334680618
POS_03694,2024-12-03,Tokyo-Central,Landing-Gear,6.0,2355.6514607913687
POS_03695,2024-08-26,Berlin-West,Signal-Booster,3.0,2970.776582594691
POS_03696,2024-10-12,Paris-South,Lithium-Cell,7.0,1823.0329417742664
POS_03697,2024-08-04,Paris-South,Signal-Booster,6.0,1213.0426174711895
POS_03698,2024-09-11,Tokyo-Central,Falcon-Drone,5.0,454.24779173126285
POS_03699,2024-08-26,Berlin-West,Lithium-Cell,5.0,1697.746038228377
POS_03700,2024-09-07,Paris-South,Falcon-Drone,8.0,1765.6046546141217
POS_03701,2024-11-15,Berlin-West,Falcon-Drone,1.0,232.5194202873539
POS_03702,2024-11-10,Berlin-West,Falcon-Drone,4.0,2824.1110890514883
POS_03703,2024-08-15,Paris-South,4K-Camera,8.0,1565.6005570430646
POS_03704,2024-07-11,NYC-East,Falcon-Drone,3.0,2552.818315193046
POS_03705,2024-11-20,Paris-South,Signal-Booster,6.0,2631.804671477054
POS_03706,2024-09-30,NYC-East,Lithium-Cell,,301.33879673110755
POS_03707,2024-12-15,London-HQ,4K-Camera,6.0,980.5057173116356
POS_03708,2024-08-29,Berlin-West,4K-Camera,1.0,2849.490799495882
POS_03709,2024-08-25,London-HQ,Landing-Gear,9.0,1096.8452575892948
POS_03710,2024-07-16,NYC-East,Lithium-Cell,7.0,2900.7111169705745
POS_03711,2024-09-23,Paris-South,Controller-Pro,1.0,1813.522542577626
POS_03712,2024-10-04,Berlin-West,Lithium-Cell,4.0,770.1270984360258
POS_03713,2024-12-02,NYC-East,Landing-Gear,,2280.066778459111
POS_03714,2024-10-18,Berlin-West,Signal-Booster,8.0,1947.9898837052074
POS_03715,2024-07-09,NYC-East,4K-Camera,4.0,455.80088360842194
POS_03716,2024-11-15,London-HQ,Falcon-Drone,4.0,915.3747792667006
POS_03717,2024-11-10,NYC-East,Lithium-Cell,2.0,743.5274555564301
POS_03718,2024-07-04,Paris-South,Controller-Pro,2.0,2500.032951721539
POS_03719,2024-07-18,London-HQ,Falcon-Drone,8.0,22.530129020440768
POS_03720,2024-09-28,London-HQ,Landing-Gear,3.0,525.585860635218
POS_03721,2024-08-09,Paris-South,Lithium-Cell,9.0,413.76427664950813
POS_03722,2024-09-04,London-HQ,4K-Camera,5.0,810.9185329437672
POS_03723,2024-08-15,NYC-East,Lithium-Cell,7.0,2050.036645661974
POS_03724,2024-09-28,Tokyo-Central,Landing-Gear,6.0,1013.4803242521104
POS_03725,2024-08-10,NYC-East,Lithium-Cell,4.0,195.4991826660227
POS_03726,2024-10-18,Berlin-West,Controller-Pro,5.0,2940.181961397061
POS_03727,2024-12-02,Tokyo-Central,Falcon-Drone,9.0,121.31941258963272
POS_03728,2024-09-09,Berlin-West,Falcon-Drone,2.0,378.17668944268314
POS_03729,2024-07-21,NYC-East,Lithium-Cell,3.0,1619.9038513152527
POS_03730,2024-08-11,NYC-East,Landing-Gear,2.0,947.696545055345
POS_03731,2024-07-19,London-HQ,Controller-Pro,4.0,1866.9019255495416
POS_03732,2024-10-15,Paris-South,Landing-Gear,7.0,880.452738279774
POS_03733,2024-11-21,Tokyo-Central,Landing-Gear,5.0,859.6295782296911
POS_03734,2024-10-19,Tokyo-Central,Signal-Booster,7.0,1219.880464190481
POS_03735,2024-12-19,NYC-East,Signal-Booster,4.0,2202.655115362674
POS_03736,2024-07-09,Paris-South,Signal-Booster,4.0,2925.3756678625914
POS_03737,2024-08-01,Paris-South,Lithium-Cell,8.0,936.8078865230511
POS_03738,2024-07-27,NYC-East,Controller-Pro,1.0,2123.5549533003095
POS_03739,2024-08-30,Berlin-West,Signal-Booster,6.0,867.3892843420502
POS_03740,2024-10-25,London-HQ,4K-Camera,5.0,1948.0603471690351
POS_03741,2024-08-17,Tokyo-Central,Lithium-Cell,,2333.1465814764633
POS_03742,2024-11-19,Paris-South,Controller-Pro,3.0,87.86281397621829
POS_03743,2024-10-18,Paris-South,Landing-Gear,6.0,-57.30305751879746
POS_03744,2024-12-13,Paris-South,Lithium-Cell,7.0,1886.7502767254175
POS_03745,2024-09-26,Paris-South,Landing-Gear,6.0,977.8231415852672
POS_03746,2024-08-23,Tokyo-Central,Signal-Booster,2.0,2911.629252457405
POS_03747,2024-10-18,London-HQ,4K-Camera,6.0,374.82706806685735
POS_03748,2024-08-31,Paris-South,4K-Camera,1.0,2670.886538362197
POS_03749,2024-08-23,London-HQ,Lithium-Cell,4.0,2903.2013219914825
POS_03750,2024-09-06,Paris-South,Falcon-Drone,1.0,2105.4917075163175
POS_03751,2024-09-10,Paris-South,Controller-Pro,1.0,2647.921724633873
POS_03752,2024-08-11,Berlin-West,Falcon-Drone,1.0,2085.1923285312714
POS_03753,2024-09-18,Tokyo-Central,Falcon-Drone,1.0,2545.5657627602222
POS_03754,2024-07-29,London-HQ,4K-Camera,8.0,1866.276991519124
POS_03755,2024-08-12,London-HQ,Landing-Gear,6.0,2811.2254765434254
POS_03756,2024-07-24,London-HQ,Falcon-Drone,4.0,320.6572306074529
POS_03757,2024-09-05,Berlin-West,Signal-Booster,5.0,846.6360472908491
POS_03758,2024-07-08,Berlin-West,Controller-Pro,6.0,2388.7000203529556
POS_03759,2024-12-26,Tokyo-Central,4K-Camera,2.0,2903.9081119781968
POS_03760,2024-08-01,Tokyo-Central,Controller-Pro,2.0,461.17851686221354
POS_03761,2024-12-23,Berlin-West,Falcon-Drone,1.0,-56.44668799321103
POS_03762,2024-07-05,Paris-South,Signal-Booster,4.0,2575.8179169194404
POS_03763,2024-08-12,Berlin-West,Falcon-Drone,4.0,1400.3313118772985
POS_03764,2024-10-10,Berlin-West,Lithium-Cell,7.0,2372.887659007462
POS_03765,2024-07-05,London-HQ,4K-Camera,7.0,1507.017722192998
POS_03766,2024-11-21,Tokyo-Central,Lithium-Cell,4.0,-17.579457692337314
POS_03767,2024-08-31,NYC-East,Lithium-Cell,1.0,2732.6528310671574
POS_03768,2024-09-27,Tokyo-Central,4K-Camera,9.0,2311.564201522472
POS_03769,2024-09-14,London-HQ,Lithium-Cell,6.0,2022.154076925125
POS_03770,2024-09-02,London-HQ,Falcon-Drone,6.0,1185.1076320071293
POS_03771,2024-07-01,Berlin-West,Falcon-Drone,,2925.4254580756924
POS_03772,2024-09-03,NYC-East,Landing-Gear,7.0,2278.5503858765787
POS_03773,2024-12-07,London-HQ,4K-Camera,3.0,1853.558588387118
POS_03774,2024-09-19,London-HQ,4K-Camera,3.0,2296.6493958661067
POS_03775,2024-10-10,NYC-East,Controller-Pro,9.0,1969.8882184867516
POS_03776,2024-12-18,Paris-South,Landing-Gear,7.0,1716.5106505206713
POS_03777,2024-08-05,Tokyo-Central,4K-Camera,3.0,712.2804383243583
POS_03778,2024-12-25,Berlin-West,Signal-Booster,9.0,114.54467258043547
POS_03779,2024-09-03,Paris-South,Falcon-Drone,7.0,2603.5695322155607
POS_03780,2024-07-18,Berlin-West,Landing-Gear,,1610.3667241628048
POS_03781,2024-10-14,NYC-East,Lithium-Cell,3.0,1695.657339852762
POS_03782,2024-12-26,Berlin-West,Signal-Booster,1.0,477.2519384180059
POS_03783,2024-07-05,Tokyo-Central,Falcon-Drone,6.0,1940.5528605567672
POS_03784,2024-12-27,Berlin-West,Signal-Booster,1.0,238.3915205106852
POS_03785,2024-10-09,Paris-South,4K-Camera,5.0,204.45110284294083
POS_03786,2024-10-18,London-HQ,4K-Camera,5.0,-5.087574042946031
POS_03787,2024-10-28,Paris-South,Controller-Pro,1.0,514.5497166129818
POS_03788,2024-08-16,Paris-South,Lithium-Cell,8.0,2340.4656851482196
POS_03789,2024-07-24,Paris-South,Lithium-Cell,2.0,2873.759846027131
POS_03790,2024-10-15,Berlin-West,4K-Camera,1.0,2157.1091021827083
POS_03791,2024-11-15,Berlin-West,Landing-Gear,1.0,2331.8841790458705
POS_03792,2024-10-04,Tokyo-Central,Lithium-Cell,6.0,2531.843186441733
POS_03793,2024-07-29,Berlin-West,Signal-Booster,4.0,1065.6081835977484
POS_03794,2024-10-14,Tokyo-Central,Falcon-Drone,9.0,-58.94616924125632
POS_03795,2024-08-06,Paris-South,Landing-Gear,5.0,2645.580962078838
POS_03796,2024-09-19,London-HQ,Controller-Pro,8.0,1086.3237628423035
POS_03797,2024-07-25,NYC-East,Controller-Pro,9.0,1866.695348073233
POS_03798,2024-12-09,Paris-South,Falcon-Drone,8.0,874.8699603300558
POS_03799,2024-11-15,Paris-South,Falcon-Drone,7.0,1773.907808460885
POS_03800,2024-07-03,London-HQ,4K-Camera,5.0,2737.2550466106286
POS_03801,2024-07-08,Berlin-West,Signal-Booster,4.0,322.7852157610389
POS_03802,2024-12-24,Tokyo-Central,Falcon-Drone,1.0,2508.6727094407156
POS_03803,2024-11-05,Paris-South,Falcon-Drone,6.0,1886.3662624168066
POS_03804,2024-12-23,NYC-East,Signal-Booster,9.0,1645.4699637839035
POS_03805,2024-11-18,London-HQ,Falcon-Drone,8.0,358.9280162664659
POS_03806,2024-10-01,Paris-South,Controller-Pro,1.0,2211.273725754852
POS_03807,2024-07-30,NYC-East,Lithium-Cell,9.0,3.724952956267458
POS_03808,2024-08-21,NYC-East,Signal-Booster,,2179.5034972293183
POS_03809,2024-11-19,Berlin-West,Controller-Pro,1.0,719.0706397649723
POS_03810,2024-10-02,Berlin-West,Controller-Pro,,996.8940321725856
POS_03811,2024-07-15,Tokyo-Central,Landing-Gear,4.0,-15.097156105740723
POS_03812,2024-08-05,Paris-South,Controller-Pro,1.0,1189.1298871684407
POS_03813,2024-08-09,London-HQ,Falcon-Drone,2.0,2445.1722339651424
POS_03814,2024-10-20,London-HQ,Landing-Gear,8.0,1757.9843302793847
POS_03815,2024-12-09,NYC-East,Signal-Booster,5.0,479.0082021393547
POS_03816,2024-10-03,Paris-South,4K-Camera,7.0,1224.8356396036932
POS_03817,2024-09-12,Berlin-West,4K-Camera,3.0,76.86770004420626
POS_03818,2024-10-17,Tokyo-Central,Lithium-Cell,3.0,262.79527945556305
POS_03819,2024-08-06,NYC-East,Landing-Gear,9.0,1415.4703683750251
POS_03820,2024-08-27,Berlin-West,Controller-Pro,,948.942101198531
POS_03821,2024-11-10,Tokyo-Central,Landing-Gear,1.0,2830.3520588583083
POS_03822,2024-11-04,Paris-South,Landing-Gear,7.0,2702.520226753503
POS_03823,2024-11-06,NYC-East,Controller-Pro,9.0,827.147305611705
POS_03824,2024-09-12,Paris-South,Signal-Booster,4.0,2054.7913606191128
POS_03825,2024-12-18,London-HQ,4K-Camera,7.0,2828.7310766887867
POS_03826,2024-07-08,Paris-South,Signal-Booster,8.0,637.9081418386626
POS_03827,2024-08-30,NYC-East,Controller-Pro,5.0,683.413123080596
POS_03828,2024-11-09,Tokyo-Central,Falcon-Drone,4.0,-35.17553252259704
POS_03829,2024-11-24,Tokyo-Central,4K-Camera,7.0,1534.9079607610095
POS_03830,2024-10-22,Berlin-West,Lithium-Cell,6.0,625.2242232665293
POS_03831,2024-09-18,NYC-East,Signal-Booster,9.0,287.0570692721589
POS_03832,2024-12-05,NYC-East,Controller-Pro,7.0,687.7612284751785
POS_03833,2024-11-19,London-HQ,Lithium-Cell,6.0,1780.6653087838372
POS_03834,2024-08-08,Paris-South,Falcon-Drone,3.0,2296.4131693508566
POS_03835,2024-07-30,NYC-East,Lithium-Cell,3.0,157.686652270801
POS_03836,2024-11-04,London-HQ,Landing-Gear,4.0,2160.9036792995994
POS_03837,2024-11-23,London-HQ,Falcon-Drone,3.0,235.80783977480053
POS_03838,2024-10-09,NYC-East,Controller-Pro,9.0,2112.917098949183
POS_03839,2024-11-19,Berlin-West,Landing-Gear,5.0,1558.2859785640792
POS_03840,2024-08-23,Paris-South,Lithium-Cell,8.0,1318.9889675568272
POS_03841,2024-11-12,Berlin-West,4K-Camera,6.0,213.2601057034318
POS_03842,2024-07-13,Berlin-West,Controller-Pro,7.0,2834.9932177212736
POS_03843,2024-11-11,London-HQ,Signal-Booster,6.0,1550.5841444052783
POS_03844,2024-09-22,London-HQ,Falcon-Drone,4.0,1554.4229320433037
POS_03845,2024-07-08,London-HQ,Landing-Gear,7.0,1403.2703568291188
POS_03846,2024-11-13,London-HQ,Controller-Pro,8.0,1854.8363870436776
POS_03847,2024-12-25,London-HQ,Controller-Pro,8.0,2666.5565398881763
POS_03848,2024-07-19,Berlin-West,Signal-Booster,4.0,2234.5569749136616
POS_03849,2024-08-08,Berlin-West,Signal-Booster,7.0,1732.2210292963625
POS_03850,2024-07-03,Paris-South,Landing-Gear,6.0,2316.1907345263303
POS_03851,2024-09-05,London-HQ,Landing-Gear,3.0,1026.2242779268722
POS_03852,2024-07-19,NYC-East,Falcon-Drone,4.0,1019.3781053177588
POS_03853,2024-09-04,Tokyo-Central,4K-Camera,8.0,95.74871307971492
POS_03854,2024-11-07,Tokyo-Central,4K-Camera,3.0,1123.0646873801647
POS_03855,2024-11-02,London-HQ,Landing-Gear,3.0,372.578446255685
POS_03856,2024-12-24,Paris-South,Landing-Gear,1.0,2465.1828913022673
POS_03857,2024-07-02,NYC-East,Falcon-Drone,2.0,1318.7491146973755
POS_03858,2024-12-01,Paris-South,4K-Camera,6.0,1700.4969919322211
POS_03859,2024-07-07,NYC-East,Signal-Booster,2.0,2004.0515494673168
POS_03860,2024-07-10,Tokyo-Central,Signal-Booster,7.0,550.7424860551299
POS_03861,2024-12-18,Paris-South,Controller-Pro,,1105.3160739816371
POS_03862,2024-12-04,Tokyo-Central,Controller-Pro,3.0,1489.558560815554
POS_03863,2024-10-04,NYC-East,Landing-Gear,8.0,2214.180371429624
POS_03864,2024-11-17,Tokyo-Central,Lithium-Cell,4.0,1671.2441236464304
POS_03865,2024-11-02,London-HQ,Controller-Pro,5.0,1644.5725167307974
POS_03866,2024-12-10,Berlin-West,Controller-Pro,7.0,1413.626312264031
POS_03867,2024-12-08,Berlin-West,Landing-Gear,4.0,-44.17004722256994
POS_03868,2024-11-28,Tokyo-Central,Lithium-Cell,1.0,547.2060891256561
POS_03869,2024-11-03,Tokyo-Central,Controller-Pro,1.0,968.893764157767
POS_03870,2024-12-08,Tokyo-Central,4K-Camera,7.0,2593.2211530078935
POS_03871,2024-11-11,Berlin-West,Falcon-Drone,6.0,1979.609744363785
POS_03872,2024-10-14,Berlin-West,4K-Camera,6.0,2788.701317656202
POS_03873,2024-10-31,Berlin-West,Controller-Pro,9.0,2680.174070319552
POS_03874,2024-10-25,NYC-East,Lithium-Cell,4.0,2703.434339663338
POS_03875,2024-07-02,Paris-South,4K-Camera,9.0,55.84264607331565
POS_03876,2024-11-26,Tokyo-Central,Landing-Gear,2.0,-84.16752040702463
POS_03877,2024-11-12,Berlin-West,Lithium-Cell,6.0,733.9413594916009
POS_03878,2024-10-05,Berlin-West,Landing-Gear,3.0,537.735231752264
POS_03879,2024-10-07,Tokyo-Central,Lithium-Cell,4.0,318.35920781199206
POS_03880,2024-12-21,NYC-East,Falcon-Drone,9.0,1937.1627727853206
POS_03881,2024-11-14,Paris-South,Landing-Gear,2.0,982.6803821051815
POS_03882,2024-12-25,Berlin-West,4K-Camera,4.0,-97.90557586428977
POS_03883,2024-07-13,Paris-South,4K-Camera,3.0,1384.0683895711543
POS_03884,2024-10-01,London-HQ,Controller-Pro,1.0,1044.1367276654132
POS_03885,2024-11-13,London-HQ,Falcon-Drone,8.0,491.2726677426284
POS_03886,2024-11-12,London-HQ,Signal-Booster,4.0,2012.2211183443924
POS_03887,2024-10-21,Tokyo-Central,Landing-Gear,6.0,1435.8714440225633
POS_03888,2024-09-16,Berlin-West,4K-Camera,8.0,1643.4405697083657
POS_03889,2024-08-29,Paris-South,4K-Camera,,579.6606961585851
POS_03890,2024-10-15,NYC-East,Controller-Pro,5.0,1533.6202415528464
POS_03891,2024-11-09,Paris-South,Falcon-Drone,1.0,2482.7528180877002
POS_03892,2024-08-26,Tokyo-Central,Controller-Pro,5.0,2411.262066505465
POS_03893,2024-07-17,Tokyo-Central,Landing-Gear,8.0,1197.964868027713
POS_03894,2024-10-15,Paris-South,Controller-Pro,6.0,88.22806610380383
POS_03895,2024-10-07,Paris-South,Falcon-Drone,4.0,498.18804825658117
POS_03896,2024-11-03,Berlin-West,Controller-Pro,5.0,1620.4827035583953
POS_03897,2024-10-07,NYC-East,Signal-Booster,5.0,2460.1630404608914
POS_03898,2024-10-23,NYC-East,4K-Camera,8.0,498.4081639512068
POS_03899,2024-08-06,NYC-East,Landing-Gear,2.0,2874.988826118397
POS_03900,2024-08-26,NYC-East,Signal-Booster,6.0,2076.807303972438
POS_03901,2024-11-18,London-HQ,Landing-Gear,7.0,2618.4497240438573
POS_03902,2024-12-18,NYC-East,Controller-Pro,8.0,1210.037622527729
POS_03903,2024-09-12,Paris-South,Falcon-Drone,7.0,554.9793743569563
POS_03904,2024-11-12,Paris-South,Falcon-Drone,8.0,1053.622958633114
POS_03905,2024-12-16,London-HQ,4K-Camera,1.0,2149.339775875218
POS_03906,2024-10-06,Tokyo-Central,4K-Camera,5.0,454.34267572990484
POS_03907,2024-10-22,London-HQ,Landing-Gear,5.0,1430.7999975999694
POS_03908,2024-10-18,Berlin-West,Signal-Booster,7.0,-54.00736151345002
POS_03909,2024-10-18,Tokyo-Central,Lithium-Cell,5.0,344.63578018226843
POS_03910,2024-07-11,NYC-East,Lithium-Cell,4.0,2409.9205868239665
POS_03911,2024-12-19,London-HQ,Signal-Booster,6.0,2590.5505270310946
POS_03912,2024-08-11,Berlin-West,Lithium-Cell,2.0,1393.2102172589566
POS_03913,2024-09-09,NYC-East,Falcon-Drone,4.0,1505.679421305159
POS_03914,2024-09-27,Tokyo-Central,Controller-Pro,7.0,2868.41097018181
POS_03915,2024-08-28,Paris-South,Falcon-Drone,5.0,2794.1618616312335
POS_03916,2024-09-30,Berlin-West,Falcon-Drone,5.0,441.38121217686376
POS_03917,2024-07-30,London-HQ,Falcon-Drone,1.0,2546.410162420042
POS_03918,2024-07-08,Tokyo-Central,Lithium-Cell,3.0,2799.527961023952
POS_03919,2024-12-04,Tokyo-Central,Lithium-Cell,7.0,2421.224341695228
POS_03920,2024-09-02,NYC-East,Falcon-Drone,8.0,2429.5820352818314
POS_03921,2024-08-14,Paris-South,4K-Camera,1.0,380.21226308524024
POS_03922,2024-09-11,Paris-South,Falcon-Drone,7.0,563.0521364844742
POS_03923,2024-11-02,NYC-East,Landing-Gear,6.0,751.8512730529684
POS_03924,2024-07-14,Berlin-West,4K-Camera,3.0,2207.593498023865
POS_03925,2024-11-01,London-HQ,Lithium-Cell,7.0,536.1943811453841
POS_03926,2024-11-14,Berlin-West,Lithium-Cell,9.0,2224.3799721167807
POS_03927,2024-12-06,London-HQ,Signal-Booster,5.0,2958.1464481664048
POS_03928,2024-09-17,Paris-South,Landing-Gear,6.0,2507.638598610924
POS_03929,2024-09-17,NYC-East,4K-Camera,5.0,1244.5471912651533
POS_03930,2024-11-10,Berlin-West,4K-Camera,5.0,1412.2607768953337
POS_03931,2024-12-16,Paris-South,Lithium-Cell,6.0,353.81287193488464
POS_03932,2024-12-16,Tokyo-Central,Landing-Gear,3.0,2648.810511703552
POS_03933,2024-09-14,Berlin-West,Controller-Pro,6.0,2692.237456506362
POS_03934,2024-07-01,Berlin-West,Controller-Pro,6.0,478.20620300278824
POS_03935,2024-10-25,NYC-East,Lithium-Cell,6.0,8.447290101901373
POS_03936,2024-09-14,Paris-South,Signal-Booster,1.0,1447.94525544046
POS_03937,2024-10-27,Berlin-West,Signal-Booster,9.0,1526.1529370257792
POS_03938,2024-11-13,Berlin-West,Landing-Gear,2.0,1089.9086458434754
POS_03939,2024-09-17,NYC-East,Lithium-Cell,6.0,2343.565576994355
POS_03940,2024-07-09,Paris-South,Falcon-Drone,7.0,2139.0249769779034
POS_03941,2024-07-19,London-HQ,Controller-Pro,6.0,1016.6175987671049
POS_03942,2024-12-17,Berlin-West,4K-Camera,9.0,2207.8489162095407
POS_03943,2024-09-28,London-HQ,Controller-Pro,5.0,350.55039350085707
POS_03944,2024-11-18,Tokyo-Central,Falcon-Drone,8.0,2928.6054764993664
POS_03945,2024-11-13,London-HQ,4K-Camera,4.0,1101.2853309191096
POS_03946,2024-07-01,Berlin-West,Lithium-Cell,5.0,1703.7476043854788
POS_03947,2024-10-19,London-HQ,Signal-Booster,4.0,2681.7971842912893
POS_03948,2024-12-21,Tokyo-Central,Landing-Gear,2.0,1736.0704710254279
POS_03949,2024-11-29,Tokyo-Central,Falcon-Drone,6.0,-23.95237386164611
POS_03950,2024-12-08,Tokyo-Central,Controller-Pro,1.0,735.1030326451694
POS_03951,2024-12-14,Berlin-West,4K-Camera,9.0,1848.1904288638384
POS_03952,2024-09-18,Paris-South,Signal-Booster,2.0,2711.8472819398103
POS_03953,2024-09-03,Paris-South,Controller-Pro,5.0,416.8569049470425
POS_03954,2024-08-30,London-HQ,Controller-Pro,8.0,2854.5908738989842
POS_03955,2024-11-18,Berlin-West,Lithium-Cell,5.0,1633.8091956466762
POS_03956,2024-09-24,NYC-East,Lithium-Cell,7.0,692.894497621652
POS_03957,2024-07-12,London-HQ,Lithium-Cell,3.0,1250.568410818153
POS_03958,2024-07-10,London-HQ,Lithium-Cell,4.0,1608.444172191613
POS_03959,2024-11-08,London-HQ,4K-Camera,2.0,1080.4695358843785
POS_03960,2024-09-09,Paris-South,Signal-Booster,4.0,1660.3086894285123
POS_03961,2024-08-06,NYC-East,4K-Camera,4.0,1911.2930213918057
POS_03962,2024-07-17,Tokyo-Central,Falcon-Drone,8.0,2352.66509721013
POS_03963,2024-12-26,Paris-South,Landing-Gear,1.0,2708.764372608092
POS_03964,2024-07-08,Berlin-West,Signal-Booster,8.0,2826.162925964306
POS_03965,2024-08-10,Berlin-West,Controller-Pro,1.0,500.3167056750815
POS_03966,2024-08-06,London-HQ,4K-Camera,5.0,1995.9800575466384
POS_03967,2024-09-17,Paris-South,Landing-Gear,5.0,758.2895557285027
POS_03968,2024-11-16,NYC-East,Controller-Pro,3.0,1886.549163318929
POS_03969,2024-08-29,Tokyo-Central,Falcon-Drone,4.0,1228.7733091443722
POS_03970,2024-09-09,London-HQ,Falcon-Drone,1.0,2907.208770062032
POS_03971,2024-07-31,London-HQ,Falcon-Drone,1.0,1912.2341687705837
POS_03972,2024-12-22,Berlin-West,Controller-Pro,1.0,1604.1404589396827
POS_03973,2024-12-04,Berlin-West,Landing-Gear,6.0,555.1563835971057
POS_03974,2024-08-07,London-HQ,4K-Camera,4.0,510.9514843577484
POS_03975,2024-07-05,London-HQ,Signal-Booster,3.0,1906.0665419468626
POS_03976,2024-10-04,Paris-South,Falcon-Drone,4.0,2510.8768134167713
POS_03977,2024-07-11,London-HQ,Signal-Booster,9.0,2242.7110311242623
POS_03978,2024-08-17,NYC-East,Signal-Booster,6.0,2066.999671094481
POS_03979,2024-08-11,NYC-East,Landing-Gear,9.0,2734.6252004895305
POS_03980,2024-07-06,Tokyo-Central,Lithium-Cell,8.0,-58.95822032146674
POS_03981,2024-09-10,Paris-South,Lithium-Cell,2.0,2101.3905391935996
POS_03982,2024-09-25,NYC-East,Landing-Gear,9.0,1227.2900356467044
POS_03983,2024-11-19,Paris-South,Landing-Gear,3.0,782.3048667248086
POS_03984,2024-08-05,Tokyo-Central,Signal-Booster,8.0,2871.755483302798
POS_03985,2024-10-21,Berlin-West,Controller-Pro,3.0,-82.24374533400908
POS_03986,2024-10-17,Berlin-West,Lithium-Cell,9.0,948.7794045967894
POS_03987,2024-10-26,London-HQ,Falcon-Drone,1.0,400.3626735131052
POS_03988,2024-12-11,London-HQ,Signal-Booster,3.0,2230.307570974718
POS_03989,2024-07-06,Berlin-West,Signal-Booster,8.0,2467.283125764264
POS_03990,2024-11-16,Berlin-West,Controller-Pro,7.0,657.0389164515337
POS_03991,2024-11-30,Paris-South,Landing-Gear,1.0,663.4624018373087
POS_03992,2024-09-03,Tokyo-Central,Landing-Gear,8.0,2951.268903690404
POS_03993,2024-10-15,Tokyo-Central,Landing-Gear,8.0,2792.792026490203
POS_03994,2024-11-21,London-HQ,Landing-Gear,8.0,34.90341884363974
POS_03995,2024-09-19,Tokyo-Central,Falcon-Drone,,2532.5918234745486
POS_03996,2024-09-05,NYC-East,4K-Camera,8.0,1850.5876391494028
POS_03997,2024-12-08,London-HQ,Falcon-Drone,9.0,586.2541526947039
POS_03998,2024-09-03,Berlin-West,Lithium-Cell,6.0,763.0385357007572
POS_03999,2024-09-22,Tokyo-Central,Landing-Gear,5.0,1298.9427888703256
POS_04000,2024-11-17,Tokyo-Central,Landing-Gear,8.0,1212.439228125954
POS_04001,2024-10-21,NYC-East,Controller-Pro,2.0,423.5538689717505
POS_04002,2024-10-08,London-HQ,4K-Camera,8.0,2195.9152500100404
POS_04003,2024-07-03,Tokyo-Central,4K-Camera,8.0,1471.4863529885922
POS_04004,2024-12-26,Tokyo-Central,Falcon-Drone,9.0,1127.266719708867
POS_04005,2024-12-19,NYC-East,Lithium-Cell,9.0,2147.743560824403
POS_04006,2024-08-06,Tokyo-Central,Signal-Booster,1.0,367.62149543375443
POS_04007,2024-08-19,Tokyo-Central,Controller-Pro,,480.37763280666024
POS_04008,2024-09-30,Tokyo-Central,Falcon-Drone,6.0,1459.0839144018112
POS_04009,2024-09-04,London-HQ,Controller-Pro,8.0,38.41919245298158
POS_04010,2024-07-04,NYC-East,Landing-Gear,6.0,1876.7220454414864
POS_04011,2024-11-20,London-HQ,Landing-Gear,8.0,2345.7374492731537
POS_04012,2024-09-27,London-HQ,Controller-Pro,3.0,1531.2278066109254
POS_04013,2024-08-13,London-HQ,Signal-Booster,9.0,1163.7210612148983
POS_04014,2024-09-23,London-HQ,4K-Camera,1.0,2397.9070408521507
POS_04015,2024-12-18,NYC-East,Falcon-Drone,3.0,995.7279545654508
POS_04016,2024-12-16,London-HQ,Controller-Pro,8.0,1368.5221930582175
POS_04017,2024-10-05,London-HQ,Controller-Pro,6.0,2639.7842751257294
POS_04018,2024-11-19,London-HQ,4K-Camera,9.0,632.7529559557574
POS_04019,2024-08-16,London-HQ,4K-Camera,4.0,1713.0306363415307
POS_04020,2024-09-26,Paris-South,Controller-Pro,8.0,163.07443120740413
POS_04021,2024-11-24,NYC-East,Controller-Pro,3.0,1162.9286334408278
POS_04022,2024-09-13,Tokyo-Central,Falcon-Drone,3.0,986.520698307799
POS_04023,2024-07-23,NYC-East,Signal-Booster,2.0,471.5128321573794
POS_04024,2024-10-21,Paris-South,Lithium-Cell,9.0,774.7506354253333
POS_04025,2024-08-04,London-HQ,Landing-Gear,1.0,1287.791660089677
POS_04026,2024-10-22,Berlin-West,Lithium-Cell,9.0,255.02661360605055
POS_04027,2024-08-12,London-HQ,Landing-Gear,4.0,24.70905767751013
POS_04028,2024-07-07,Berlin-West,Controller-Pro,4.0,2224.237752989145
POS_04029,2024-11-19,London-HQ,Signal-Booster,1.0,1618.6967545084733
POS_04030,2024-11-24,NYC-East,Landing-Gear,8.0,1382.5365714142943
POS_04031,2024-07-30,NYC-East,Landing-Gear,4.0,2579.0614326948057
POS_04032,2024-07-31,Tokyo-Central,Lithium-Cell,4.0,2436.9988306585733
POS_04033,2024-10-02,Tokyo-Central,Landing-Gear,9.0,336.59277926531337
POS_04034,2024-09-12,London-HQ,Falcon-Drone,7.0,2448.0243582775265
POS_04035,2024-07-06,NYC-East,4K-Camera,1.0,2659.8204617445654
POS_04036,2024-08-27,Paris-South,Falcon-Drone,1.0,2759.7994308462853
POS_04037,2024-11-16,NYC-East,Lithium-Cell,9.0,728.5131275573482
POS_04038,2024-09-23,Paris-South,Controller-Pro,7.0,1796.414313144002
POS_04039,2024-07-31,London-HQ,Falcon-Drone,6.0,1391.9570425660636
POS_04040,2024-08-06,Tokyo-Central,4K-Camera,8.0,1720.9794061027706
POS_04041,2024-07-26,Paris-South,Lithium-Cell,4.0,1281.2123477641217
POS_04042,2024-08-29,Paris-South,Signal-Booster,7.0,2656.3810347597932
POS_04043,2024-08-07,Berlin-West,4K-Camera,9.0,164.76435088110821
POS_04044,2024-10-16,London-HQ,Controller-Pro,2.0,2650.946540756031
POS_04045,2024-12-02,Paris-South,Signal-Booster,6.0,1493.2028303127192
POS_04046,2024-09-16,NYC-East,Lithium-Cell,9.0,1263.9207650002854
POS_04047,2024-10-11,NYC-East,Signal-Booster,1.0,1990.931296826002
POS_04048,2024-10-09,London-HQ,4K-Camera,6.0,1165.770748098422
POS_04049,2024-07-17,Berlin-West,Controller-Pro,6.0,2742.557151159314
POS_04050,2024-07-12,Tokyo-Central,Controller-Pro,2.0,2571.646726447732
POS_04051,2024-08-25,Paris-South,Falcon-Drone,2.0,14.130686541843147
POS_04052,2024-12-13,Berlin-West,Landing-Gear,2.0,823.009389777141
POS_04053,2024-07-10,NYC-East,Landing-Gear,8.0,2018.724441195699
POS_04054,2024-09-06,NYC-East,Landing-Gear,9.0,797.5099061442644
POS_04055,2024-11-08,Berlin-West,Lithium-Cell,5.0,641.3784753556506
POS_04056,2024-11-03,NYC-East,4K-Camera,8.0,797.6728282626152
POS_04057,2024-12-06,NYC-East,Falcon-Drone,5.0,949.6812730566621
POS_04058,2024-11-14,Berlin-West,Falcon-Drone,7.0,733.5882198629217
POS_04059,2024-10-16,Berlin-West,Falcon-Drone,7.0,2116.6287687101994
POS_04060,2024-08-25,Tokyo-Central,Landing-Gear,8.0,2005.8670664599663
POS_04061,2024-11-27,London-HQ,Signal-Booster,9.0,1057.6188814426423
POS_04062,2024-07-19,London-HQ,Controller-Pro,2.0,2295.9647806779913
POS_04063,2024-08-24,London-HQ,Landing-Gear,9.0,1400.007309435533
POS_04064,2024-09-16,London-HQ,Lithium-Cell,8.0,2702.544644308044
POS_04065,2024-07-02,Berlin-West,4K-Camera,2.0,2111.09343642806
POS_04066,2024-10-13,Paris-South,Signal-Booster,3.0,69.56090575775198
POS_04067,2024-08-10,NYC-East,Controller-Pro,6.0,1870.141618587197
POS_04068,2024-09-28,NYC-East,Controller-Pro,1.0,-94.82359438452445
POS_04069,2024-12-02,London-HQ,Controller-Pro,8.0,602.6407393279073
POS_04070,2024-11-06,Tokyo-Central,Signal-Booster,1.0,425.26379352243623
POS_04071,2024-10-22,London-HQ,Controller-Pro,6.0,1971.4865715706524
POS_04072,2024-11-11,Paris-South,Controller-Pro,3.0,664.5971532423027
POS_04073,2024-09-30,Paris-South,Controller-Pro,9.0,376.0800756906535
POS_04074,2024-08-18,Berlin-West,Lithium-Cell,6.0,1449.921894330437
POS_04075,2024-10-11,Tokyo-Central,Signal-Booster,5.0,1004.1913460744001
POS_04076,2024-12-03,NYC-East,Lithium-Cell,6.0,1526.5162984939477
POS_04077,2024-12-07,Paris-South,Lithium-Cell,9.0,782.5307387145905
POS_04078,2024-11-28,Paris-South,Landing-Gear,3.0,857.6565208673536
POS_04079,2024-08-04,NYC-East,Falcon-Drone,2.0,680.9971252966527
POS_04080,2024-10-07,London-HQ,Landing-Gear,9.0,2532.6863620184886
POS_04081,2024-11-30,Tokyo-Central,Lithium-Cell,3.0,167.5785133077867
POS_04082,2024-10-03,Tokyo-Central,Signal-Booster,1.0,2739.128904977208
POS_04083,2024-08-29,Berlin-West,Controller-Pro,7.0,581.8608999906828
POS_04084,2024-09-27,Tokyo-Central,Falcon-Drone,8.0,2648.7499316562107
POS_04085,2024-10-11,NYC-East,Signal-Booster,2.0,2747.6534897426386
POS_04086,2024-10-25,NYC-East,4K-Camera,4.0,441.8746904639047
POS_04087,2024-09-12,London-HQ,Lithium-Cell,8.0,-54.55194104580168
POS_04088,2024-08-22,Tokyo-Central,4K-Camera,7.0,2907.7195007745086
POS_04089,2024-10-06,Tokyo-Central,Signal-Booster,4.0,1114.8768278553177
POS_04090,2024-09-25,London-HQ,Controller-Pro,3.0,329.4286906467064
POS_04091,2024-12-16,London-HQ,Falcon-Drone,6.0,704.021810174467
POS_04092,2024-12-15,Tokyo-Central,Lithium-Cell,4.0,626.3047170188114
POS_04093,2024-09-20,Berlin-West,Controller-Pro,9.0,2692.735987208239
POS_04094,2024-11-05,Paris-South,4K-Camera,4.0,2488.0096002868804
POS_04095,2024-10-28,NYC-East,Signal-Booster,6.0,2645.0797156770864
POS_04096,2024-09-14,London-HQ,Lithium-Cell,2.0,648.2106355037322
POS_04097,2024-12-04,Tokyo-Central,Lithium-Cell,6.0,1471.1701785699397
POS_04098,2024-11-05,NYC-East,4K-Camera,1.0,1084.2228261216194
POS_04099,2024-08-31,London-HQ,4K-Camera,5.0,1981.5792291535658
POS_04100,2024-09-29,NYC-East,4K-Camera,3.0,1712.46018551216
POS_04101,2024-09-03,Berlin-West,Signal-Booster,2.0,1392.428371404238
POS_04102,2024-07-25,Paris-South,Signal-Booster,1.0,929.1194056611935
POS_04103,2024-11-07,Paris-South,Controller-Pro,8.0,2110.4054686458344
POS_04104,2024-12-07,NYC-East,4K-Camera,6.0,1879.7538156822675
POS_04105,2024-09-11,Berlin-West,Falcon-Drone,9.0,950.8898596506474
POS_04106,2024-10-04,Berlin-West,Signal-Booster,7.0,318.887304258235
POS_04107,2024-07-24,London-HQ,Landing-Gear,9.0,1332.0748637811594
POS_04108,2024-12-14,Tokyo-Central,4K-Camera,1.0,2792.7287796547685
POS_04109,2024-11-24,NYC-East,Falcon-Drone,5.0,185.58697589202797
POS_04110,2024-07-17,London-HQ,Falcon-Drone,8.0,866.085303616853
POS_04111,2024-11-11,Berlin-West,4K-Camera,7.0,1714.2472673732173
POS_04112,2024-12-17,NYC-East,Lithium-Cell,7.0,491.580752132253
POS_04113,2024-10-15,NYC-East,Falcon-Drone,9.0,1463.22559043239
POS_04114,2024-11-23,London-HQ,Landing-Gear,3.0,2103.925938411682
POS_04115,2024-11-16,Tokyo-Central,4K-Camera,7.0,1739.2230064380997
POS_04116,2024-10-27,Tokyo-Central,4K-Camera,9.0,2922.8926332605115
POS_04117,2024-07-26,London-HQ,Falcon-Drone,4.0,2348.9638401926886
POS_04118,2024-08-12,Tokyo-Central,Landing-Gear,1.0,1595.6910661193754
POS_04119,2024-12-18,Tokyo-Central,Signal-Booster,3.0,2777.7667772559466
POS_04120,2024-07-27,Berlin-West,Signal-Booster,7.0,1010.2416717526803
POS_04121,2024-10-02,London-HQ,Lithium-Cell,2.0,1045.745066621522
POS_04122,2024-09-11,Berlin-West,4K-Camera,5.0,2059.4271899592773
POS_04123,2024-09-02,Tokyo-Central,Falcon-Drone,8.0,1837.3561989110303
POS_04124,2024-11-02,Tokyo-Central,Falcon-Drone,1.0,776.2079404159753
POS_04125,2024-08-23,London-HQ,Landing-Gear,7.0,2049.8624495247936
POS_04126,2024-11-15,NYC-East,Signal-Booster,1.0,2204.2728842636907
POS_04127,2024-10-24,Paris-South,4K-Camera,6.0,286.1663750653296
POS_04128,2024-11-26,Berlin-West,Falcon-Drone,9.0,2277.3500185980474
POS_04129,2024-09-13,Berlin-West,4K-Camera,6.0,2072.803826933417
POS_04130,2024-09-26,Berlin-West,Falcon-Drone,6.0,493.55569149873804
POS_04131,2024-12-16,London-HQ,Signal-Booster,7.0,1078.5772482339542
POS_04132,2024-08-25,Berlin-West,Lithium-Cell,3.0,483.1538494441995
POS_04133,2024-09-20,Paris-South,Falcon-Drone,,1206.4646501206432
POS_04134,2024-12-04,Berlin-West,Falcon-Drone,3.0,961.6156842021699
POS_04135,2024-08-02,Paris-South,4K-Camera,6.0,1172.5418584456909
POS_04136,2024-12-27,London-HQ,Falcon-Drone,5.0,264.6328917827311
POS_04137,2024-12-27,Berlin-West,Landing-Gear,4.0,1288.6484005472757
POS_04138,2024-08-22,Tokyo-Central,4K-Camera,1.0,1529.867029580308
POS_04139,2024-11-07,London-HQ,Landing-Gear,4.0,328.5114371845359
POS_04140,2024-10-14,Tokyo-Central,Lithium-Cell,2.0,951.3893640795907
POS_04141,2024-12-22,NYC-East,4K-Camera,9.0,2134.3411818385393
POS_04142,2024-09-07,London-HQ,Landing-Gear,3.0,1529.4968840058928
POS_04143,2024-07-14,Tokyo-Central,Falcon-Drone,5.0,2087.0379750859365
POS_04144,2024-11-18,Berlin-West,4K-Camera,9.0,1729.6529188020827
POS_04145,2024-08-04,London-HQ,Falcon-Drone,8.0,1335.382281393802
POS_04146,2024-11-18,NYC-East,Landing-Gear,7.0,1296.9122085649524
POS_04147,2024-09-15,NYC-East,Signal-Booster,5.0,656.5048892399956
POS_04148,2024-08-26,London-HQ,Landing-Gear,7.0,465.5367602945731
POS_04149,2024-11-12,NYC-East,Lithium-Cell,9.0,444.8805860512374
POS_04150,2024-08-25,Berlin-West,Landing-Gear,2.0,1755.5857183335954
POS_04151,2024-07-16,Tokyo-Central,4K-Camera,9.0,2065.9687892125007
POS_04152,2024-07-07,Paris-South,Falcon-Drone,3.0,1895.9242395601648
POS_04153,2024-12-05,Tokyo-Central,4K-Camera,9.0,2377.9976213402447
POS_04154,2024-07-27,Tokyo-Central,Lithium-Cell,1.0,1532.7264927999956
POS_04155,2024-12-08,Berlin-West,Lithium-Cell,7.0,2722.577328967457
POS_04156,2024-07-17,Tokyo-Central,Controller-Pro,6.0,890.8677887918539
POS_04157,2024-11-25,Tokyo-Central,Falcon-Drone,9.0,240.34749112237307
POS_04158,2024-09-07,Tokyo-Central,Landing-Gear,1.0,2765.8278622720622
POS_04159,2024-08-19,Berlin-West,Lithium-Cell,8.0,983.8887580428748
POS_04160,2024-11-26,Tokyo-Central,Lithium-Cell,3.0,2124.7370556040764
POS_04161,2024-12-20,London-HQ,Signal-Booster,2.0,2391.5619345812815
POS_04162,2024-08-14,NYC-East,4K-Camera,2.0,964.4310754341789
POS_04163,2024-10-24,NYC-East,Signal-Booster,4.0,-44.13866302295588
POS_04164,2024-09-15,Paris-South,Controller-Pro,5.0,141.41265888225456
POS_04165,2024-07-04,Berlin-West,Landing-Gear,6.0,1130.5293644818573
POS_04166,2024-11-01,Tokyo-Central,Falcon-Drone,8.0,2180.667585811055
POS_04167,2024-08-28,Tokyo-Central,Lithium-Cell,7.0,1570.2633777171156
POS_04168,2024-08-03,NYC-East,Controller-Pro,7.0,49.08977048564978
POS_04169,2024-07-06,Paris-South,Landing-Gear,5.0,1666.095326595323
POS_04170,2024-07-11,Tokyo-Central,Signal-Booster,5.0,921.7181759827947
POS_04171,2024-12-23,NYC-East,4K-Camera,7.0,1156.849095830361
POS_04172,2024-11-25,Berlin-West,Signal-Booster,2.0,527.4137104416112
POS_04173,2024-09-06,London-HQ,4K-Camera,1.0,1584.583395903726
POS_04174,2024-07-25,NYC-East,Landing-Gear,,2087.1121648226767
POS_04175,2024-10-05,Paris-South,Signal-Booster,3.0,288.2381719537757
POS_04176,2024-12-22,NYC-East,4K-Camera,7.0,346.7570075589054
POS_04177,2024-09-08,Paris-South,4K-Camera,3.0,2419.5079619130724
POS_04178,2024-08-25,Berlin-West,4K-Camera,2.0,764.2356261832872
POS_04179,2024-09-17,Berlin-West,4K-Camera,1.0,1205.2235376113988
POS_04180,2024-11-26,Paris-South,4K-Camera,8.0,1840.6975303363954
POS_04181,2024-12-16,NYC-East,Signal-Booster,5.0,434.2602013156877
POS_04182,2024-08-11,NYC-East,Lithium-Cell,3.0,2757.209322093291
POS_04183,2024-07-21,London-HQ,4K-Camera,4.0,1600.089286029779
POS_04184,2024-10-22,Paris-South,Landing-Gear,4.0,1224.931695788353
POS_04185,2024-12-24,London-HQ,4K-Camera,9.0,1866.096467685796
POS_04186,2024-11-26,NYC-East,Signal-Booster,2.0,174.805179480439
POS_04187,2024-07-25,Tokyo-Central,Lithium-Cell,1.0,1329.933992194013
POS_04188,2024-08-29,Berlin-West,Lithium-Cell,6.0,811.9317789927006
POS_04189,2024-10-24,Tokyo-Central,Landing-Gear,,633.1745140071409
POS_04190,2024-10-17,Paris-South,Falcon-Drone,8.0,2299.233562656499
POS_04191,2024-08-22,NYC-East,4K-Camera,4.0,2974.5836509908836
POS_04192,2024-10-25,NYC-East,Controller-Pro,9.0,2209.2900516597606
POS_04193,2024-11-14,London-HQ,Signal-Booster,2.0,1551.1848772713097
POS_04194,2024-09-01,NYC-East,Controller-Pro,2.0,972.1515565006505
POS_04195,2024-08-15,NYC-East,Falcon-Drone,9.0,734.6756525423975
POS_04196,2024-08-25,NYC-East,Lithium-Cell,2.0,459.2587861958647
POS_04197,2024-07-08,Tokyo-Central,Landing-Gear,7.0,323.07181996596574
POS_04198,2024-08-26,Tokyo-Central,Signal-Booster,7.0,2433.475955457961
POS_04199,2024-07-22,London-HQ,4K-Camera,5.0,-32.760209454519455
POS_04200,2024-12-20,Berlin-West,4K-Camera,6.0,1731.848762288517
POS_04201,2024-07-19,London-HQ,Signal-Booster,4.0,2570.548474359899
POS_04202,2024-11-18,London-HQ,Controller-Pro,9.0,2914.299284112551
POS_04203,2024-12-03,NYC-East,Lithium-Cell,5.0,2804.638495329835
POS_04204,2024-12-07,Tokyo-Central,Controller-Pro,,2237.583742651348
POS_04205,2024-07-15,Tokyo-Central,4K-Camera,,2465.2943738829445
POS_04206,2024-07-02,London-HQ,Signal-Booster,8.0,2253.6848552117935
POS_04207,2024-12-11,NYC-East,Landing-Gear,2.0,2846.1182874898286
POS_04208,2024-12-11,NYC-East,Landing-Gear,1.0,509.13705713390027
POS_04209,2024-07-01,Berlin-West,Lithium-Cell,6.0,2128.8126062231954
POS_04210,2024-08-19,NYC-East,Controller-Pro,7.0,904.7084508025425
POS_04211,2024-08-01,Berlin-West,Lithium-Cell,1.0,2767.779135672164
POS_04212,2024-10-25,Berlin-West,Lithium-Cell,,305.140212649145
POS_04213,2024-11-25,Paris-South,Controller-Pro,2.0,1752.998456605142
POS_04214,2024-08-11,Berlin-West,4K-Camera,1.0,657.7728101806009
POS_04215,2024-11-16,Paris-South,4K-Camera,5.0,168.18293430284166
POS_04216,2024-11-05,London-HQ,4K-Camera,5.0,114.1511452224654
POS_04217,2024-11-08,Tokyo-Central,Signal-Booster,2.0,155.62746117529238
POS_04218,2024-08-29,Tokyo-Central,Landing-Gear,2.0,953.6377693453614
POS_04219,2024-07-16,London-HQ,Falcon-Drone,9.0,2522.6616355785272
POS_04220,2024-08-21,Tokyo-Central,Falcon-Drone,7.0,2292.8643994767103
POS_04221,2024-12-11,Tokyo-Central,4K-Camera,3.0,1738.5485003129902
POS_04222,2024-10-20,Tokyo-Central,Lithium-Cell,9.0,51.80777237118929
POS_04223,2024-11-10,NYC-East,Controller-Pro,3.0,783.8425679135016
POS_04224,2024-11-17,Paris-South,Signal-Booster,4.0,-60.40494898588682
POS_04225,2024-09-12,Berlin-West,4K-Camera,7.0,2984.9292280709487
POS_04226,2024-08-17,Paris-South,Signal-Booster,7.0,263.6214333761942
POS_04227,2024-08-01,Tokyo-Central,Landing-Gear,6.0,776.2137585467418
POS_04228,2024-11-15,NYC-East,Landing-Gear,2.0,635.6150066734399
POS_04229,2024-09-04,NYC-East,Landing-Gear,6.0,406.06738691703725
POS_04230,2024-10-31,NYC-East,Landing-Gear,4.0,1786.9250791016523
POS_04231,2024-12-03,Berlin-West,Controller-Pro,4.0,1190.9627953554495
POS_04232,2024-10-28,Berlin-West,4K-Camera,3.0,2003.7835944955796
POS_04233,2024-07-17,NYC-East,Landing-Gear,7.0,1059.6335932697295
POS_04234,2024-12-02,Tokyo-Central,4K-Camera,3.0,917.7537708147136
POS_04235,2024-10-05,Tokyo-Central,Lithium-Cell,3.0,2776.5353461748336
POS_04236,2024-07-25,London-HQ,Controller-Pro,6.0,2991.730465481297
POS_04237,2024-08-22,Paris-South,4K-Camera,3.0,2857.1858243228326
POS_04238,2024-09-01,Tokyo-Central,Landing-Gear,6.0,2288.0019929837654
POS_04239,2024-09-03,London-HQ,Landing-Gear,9.0,1636.6253500023356
POS_04240,2024-12-27,Berlin-West,Falcon-Drone,8.0,2455.5211997612364
POS_04241,2024-11-06,London-HQ,Lithium-Cell,2.0,791.3188576201746
POS_04242,2024-11-09,Tokyo-Central,Landing-Gear,2.0,2406.8636364551917
POS_04243,2024-11-13,Paris-South,4K-Camera,2.0,1012.8260936382869
POS_04244,2024-08-18,Tokyo-Central,Signal-Booster,6.0,1618.2366628694951
POS_04245,2024-11-22,Berlin-West,Landing-Gear,1.0,902.7808845818929
POS_04246,2024-12-23,Tokyo-Central,Signal-Booster,9.0,893.4435130994469
POS_04247,2024-07-02,London-HQ,Falcon-Drone,7.0,2718.7283429016784
POS_04248,2024-08-04,Tokyo-Central,Falcon-Drone,9.0,1275.8997736059491
POS_04249,2024-07-24,NYC-East,Signal-Booster,8.0,1301.8971419236243
POS_04250,2024-11-02,NYC-East,Landing-Gear,7.0,2449.1105829211842
POS_04251,2024-09-01,NYC-East,Controller-Pro,8.0,648.2029838205201
POS_04252,2024-11-10,Tokyo-Central,4K-Camera,1.0,2667.3785208766312
POS_04253,2024-12-01,Tokyo-Central,4K-Camera,6.0,2359.3189098792345
POS_04254,2024-08-12,Tokyo-Central,Controller-Pro,,2278.4197086147474
POS_04255,2024-12-16,Tokyo-Central,Controller-Pro,8.0,393.23657607110283
POS_04256,2024-09-13,NYC-East,Signal-Booster,8.0,124.94569095058557
POS_04257,2024-08-27,Tokyo-Central,4K-Camera,2.0,2246.2058037275574
POS_04258,2024-07-01,Berlin-West,4K-Camera,9.0,2993.107869627448
POS_04259,2024-07-25,Paris-South,Landing-Gear,5.0,2087.9464076904223
POS_04260,2024-07-12,London-HQ,Controller-Pro,2.0,676.7400155516498
POS_04261,2024-08-06,Berlin-West,Controller-Pro,6.0,2635.6672683404336
POS_04262,2024-11-24,Paris-South,4K-Camera,6.0,1304.012549984066
POS_04263,2024-11-27,Paris-South,Landing-Gear,3.0,1628.8543991539725
POS_04264,2024-07-29,NYC-East,Falcon-Drone,5.0,1724.9290599096987
POS_04265,2024-12-26,Berlin-West,Landing-Gear,7.0,2904.199988693425
POS_04266,2024-08-09,Tokyo-Central,Signal-Booster,9.0,1123.3958910230178
POS_04267,2024-09-08,Berlin-West,Landing-Gear,8.0,1572.7179936850728
POS_04268,2024-10-29,NYC-East,4K-Camera,6.0,229.15777293327517
POS_04269,2024-11-13,Paris-South,Lithium-Cell,1.0,2897.495659381076
POS_04270,2024-10-13,Paris-South,Controller-Pro,8.0,845.4536372845516
POS_04271,2024-12-07,Paris-South,4K-Camera,8.0,748.8481755935048
POS_04272,2024-07-25,London-HQ,4K-Camera,7.0,777.8872241314224
POS_04273,2024-11-07,Berlin-West,Landing-Gear,3.0,683.9414922847407
POS_04274,2024-08-02,NYC-East,Falcon-Drone,8.0,1020.6089193614002
POS_04275,2024-10-24,Tokyo-Central,Lithium-Cell,8.0,311.47236662284024
POS_04276,2024-10-01,London-HQ,Falcon-Drone,3.0,2766.9589442805977
POS_04277,2024-09-19,Tokyo-Central,Landing-Gear,6.0,338.12408639221525
POS_04278,2024-10-20,Berlin-West,Lithium-Cell,1.0,1475.574063994391
POS_04279,2024-10-31,Paris-South,Landing-Gear,7.0,1156.7862534653511
POS_04280,2024-11-25,Tokyo-Central,Falcon-Drone,3.0,84.38982109030746
POS_04281,2024-11-26,Paris-South,Controller-Pro,4.0,945.7515570254648
POS_04282,2024-08-05,Paris-South,Controller-Pro,9.0,2618.1927085001826
POS_04283,2024-11-14,Paris-South,4K-Camera,7.0,1894.7460134879022
POS_04284,2024-12-26,Tokyo-Central,Lithium-Cell,1.0,1849.3711446923435
POS_04285,2024-09-06,NYC-East,Controller-Pro,8.0,-99.40525681005383
POS_04286,2024-07-06,Paris-South,Lithium-Cell,4.0,2911.5655685554257
POS_04287,2024-11-20,Paris-South,4K-Camera,2.0,1484.3472412016645
POS_04288,2024-12-24,Paris-South,Falcon-Drone,2.0,947.6960878372788
POS_04289,2024-08-01,NYC-East,Controller-Pro,4.0,1050.0885175316448
POS_04290,2024-10-27,NYC-East,Lithium-Cell,5.0,436.21351841807314
POS_04291,2024-12-05,Paris-South,Falcon-Drone,6.0,2925.5084062568076
POS_04292,2024-07-27,Paris-South,Signal-Booster,4.0,-10.202967548182784
POS_04293,2024-09-21,Tokyo-Central,Falcon-Drone,,1951.494389854945
POS_04294,2024-08-13,Tokyo-Central,Landing-Gear,1.0,21.436934349744377
POS_04295,2024-12-20,Berlin-West,Lithium-Cell,1.0,1773.9620047893686
POS_04296,2024-11-24,London-HQ,Landing-Gear,1.0,423.19425777615584
POS_04297,2024-10-05,London-HQ,Falcon-Drone,7.0,1475.3850577897385
POS_04298,2024-09-13,London-HQ,Controller-Pro,1.0,316.9162609585062
POS_04299,2024-11-10,Tokyo-Central,Landing-Gear,6.0,-0.03545479392231243
POS_04300,2024-11-25,London-HQ,Controller-Pro,6.0,1959.0216074375676
POS_04301,2024-07-18,Berlin-West,Lithium-Cell,3.0,1809.313116537368
POS_04302,2024-11-01,Berlin-West,Controller-Pro,7.0,736.3111189792836
POS_04303,2024-09-09,Tokyo-Central,Controller-Pro,9.0,940.587877356935
POS_04304,2024-12-18,London-HQ,Landing-Gear,3.0,759.6357658099461
POS_04305,2024-07-02,Tokyo-Central,Landing-Gear,7.0,2632.505808428326
POS_04306,2024-08-19,Berlin-West,Landing-Gear,8.0,263.4195240839874
POS_04307,2024-10-08,Paris-South,Controller-Pro,4.0,666.9835272409214
POS_04308,2024-12-02,Berlin-West,4K-Camera,5.0,2245.324170637027
POS_04309,2024-11-14,Berlin-West,Controller-Pro,8.0,2217.8731988201494
POS_04310,2024-10-25,London-HQ,Landing-Gear,2.0,687.7522867289285
POS_04311,2024-11-30,London-HQ,Lithium-Cell,9.0,1540.7144190911042
POS_04312,2024-11-22,NYC-East,Landing-Gear,5.0,1840.6551178962281
POS_04313,2024-10-03,NYC-East,Signal-Booster,7.0,2155.5970237217057
POS_04314,2024-12-19,Tokyo-Central,Falcon-Drone,8.0,1038.1641796796766
POS_04315,2024-10-22,Berlin-West,Lithium-Cell,4.0,2821.3355711861327
POS_04316,2024-07-06,NYC-East,Signal-Booster,5.0,1198.2272089891064
POS_04317,2024-08-28,Berlin-West,Controller-Pro,1.0,119.4396759881306
POS_04318,2024-09-05,Berlin-West,Controller-Pro,9.0,118.5980104175465
POS_04319,2024-08-19,NYC-East,Falcon-Drone,1.0,951.292357857925
POS_04320,2024-10-12,Berlin-West,Controller-Pro,5.0,979.8701510558003
POS_04321,2024-10-30,Berlin-West,4K-Camera,4.0,2156.855045414676
POS_04322,2024-12-11,Berlin-West,Falcon-Drone,8.0,2213.261060293311
POS_04323,2024-07-11,NYC-East,Landing-Gear,,2666.350859459777
POS_04324,2024-07-14,Paris-South,Lithium-Cell,5.0,1727.9652199307297
POS_04325,2024-10-29,Berlin-West,Controller-Pro,2.0,2711.8310400979676
POS_04326,2024-11-18,NYC-East,4K-Camera,9.0,2122.8837016014236
POS_04327,2024-07-23,Paris-South,Falcon-Drone,7.0,1523.9244504300098
POS_04328,2024-07-14,Tokyo-Central,Falcon-Drone,9.0,2610.368191731383
POS_04329,2024-08-27,NYC-East,Falcon-Drone,1.0,680.3852179121632
POS_04330,2024-08-09,Paris-South,Lithium-Cell,4.0,1034.733205973079
POS_04331,2024-11-16,London-HQ,Falcon-Drone,4.0,484.7602471518105
POS_04332,2024-07-05,Berlin-West,Landing-Gear,2.0,2665.9180129308925
POS_04333,2024-11-28,Tokyo-Central,Signal-Booster,3.0,2792.0705874773553
POS_04334,2024-09-25,NYC-East,Controller-Pro,8.0,1610.2923971554435
POS_04335,2024-11-17,Berlin-West,Landing-Gear,1.0,1019.4319722816724
POS_04336,2024-11-03,Paris-South,Landing-Gear,2.0,1089.5901707036458
POS_04337,2024-10-30,Tokyo-Central,Controller-Pro,,2526.5403153628067
POS_04338,2024-12-15,Paris-South,Lithium-Cell,3.0,1852.5384851138115
POS_04339,2024-08-22,Paris-South,Landing-Gear,3.0,-48.899528650379885
POS_04340,2024-08-23,Tokyo-Central,Landing-Gear,7.0,2369.2202543490594
POS_04341,2024-09-02,Tokyo-Central,Lithium-Cell,2.0,1672.8502838166755
POS_04342,2024-12-02,NYC-East,Signal-Booster,7.0,243.5132202341128
POS_04343,2024-08-24,NYC-East,Signal-Booster,6.0,2761.77117015722
POS_04344,2024-12-07,Tokyo-Central,Controller-Pro,6.0,1573.4423988614449
POS_04345,2024-09-10,London-HQ,Signal-Booster,6.0,1988.0624576708728
POS_04346,2024-08-09,Paris-South,4K-Camera,4.0,1858.7845631301252
POS_04347,2024-09-09,Tokyo-Central,Controller-Pro,,2488.116088257886
POS_04348,2024-07-07,Berlin-West,Controller-Pro,1.0,2155.740058502074
POS_04349,2024-07-13,Berlin-West,Landing-Gear,7.0,2849.617191409319
POS_04350,2024-11-21,Berlin-West,4K-Camera,4.0,1504.1122568770816
POS_04351,2024-07-16,London-HQ,Signal-Booster,6.0,1867.4467258374962
POS_04352,2024-08-24,NYC-East,Controller-Pro,7.0,2866.924577927161
POS_04353,2024-09-30,Tokyo-Central,Landing-Gear,7.0,1222.7988996540173
POS_04354,2024-12-18,Paris-South,Controller-Pro,4.0,2206.0226752002154
POS_04355,2024-10-31,Tokyo-Central,4K-Camera,6.0,1713.2111386619285
POS_04356,2024-07-05,Paris-South,Controller-Pro,7.0,38.42750002419271
POS_04357,2024-10-01,Berlin-West,Landing-Gear,6.0,1093.652261342088
POS_04358,2024-08-28,Tokyo-Central,Lithium-Cell,7.0,392.7220466301866
POS_04359,2024-12-23,London-HQ,Controller-Pro,7.0,2067.4539032219786
POS_04360,2024-11-12,Tokyo-Central,Signal-Booster,1.0,880.9882168438619
POS_04361,2024-09-20,Paris-South,Signal-Booster,1.0,2595.068939297104
POS_04362,2024-08-05,London-HQ,Controller-Pro,8.0,310.62625713084367
POS_04363,2024-07-27,Berlin-West,Controller-Pro,5.0,1966.879226118504
POS_04364,2024-09-29,London-HQ,Falcon-Drone,5.0,2697.535813392088
POS_04365,2024-11-26,Tokyo-Central,Lithium-Cell,1.0,516.5224018669276
POS_04366,2024-11-29,Paris-South,Lithium-Cell,3.0,267.7743995619525
POS_04367,2024-11-04,Paris-South,4K-Camera,7.0,702.3490921553483
POS_04368,2024-10-31,Tokyo-Central,Landing-Gear,1.0,2405.8203782792666
POS_04369,2024-12-10,Tokyo-Central,Falcon-Drone,4.0,819.8572086625009
POS_04370,2024-10-22,Paris-South,Controller-Pro,5.0,177.83333418609698
POS_04371,2024-10-01,London-HQ,Controller-Pro,6.0,397.2457180176511
POS_04372,2024-11-13,NYC-East,Signal-Booster,7.0,1509.2717210723558
POS_04373,2024-11-26,Tokyo-Central,Landing-Gear,,1009.5159192041615
POS_04374,2024-07-21,Paris-South,Lithium-Cell,8.0,954.7156325216272
POS_04375,2024-09-20,London-HQ,Lithium-Cell,,2142.9776979193
POS_04376,2024-09-17,London-HQ,4K-Camera,8.0,1342.0767837415751
POS_04377,2024-12-04,Paris-South,Signal-Booster,4.0,503.2008610040024
POS_04378,2024-07-19,Berlin-West,Controller-Pro,3.0,1164.866161404039
POS_04379,2024-11-10,Paris-South,4K-Camera,5.0,2806.4046867850348
POS_04380,2024-09-19,NYC-East,Lithium-Cell,7.0,93.79881783279879
POS_04381,2024-08-08,Berlin-West,Lithium-Cell,7.0,2314.9417230298086
POS_04382,2024-08-29,London-HQ,Lithium-Cell,6.0,342.0002664732116
POS_04383,2024-10-31,Paris-South,Landing-Gear,7.0,1136.9970876052346
POS_04384,2024-12-03,Berlin-West,Landing-Gear,9.0,1704.027414760462
POS_04385,2024-08-16,London-HQ,Landing-Gear,8.0,52.12996860175366
POS_04386,2024-07-03,Tokyo-Central,4K-Camera,2.0,2124.576080963653
POS_04387,2024-09-18,Berlin-West,Signal-Booster,1.0,163.1731040744246
POS_04388,2024-11-20,NYC-East,Landing-Gear,9.0,499.73518941029977
POS_04389,2024-07-21,Berlin-West,Lithium-Cell,1.0,240.36254185630798
POS_04390,2024-07-11,NYC-East,Controller-Pro,5.0,431.4063009682808
POS_04391,2024-09-29,NYC-East,Signal-Booster,9.0,2284.291947668412
POS_04392,2024-07-31,NYC-East,Controller-Pro,2.0,2912.4670171637645
POS_04393,2024-09-04,NYC-East,Lithium-Cell,2.0,2379.429056478916
POS_04394,2024-09-19,Berlin-West,Landing-Gear,6.0,442.3015722669186
POS_04395,2024-11-07,Berlin-West,4K-Camera,2.0,2318.7406253174267
POS_04396,2024-11-02,Paris-South,Falcon-Drone,7.0,233.8778598195625
POS_04397,2024-09-24,Paris-South,Landing-Gear,5.0,1677.2863800855762
POS_04398,2024-11-14,Paris-South,Landing-Gear,8.0,116.33274520847414
POS_04399,2024-08-22,Tokyo-Central,Landing-Gear,3.0,1969.497700672478
POS_04400,2024-07-15,Tokyo-Central,Landing-Gear,6.0,2361.41801560139
POS_04401,2024-09-19,Paris-South,Landing-Gear,8.0,245.03692091586146
POS_04402,2024-11-07,London-HQ,Signal-Booster,4.0,1121.0236124358626
POS_04403,2024-09-10,NYC-East,Controller-Pro,2.0,2546.9226193238987
POS_04404,2024-11-21,Paris-South,Controller-Pro,5.0,2799.467863749651
POS_04405,2024-08-26,London-HQ,Signal-Booster,3.0,2272.64854697435
POS_04406,2024-09-30,Paris-South,Lithium-Cell,8.0,211.73441804724166
POS_04407,2024-12-08,NYC-East,Landing-Gear,9.0,2695.6757723320934
POS_04408,2024-11-13,London-HQ,Signal-Booster,2.0,921.3998101487136
POS_04409,2024-08-18,Paris-South,4K-Camera,8.0,1226.6158470179848
POS_04410,2024-09-11,NYC-East,Controller-Pro,1.0,1423.047374566254
POS_04411,2024-09-23,London-HQ,Falcon-Drone,3.0,67.40680432908053
POS_04412,2024-12-19,Paris-South,Signal-Booster,4.0,253.65560507397504
POS_04413,2024-10-23,Berlin-West,Lithium-Cell,6.0,2287.5007157973614
POS_04414,2024-09-28,NYC-East,Landing-Gear,3.0,1000.2549045133437
POS_04415,2024-10-20,Tokyo-Central,Falcon-Drone,2.0,1160.212603937295
POS_04416,2024-10-26,Paris-South,Signal-Booster,1.0,399.35881296716343
POS_04417,2024-12-20,NYC-East,Controller-Pro,4.0,288.97810740824707
POS_04418,2024-07-23,Paris-South,Landing-Gear,7.0,2760.353175364985
POS_04419,2024-10-05,NYC-East,Controller-Pro,6.0,1875.7224545264617
POS_04420,2024-07-06,London-HQ,Lithium-Cell,3.0,2529.1582088634077
POS_04421,2024-07-04,Berlin-West,4K-Camera,8.0,807.3046434054222
POS_04422,2024-12-02,Paris-South,Lithium-Cell,4.0,2416.116458030525
POS_04423,2024-12-05,Berlin-West,Lithium-Cell,6.0,1555.4432322170696
POS_04424,2024-11-25,NYC-East,Lithium-Cell,5.0,1300.0644292757095
POS_04425,2024-10-21,Berlin-West,4K-Camera,7.0,1340.0366325039954
POS_04426,2024-09-07,NYC-East,Controller-Pro,8.0,1267.6993983749326
POS_04427,2024-11-20,Paris-South,Falcon-Drone,5.0,2786.091700986374
POS_04428,2024-08-10,London-HQ,Falcon-Drone,3.0,855.863986188555
POS_04429,2024-10-07,Berlin-West,Landing-Gear,5.0,939.9860801775312
POS_04430,2024-12-24,Tokyo-Central,Controller-Pro,1.0,1530.7195797262098
POS_04431,2024-09-29,London-HQ,Falcon-Drone,7.0,2462.080459312834
POS_04432,2024-07-22,Berlin-West,4K-Camera,1.0,1834.3937991124149
POS_04433,2024-11-01,Tokyo-Central,4K-Camera,,1311.6286011115237
POS_04434,2024-07-16,NYC-East,Signal-Booster,1.0,802.6967633456304
POS_04435,2024-12-18,Tokyo-Central,Signal-Booster,2.0,1208.6304640912726
POS_04436,2024-10-13,Tokyo-Central,Landing-Gear,6.0,1704.0405277285902
POS_04437,2024-12-08,NYC-East,Controller-Pro,8.0,2448.749825107537
POS_04438,2024-12-14,London-HQ,Controller-Pro,9.0,-64.75513638356024
POS_04439,2024-08-21,NYC-East,4K-Camera,4.0,1288.984687492932
POS_04440,2024-10-17,NYC-East,Signal-Booster,4.0,1909.8874576627302
POS_04441,2024-11-06,Paris-South,4K-Camera,6.0,1731.1970133915436
POS_04442,2024-11-30,London-HQ,Signal-Booster,7.0,2700.792590598253
POS_04443,2024-07-10,Paris-South,Landing-Gear,6.0,1910.1833441644515
POS_04444,2024-12-07,Tokyo-Central,Falcon-Drone,4.0,2785.654891755558
POS_04445,2024-08-16,Berlin-West,Signal-Booster,8.0,752.1634276741662
POS_04446,2024-09-23,London-HQ,Controller-Pro,3.0,1311.6205656982254
POS_04447,2024-07-11,NYC-East,Signal-Booster,6.0,2845.0965292242586
POS_04448,2024-10-22,Paris-South,Controller-Pro,4.0,2007.6279202239807
POS_04449,2024-10-03,London-HQ,Falcon-Drone,3.0,814.7774950965128
POS_04450,2024-07-06,London-HQ,Signal-Booster,4.0,1646.600192773534
POS_04451,2024-12-18,London-HQ,Lithium-Cell,7.0,259.75044052148326
POS_04452,2024-07-13,NYC-East,Lithium-Cell,2.0,628.8547398881769
POS_04453,2024-10-24,Berlin-West,Signal-Booster,,2005.413810275763
POS_04454,2024-09-04,Paris-South,Landing-Gear,2.0,465.2879743978027
POS_04455,2024-10-29,London-HQ,Landing-Gear,,2820.894391009634
POS_04456,2024-07-29,NYC-East,Landing-Gear,6.0,872.3022571285496
POS_04457,2024-08-17,Paris-South,4K-Camera,2.0,1398.9840469255014
POS_04458,2024-08-05,Tokyo-Central,Landing-Gear,7.0,1130.3783893343693
POS_04459,2024-08-16,Tokyo-Central,Landing-Gear,4.0,74.11069574871837
POS_04460,2024-07-01,NYC-East,Landing-Gear,6.0,2233.4800430324535
POS_04461,2024-11-25,Tokyo-Central,Lithium-Cell,2.0,2767.0798805042814
POS_04462,2024-08-05,Berlin-West,Falcon-Drone,3.0,250.90593971311927
POS_04463,2024-08-22,Tokyo-Central,Falcon-Drone,3.0,1308.8954401797491
POS_04464,2024-12-21,London-HQ,Controller-Pro,6.0,1506.3534474186256
POS_04465,2024-09-05,London-HQ,Falcon-Drone,7.0,2020.472523093743
POS_04466,2024-11-06,Paris-South,Lithium-Cell,6.0,1591.515215059589
POS_04467,2024-10-24,NYC-East,Lithium-Cell,6.0,2886.849713521639
POS_04468,2024-08-20,Berlin-West,Lithium-Cell,3.0,1378.0358640944562
POS_04469,2024-07-09,Tokyo-Central,4K-Camera,9.0,2948.9433467324043
POS_04470,2024-11-03,Paris-South,Signal-Booster,,2251.337224166681
POS_04471,2024-07-04,London-HQ,Lithium-Cell,4.0,1172.7725037794469
POS_04472,2024-08-28,Berlin-West,Signal-Booster,7.0,2306.7957121226736
POS_04473,2024-12-15,Paris-South,Lithium-Cell,6.0,2428.170143692144
POS_04474,2024-10-25,London-HQ,Lithium-Cell,1.0,1057.9164869727895
POS_04475,2024-12-06,Tokyo-Central,4K-Camera,3.0,933.8387209764808
POS_04476,2024-08-09,Tokyo-Central,Signal-Booster,9.0,2517.190663730266
POS_04477,2024-08-16,London-HQ,Falcon-Drone,8.0,485.9388408592282
POS_04478,2024-10-15,Berlin-West,4K-Camera,9.0,2984.792853767
POS_04479,2024-12-24,NYC-East,Controller-Pro,2.0,-40.523854781945076
POS_04480,2024-07-16,Tokyo-Central,Falcon-Drone,7.0,798.6329312146142
POS_04481,2024-08-22,Tokyo-Central,Controller-Pro,4.0,107.5163710181209
POS_04482,2024-10-10,Paris-South,Falcon-Drone,6.0,1475.3686432015356
POS_04483,2024-10-06,NYC-East,4K-Camera,1.0,2920.4169966322092
POS_04484,2024-11-29,London-HQ,Controller-Pro,1.0,992.4593007824744
POS_04485,2024-08-23,NYC-East,Lithium-Cell,8.0,132.71652449251516
POS_04486,2024-09-07,London-HQ,4K-Camera,5.0,1763.0029944570094
POS_04487,2024-08-28,Paris-South,Signal-Booster,8.0,1053.6824674900117
POS_04488,2024-11-14,NYC-East,Lithium-Cell,4.0,2587.817327302597
POS_04489,2024-07-20,Paris-South,Controller-Pro,1.0,135.8787947951371
POS_04490,2024-08-23,Paris-South,Falcon-Drone,5.0,1489.7776029220418
POS_04491,2024-10-08,NYC-East,Signal-Booster,8.0,2489.352603606844
POS_04492,2024-11-04,London-HQ,Falcon-Drone,9.0,1915.9618551004166
POS_04493,2024-07-08,Berlin-West,Lithium-Cell,3.0,2235.0798713643653
POS_04494,2024-12-17,NYC-East,Controller-Pro,7.0,1706.2767828764859
POS_04495,2024-11-27,Tokyo-Central,Controller-Pro,5.0,2385.0007453348676
POS_04496,2024-11-27,NYC-East,Lithium-Cell,5.0,2601.2937571929397
POS_04497,2024-10-15,Tokyo-Central,Lithium-Cell,9.0,563.9834663769508
POS_04498,2024-08-19,London-HQ,Lithium-Cell,4.0,2841.451037057267
POS_04499,2024-09-05,Paris-South,Signal-Booster,4.0,2741.570965383014
POS_04500,2024-11-15,Paris-South,Landing-Gear,7.0,2566.7428946572127
POS_04501,2024-09-27,Tokyo-Central,4K-Camera,6.0,750.2224686466366
POS_04502,2024-11-24,Berlin-West,Falcon-Drone,8.0,2848.6678115237064
POS_04503,2024-11-02,Berlin-West,Signal-Booster,2.0,1750.7458048560075
POS_04504,2024-07-08,Berlin-West,Signal-Booster,5.0,881.9214901569042
POS_04505,2024-09-04,Tokyo-Central,Signal-Booster,3.0,2484.695168013918
POS_04506,2024-08-05,Tokyo-Central,Controller-Pro,6.0,1061.929679957635
POS_04507,2024-10-13,London-HQ,Signal-Booster,5.0,2634.036953415827
POS_04508,2024-11-25,Tokyo-Central,4K-Camera,6.0,2365.8900711314786
POS_04509,2024-07-23,Tokyo-Central,4K-Camera,8.0,675.4904513224601
POS_04510,2024-11-11,NYC-East,Controller-Pro,3.0,1677.7598237581428
POS_04511,2024-11-19,NYC-East,Controller-Pro,5.0,268.9553250134392
POS_04512,2024-08-21,Tokyo-Central,Signal-Booster,1.0,584.1597272126949
POS_04513,2024-10-23,Paris-South,Lithium-Cell,9.0,2992.10130233435
POS_04514,2024-10-24,Berlin-West,4K-Camera,4.0,123.42729871947287
POS_04515,2024-11-07,London-HQ,Signal-Booster,8.0,2273.116707982849
POS_04516,2024-07-07,London-HQ,Falcon-Drone,7.0,1937.6750367330458
POS_04517,2024-10-19,NYC-East,Signal-Booster,8.0,748.2022595298864
POS_04518,2024-08-26,Tokyo-Central,Lithium-Cell,8.0,2046.7080820329493
POS_04519,2024-08-08,Berlin-West,Lithium-Cell,6.0,930.8419361962574
POS_04520,2024-11-21,Tokyo-Central,Signal-Booster,2.0,1288.5724753986592
POS_04521,2024-11-28,Paris-South,Falcon-Drone,8.0,2342.1185402105793
POS_04522,2024-09-07,Berlin-West,Signal-Booster,1.0,2540.504767996584
POS_04523,2024-10-25,Berlin-West,Falcon-Drone,1.0,591.8901696734799
POS_04524,2024-08-24,Tokyo-Central,Lithium-Cell,7.0,940.2915076998688
POS_04525,2024-11-08,Paris-South,Signal-Booster,2.0,2803.1566448774433
POS_04526,2024-11-11,London-HQ,4K-Camera,2.0,883.0725685095617
POS_04527,2024-10-25,Tokyo-Central,Controller-Pro,4.0,673.8886428670263
POS_04528,2024-07-16,Paris-South,Controller-Pro,9.0,2547.6837269855955
POS_04529,2024-08-09,Tokyo-Central,Controller-Pro,7.0,2538.558144301866
POS_04530,2024-10-23,Paris-South,Controller-Pro,7.0,-39.51699140763512
POS_04531,2024-09-30,Paris-South,Controller-Pro,1.0,500.746034720417
POS_04532,2024-07-07,Berlin-West,Signal-Booster,6.0,951.0814745827718
POS_04533,2024-08-01,Paris-South,Lithium-Cell,5.0,1327.852821513341
POS_04534,2024-12-14,Tokyo-Central,Landing-Gear,8.0,157.8615723957633
POS_04535,2024-08-10,London-HQ,Falcon-Drone,3.0,2195.5452642950067
POS_04536,2024-07-13,Berlin-West,Landing-Gear,6.0,1231.870439999164
POS_04537,2024-07-07,Berlin-West,Lithium-Cell,2.0,1606.3167350587657
POS_04538,2024-07-10,London-HQ,Controller-Pro,1.0,-85.60083450434198
POS_04539,2024-07-01,NYC-East,Signal-Booster,1.0,2724.7785488872564
POS_04540,2024-10-18,NYC-East,Lithium-Cell,1.0,2405.0999536056647
POS_04541,2024-10-27,Berlin-West,4K-Camera,4.0,2104.1425003219915
POS_04542,2024-07-02,Paris-South,Signal-Booster,8.0,1390.0202821294615
POS_04543,2024-08-10,Tokyo-Central,4K-Camera,3.0,1465.5159843100425
POS_04544,2024-09-09,Berlin-West,Landing-Gear,,370.99783577736275
POS_04545,2024-07-06,Berlin-West,Signal-Booster,2.0,139.581943811368
POS_04546,2024-09-19,NYC-East,Signal-Booster,1.0,2426.4405076431954
POS_04547,2024-08-30,Berlin-West,Lithium-Cell,,2543.4527308595975
POS_04548,2024-12-10,London-HQ,Lithium-Cell,4.0,1103.9754183512068
POS_04549,2024-07-05,London-HQ,Controller-Pro,9.0,191.3730467959884
POS_04550,2024-12-08,Tokyo-Central,Signal-Booster,1.0,2466.453625832278
POS_04551,2024-07-27,NYC-East,Landing-Gear,4.0,2656.6640637274368
POS_04552,2024-09-18,Berlin-West,Landing-Gear,6.0,2821.7193816617983
POS_04553,2024-08-20,London-HQ,Falcon-Drone,1.0,1981.6296204687046
POS_04554,2024-12-21,Tokyo-Central,4K-Camera,7.0,1117.2086335676931
POS_04555,2024-08-02,Tokyo-Central,4K-Camera,6.0,1709.204757696107
POS_04556,2024-09-26,Berlin-West,Landing-Gear,3.0,953.3904197291697
POS_04557,2024-11-23,Tokyo-Central,Lithium-Cell,5.0,2838.0331499775752
POS_04558,2024-09-15,NYC-East,4K-Camera,3.0,327.1047014602412
POS_04559,2024-08-16,Paris-South,4K-Camera,3.0,2431.635214593785
POS_04560,2024-07-15,Berlin-West,Falcon-Drone,3.0,868.5553366282464
POS_04561,2024-11-29,London-HQ,Signal-Booster,8.0,1660.0594387271465
POS_04562,2024-09-18,Berlin-West,Signal-Booster,4.0,1121.3710535639893
POS_04563,2024-09-20,Berlin-West,Signal-Booster,6.0,2343.1417926474
POS_04564,2024-08-18,Berlin-West,Lithium-Cell,6.0,2254.6488001873586
POS_04565,2024-10-08,NYC-East,4K-Camera,,788.5576703430146
POS_04566,2024-09-06,Paris-South,Falcon-Drone,5.0,1734.8641153425656
POS_04567,2024-09-12,Paris-South,4K-Camera,8.0,1273.9353961215463
POS_04568,2024-09-22,London-HQ,Signal-Booster,5.0,811.3145606641575
POS_04569,2024-10-06,Tokyo-Central,Signal-Booster,8.0,-55.44310342980147
POS_04570,2024-11-21,Tokyo-Central,4K-Camera,1.0,2502.315862388934
POS_04571,2024-12-07,London-HQ,Signal-Booster,5.0,2188.9347787536553
POS_04572,2024-10-24,Berlin-West,Landing-Gear,5.0,441.02279738807897
POS_04573,2024-10-06,NYC-East,4K-Camera,5.0,1642.203690771778
POS_04574,2024-12-04,Paris-South,Controller-Pro,1.0,693.2619959111073
POS_04575,2024-11-28,Berlin-West,Controller-Pro,5.0,2105.7041072221646
POS_04576,2024-10-01,Paris-South,Landing-Gear,4.0,1954.1066360677
POS_04577,2024-10-12,Berlin-West,4K-Camera,4.0,-98.0522853342934
POS_04578,2024-09-28,Tokyo-Central,Lithium-Cell,1.0,2772.3183715743708
POS_04579,2024-10-19,Tokyo-Central,Lithium-Cell,6.0,1710.0486570072928
POS_04580,2024-11-30,Tokyo-Central,Controller-Pro,7.0,1218.8255082968565
POS_04581,2024-07-20,NYC-East,4K-Camera,9.0,947.4805662596668
POS_04582,2024-11-23,Tokyo-Central,Landing-Gear,1.0,1153.4291309647217
POS_04583,2024-08-02,Paris-South,Landing-Gear,3.0,1066.9721978728455
POS_04584,2024-07-20,London-HQ,Falcon-Drone,3.0,2646.2218453195496
POS_04585,2024-07-10,Berlin-West,Signal-Booster,4.0,2238.050914225553
POS_04586,2024-12-19,Tokyo-Central,Landing-Gear,,238.07748587220084
POS_04587,2024-09-15,London-HQ,4K-Camera,7.0,1261.8861454671357
POS_04588,2024-09-13,NYC-East,4K-Camera,3.0,-67.15923851889158
POS_04589,2024-12-05,London-HQ,Controller-Pro,5.0,715.2070196343573
POS_04590,2024-09-21,Berlin-West,Landing-Gear,6.0,-85.45101557663266
POS_04591,2024-10-04,Paris-South,Lithium-Cell,3.0,2318.5801501714823
POS_04592,2024-08-13,Berlin-West,Signal-Booster,9.0,1537.4081115464676
POS_04593,2024-12-16,Tokyo-Central,Lithium-Cell,4.0,202.44989265091334
POS_04594,2024-10-27,London-HQ,Landing-Gear,3.0,2937.0656131091782
POS_04595,2024-10-16,Tokyo-Central,Lithium-Cell,4.0,2573.3421108439184
POS_04596,2024-11-28,Tokyo-Central,Controller-Pro,1.0,2874.4499149787143
POS_04597,2024-07-24,NYC-East,Lithium-Cell,4.0,1695.1247802498315
POS_04598,2024-07-09,Tokyo-Central,Signal-Booster,8.0,445.65246564706115
POS_04599,2024-12-26,Paris-South,Signal-Booster,4.0,1406.078970930916
POS_04600,2024-10-29,Berlin-West,Falcon-Drone,7.0,1882.0160765692679
POS_04601,2024-11-12,Berlin-West,Signal-Booster,7.0,2363.537755396526
POS_04602,2024-11-07,Tokyo-Central,Lithium-Cell,3.0,2896.6005981380117
POS_04603,2024-11-01,Berlin-West,Signal-Booster,5.0,1894.2495428011034
POS_04604,2024-07-14,NYC-East,Controller-Pro,9.0,2509.9520533081377
POS_04605,2024-08-03,Paris-South,Signal-Booster,4.0,2900.1238393263375
POS_04606,2024-11-17,Paris-South,Lithium-Cell,1.0,1639.9180356332297
POS_04607,2024-12-19,Berlin-West,4K-Camera,6.0,1424.3388116066635
POS_04608,2024-08-27,Tokyo-Central,Controller-Pro,2.0,2893.528192111239
POS_04609,2024-08-16,NYC-East,Lithium-Cell,4.0,88.59599590908468
POS_04610,2024-08-25,London-HQ,4K-Camera,8.0,733.2485991105975
POS_04611,2024-08-10,Berlin-West,Landing-Gear,7.0,443.63006312491643
POS_04612,2024-09-01,Paris-South,Lithium-Cell,,2045.8721761697943
POS_04613,2024-09-27,Tokyo-Central,Controller-Pro,6.0,2403.282384202544
POS_04614,2024-07-13,NYC-East,Falcon-Drone,3.0,1237.408905239399
POS_04615,2024-09-29,London-HQ,Landing-Gear,3.0,-1.036278363342106
POS_04616,2024-10-13,Tokyo-Central,Falcon-Drone,2.0,1319.3345565444308
POS_04617,2024-12-23,NYC-East,Falcon-Drone,2.0,1065.9976320240382
POS_04618,2024-08-27,Paris-South,4K-Camera,5.0,2258.8008997306456
POS_04619,2024-07-14,London-HQ,Controller-Pro,9.0,623.7349759122438
POS_04620,2024-12-15,NYC-East,Lithium-Cell,1.0,950.8213885669318
POS_04621,2024-08-05,Tokyo-Central,4K-Camera,9.0,2756.2562814233356
POS_04622,2024-08-11,London-HQ,Lithium-Cell,7.0,1113.1723435366193
POS_04623,2024-10-01,London-HQ,Falcon-Drone,2.0,254.44139318874244
POS_04624,2024-07-28,Paris-South,4K-Camera,,741.5209218190614
POS_04625,2024-09-23,Tokyo-Central,Falcon-Drone,4.0,2645.9774371270005
POS_04626,2024-11-14,Paris-South,Controller-Pro,5.0,2378.702358886955
POS_04627,2024-10-03,Paris-South,4K-Camera,2.0,2267.592385196271
POS_04628,2024-11-13,Paris-South,Lithium-Cell,2.0,146.6314456987593
POS_04629,2024-07-23,Paris-South,Falcon-Drone,2.0,1318.1352496762947
POS_04630,2024-09-04,Tokyo-Central,Controller-Pro,1.0,2760.673586977874
POS_04631,2024-11-13,Paris-South,Falcon-Drone,4.0,2622.9224191928106
POS_04632,2024-07-17,London-HQ,Signal-Booster,9.0,212.37026407988657
POS_04633,2024-09-12,Paris-South,Landing-Gear,3.0,-96.3198967518412
POS_04634,2024-11-03,NYC-East,Lithium-Cell,7.0,1245.3159477096503
POS_04635,2024-11-21,Berlin-West,Lithium-Cell,3.0,1395.563913712575
POS_04636,2024-11-20,London-HQ,Controller-Pro,3.0,868.5727667572436
POS_04637,2024-10-28,London-HQ,Lithium-Cell,6.0,925.6971957165242
POS_04638,2024-12-04,Tokyo-Central,Signal-Booster,6.0,547.4161535098434
POS_04639,2024-12-15,Tokyo-Central,Signal-Booster,7.0,410.93456356058874
POS_04640,2024-10-12,Tokyo-Central,Falcon-Drone,2.0,448.108644821692
POS_04641,2024-12-17,Paris-South,Signal-Booster,1.0,1485.1296972227387
POS_04642,2024-07-10,Tokyo-Central,Falcon-Drone,9.0,1406.5442913542963
POS_04643,2024-07-20,NYC-East,4K-Camera,5.0,110.17331323040116
POS_04644,2024-09-21,NYC-East,Falcon-Drone,3.0,2453.408388371088
POS_04645,2024-08-08,Paris-South,Landing-Gear,9.0,1220.6088802647882
POS_04646,2024-07-09,Berlin-West,Controller-Pro,,1533.0760655427182
POS_04647,2024-08-14,London-HQ,Controller-Pro,3.0,1588.9714640051607
POS_04648,2024-12-10,Paris-South,4K-Camera,1.0,1446.5663824571016
POS_04649,2024-09-24,Berlin-West,Controller-Pro,1.0,351.37551099344296
POS_04650,2024-09-19,Tokyo-Central,Controller-Pro,2.0,2224.9662547147154
POS_04651,2024-11-30,Berlin-West,Lithium-Cell,2.0,705.4254064793745
POS_04652,2024-12-22,London-HQ,Controller-Pro,9.0,2651.615953607941
POS_04653,2024-10-20,London-HQ,Lithium-Cell,1.0,1271.4799738941829
POS_04654,2024-09-18,Berlin-West,Lithium-Cell,8.0,703.6626562281582
POS_04655,2024-10-21,London-HQ,Landing-Gear,6.0,2880.3850154138045
POS_04656,2024-09-28,Berlin-West,Controller-Pro,5.0,1301.8896872792527
POS_04657,2024-07-29,Berlin-West,Falcon-Drone,2.0,2332.173353015358
POS_04658,2024-10-03,Tokyo-Central,Lithium-Cell,2.0,2593.0018444863767
POS_04659,2024-07-05,Tokyo-Central,Controller-Pro,7.0,2747.1922087805974
POS_04660,2024-08-17,NYC-East,4K-Camera,2.0,2289.0235729464343
POS_04661,2024-07-27,Tokyo-Central,Lithium-Cell,5.0,467.0661253241735
POS_04662,2024-10-26,Tokyo-Central,Signal-Booster,1.0,2980.0807037404466
POS_04663,2024-10-06,NYC-East,Falcon-Drone,7.0,173.23826139490689
POS_04664,2024-07-22,Paris-South,Lithium-Cell,9.0,2593.7298150257593
POS_04665,2024-08-19,Berlin-West,Lithium-Cell,7.0,1309.8210013167256
POS_04666,2024-12-09,NYC-East,Landing-Gear,1.0,1235.589154456118
POS_04667,2024-10-17,Berlin-West,Lithium-Cell,3.0,1338.7215694777403
POS_04668,2024-11-26,Berlin-West,Lithium-Cell,1.0,2510.3274826127736
POS_04669,2024-08-14,Berlin-West,Signal-Booster,3.0,1634.1994075836988
POS_04670,2024-12-25,Tokyo-Central,4K-Camera,9.0,2178.114206034979
POS_04671,2024-07-28,London-HQ,Controller-Pro,9.0,2118.563804562948
POS_04672,2024-10-25,NYC-East,Landing-Gear,5.0,2786.915418785778
POS_04673,2024-11-22,NYC-East,Landing-Gear,8.0,2520.561262308286
POS_04674,2024-09-15,Tokyo-Central,Falcon-Drone,9.0,868.8306137351291
POS_04675,2024-12-09,London-HQ,Falcon-Drone,5.0,2734.925968574667
POS_04676,2024-08-22,Paris-South,4K-Camera,9.0,115.57879374705709
POS_04677,2024-08-06,Tokyo-Central,Controller-Pro,1.0,1574.6325665146478
POS_04678,2024-07-20,Paris-South,Landing-Gear,5.0,2470.7299595883605
POS_04679,2024-11-01,Tokyo-Central,Controller-Pro,3.0,2165.4850081929653
POS_04680,2024-07-07,NYC-East,Signal-Booster,7.0,1894.0184921314935
POS_04681,2024-12-13,London-HQ,Controller-Pro,9.0,911.3556961348523
POS_04682,2024-07-30,Berlin-West,Lithium-Cell,3.0,62.7231046398102
POS_04683,2024-09-28,Berlin-West,Signal-Booster,1.0,2380.426628751151
POS_04684,2024-09-08,London-HQ,Landing-Gear,,2061.0468852098734
POS_04685,2024-11-21,Tokyo-Central,4K-Camera,8.0,805.3107893674389
POS_04686,2024-11-29,Tokyo-Central,4K-Camera,8.0,1795.1514048596316
POS_04687,2024-10-08,Paris-South,Landing-Gear,6.0,2109.8689005133465
POS_04688,2024-11-21,London-HQ,Signal-Booster,1.0,2985.809106252066
POS_04689,2024-08-12,NYC-East,4K-Camera,8.0,2644.875344417802
POS_04690,2024-12-02,Tokyo-Central,Falcon-Drone,7.0,1605.0290855056533
POS_04691,2024-08-08,London-HQ,Controller-Pro,7.0,2398.834458679073
POS_04692,2024-09-27,Berlin-West,Lithium-Cell,1.0,1218.8625841794815
POS_04693,2024-12-25,NYC-East,Signal-Booster,8.0,2070.075171449481
POS_04694,2024-11-30,Tokyo-Central,Lithium-Cell,7.0,2225.216388580971
POS_04695,2024-11-30,Paris-South,Signal-Booster,6.0,184.95094462361106
POS_04696,2024-07-16,London-HQ,4K-Camera,4.0,2663.0054309643488
POS_04697,2024-07-07,London-HQ,Signal-Booster,6.0,2571.3538103605424
POS_04698,2024-11-01,Berlin-West,4K-Camera,2.0,2079.589370811883
POS_04699,2024-11-19,London-HQ,Landing-Gear,7.0,2838.508512668386
POS_04700,2024-10-20,Paris-South,Signal-Booster,4.0,1565.3228132543572
POS_04701,2024-10-13,NYC-East,4K-Camera,3.0,2323.4282255254047
POS_04702,2024-12-16,London-HQ,Controller-Pro,5.0,853.7040436314936
POS_04703,2024-12-09,Paris-South,Falcon-Drone,5.0,2668.731104235288
POS_04704,2024-09-07,London-HQ,Signal-Booster,2.0,2998.6271826908437
POS_04705,2024-10-16,NYC-East,Landing-Gear,3.0,420.6423120875538
POS_04706,2024-12-17,NYC-East,Controller-Pro,5.0,895.1930994194192
POS_04707,2024-10-11,Berlin-West,Landing-Gear,2.0,2223.0704899828456
POS_04708,2024-09-16,Paris-South,Lithium-Cell,2.0,1957.9484640481464
POS_04709,2024-07-19,NYC-East,Landing-Gear,7.0,-35.98576050406909
POS_04710,2024-11-22,London-HQ,Landing-Gear,,2244.07381917087
POS_04711,2024-11-03,Paris-South,Lithium-Cell,4.0,1600.9999823618332
POS_04712,2024-10-19,Berlin-West,Falcon-Drone,,617.6239647818709
POS_04713,2024-12-11,Tokyo-Central,Controller-Pro,3.0,2490.9086997911095
POS_04714,2024-10-20,NYC-East,Controller-Pro,7.0,1820.9509366507868
POS_04715,2024-11-06,Paris-South,4K-Camera,2.0,2232.5627957290694
POS_04716,2024-07-13,Paris-South,Landing-Gear,5.0,2600.2765888799026
POS_04717,2024-10-02,Paris-South,Signal-Booster,1.0,1237.1866952954556
POS_04718,2024-09-12,NYC-East,Falcon-Drone,5.0,2408.2607497127046
POS_04719,2024-07-15,Berlin-West,Falcon-Drone,,2102.8508428971804
POS_04720,2024-09-27,Tokyo-Central,Falcon-Drone,6.0,2895.638266611055
POS_04721,2024-08-12,Paris-South,4K-Camera,8.0,294.38082478123624
POS_04722,2024-10-15,London-HQ,Landing-Gear,6.0,2460.401533588321
POS_04723,2024-07-18,Paris-South,Lithium-Cell,6.0,-52.53312345699766
POS_04724,2024-12-12,Tokyo-Central,Lithium-Cell,8.0,893.2534844720384
POS_04725,2024-09-22,Tokyo-Central,Lithium-Cell,3.0,2211.5511298859915
POS_04726,2024-11-27,Berlin-West,Controller-Pro,8.0,2952.9264761612712
POS_04727,2024-11-11,London-HQ,Controller-Pro,2.0,2232.849664147619
POS_04728,2024-09-19,Paris-South,Landing-Gear,4.0,1611.1745633718015
POS_04729,2024-12-08,Paris-South,Falcon-Drone,2.0,882.4302091315241
POS_04730,2024-12-19,London-HQ,Landing-Gear,9.0,2586.962756764149
POS_04731,2024-10-10,Tokyo-Central,Falcon-Drone,2.0,1572.2430486494047
POS_04732,2024-12-13,Paris-South,4K-Camera,6.0,1806.0238793517278
POS_04733,2024-08-20,London-HQ,Landing-Gear,6.0,704.4243551921935
POS_04734,2024-11-01,Tokyo-Central,Falcon-Drone,1.0,1878.7670113882757
POS_04735,2024-08-02,Berlin-West,Lithium-Cell,7.0,1759.890502064282
POS_04736,2024-11-05,NYC-East,Controller-Pro,8.0,2950.8269513718124
POS_04737,2024-10-11,Paris-South,Lithium-Cell,6.0,1630.270698047327
POS_04738,2024-08-28,Paris-South,Falcon-Drone,6.0,539.0456495560954
POS_04739,2024-09-27,Paris-South,Landing-Gear,1.0,351.70959535777354
POS_04740,2024-08-30,Paris-South,4K-Camera,5.0,2714.7467840165923
POS_04741,2024-10-26,Tokyo-Central,Falcon-Drone,3.0,336.31483101908145
POS_04742,2024-11-19,London-HQ,Falcon-Drone,3.0,1656.6050137797567
POS_04743,2024-09-15,Berlin-West,4K-Camera,6.0,1546.6337694202568
POS_04744,2024-08-19,Tokyo-Central,Signal-Booster,6.0,1175.7128030232236
POS_04745,2024-08-31,Paris-South,Landing-Gear,9.0,1542.221374072753
POS_04746,2024-08-27,Paris-South,4K-Camera,2.0,2636.366427389463
POS_04747,2024-07-04,NYC-East,Falcon-Drone,4.0,800.4227221907823
POS_04748,2024-07-13,Paris-South,Landing-Gear,2.0,603.3940983867279
POS_04749,2024-10-04,Berlin-West,Falcon-Drone,6.0,2555.38655648973
POS_04750,2024-09-16,Berlin-West,Landing-Gear,,531.9315090576514
POS_04751,2024-08-09,London-HQ,Signal-Booster,1.0,732.5440825475985
POS_04752,2024-09-23,Berlin-West,Landing-Gear,2.0,2726.524727759365
POS_04753,2024-08-07,NYC-East,Lithium-Cell,5.0,1245.5989779089798
POS_04754,2024-12-27,NYC-East,Controller-Pro,8.0,690.149560137641
POS_04755,2024-10-26,Tokyo-Central,Falcon-Drone,9.0,318.5467822581095
POS_04756,2024-11-01,London-HQ,Signal-Booster,6.0,1513.3356074579608
POS_04757,2024-09-03,Paris-South,Falcon-Drone,1.0,1480.2368506109494
POS_04758,2024-07-12,Tokyo-Central,Controller-Pro,3.0,1327.3908206776603
POS_04759,2024-08-31,Tokyo-Central,4K-Camera,3.0,592.5156437688337
POS_04760,2024-08-16,London-HQ,Controller-Pro,6.0,712.8574801702388
POS_04761,2024-09-13,Tokyo-Central,Landing-Gear,5.0,67.72718482330544
POS_04762,2024-10-18,Tokyo-Central,Controller-Pro,9.0,2734.9513466105323
POS_04763,2024-07-07,Berlin-West,Signal-Booster,5.0,511.03655378932524
POS_04764,2024-09-28,NYC-East,Signal-Booster,7.0,1697.0948721304424
POS_04765,2024-09-16,Berlin-West,4K-Camera,8.0,764.4967263637448
POS_04766,2024-07-24,NYC-East,Signal-Booster,3.0,1877.590626578713
POS_04767,2024-11-07,London-HQ,Falcon-Drone,9.0,2732.579493065754
POS_04768,2024-08-02,Berlin-West,Landing-Gear,2.0,1444.0375153267287
POS_04769,2024-11-30,Tokyo-Central,Falcon-Drone,7.0,2295.888144314153
POS_04770,2024-09-03,London-HQ,Lithium-Cell,1.0,821.6969550030949
POS_04771,2024-11-25,London-HQ,Landing-Gear,3.0,286.6622996545873
POS_04772,2024-12-21,Berlin-West,Landing-Gear,3.0,660.1511740919292
POS_04773,2024-09-04,Berlin-West,Landing-Gear,6.0,2126.429459889572
POS_04774,2024-10-03,Tokyo-Central,Controller-Pro,1.0,2954.6974995583637
POS_04775,2024-11-27,Paris-South,4K-Camera,8.0,2508.48973103466
POS_04776,2024-11-06,Berlin-West,Signal-Booster,9.0,609.0832877708876
POS_04777,2024-08-09,Paris-South,Lithium-Cell,4.0,1413.8157643509323
POS_04778,2024-11-28,Tokyo-Central,Falcon-Drone,9.0,2535.663310141306
POS_04779,2024-07-11,Paris-South,Landing-Gear,4.0,1560.261024048415
POS_04780,2024-12-25,Tokyo-Central,Signal-Booster,8.0,494.17526060985233
POS_04781,2024-07-12,Tokyo-Central,Falcon-Drone,3.0,1159.737635592731
POS_04782,2024-10-23,Paris-South,Signal-Booster,7.0,1377.0929762214694
POS_04783,2024-09-29,NYC-East,4K-Camera,7.0,2990.4079797893187
POS_04784,2024-11-10,Berlin-West,Lithium-Cell,7.0,2129.1774315397083
POS_04785,2024-12-22,Tokyo-Central,Controller-Pro,8.0,1317.4040053131578
POS_04786,2024-10-30,London-HQ,4K-Camera,5.0,759.4428111092736
POS_04787,2024-08-26,London-HQ,4K-Camera,7.0,2180.2822717932677
POS_04788,2024-09-28,Paris-South,4K-Camera,2.0,547.6040837630416
POS_04789,2024-11-23,London-HQ,4K-Camera,5.0,417.8972317559976
POS_04790,2024-07-27,Tokyo-Central,Falcon-Drone,1.0,420.67828113672203
POS_04791,2024-12-20,London-HQ,4K-Camera,9.0,2710.612894715057
POS_04792,2024-09-05,NYC-East,Controller-Pro,4.0,1713.4160076746602
POS_04793,2024-12-18,Berlin-West,Lithium-Cell,6.0,2000.92081587758
POS_04794,2024-11-05,Tokyo-Central,Falcon-Drone,5.0,-79.12220797692474
POS_04795,2024-07-29,Paris-South,Signal-Booster,8.0,-96.4005055928617
POS_04796,2024-11-28,Berlin-West,Signal-Booster,9.0,2863.0165675607045
POS_04797,2024-12-06,Tokyo-Central,4K-Camera,1.0,2401.5968808796993
POS_04798,2024-11-01,NYC-East,4K-Camera,5.0,2511.5526528078663
POS_04799,2024-07-08,Paris-South,Landing-Gear,1.0,1768.099594464142
POS_04800,2024-07-27,London-HQ,4K-Camera,3.0,504.4899620829974
POS_04801,2024-07-11,Berlin-West,Lithium-Cell,1.0,1037.293946092692
POS_04802,2024-12-23,Tokyo-Central,4K-Camera,7.0,2293.12783874477
POS_04803,2024-12-12,Tokyo-Central,4K-Camera,5.0,1806.0767564152504
POS_04804,2024-10-15,Tokyo-Central,Landing-Gear,3.0,1102.9901146343977
POS_04805,2024-07-07,Berlin-West,Lithium-Cell,6.0,811.9046641951893
POS_04806,2024-07-14,Tokyo-Central,Landing-Gear,5.0,2191.7569303625905
POS_04807,2024-08-31,Berlin-West,Falcon-Drone,2.0,2927.8426920188012
POS_04808,2024-10-25,Berlin-West,Signal-Booster,8.0,2301.1534356609277
POS_04809,2024-10-23,Tokyo-Central,Landing-Gear,4.0,2203.5230249256615
POS_04810,2024-07-06,London-HQ,Controller-Pro,4.0,411.1947778682643
POS_04811,2024-07-23,Berlin-West,Falcon-Drone,1.0,2497.2251426410457
POS_04812,2024-07-14,London-HQ,Lithium-Cell,5.0,2591.9342935184086
POS_04813,2024-10-26,London-HQ,Controller-Pro,4.0,1720.8952870151297
POS_04814,2024-08-04,Tokyo-Central,Landing-Gear,9.0,484.65835071569313
POS_04815,2024-08-03,Tokyo-Central,Falcon-Drone,6.0,2730.0212640757663
POS_04816,2024-11-27,Tokyo-Central,Controller-Pro,2.0,2641.3259358919768
POS_04817,2024-10-02,NYC-East,Falcon-Drone,2.0,1304.4270782602398
POS_04818,2024-09-11,Berlin-West,Signal-Booster,1.0,2767.633681271552
POS_04819,2024-08-07,Berlin-West,4K-Camera,6.0,1191.5975138578979
POS_04820,2024-12-13,Berlin-West,Falcon-Drone,2.0,1322.4668448307773
POS_04821,2024-09-14,NYC-East,Signal-Booster,8.0,-92.79311092870405
POS_04822,2024-11-01,Tokyo-Central,Lithium-Cell,3.0,643.0561564875114
POS_04823,2024-11-17,Paris-South,Landing-Gear,3.0,2985.3053486037115
POS_04824,2024-11-26,Tokyo-Central,Controller-Pro,3.0,2125.111935349342
POS_04825,2024-07-30,NYC-East,Controller-Pro,7.0,1257.1073765886515
POS_04826,2024-07-13,London-HQ,Lithium-Cell,9.0,1883.1793817010207
POS_04827,2024-08-26,London-HQ,Falcon-Drone,7.0,2607.5972728079173
POS_04828,2024-10-28,Berlin-West,4K-Camera,9.0,109.91366552412987
POS_04829,2024-08-19,Tokyo-Central,Landing-Gear,6.0,1504.0229152212728
POS_04830,2024-07-10,Paris-South,Landing-Gear,4.0,312.0339423647144
POS_04831,2024-11-24,NYC-East,Landing-Gear,4.0,314.9546164669321
POS_04832,2024-11-03,NYC-East,Lithium-Cell,1.0,2422.9916705923647
POS_04833,2024-10-17,London-HQ,Landing-Gear,5.0,2709.4084205410004
POS_04834,2024-08-13,London-HQ,Falcon-Drone,8.0,-16.438688616964328
POS_04835,2024-08-22,Berlin-West,4K-Camera,6.0,1182.536291420794
POS_04836,2024-08-09,NYC-East,Landing-Gear,6.0,1057.245715461935
POS_04837,2024-07-21,London-HQ,4K-Camera,5.0,2282.306230393422
POS_04838,2024-11-09,Berlin-West,4K-Camera,5.0,932.3218631267405
POS_04839,2024-08-31,NYC-East,Falcon-Drone,1.0,2131.683394100972
POS_04840,2024-12-03,Tokyo-Central,Lithium-Cell,3.0,81.66185700525975
POS_04841,2024-07-03,London-HQ,4K-Camera,4.0,1408.908002447256
POS_04842,2024-08-08,London-HQ,Falcon-Drone,2.0,1605.5134520238391
POS_04843,2024-07-22,Paris-South,Falcon-Drone,3.0,-45.37093597099635
POS_04844,2024-07-13,Paris-South,Lithium-Cell,9.0,1697.8152945005304
POS_04845,2024-08-07,London-HQ,Signal-Booster,1.0,727.718172768914
POS_04846,2024-11-21,NYC-East,Controller-Pro,9.0,-66.25400716739608
POS_04847,2024-08-13,NYC-East,Lithium-Cell,3.0,41.26975423843419
POS_04848,2024-10-02,London-HQ,Lithium-Cell,3.0,470.0516675686854
POS_04849,2024-08-28,Berlin-West,Falcon-Drone,6.0,-95.55264675643635
POS_04850,2024-11-10,Paris-South,Lithium-Cell,3.0,2811.524664489105
POS_04851,2024-11-08,London-HQ,4K-Camera,4.0,1518.0012766937823
POS_04852,2024-08-06,Paris-South,4K-Camera,4.0,2692.061937203122
POS_04853,2024-07-29,NYC-East,Falcon-Drone,3.0,156.87593754155523
POS_04854,2024-12-12,NYC-East,Falcon-Drone,1.0,2271.3561072275593
POS_04855,2024-07-05,London-HQ,Landing-Gear,,514.3182249427023
POS_04856,2024-07-20,Paris-South,Landing-Gear,4.0,189.3654494986926
POS_04857,2024-10-29,London-HQ,Lithium-Cell,8.0,982.1657742097175
POS_04858,2024-10-15,NYC-East,Lithium-Cell,9.0,1880.6316980650267
POS_04859,2024-11-08,NYC-East,Falcon-Drone,3.0,813.1558432427252
POS_04860,2024-08-08,Berlin-West,Lithium-Cell,4.0,1161.8084472236744
POS_04861,2024-10-29,Berlin-West,Falcon-Drone,2.0,517.6477340437335
POS_04862,2024-07-06,Tokyo-Central,Falcon-Drone,4.0,145.22351072356457
POS_04863,2024-11-01,Berlin-West,4K-Camera,3.0,1473.6297547742165
POS_04864,2024-08-18,Tokyo-Central,Falcon-Drone,9.0,911.3922941310398
POS_04865,2024-07-24,Berlin-West,Lithium-Cell,3.0,736.148142729209
POS_04866,2024-12-16,NYC-East,Lithium-Cell,1.0,2750.886117671522
POS_04867,2024-11-28,Tokyo-Central,Signal-Booster,1.0,1290.8313750485718
POS_04868,2024-08-01,NYC-East,4K-Camera,3.0,1747.5025937999033
POS_04869,2024-11-08,Tokyo-Central,Signal-Booster,4.0,1904.9493224519122
POS_04870,2024-08-03,NYC-East,Lithium-Cell,1.0,2809.72040151359
POS_04871,2024-12-22,Tokyo-Central,4K-Camera,6.0,2659.5657627691708
POS_04872,2024-12-14,London-HQ,Signal-Booster,9.0,378.64487973699624
POS_04873,2024-12-23,NYC-East,Controller-Pro,5.0,1562.1665621035836
POS_04874,2024-10-26,Paris-South,Lithium-Cell,2.0,2827.8241986617204
POS_04875,2024-11-05,Paris-South,Controller-Pro,6.0,638.4384800985335
POS_04876,2024-12-25,NYC-East,Landing-Gear,7.0,295.0190082790544
POS_04877,2024-12-04,Paris-South,Landing-Gear,9.0,2952.906885908348
POS_04878,2024-12-12,London-HQ,Signal-Booster,9.0,829.9579093306797
POS_04879,2024-10-13,London-HQ,Lithium-Cell,1.0,1764.576050231377
POS_04880,2024-08-14,Tokyo-Central,Lithium-Cell,8.0,655.3692650743089
POS_04881,2024-09-06,Berlin-West,Falcon-Drone,4.0,1673.792180743753
POS_04882,2024-10-06,Berlin-West,Landing-Gear,5.0,1895.7536411464887
POS_04883,2024-08-28,Tokyo-Central,Controller-Pro,9.0,339.34669215948156
POS_04884,2024-09-21,NYC-East,Controller-Pro,5.0,182.34660770322108
POS_04885,2024-09-20,NYC-East,Landing-Gear,9.0,1339.5081704156908
POS_04886,2024-10-05,London-HQ,Signal-Booster,7.0,1286.80847019455
POS_04887,2024-08-21,Tokyo-Central,Signal-Booster,8.0,1318.6618720989998
POS_04888,2024-09-01,Berlin-West,Falcon-Drone,8.0,2369.068085056199
POS_04889,2024-10-27,London-HQ,Landing-Gear,3.0,2756.9106925572487
POS_04890,2024-07-24,London-HQ,Signal-Booster,3.0,2035.275105634671
POS_04891,2024-09-06,London-HQ,Falcon-Drone,1.0,155.0176018662077
POS_04892,2024-07-01,Paris-South,Falcon-Drone,9.0,362.03605985729456
POS_04893,2024-10-30,London-HQ,Falcon-Drone,1.0,2825.805433246108
POS_04894,2024-12-27,Berlin-West,Signal-Booster,7.0,1279.256672969902
POS_04895,2024-09-08,Tokyo-Central,4K-Camera,3.0,600.3556093129322
POS_04896,2024-11-03,Paris-South,4K-Camera,2.0,1018.6704758761198
POS_04897,2024-10-14,London-HQ,4K-Camera,5.0,578.6828973897735
POS_04898,2024-09-07,Paris-South,Controller-Pro,6.0,1867.406793951313
POS_04899,2024-08-22,Tokyo-Central,Falcon-Drone,8.0,2423.898894136434
POS_04900,2024-08-19,NYC-East,Falcon-Drone,6.0,978.0402568138211
POS_04901,2024-11-22,Berlin-West,Falcon-Drone,9.0,1648.3351553200018
POS_04902,2024-07-01,London-HQ,4K-Camera,1.0,2244.967330786962
POS_04903,2024-09-03,Tokyo-Central,Controller-Pro,3.0,658.5611544404672
POS_04904,2024-11-04,London-HQ,Landing-Gear,5.0,89.43016378298296
POS_04905,2024-11-28,Berlin-West,Signal-Booster,1.0,2994.2942346385057
POS_04906,2024-08-05,London-HQ,Controller-Pro,5.0,1538.4200112800859
POS_04907,2024-12-23,Paris-South,4K-Camera,1.0,1982.6683888405714
POS_04908,2024-11-24,Berlin-West,Controller-Pro,1.0,2435.5277699171734
POS_04909,2024-10-26,Paris-South,Landing-Gear,8.0,2122.330003014393
POS_04910,2024-09-29,Tokyo-Central,4K-Camera,4.0,1688.3081190617945
POS_04911,2024-10-22,NYC-East,Lithium-Cell,9.0,410.38452602194246
POS_04912,2024-11-10,London-HQ,Signal-Booster,6.0,2063.506195645186
POS_04913,2024-08-09,NYC-East,Signal-Booster,1.0,173.76402038919093
POS_04914,2024-07-31,Tokyo-Central,Signal-Booster,6.0,1403.3801458566743
POS_04915,2024-10-01,London-HQ,Controller-Pro,4.0,2387.650464939233
POS_04916,2024-09-17,London-HQ,4K-Camera,9.0,231.89758503206866
POS_04917,2024-07-19,Berlin-West,4K-Camera,,2743.851718732461
POS_04918,2024-11-10,London-HQ,Signal-Booster,4.0,2811.947753706976
POS_04919,2024-07-09,Paris-South,4K-Camera,4.0,2500.0262482255844
POS_04920,2024-09-26,Berlin-West,4K-Camera,3.0,531.4164215377579
POS_04921,2024-08-08,Berlin-West,Controller-Pro,6.0,-59.62141191176433
POS_04922,2024-07-19,Paris-South,Landing-Gear,9.0,484.22510243011584
POS_04923,2024-08-12,NYC-East,Controller-Pro,9.0,1399.4378444047475
POS_04924,2024-09-28,Tokyo-Central,Landing-Gear,4.0,730.3644718983284
POS_04925,2024-10-20,Berlin-West,Landing-Gear,4.0,2159.333122434335
POS_04926,2024-07-02,NYC-East,Landing-Gear,8.0,590.9143170597439
POS_04927,2024-10-06,London-HQ,Landing-Gear,6.0,2602.795155103832
POS_04928,2024-09-19,Berlin-West,Falcon-Drone,6.0,630.4644070972356
POS_04929,2024-12-04,London-HQ,Lithium-Cell,8.0,932.8165171514918
POS_04930,2024-10-30,London-HQ,Falcon-Drone,4.0,-60.73962586269699
POS_04931,2024-12-08,Paris-South,4K-Camera,1.0,799.8774665215964
POS_04932,2024-12-15,Paris-South,4K-Camera,5.0,872.2830293942112
POS_04933,2024-07-07,Paris-South,Controller-Pro,9.0,1552.4607890707114
POS_04934,2024-09-23,Paris-South,Controller-Pro,2.0,524.6147917823278
POS_04935,2024-08-19,Tokyo-Central,Controller-Pro,3.0,2417.6258422423953
POS_04936,2024-08-25,NYC-East,Lithium-Cell,1.0,1448.8130381395958
POS_04937,2024-09-23,Paris-South,Landing-Gear,1.0,430.122416644738
POS_04938,2024-10-29,Tokyo-Central,Falcon-Drone,2.0,489.47603547677636
POS_04939,2024-09-08,Berlin-West,Lithium-Cell,7.0,525.7627547975578
POS_04940,2024-12-25,Berlin-West,Controller-Pro,6.0,1980.4505664106073
POS_04941,2024-09-27,London-HQ,Lithium-Cell,2.0,2193.795350038826
POS_04942,2024-12-08,London-HQ,Signal-Booster,2.0,118.29134932252563
POS_04943,2024-09-01,NYC-East,4K-Camera,2.0,2916.6185996070176
POS_04944,2024-08-28,London-HQ,Signal-Booster,4.0,135.82211195510928
POS_04945,2024-12-07,Paris-South,Lithium-Cell,5.0,1761.0322020312196
POS_04946,2024-12-22,NYC-East,4K-Camera,2.0,1353.923904280847
POS_04947,2024-09-27,Berlin-West,Landing-Gear,5.0,2113.5480805276125
POS_04948,2024-11-07,Berlin-West,Landing-Gear,9.0,2882.8729814675776
POS_04949,2024-11-09,London-HQ,Signal-Booster,9.0,-57.51208190993885
POS_04950,2024-09-16,London-HQ,Lithium-Cell,9.0,2837.8687474754074
POS_04951,2024-12-10,Paris-South,Falcon-Drone,8.0,2147.5059644550947
POS_04952,2024-10-09,NYC-East,Controller-Pro,3.0,1396.2163192816224
POS_04953,2024-10-02,Berlin-West,Falcon-Drone,4.0,284.3151713894954
POS_04954,2024-09-06,London-HQ,4K-Camera,2.0,126.55392066843046
POS_04955,2024-08-15,Berlin-West,Landing-Gear,3.0,2975.4705108758812
POS_04956,2024-08-12,London-HQ,Signal-Booster,7.0,-23.53878821031843
POS_04957,2024-10-24,Paris-South,Controller-Pro,2.0,2007.5981240726924
POS_04958,2024-10-10,Berlin-West,Landing-Gear,9.0,2128.039110186465
POS_04959,2024-07-19,Paris-South,Signal-Booster,3.0,612.9820781776583
POS_04960,2024-08-23,London-HQ,Signal-Booster,3.0,569.1713048125577
POS_04961,2024-09-16,NYC-East,4K-Camera,4.0,1893.4675082393478
POS_04962,2024-11-01,Paris-South,Signal-Booster,9.0,827.6157151268283
POS_04963,2024-07-01,Tokyo-Central,Falcon-Drone,7.0,1130.8268123066623
POS_04964,2024-08-01,Berlin-West,Signal-Booster,6.0,1632.3498299372536
POS_04965,2024-11-21,London-HQ,Signal-Booster,5.0,1085.0544698848507
POS_04966,2024-09-15,Berlin-West,Controller-Pro,4.0,2118.893601712744
POS_04967,2024-12-06,Berlin-West,Falcon-Drone,3.0,-75.30007940871471
POS_04968,2024-10-04,Berlin-West,Landing-Gear,3.0,-27.33780842014228
POS_04969,2024-12-22,Tokyo-Central,Landing-Gear,4.0,1009.4256190141425
POS_04970,2024-10-12,Paris-South,Signal-Booster,2.0,2674.9089711064903
POS_04971,2024-12-07,NYC-East,Controller-Pro,6.0,2673.911122415257
POS_04972,2024-12-11,NYC-East,Lithium-Cell,2.0,265.1602234897538
POS_04973,2024-12-24,Berlin-West,4K-Camera,9.0,42.37122137120298
POS_04974,2024-12-03,Berlin-West,Falcon-Drone,2.0,2710.5451643509105
POS_04975,2024-08-28,Tokyo-Central,Signal-Booster,4.0,619.3150921444849
POS_04976,2024-08-18,Tokyo-Central,4K-Camera,4.0,2962.1627859077653
POS_04977,2024-09-03,NYC-East,Signal-Booster,8.0,16.79540291389965
POS_04978,2024-08-06,NYC-East,Signal-Booster,5.0,341.81430363912244
POS_04979,2024-09-13,Paris-South,Landing-Gear,8.0,1411.1476227250878
POS_04980,2024-12-12,London-HQ,Signal-Booster,2.0,750.3205751512828
POS_04981,2024-12-11,Tokyo-Central,Signal-Booster,5.0,1827.7594664606106
POS_04982,2024-11-19,NYC-East,Signal-Booster,1.0,2327.4241318600125
POS_04983,2024-07-31,Berlin-West,Signal-Booster,6.0,1811.3698741058424
POS_04984,2024-10-26,Paris-South,Controller-Pro,8.0,2586.426415955903
POS_04985,2024-09-09,Tokyo-Central,Landing-Gear,4.0,2817.0429821674743
POS_04986,2024-07-08,Tokyo-Central,Lithium-Cell,4.0,48.25933080060267
POS_04987,2024-08-17,Tokyo-Central,Controller-Pro,4.0,604.18305678729
POS_04988,2024-12-12,Tokyo-Central,Controller-Pro,,2810.268042794756
POS_04989,2024-10-25,Tokyo-Central,4K-Camera,8.0,284.73396383706057
POS_04990,2024-07-23,Berlin-West,Landing-Gear,6.0,2594.4054018186794
POS_04991,2024-08-11,Tokyo-Central,Falcon-Drone,7.0,1155.0764211583719
POS_04992,2024-10-08,Tokyo-Central,Signal-Booster,3.0,885.2763687954077
POS_04993,2024-11-02,Berlin-West,Lithium-Cell,1.0,1911.6607450754277
POS_04994,2024-08-21,Tokyo-Central,Landing-Gear,4.0,1148.2469190855447
POS_04995,2024-08-05,London-HQ,Lithium-Cell,9.0,706.7318757780166
POS_04996,2024-07-08,Berlin-West,Lithium-Cell,3.0,677.209610770467
POS_04997,2024-11-24,Berlin-West,Falcon-Drone,8.0,2688.5170293320202
POS_04998,2024-10-13,Paris-South,Falcon-Drone,6.0,1958.8457494005252
POS_04999,2024-07-20,Paris-South,Falcon-Drone,9.0,1097.4303897355799
