TXN_ID,DATE,STORE_HUB,SKU_NAME,UNITS_SOLD,PRICE_TAG
RETAIL_00000,2024-07-21,London-RegentSt,iPhone 15 Pro,5.0,3883.557488557477
RETAIL_00001,2024-10-24,London-RegentSt,Vision Pro,3.0,3154.4823799268506
RETAIL_00002,2024-10-18,Sydney-GeorgeSt,Vision Pro,9.0,2716.810488445767
RETAIL_00003,2024-07-28,Paris-Opera,Vision Pro,8.0,3083.3585339047654
RETAIL_00004,2024-08-07,Sydney-GeorgeSt,Vision Pro,3.0,643.124616623681
RETAIL_00005,2024-12-04,Tokyo-Ginza,Apple Watch Ultra,7.0,34.453358232789924
RETAIL_00006,2024-10-05,Tokyo-Ginza,Vision Pro,2.0,3470.8954381912763
RETAIL_00007,2024-07-09,Paris-Opera,iPhone 15 Pro,5.0,322.6001361053393
RETAIL_00008,2024-11-02,NYC-FifthAve,iPad Pro,8.0,2298.278139223087
RETAIL_00009,2024-11-29,Tokyo-Ginza,Apple Watch Ultra,8.0,2975.4492035186468
RETAIL_00010,2024-08-19,Sydney-GeorgeSt,iPhone 15 Pro,2.0,2871.8181024899673
RETAIL_00011,2024-10-05,Sydney-GeorgeSt,Vision Pro,1.0,2923.013371754
RETAIL_00012,2024-09-26,Paris-Opera,iPhone 15 Pro,2.0,3973.582216523977
RETAIL_00013,2024-10-19,NYC-FifthAve,iPhone 15 Pro,,3184.938266975236
RETAIL_00014,2024-12-03,Paris-Opera,AirPods Max,9.0,1078.2252287147462
RETAIL_00015,2024-12-13,NYC-FifthAve,Vision Pro,2.0,3823.9426080397006
RETAIL_00016,2024-07-20,Paris-Opera,Vision Pro,,1582.6129517158765
RETAIL_00017,2024-10-07,NYC-FifthAve,AirPods Max,6.0,3657.1507148103483
RETAIL_00018,2024-09-22,Paris-Opera,Apple Watch Ultra,,1469.0439631621418
RETAIL_00019,2024-09-25,Sydney-GeorgeSt,AirPods Max,8.0,434.56937334005556
RETAIL_00020,2024-09-17,Tokyo-Ginza,iPad Pro,3.0,555.9334118638367
RETAIL_00021,2024-10-25,Sydney-GeorgeSt,iPhone 15 Pro,2.0,2510.9295018486573
RETAIL_00022,2024-09-22,Sydney-GeorgeSt,MacBook Air M3,3.0,3008.115250485734
RETAIL_00023,2024-10-19,Tokyo-Ginza,iPhone 15 Pro,6.0,3571.4641063987806
RETAIL_00024,2024-12-04,Paris-Opera,MacBook Air M3,2.0,3985.2769633575826
RETAIL_00025,2024-11-04,NYC-FifthAve,Apple Watch Ultra,8.0,1222.2497219228321
RETAIL_00026,2024-09-26,Paris-Opera,iPhone 15 Pro,,1766.5916606263022
RETAIL_00027,2024-08-06,Tokyo-Ginza,iPhone 15 Pro,3.0,1287.547778774467
RETAIL_00028,2024-12-21,Paris-Opera,Apple Watch Ultra,1.0,1104.439644464225
RETAIL_00029,2024-10-04,Tokyo-Ginza,AirPods Max,9.0,326.69223452226333
RETAIL_00030,2024-11-16,London-RegentSt,iPad Pro,9.0,2427.249930312732
RETAIL_00031,2024-07-11,London-RegentSt,Vision Pro,8.0,3983.7933935476276
RETAIL_00032,2024-08-18,Tokyo-Ginza,iPad Pro,7.0,450.2221148323857
RETAIL_00033,2024-12-22,NYC-FifthAve,AirPods Max,9.0,3880.3117401776026
RETAIL_00034,2024-11-06,London-RegentSt,MacBook Air M3,5.0,1825.4228543355985
RETAIL_00035,2024-09-21,Tokyo-Ginza,MacBook Air M3,8.0,186.97841393571025
RETAIL_00036,2024-07-03,Paris-Opera,iPad Pro,5.0,2573.2200896470576
RETAIL_00037,2024-07-18,London-RegentSt,Vision Pro,4.0,271.79420341109244
RETAIL_00038,2024-09-05,NYC-FifthAve,Vision Pro,,1735.6723624299311
RETAIL_00039,2024-11-24,Tokyo-Ginza,Apple Watch Ultra,5.0,718.9332489445028
RETAIL_00040,2024-10-08,NYC-FifthAve,iPad Pro,1.0,3202.8498564035826
RETAIL_00041,2024-12-14,London-RegentSt,iPad Pro,7.0,3149.8545126572913
RETAIL_00042,2024-08-27,NYC-FifthAve,iPad Pro,2.0,3043.3388279390583
RETAIL_00043,2024-08-06,London-RegentSt,iPad Pro,2.0,1283.8276917654525
RETAIL_00044,2024-10-05,NYC-FifthAve,iPad Pro,9.0,1127.5504826463682
RETAIL_00045,2024-08-17,London-RegentSt,Apple Watch Ultra,8.0,26.447060570745634
RETAIL_00046,2024-09-18,Tokyo-Ginza,Vision Pro,4.0,2064.5908609574276
RETAIL_00047,2024-11-20,NYC-FifthAve,MacBook Air M3,6.0,647.7675361126371
RETAIL_00048,2024-09-24,Sydney-GeorgeSt,Vision Pro,6.0,3909.7311455416193
RETAIL_00049,2024-11-19,London-RegentSt,Vision Pro,7.0,901.5894970663567
RETAIL_00050,2024-12-07,Tokyo-Ginza,iPad Pro,9.0,1582.801409460898
RETAIL_00051,2024-11-02,London-RegentSt,AirPods Max,7.0,1825.2343927524776
RETAIL_00052,2024-11-15,Sydney-GeorgeSt,AirPods Max,,3861.7161359283527
RETAIL_00053,2024-10-16,London-RegentSt,Vision Pro,6.0,1386.661442915263
RETAIL_00054,2024-11-01,Paris-Opera,Vision Pro,5.0,981.0193580267228
RETAIL_00055,2024-07-20,Sydney-GeorgeSt,Apple Watch Ultra,3.0,3940.554755065373
RETAIL_00056,2024-09-17,Paris-Opera,iPhone 15 Pro,8.0,2353.2176939636424
RETAIL_00057,2024-08-25,NYC-FifthAve,MacBook Air M3,7.0,2570.1053397223823
RETAIL_00058,2024-07-02,Tokyo-Ginza,AirPods Max,,3828.0617671504815
RETAIL_00059,2024-08-06,Tokyo-Ginza,Vision Pro,8.0,2991.2320827163126
RETAIL_00060,2024-08-28,Tokyo-Ginza,iPhone 15 Pro,4.0,978.4080246829267
RETAIL_00061,2024-11-09,London-RegentSt,Apple Watch Ultra,4.0,3795.2321280465085
RETAIL_00062,2024-11-03,Tokyo-Ginza,MacBook Air M3,1.0,2775.4492993202794
RETAIL_00063,2024-11-08,NYC-FifthAve,AirPods Max,6.0,-459.21605816010015
RETAIL_00064,2024-11-30,Paris-Opera,AirPods Max,4.0,2086.3014319248805
RETAIL_00065,2024-12-15,Sydney-GeorgeSt,iPad Pro,7.0,873.3722549797869
RETAIL_00066,2024-12-02,Tokyo-Ginza,AirPods Max,5.0,1592.297606279787
RETAIL_00067,2024-12-04,Sydney-GeorgeSt,iPhone 15 Pro,5.0,1612.7600452345032
RETAIL_00068,2024-11-10,Sydney-GeorgeSt,iPhone 15 Pro,2.0,177.7012304241673
RETAIL_00069,2024-10-05,NYC-FifthAve,iPad Pro,1.0,-189.90636978568028
RETAIL_00070,2024-07-16,Sydney-GeorgeSt,Vision Pro,9.0,-79.66543207902816
RETAIL_00071,2024-12-16,Sydney-GeorgeSt,Apple Watch Ultra,9.0,2488.6469075861523
RETAIL_00072,2024-12-23,NYC-FifthAve,MacBook Air M3,5.0,-64.70172341347842
RETAIL_00073,2024-07-15,Tokyo-Ginza,Vision Pro,3.0,376.57202636920806
RETAIL_00074,2024-11-03,Sydney-GeorgeSt,Apple Watch Ultra,9.0,-364.3640702486238
RETAIL_00075,2024-09-12,Sydney-GeorgeSt,AirPods Max,2.0,554.8065417568109
RETAIL_00076,2024-11-16,London-RegentSt,Vision Pro,8.0,337.99724257501896
RETAIL_00077,2024-10-31,Paris-Opera,Apple Watch Ultra,,2936.4188526064936
RETAIL_00078,2024-10-07,Tokyo-Ginza,AirPods Max,8.0,1460.2533602000076
RETAIL_00079,2024-08-13,Tokyo-Ginza,MacBook Air M3,8.0,2431.4341548820753
RETAIL_00080,2024-11-02,Paris-Opera,Vision Pro,,2199.318849445365
RETAIL_00081,2024-07-20,Tokyo-Ginza,AirPods Max,2.0,3985.7564288252124
RETAIL_00082,2024-08-12,Sydney-GeorgeSt,MacBook Air M3,6.0,-7.505028035290593
RETAIL_00083,2024-12-09,Sydney-GeorgeSt,MacBook Air M3,5.0,3490.1081199255404
RETAIL_00084,2024-09-21,London-RegentSt,Vision Pro,8.0,3801.3379351028116
RETAIL_00085,2024-12-08,NYC-FifthAve,Apple Watch Ultra,1.0,2937.3599115136226
RETAIL_00086,2024-12-22,Sydney-GeorgeSt,Apple Watch Ultra,6.0,-167.35227509406366
RETAIL_00087,2024-07-28,Paris-Opera,MacBook Air M3,2.0,1346.2856979392159
RETAIL_00088,2024-11-14,Paris-Opera,AirPods Max,5.0,3720.0323056072666
RETAIL_00089,2024-08-19,Paris-Opera,AirPods Max,6.0,3544.9858923796533
RETAIL_00090,2024-11-17,Sydney-GeorgeSt,AirPods Max,4.0,3222.088832292441
RETAIL_00091,2024-07-21,Tokyo-Ginza,MacBook Air M3,6.0,2107.918426143076
RETAIL_00092,2024-11-20,Sydney-GeorgeSt,Apple Watch Ultra,3.0,725.5903591005754
RETAIL_00093,2024-10-12,Paris-Opera,iPhone 15 Pro,8.0,1153.2428011838103
RETAIL_00094,2024-07-01,Sydney-GeorgeSt,iPad Pro,9.0,3313.393994319951
RETAIL_00095,2024-07-09,NYC-FifthAve,iPhone 15 Pro,5.0,3747.5405061461315
RETAIL_00096,2024-11-02,Tokyo-Ginza,iPad Pro,8.0,3191.626067781213
RETAIL_00097,2024-08-28,Sydney-GeorgeSt,Vision Pro,3.0,2969.7545690790944
RETAIL_00098,2024-10-17,Sydney-GeorgeSt,Vision Pro,2.0,525.6969580171949
RETAIL_00099,2024-09-14,NYC-FifthAve,Vision Pro,5.0,711.3545103762317
RETAIL_00100,2024-11-09,Sydney-GeorgeSt,iPhone 15 Pro,6.0,743.0229110437303
RETAIL_00101,2024-07-04,London-RegentSt,AirPods Max,8.0,1449.299254020936
RETAIL_00102,2024-10-07,London-RegentSt,Vision Pro,3.0,1338.003276016089
RETAIL_00103,2024-12-09,Paris-Opera,AirPods Max,1.0,-362.1393850723553
RETAIL_00104,2024-10-25,London-RegentSt,iPhone 15 Pro,4.0,10.213193231510388
RETAIL_00105,2024-10-26,Paris-Opera,Vision Pro,3.0,3781.9409579602043
RETAIL_00106,2024-11-18,Paris-Opera,Vision Pro,6.0,47.287564211002746
RETAIL_00107,2024-12-09,Tokyo-Ginza,iPhone 15 Pro,3.0,2007.9959113783807
RETAIL_00108,2024-11-07,Tokyo-Ginza,iPhone 15 Pro,1.0,1451.4066612941344
RETAIL_00109,2024-08-07,Tokyo-Ginza,AirPods Max,6.0,376.0825283508401
RETAIL_00110,2024-11-14,NYC-FifthAve,iPhone 15 Pro,4.0,2481.357596726668
RETAIL_00111,2024-08-21,London-RegentSt,iPhone 15 Pro,9.0,2972.4349018850876
RETAIL_00112,2024-10-01,Sydney-GeorgeSt,Apple Watch Ultra,3.0,2084.2001032040416
RETAIL_00113,2024-09-23,NYC-FifthAve,iPad Pro,7.0,2306.486415033965
RETAIL_00114,2024-08-14,Sydney-GeorgeSt,AirPods Max,7.0,1805.209378530034
RETAIL_00115,2024-08-23,London-RegentSt,MacBook Air M3,3.0,2599.1011791902533
RETAIL_00116,2024-07-16,Tokyo-Ginza,Apple Watch Ultra,3.0,476.4898572714259
RETAIL_00117,2024-07-09,London-RegentSt,AirPods Max,4.0,-368.6111509123365
RETAIL_00118,2024-09-12,Paris-Opera,Vision Pro,,97.10761754993223
RETAIL_00119,2024-07-07,NYC-FifthAve,AirPods Max,8.0,3679.262371123388
RETAIL_00120,2024-07-31,Sydney-GeorgeSt,AirPods Max,6.0,3051.488161424175
RETAIL_00121,2024-11-08,NYC-FifthAve,Vision Pro,5.0,1114.6174625599012
RETAIL_00122,2024-08-09,London-RegentSt,iPhone 15 Pro,2.0,2385.9349607343474
RETAIL_00123,2024-12-11,Paris-Opera,iPad Pro,9.0,1450.339301710644
RETAIL_00124,2024-11-07,Tokyo-Ginza,iPad Pro,2.0,644.7496372737205
RETAIL_00125,2024-10-02,Tokyo-Ginza,Apple Watch Ultra,7.0,3061.8898202427486
RETAIL_00126,2024-08-10,Sydney-GeorgeSt,Vision Pro,7.0,3391.7521655941823
RETAIL_00127,2024-11-26,Paris-Opera,iPhone 15 Pro,7.0,2419.0737020690513
RETAIL_00128,2024-10-28,Paris-Opera,MacBook Air M3,2.0,625.6034695166904
RETAIL_00129,2024-11-13,Tokyo-Ginza,Apple Watch Ultra,9.0,946.699117555859
RETAIL_00130,2024-08-24,Paris-Opera,iPad Pro,7.0,637.0339538090959
RETAIL_00131,2024-07-07,Paris-Opera,Apple Watch Ultra,5.0,3283.357696090668
RETAIL_00132,2024-10-22,London-RegentSt,Apple Watch Ultra,4.0,1661.6564804074837
RETAIL_00133,2024-07-13,Sydney-GeorgeSt,iPhone 15 Pro,4.0,-280.2517986662212
RETAIL_00134,2024-08-22,Sydney-GeorgeSt,iPhone 15 Pro,8.0,2663.1444912788556
RETAIL_00135,2024-08-13,Sydney-GeorgeSt,AirPods Max,4.0,1673.9211924145748
RETAIL_00136,2024-08-07,Paris-Opera,AirPods Max,6.0,2719.061595793634
RETAIL_00137,2024-12-10,Paris-Opera,iPhone 15 Pro,6.0,2975.240258115757
RETAIL_00138,2024-07-29,Sydney-GeorgeSt,iPad Pro,2.0,3240.3458020740018
RETAIL_00139,2024-09-20,Paris-Opera,Apple Watch Ultra,7.0,977.0104428476086
RETAIL_00140,2024-09-12,Tokyo-Ginza,iPhone 15 Pro,5.0,2500.6876073313183
RETAIL_00141,2024-11-23,London-RegentSt,AirPods Max,3.0,-18.581865655747492
RETAIL_00142,2024-12-16,NYC-FifthAve,iPhone 15 Pro,8.0,512.4940465790702
RETAIL_00143,2024-10-14,NYC-FifthAve,Apple Watch Ultra,8.0,-134.68232573738197
RETAIL_00144,2024-11-24,Tokyo-Ginza,MacBook Air M3,1.0,140.33910459092897
RETAIL_00145,2024-10-22,NYC-FifthAve,MacBook Air M3,3.0,3187.854049431714
RETAIL_00146,2024-09-13,Tokyo-Ginza,Apple Watch Ultra,3.0,2137.4820307175028
RETAIL_00147,2024-07-14,London-RegentSt,AirPods Max,9.0,3091.791723078077
RETAIL_00148,2024-11-08,NYC-FifthAve,Apple Watch Ultra,1.0,3648.8565647874802
RETAIL_00149,2024-07-21,NYC-FifthAve,AirPods Max,4.0,1446.3083863594607
RETAIL_00150,2024-07-18,London-RegentSt,Vision Pro,9.0,1743.509381267992
RETAIL_00151,2024-10-16,Sydney-GeorgeSt,Apple Watch Ultra,1.0,1562.1946707856373
RETAIL_00152,2024-07-25,Paris-Opera,Apple Watch Ultra,3.0,3762.5251065744533
RETAIL_00153,2024-09-30,Paris-Opera,Apple Watch Ultra,1.0,3460.163657162178
RETAIL_00154,2024-09-07,London-RegentSt,AirPods Max,9.0,3604.2857233769364
RETAIL_00155,2024-08-08,Sydney-GeorgeSt,MacBook Air M3,6.0,3457.8471666373935
RETAIL_00156,2024-10-24,London-RegentSt,Vision Pro,5.0,1679.9133792637258
RETAIL_00157,2024-12-10,Tokyo-Ginza,Vision Pro,3.0,383.8268544208212
RETAIL_00158,2024-12-07,London-RegentSt,Apple Watch Ultra,3.0,94.70288786945218
RETAIL_00159,2024-11-20,NYC-FifthAve,iPhone 15 Pro,8.0,2252.524349336892
RETAIL_00160,2024-07-17,Tokyo-Ginza,iPad Pro,1.0,2112.391770059815
RETAIL_00161,2024-10-24,NYC-FifthAve,iPad Pro,2.0,2204.307898024019
RETAIL_00162,2024-09-10,Tokyo-Ginza,MacBook Air M3,4.0,2963.4618847534443
RETAIL_00163,2024-09-16,London-RegentSt,Vision Pro,3.0,2236.6085481541418
RETAIL_00164,2024-07-03,Paris-Opera,iPad Pro,2.0,1544.2014926450163
RETAIL_00165,2024-12-08,Tokyo-Ginza,iPhone 15 Pro,2.0,871.5504985311095
RETAIL_00166,2024-08-08,NYC-FifthAve,AirPods Max,3.0,3680.0042199498303
RETAIL_00167,2024-10-06,Paris-Opera,iPhone 15 Pro,1.0,2294.0036706970814
RETAIL_00168,2024-10-14,Tokyo-Ginza,Apple Watch Ultra,7.0,83.1197556846522
RETAIL_00169,2024-07-28,Tokyo-Ginza,Apple Watch Ultra,6.0,2009.894801551568
RETAIL_00170,2024-08-01,London-RegentSt,Apple Watch Ultra,4.0,3085.312175010502
RETAIL_00171,2024-12-20,London-RegentSt,AirPods Max,3.0,1833.4634396980573
RETAIL_00172,2024-09-30,Paris-Opera,iPhone 15 Pro,3.0,3038.427151146679
RETAIL_00173,2024-09-30,Sydney-GeorgeSt,AirPods Max,7.0,1532.5317763382716
RETAIL_00174,2024-12-04,London-RegentSt,AirPods Max,6.0,789.7700130237743
RETAIL_00175,2024-10-28,Sydney-GeorgeSt,Apple Watch Ultra,6.0,417.8304278894501
RETAIL_00176,2024-08-26,Tokyo-Ginza,AirPods Max,1.0,520.1060200083101
RETAIL_00177,2024-10-27,NYC-FifthAve,iPhone 15 Pro,5.0,730.9891325583005
RETAIL_00178,2024-08-23,Tokyo-Ginza,iPhone 15 Pro,,46.9348119588733
RETAIL_00179,2024-10-05,London-RegentSt,iPhone 15 Pro,8.0,3493.6713268067742
RETAIL_00180,2024-08-28,Paris-Opera,AirPods Max,6.0,3647.165395059931
RETAIL_00181,2024-07-10,Paris-Opera,iPhone 15 Pro,4.0,3849.958467816383
RETAIL_00182,2024-09-21,Paris-Opera,MacBook Air M3,1.0,3267.786000323925
RETAIL_00183,2024-11-06,Tokyo-Ginza,iPad Pro,7.0,2864.609541078866
RETAIL_00184,2024-07-24,NYC-FifthAve,MacBook Air M3,8.0,1652.2088325735322
RETAIL_00185,2024-11-09,Paris-Opera,iPad Pro,1.0,3087.9136483898133
RETAIL_00186,2024-10-05,London-RegentSt,MacBook Air M3,2.0,3196.529963318866
RETAIL_00187,2024-11-08,NYC-FifthAve,iPad Pro,3.0,1370.387049915236
RETAIL_00188,2024-10-26,Sydney-GeorgeSt,MacBook Air M3,1.0,3121.9847409618787
RETAIL_00189,2024-10-07,London-RegentSt,AirPods Max,3.0,2661.1500300715848
RETAIL_00190,2024-08-31,Tokyo-Ginza,MacBook Air M3,8.0,1376.7649633863514
RETAIL_00191,2024-10-18,NYC-FifthAve,iPad Pro,8.0,-413.77982222280923
RETAIL_00192,2024-11-14,NYC-FifthAve,iPad Pro,4.0,3348.381127886404
RETAIL_00193,2024-09-25,NYC-FifthAve,MacBook Air M3,2.0,3181.4270277064597
RETAIL_00194,2024-10-12,Tokyo-Ginza,iPad Pro,5.0,1452.8826541880662
RETAIL_00195,2024-12-26,London-RegentSt,AirPods Max,8.0,2969.0305747581187
RETAIL_00196,2024-12-16,Sydney-GeorgeSt,iPhone 15 Pro,4.0,1209.8871600628368
RETAIL_00197,2024-07-18,Paris-Opera,iPad Pro,7.0,3448.592273523001
RETAIL_00198,2024-10-17,London-RegentSt,AirPods Max,7.0,-142.593351653406
RETAIL_00199,2024-10-14,Paris-Opera,Vision Pro,3.0,2175.0882183725626
RETAIL_00200,2024-07-28,Tokyo-Ginza,iPad Pro,1.0,3567.800921247281
RETAIL_00201,2024-08-15,Sydney-GeorgeSt,Apple Watch Ultra,1.0,-141.17689688939544
RETAIL_00202,2024-09-15,Paris-Opera,MacBook Air M3,1.0,3995.1512880849978
RETAIL_00203,2024-07-12,NYC-FifthAve,Vision Pro,3.0,1883.9469342362818
RETAIL_00204,2024-10-24,Paris-Opera,iPhone 15 Pro,4.0,422.30948004526283
RETAIL_00205,2024-10-10,Tokyo-Ginza,MacBook Air M3,5.0,1161.1115858386074
RETAIL_00206,2024-12-15,Paris-Opera,iPad Pro,1.0,1787.8744811088259
RETAIL_00207,2024-07-18,Tokyo-Ginza,iPhone 15 Pro,8.0,1204.6447964704007
RETAIL_00208,2024-10-03,NYC-FifthAve,AirPods Max,2.0,1919.3184498116284
RETAIL_00209,2024-07-30,London-RegentSt,iPhone 15 Pro,9.0,3675.1936078769468
RETAIL_00210,2024-12-13,Tokyo-Ginza,iPhone 15 Pro,2.0,984.6481946959518
RETAIL_00211,2024-10-19,NYC-FifthAve,Vision Pro,3.0,376.1665702878653
RETAIL_00212,2024-11-20,Paris-Opera,iPad Pro,8.0,2208.0400098323607
RETAIL_00213,2024-10-06,London-RegentSt,Apple Watch Ultra,3.0,1302.8283977821823
RETAIL_00214,2024-11-17,NYC-FifthAve,iPad Pro,7.0,2987.940836369469
RETAIL_00215,2024-10-14,NYC-FifthAve,Vision Pro,7.0,1179.3255693865678
RETAIL_00216,2024-11-01,Tokyo-Ginza,iPad Pro,4.0,3085.2551348921415
RETAIL_00217,2024-10-26,Tokyo-Ginza,iPad Pro,2.0,831.6571497818495
RETAIL_00218,2024-07-12,London-RegentSt,iPad Pro,8.0,3719.3663664246133
RETAIL_00219,2024-07-24,NYC-FifthAve,iPhone 15 Pro,3.0,1831.2064798512624
RETAIL_00220,2024-08-14,NYC-FifthAve,AirPods Max,6.0,1163.4968987238292
RETAIL_00221,2024-07-06,NYC-FifthAve,iPhone 15 Pro,2.0,1807.4312360451654
RETAIL_00222,2024-08-01,London-RegentSt,Vision Pro,6.0,864.9608812626932
RETAIL_00223,2024-12-13,Paris-Opera,iPhone 15 Pro,4.0,-69.9108190766122
RETAIL_00224,2024-08-05,London-RegentSt,iPhone 15 Pro,6.0,822.2931344184938
RETAIL_00225,2024-11-30,Paris-Opera,iPad Pro,6.0,3787.711226212612
RETAIL_00226,2024-09-01,Tokyo-Ginza,iPad Pro,3.0,945.9193721184458
RETAIL_00227,2024-10-09,NYC-FifthAve,iPad Pro,7.0,1574.9443958534966
RETAIL_00228,2024-12-01,Sydney-GeorgeSt,Vision Pro,1.0,1144.5437163472318
RETAIL_00229,2024-12-10,Paris-Opera,iPhone 15 Pro,7.0,3842.500942645236
RETAIL_00230,2024-08-13,Sydney-GeorgeSt,AirPods Max,5.0,177.78352050956823
RETAIL_00231,2024-12-20,London-RegentSt,iPad Pro,1.0,3252.9573659624925
RETAIL_00232,2024-09-30,NYC-FifthAve,AirPods Max,5.0,3211.9911655684477
RETAIL_00233,2024-08-01,Sydney-GeorgeSt,Vision Pro,1.0,2376.4124059605415
RETAIL_00234,2024-09-20,Sydney-GeorgeSt,MacBook Air M3,9.0,3523.438875950632
RETAIL_00235,2024-11-24,Tokyo-Ginza,iPad Pro,6.0,1346.3976773328773
RETAIL_00236,2024-08-22,NYC-FifthAve,iPhone 15 Pro,9.0,1876.3213528156216
RETAIL_00237,2024-12-24,Paris-Opera,Vision Pro,4.0,3354.4354930995755
RETAIL_00238,2024-12-22,Sydney-GeorgeSt,iPad Pro,,3019.441661894207
RETAIL_00239,2024-07-28,Sydney-GeorgeSt,Apple Watch Ultra,1.0,1422.286553528542
RETAIL_00240,2024-11-09,Paris-Opera,Vision Pro,5.0,3900.550212787849
RETAIL_00241,2024-08-20,Sydney-GeorgeSt,iPhone 15 Pro,5.0,-274.5255807276267
RETAIL_00242,2024-11-25,Paris-Opera,Apple Watch Ultra,2.0,1951.8410102621729
RETAIL_00243,2024-11-04,Tokyo-Ginza,iPad Pro,5.0,2996.114346645278
RETAIL_00244,2024-11-06,NYC-FifthAve,Apple Watch Ultra,6.0,3620.171888579557
RETAIL_00245,2024-09-01,Sydney-GeorgeSt,iPhone 15 Pro,6.0,3832.895064016514
RETAIL_00246,2024-10-07,Sydney-GeorgeSt,iPhone 15 Pro,9.0,3971.1881457026957
RETAIL_00247,2024-09-30,Tokyo-Ginza,Apple Watch Ultra,6.0,508.6930199066437
RETAIL_00248,2024-11-27,Sydney-GeorgeSt,Apple Watch Ultra,6.0,857.7304233485606
RETAIL_00249,2024-11-30,Paris-Opera,AirPods Max,5.0,1289.0470395512966
RETAIL_00250,2024-08-16,Tokyo-Ginza,Apple Watch Ultra,9.0,1206.5850389293055
RETAIL_00251,2024-11-08,Sydney-GeorgeSt,iPhone 15 Pro,9.0,3080.008742776529
RETAIL_00252,2024-08-17,Tokyo-Ginza,MacBook Air M3,4.0,1652.619830244234
RETAIL_00253,2024-08-25,Tokyo-Ginza,AirPods Max,3.0,-215.69877520781284
RETAIL_00254,2024-11-22,London-RegentSt,Apple Watch Ultra,5.0,2630.8529028748717
RETAIL_00255,2024-10-25,Sydney-GeorgeSt,AirPods Max,7.0,890.3940735406773
RETAIL_00256,2024-12-26,London-RegentSt,Apple Watch Ultra,4.0,3614.17902779217
RETAIL_00257,2024-10-28,Sydney-GeorgeSt,Vision Pro,7.0,2852.159202773499
RETAIL_00258,2024-09-20,NYC-FifthAve,Vision Pro,2.0,499.41774000653174
RETAIL_00259,2024-12-20,Tokyo-Ginza,Apple Watch Ultra,8.0,1063.4726346181
RETAIL_00260,2024-07-16,Sydney-GeorgeSt,Apple Watch Ultra,3.0,1130.9312676024056
RETAIL_00261,2024-12-26,Tokyo-Ginza,AirPods Max,3.0,3044.5383132165143
RETAIL_00262,2024-10-08,Tokyo-Ginza,iPad Pro,6.0,432.60953008926174
RETAIL_00263,2024-08-21,Paris-Opera,AirPods Max,2.0,1497.9488213594877
RETAIL_00264,2024-10-24,Paris-Opera,MacBook Air M3,1.0,1903.5399146140394
RETAIL_00265,2024-09-07,London-RegentSt,iPad Pro,9.0,-189.89519032453393
RETAIL_00266,2024-11-01,London-RegentSt,Vision Pro,6.0,2895.3565445348004
RETAIL_00267,2024-09-14,Sydney-GeorgeSt,AirPods Max,9.0,-195.3323141984373
RETAIL_00268,2024-11-14,Sydney-GeorgeSt,AirPods Max,4.0,2947.6771366140556
RETAIL_00269,2024-09-28,Tokyo-Ginza,Apple Watch Ultra,3.0,118.74799370840844
RETAIL_00270,2024-07-12,London-RegentSt,iPad Pro,3.0,-291.0485507402843
RETAIL_00271,2024-08-21,Tokyo-Ginza,iPad Pro,6.0,2595.9080994050087
RETAIL_00272,2024-10-18,Paris-Opera,iPad Pro,9.0,3228.5791544768454
RETAIL_00273,2024-08-25,Tokyo-Ginza,AirPods Max,4.0,3151.2717055498492
RETAIL_00274,2024-09-20,NYC-FifthAve,MacBook Air M3,5.0,330.1294461993583
RETAIL_00275,2024-12-04,London-RegentSt,Vision Pro,2.0,607.9073955180734
RETAIL_00276,2024-07-01,NYC-FifthAve,iPad Pro,7.0,2052.7135324489495
RETAIL_00277,2024-07-04,NYC-FifthAve,iPad Pro,7.0,1549.3365129157905
RETAIL_00278,2024-10-07,Sydney-GeorgeSt,Apple Watch Ultra,8.0,2760.5877598857437
RETAIL_00279,2024-07-23,London-RegentSt,MacBook Air M3,8.0,2285.924989871209
RETAIL_00280,2024-09-18,Paris-Opera,AirPods Max,7.0,3477.4845845761934
RETAIL_00281,2024-09-27,Sydney-GeorgeSt,iPad Pro,2.0,1664.129541588938
RETAIL_00282,2024-09-29,NYC-FifthAve,iPad Pro,7.0,789.4877287047746
RETAIL_00283,2024-09-25,Tokyo-Ginza,iPhone 15 Pro,6.0,1635.751879037754
RETAIL_00284,2024-07-15,Tokyo-Ginza,Vision Pro,8.0,2751.1891170420663
RETAIL_00285,2024-08-14,Tokyo-Ginza,iPad Pro,1.0,32.65257809011723
RETAIL_00286,2024-07-09,NYC-FifthAve,Apple Watch Ultra,8.0,-391.49746281950394
RETAIL_00287,2024-11-18,NYC-FifthAve,AirPods Max,6.0,1280.9096667504245
RETAIL_00288,2024-12-01,London-RegentSt,iPad Pro,2.0,2928.831703580589
RETAIL_00289,2024-07-26,Sydney-GeorgeSt,iPhone 15 Pro,5.0,3347.9405978041855
RETAIL_00290,2024-08-06,Sydney-GeorgeSt,Apple Watch Ultra,,648.2894962297362
RETAIL_00291,2024-09-18,NYC-FifthAve,iPad Pro,6.0,2768.4624916028583
RETAIL_00292,2024-10-03,NYC-FifthAve,AirPods Max,5.0,3583.7785716942844
RETAIL_00293,2024-07-31,Tokyo-Ginza,MacBook Air M3,1.0,1144.2595555008984
RETAIL_00294,2024-12-22,London-RegentSt,AirPods Max,6.0,2450.2894620024495
RETAIL_00295,2024-10-13,Paris-Opera,MacBook Air M3,9.0,1454.7770224480973
RETAIL_00296,2024-10-25,Sydney-GeorgeSt,Apple Watch Ultra,6.0,-314.56086916304173
RETAIL_00297,2024-09-28,London-RegentSt,iPhone 15 Pro,8.0,2459.5484520668365
RETAIL_00298,2024-12-25,Tokyo-Ginza,MacBook Air M3,9.0,3299.850170241985
RETAIL_00299,2024-08-26,NYC-FifthAve,MacBook Air M3,4.0,-320.201831419056
RETAIL_00300,2024-11-11,Paris-Opera,AirPods Max,4.0,1340.6220441159176
RETAIL_00301,2024-09-21,Sydney-GeorgeSt,iPad Pro,6.0,3160.5455721030303
RETAIL_00302,2024-09-09,Sydney-GeorgeSt,MacBook Air M3,6.0,2921.8753470843735
RETAIL_00303,2024-11-07,Paris-Opera,AirPods Max,4.0,2066.59668618054
RETAIL_00304,2024-09-10,Sydney-GeorgeSt,iPhone 15 Pro,7.0,1441.1573473210226
RETAIL_00305,2024-08-01,Sydney-GeorgeSt,iPad Pro,,478.972435064611
RETAIL_00306,2024-11-29,NYC-FifthAve,iPad Pro,9.0,363.92920402291804
RETAIL_00307,2024-09-20,Sydney-GeorgeSt,Vision Pro,6.0,1326.826553528152
RETAIL_00308,2024-07-08,Paris-Opera,Apple Watch Ultra,9.0,3831.379179639499
RETAIL_00309,2024-10-25,Paris-Opera,MacBook Air M3,5.0,-276.267683804139
RETAIL_00310,2024-07-09,Tokyo-Ginza,Apple Watch Ultra,3.0,549.5470785352577
RETAIL_00311,2024-09-23,Tokyo-Ginza,iPad Pro,2.0,770.3640400512986
RETAIL_00312,2024-11-20,Tokyo-Ginza,MacBook Air M3,6.0,3999.1997441265557
RETAIL_00313,2024-12-19,Sydney-GeorgeSt,iPad Pro,2.0,1789.074974594782
RETAIL_00314,2024-12-09,Tokyo-Ginza,iPhone 15 Pro,5.0,1942.8490796410256
RETAIL_00315,2024-12-06,Tokyo-Ginza,iPhone 15 Pro,1.0,-356.3584620145542
RETAIL_00316,2024-12-14,Tokyo-Ginza,MacBook Air M3,6.0,1712.6908124618035
RETAIL_00317,2024-07-11,Sydney-GeorgeSt,MacBook Air M3,6.0,2745.977903903656
RETAIL_00318,2024-11-14,Tokyo-Ginza,iPad Pro,4.0,-145.8184938416763
RETAIL_00319,2024-09-14,Sydney-GeorgeSt,iPhone 15 Pro,,93.56772473860394
RETAIL_00320,2024-11-01,Sydney-GeorgeSt,Vision Pro,4.0,2880.2492985803074
RETAIL_00321,2024-09-16,Paris-Opera,AirPods Max,7.0,80.35079733235318
RETAIL_00322,2024-08-06,London-RegentSt,Apple Watch Ultra,1.0,687.028461017233
RETAIL_00323,2024-11-29,Sydney-GeorgeSt,iPad Pro,7.0,1171.4841815456723
RETAIL_00324,2024-12-13,London-RegentSt,Vision Pro,7.0,756.3851102046083
RETAIL_00325,2024-12-21,Tokyo-Ginza,MacBook Air M3,6.0,620.424698041814
RETAIL_00326,2024-09-11,Tokyo-Ginza,Vision Pro,4.0,2014.6037545929835
RETAIL_00327,2024-10-29,Sydney-GeorgeSt,iPad Pro,3.0,2373.564001303543
RETAIL_00328,2024-09-10,Tokyo-Ginza,AirPods Max,8.0,1435.7400363152483
RETAIL_00329,2024-12-01,London-RegentSt,Vision Pro,6.0,1894.8383177289802
RETAIL_00330,2024-07-23,Tokyo-Ginza,MacBook Air M3,3.0,3849.5096204244237
RETAIL_00331,2024-11-04,Sydney-GeorgeSt,iPhone 15 Pro,2.0,3605.5888914511224
RETAIL_00332,2024-07-11,Tokyo-Ginza,AirPods Max,2.0,2707.3873983716308
RETAIL_00333,2024-10-30,Paris-Opera,iPhone 15 Pro,3.0,2226.1925209177093
RETAIL_00334,2024-11-06,NYC-FifthAve,iPad Pro,5.0,2101.9207255446827
RETAIL_00335,2024-09-03,London-RegentSt,iPhone 15 Pro,2.0,3121.6560744020703
RETAIL_00336,2024-08-14,Tokyo-Ginza,Vision Pro,5.0,-234.00000461845758
RETAIL_00337,2024-11-13,Tokyo-Ginza,iPhone 15 Pro,1.0,2765.631939096582
RETAIL_00338,2024-10-22,Tokyo-Ginza,iPad Pro,9.0,531.5762324741447
RETAIL_00339,2024-08-17,Tokyo-Ginza,iPhone 15 Pro,4.0,250.56273122465598
RETAIL_00340,2024-10-03,NYC-FifthAve,iPad Pro,8.0,-281.69658488170757
RETAIL_00341,2024-11-13,London-RegentSt,iPhone 15 Pro,4.0,34.400129198989816
RETAIL_00342,2024-09-20,Sydney-GeorgeSt,MacBook Air M3,8.0,219.6822985578441
RETAIL_00343,2024-12-03,Tokyo-Ginza,AirPods Max,2.0,170.9405251122771
RETAIL_00344,2024-12-15,Paris-Opera,iPad Pro,2.0,2251.1652545180796
RETAIL_00345,2024-08-25,Tokyo-Ginza,Apple Watch Ultra,6.0,3434.9745332233474
RETAIL_00346,2024-09-27,London-RegentSt,iPad Pro,5.0,1530.9846204517867
RETAIL_00347,2024-11-10,Sydney-GeorgeSt,iPad Pro,2.0,876.6359938311298
RETAIL_00348,2024-09-29,NYC-FifthAve,Apple Watch Ultra,7.0,1357.9961343941116
RETAIL_00349,2024-07-18,NYC-FifthAve,Vision Pro,,487.84736076842796
RETAIL_00350,2024-11-11,London-RegentSt,Vision Pro,2.0,3749.178385602074
RETAIL_00351,2024-12-26,Paris-Opera,iPad Pro,9.0,1875.5337281952666
RETAIL_00352,2024-08-27,NYC-FifthAve,iPhone 15 Pro,4.0,3676.2426391349227
RETAIL_00353,2024-10-14,Paris-Opera,MacBook Air M3,3.0,3192.8914628423026
RETAIL_00354,2024-08-04,Paris-Opera,iPad Pro,5.0,-18.78771426915239
RETAIL_00355,2024-10-11,NYC-FifthAve,Apple Watch Ultra,,-369.3440179597437
RETAIL_00356,2024-07-23,NYC-FifthAve,AirPods Max,2.0,355.0418267406353
RETAIL_00357,2024-07-22,Sydney-GeorgeSt,iPad Pro,2.0,3733.7405560510488
RETAIL_00358,2024-11-22,Tokyo-Ginza,iPad Pro,8.0,1153.9281489348207
RETAIL_00359,2024-12-03,Paris-Opera,iPad Pro,,1527.4964258849689
RETAIL_00360,2024-09-19,NYC-FifthAve,AirPods Max,9.0,1056.808705270503
RETAIL_00361,2024-10-19,Sydney-GeorgeSt,AirPods Max,2.0,1980.347617935166
RETAIL_00362,2024-12-05,Sydney-GeorgeSt,AirPods Max,5.0,-495.08806539669376
RETAIL_00363,2024-12-08,Paris-Opera,MacBook Air M3,2.0,3394.7924737276608
RETAIL_00364,2024-09-28,Paris-Opera,AirPods Max,9.0,1074.0803385749255
RETAIL_00365,2024-10-23,Sydney-GeorgeSt,AirPods Max,1.0,1958.3413144549631
RETAIL_00366,2024-12-17,NYC-FifthAve,MacBook Air M3,9.0,-489.89431185055133
RETAIL_00367,2024-11-21,Paris-Opera,MacBook Air M3,7.0,893.3989436822426
RETAIL_00368,2024-11-03,Paris-Opera,iPad Pro,4.0,2253.257745696314
RETAIL_00369,2024-11-13,London-RegentSt,Apple Watch Ultra,,2349.641746970451
RETAIL_00370,2024-11-10,Sydney-GeorgeSt,AirPods Max,5.0,2966.5125476357007
RETAIL_00371,2024-12-12,Tokyo-Ginza,AirPods Max,2.0,2194.951173197648
RETAIL_00372,2024-07-19,NYC-FifthAve,iPad Pro,6.0,726.5725123828652
RETAIL_00373,2024-07-26,London-RegentSt,Vision Pro,5.0,1517.2982126484042
RETAIL_00374,2024-12-02,London-RegentSt,iPhone 15 Pro,7.0,2380.986419651523
RETAIL_00375,2024-08-28,Sydney-GeorgeSt,iPad Pro,3.0,2108.9425400522914
RETAIL_00376,2024-07-01,London-RegentSt,iPhone 15 Pro,4.0,2712.3135233292705
RETAIL_00377,2024-09-22,NYC-FifthAve,AirPods Max,5.0,3643.8967888741963
RETAIL_00378,2024-07-18,NYC-FifthAve,iPad Pro,7.0,1598.6385347467508
RETAIL_00379,2024-09-20,NYC-FifthAve,Vision Pro,,3760.9844996857755
RETAIL_00380,2024-12-17,Tokyo-Ginza,Vision Pro,7.0,-33.12420385759748
RETAIL_00381,2024-07-09,NYC-FifthAve,Vision Pro,,159.41447855083004
RETAIL_00382,2024-07-10,Tokyo-Ginza,iPad Pro,8.0,2137.300116975065
RETAIL_00383,2024-12-23,Tokyo-Ginza,iPhone 15 Pro,7.0,3913.980073577507
RETAIL_00384,2024-07-03,NYC-FifthAve,Vision Pro,8.0,2959.8787991156632
RETAIL_00385,2024-07-03,Tokyo-Ginza,iPad Pro,2.0,-14.601765575341403
RETAIL_00386,2024-08-09,London-RegentSt,MacBook Air M3,8.0,2224.4127064602562
RETAIL_00387,2024-10-13,London-RegentSt,iPad Pro,9.0,-51.39483541682915
RETAIL_00388,2024-12-24,Tokyo-Ginza,Vision Pro,1.0,766.8359160988778
RETAIL_00389,2024-08-22,Paris-Opera,iPhone 15 Pro,2.0,1309.4173723494857
RETAIL_00390,2024-12-27,NYC-FifthAve,Vision Pro,,3599.4721041838384
RETAIL_00391,2024-10-13,London-RegentSt,iPad Pro,5.0,3091.0698341700354
RETAIL_00392,2024-10-23,Paris-Opera,AirPods Max,4.0,1980.4481911147295
RETAIL_00393,2024-12-23,Paris-Opera,MacBook Air M3,4.0,-275.59020962011596
RETAIL_00394,2024-07-07,London-RegentSt,Vision Pro,6.0,627.2719110713126
RETAIL_00395,2024-12-15,NYC-FifthAve,Apple Watch Ultra,6.0,2393.9210119854883
RETAIL_00396,2024-09-27,Paris-Opera,MacBook Air M3,5.0,3293.564596802332
RETAIL_00397,2024-07-10,Sydney-GeorgeSt,AirPods Max,7.0,2410.341637380465
RETAIL_00398,2024-09-04,London-RegentSt,iPad Pro,6.0,1190.7410558787383
RETAIL_00399,2024-07-06,Sydney-GeorgeSt,iPhone 15 Pro,1.0,2562.4734266654823
RETAIL_00400,2024-08-27,Sydney-GeorgeSt,Vision Pro,6.0,-346.4154316796995
RETAIL_00401,2024-08-18,NYC-FifthAve,iPad Pro,9.0,1089.9914641864912
RETAIL_00402,2024-09-25,London-RegentSt,iPad Pro,3.0,3804.1649375405214
RETAIL_00403,2024-07-13,Paris-Opera,MacBook Air M3,8.0,3397.567265923766
RETAIL_00404,2024-08-29,London-RegentSt,Apple Watch Ultra,3.0,3805.750876461656
RETAIL_00405,2024-11-28,Paris-Opera,Apple Watch Ultra,3.0,3128.4803868131135
RETAIL_00406,2024-12-04,London-RegentSt,iPhone 15 Pro,3.0,451.14989716800926
RETAIL_00407,2024-08-31,Paris-Opera,iPad Pro,8.0,3366.2602890091916
RETAIL_00408,2024-09-16,London-RegentSt,Apple Watch Ultra,6.0,658.8130081027166
RETAIL_00409,2024-12-24,Tokyo-Ginza,MacBook Air M3,4.0,1630.5625858889603
RETAIL_00410,2024-07-24,NYC-FifthAve,Vision Pro,5.0,1484.52144920248
RETAIL_00411,2024-10-31,NYC-FifthAve,Vision Pro,6.0,-407.1801559380604
RETAIL_00412,2024-12-25,Tokyo-Ginza,iPad Pro,4.0,296.7376164250853
RETAIL_00413,2024-09-23,Paris-Opera,MacBook Air M3,1.0,138.39963772812519
RETAIL_00414,2024-10-16,Sydney-GeorgeSt,Vision Pro,2.0,1348.2137726581357
RETAIL_00415,2024-09-28,Tokyo-Ginza,Apple Watch Ultra,5.0,3065.149696801814
RETAIL_00416,2024-08-27,Sydney-GeorgeSt,AirPods Max,7.0,1221.9858332606861
RETAIL_00417,2024-08-16,Paris-Opera,MacBook Air M3,2.0,1148.3820347985152
RETAIL_00418,2024-12-01,Sydney-GeorgeSt,Apple Watch Ultra,7.0,-338.4915608403036
RETAIL_00419,2024-10-03,Sydney-GeorgeSt,Apple Watch Ultra,7.0,2800.227817142526
RETAIL_00420,2024-08-17,Sydney-GeorgeSt,iPad Pro,4.0,2064.5925101015764
RETAIL_00421,2024-10-10,Sydney-GeorgeSt,MacBook Air M3,8.0,1550.7941857603978
RETAIL_00422,2024-09-24,NYC-FifthAve,Vision Pro,2.0,820.9538180273505
RETAIL_00423,2024-11-14,Tokyo-Ginza,MacBook Air M3,9.0,3249.148798239559
RETAIL_00424,2024-08-28,London-RegentSt,iPad Pro,2.0,646.3393217185069
RETAIL_00425,2024-10-29,NYC-FifthAve,Apple Watch Ultra,2.0,3346.707159699554
RETAIL_00426,2024-12-10,London-RegentSt,AirPods Max,3.0,3986.078866171578
RETAIL_00427,2024-12-02,Sydney-GeorgeSt,MacBook Air M3,3.0,890.9672120138389
RETAIL_00428,2024-10-21,Sydney-GeorgeSt,Vision Pro,1.0,1599.5276731446784
RETAIL_00429,2024-10-09,Sydney-GeorgeSt,MacBook Air M3,9.0,3869.1431814765665
RETAIL_00430,2024-10-27,Tokyo-Ginza,iPad Pro,1.0,3966.3723111790177
RETAIL_00431,2024-07-25,NYC-FifthAve,AirPods Max,8.0,2312.3651726080466
RETAIL_00432,2024-07-09,Sydney-GeorgeSt,iPad Pro,2.0,-63.188023302785155
RETAIL_00433,2024-12-05,Paris-Opera,MacBook Air M3,6.0,2073.77995728639
RETAIL_00434,2024-09-15,Sydney-GeorgeSt,Apple Watch Ultra,6.0,2877.9581311226975
RETAIL_00435,2024-07-24,NYC-FifthAve,AirPods Max,6.0,2231.645072183933
RETAIL_00436,2024-09-11,London-RegentSt,MacBook Air M3,5.0,407.26004911607015
RETAIL_00437,2024-08-07,NYC-FifthAve,iPhone 15 Pro,3.0,1535.551838498402
RETAIL_00438,2024-07-16,Tokyo-Ginza,iPhone 15 Pro,8.0,2170.5755010332628
RETAIL_00439,2024-11-13,Tokyo-Ginza,iPhone 15 Pro,9.0,3232.7647331812827
RETAIL_00440,2024-12-13,Tokyo-Ginza,Vision Pro,2.0,3329.69101863656
RETAIL_00441,2024-08-01,NYC-FifthAve,MacBook Air M3,6.0,1948.2511083911527
RETAIL_00442,2024-10-26,NYC-FifthAve,AirPods Max,8.0,601.3262996818789
RETAIL_00443,2024-09-10,NYC-FifthAve,MacBook Air M3,1.0,1942.2506512221466
RETAIL_00444,2024-10-19,Sydney-GeorgeSt,MacBook Air M3,8.0,3875.436651118973
RETAIL_00445,2024-10-22,London-RegentSt,Vision Pro,6.0,3329.6196833578365
RETAIL_00446,2024-07-23,NYC-FifthAve,MacBook Air M3,4.0,-356.01565058286604
RETAIL_00447,2024-10-29,London-RegentSt,Vision Pro,6.0,-333.2923106119218
RETAIL_00448,2024-11-09,NYC-FifthAve,AirPods Max,3.0,583.5968947216231
RETAIL_00449,2024-08-13,London-RegentSt,Vision Pro,5.0,1239.0733486695733
RETAIL_00450,2024-12-19,Paris-Opera,Vision Pro,5.0,867.7835799776865
RETAIL_00451,2024-12-06,Paris-Opera,iPhone 15 Pro,3.0,2684.747470097764
RETAIL_00452,2024-08-01,NYC-FifthAve,iPad Pro,1.0,886.3419819534884
RETAIL_00453,2024-12-14,Sydney-GeorgeSt,AirPods Max,9.0,1332.9546094925668
RETAIL_00454,2024-07-12,Sydney-GeorgeSt,AirPods Max,6.0,2697.696361037882
RETAIL_00455,2024-09-04,Tokyo-Ginza,iPhone 15 Pro,5.0,178.28987924171975
RETAIL_00456,2024-10-24,London-RegentSt,MacBook Air M3,7.0,1573.1455590242613
RETAIL_00457,2024-08-06,NYC-FifthAve,Vision Pro,2.0,2389.9975411470077
RETAIL_00458,2024-11-06,Tokyo-Ginza,AirPods Max,9.0,231.2732022663206
RETAIL_00459,2024-10-16,Sydney-GeorgeSt,MacBook Air M3,5.0,727.2382443620897
RETAIL_00460,2024-12-23,Sydney-GeorgeSt,Vision Pro,3.0,3387.1565075629846
RETAIL_00461,2024-09-16,Sydney-GeorgeSt,iPad Pro,6.0,944.8949168839054
RETAIL_00462,2024-08-28,London-RegentSt,iPad Pro,1.0,1176.178146268489
RETAIL_00463,2024-08-29,Tokyo-Ginza,AirPods Max,8.0,2321.4477981593723
RETAIL_00464,2024-11-12,Tokyo-Ginza,iPhone 15 Pro,4.0,858.2408404351761
RETAIL_00465,2024-07-04,London-RegentSt,Vision Pro,2.0,-264.37831612516607
RETAIL_00466,2024-09-29,Sydney-GeorgeSt,iPad Pro,5.0,1935.5379644251484
RETAIL_00467,2024-12-25,NYC-FifthAve,MacBook Air M3,1.0,3517.370520341582
RETAIL_00468,2024-10-21,Paris-Opera,iPhone 15 Pro,1.0,712.7710320540702
RETAIL_00469,2024-09-07,Paris-Opera,Apple Watch Ultra,8.0,1983.8502464120593
RETAIL_00470,2024-07-26,NYC-FifthAve,iPad Pro,4.0,-102.66013459617756
RETAIL_00471,2024-12-16,Paris-Opera,AirPods Max,8.0,3131.398313483937
RETAIL_00472,2024-07-23,Paris-Opera,Vision Pro,7.0,1070.6827560370327
RETAIL_00473,2024-09-26,Sydney-GeorgeSt,Vision Pro,6.0,-96.61429293647348
RETAIL_00474,2024-12-01,Tokyo-Ginza,iPad Pro,,2489.629164142376
RETAIL_00475,2024-11-16,NYC-FifthAve,iPhone 15 Pro,,83.13041706143315
RETAIL_00476,2024-12-18,Paris-Opera,iPhone 15 Pro,9.0,3198.560975775792
RETAIL_00477,2024-07-03,London-RegentSt,AirPods Max,9.0,149.64051491353462
RETAIL_00478,2024-07-16,Tokyo-Ginza,iPad Pro,8.0,1388.4160482508314
RETAIL_00479,2024-12-13,London-RegentSt,iPhone 15 Pro,9.0,390.22145322103074
RETAIL_00480,2024-07-09,NYC-FifthAve,iPhone 15 Pro,2.0,642.9435214225975
RETAIL_00481,2024-09-12,London-RegentSt,iPad Pro,6.0,72.59427734364897
RETAIL_00482,2024-09-25,Sydney-GeorgeSt,Apple Watch Ultra,5.0,2279.790473595835
RETAIL_00483,2024-08-08,Paris-Opera,MacBook Air M3,8.0,766.3623765560087
RETAIL_00484,2024-08-25,NYC-FifthAve,Apple Watch Ultra,8.0,-43.66219356334602
RETAIL_00485,2024-11-26,NYC-FifthAve,iPhone 15 Pro,9.0,1225.4175999125819
RETAIL_00486,2024-12-01,London-RegentSt,Vision Pro,9.0,265.22451805746675
RETAIL_00487,2024-09-15,Sydney-GeorgeSt,MacBook Air M3,7.0,1983.8511747800135
RETAIL_00488,2024-07-07,Paris-Opera,Apple Watch Ultra,3.0,1480.37550041842
RETAIL_00489,2024-10-03,Sydney-GeorgeSt,iPhone 15 Pro,4.0,1213.2439655596384
RETAIL_00490,2024-12-06,Tokyo-Ginza,iPhone 15 Pro,5.0,2325.155930815024
RETAIL_00491,2024-10-09,London-RegentSt,AirPods Max,1.0,1725.5419159434123
RETAIL_00492,2024-09-30,London-RegentSt,iPhone 15 Pro,7.0,642.4547772553367
RETAIL_00493,2024-08-22,London-RegentSt,Vision Pro,1.0,64.59425080627113
RETAIL_00494,2024-10-23,Paris-Opera,Apple Watch Ultra,7.0,2085.26947375629
RETAIL_00495,2024-11-19,London-RegentSt,iPhone 15 Pro,1.0,3219.2530014132763
RETAIL_00496,2024-11-04,London-RegentSt,MacBook Air M3,5.0,1915.898201879631
RETAIL_00497,2024-12-07,Paris-Opera,AirPods Max,1.0,-112.88230750908417
RETAIL_00498,2024-09-21,London-RegentSt,MacBook Air M3,8.0,-226.60821685390977
RETAIL_00499,2024-11-28,NYC-FifthAve,Apple Watch Ultra,3.0,495.48395234855275
RETAIL_00500,2024-10-06,NYC-FifthAve,MacBook Air M3,1.0,1820.0377512467285
RETAIL_00501,2024-10-23,London-RegentSt,Vision Pro,1.0,2170.0252322716187
RETAIL_00502,2024-08-09,London-RegentSt,MacBook Air M3,3.0,408.8086347356045
RETAIL_00503,2024-11-06,London-RegentSt,MacBook Air M3,5.0,1383.852352215906
RETAIL_00504,2024-07-12,Tokyo-Ginza,iPad Pro,4.0,2337.8678003165965
RETAIL_00505,2024-11-26,London-RegentSt,AirPods Max,3.0,1528.9340413100792
RETAIL_00506,2024-10-11,NYC-FifthAve,Vision Pro,7.0,1871.137152869946
RETAIL_00507,2024-08-08,Paris-Opera,Apple Watch Ultra,6.0,180.03404152358632
RETAIL_00508,2024-08-04,NYC-FifthAve,iPad Pro,4.0,3307.390877975651
RETAIL_00509,2024-08-16,Tokyo-Ginza,MacBook Air M3,4.0,3045.472397659504
RETAIL_00510,2024-08-09,Sydney-GeorgeSt,iPhone 15 Pro,7.0,1432.954519233713
RETAIL_00511,2024-10-25,NYC-FifthAve,AirPods Max,8.0,-31.146782793042178
RETAIL_00512,2024-09-12,Sydney-GeorgeSt,Vision Pro,6.0,3793.393088660714
RETAIL_00513,2024-08-30,Sydney-GeorgeSt,iPad Pro,3.0,2873.856394503908
RETAIL_00514,2024-10-22,Paris-Opera,AirPods Max,3.0,3685.218986386879
RETAIL_00515,2024-07-11,Tokyo-Ginza,iPad Pro,7.0,2154.9788111293697
RETAIL_00516,2024-09-15,London-RegentSt,iPad Pro,1.0,3649.0432922039963
RETAIL_00517,2024-07-24,NYC-FifthAve,iPhone 15 Pro,3.0,895.8983782637704
RETAIL_00518,2024-08-27,Paris-Opera,Apple Watch Ultra,7.0,2349.0352987826654
RETAIL_00519,2024-10-26,London-RegentSt,AirPods Max,1.0,-5.956746312765688
RETAIL_00520,2024-12-08,Sydney-GeorgeSt,iPhone 15 Pro,5.0,-262.84057435662385
RETAIL_00521,2024-07-04,Tokyo-Ginza,iPad Pro,7.0,1767.813869581053
RETAIL_00522,2024-08-06,Sydney-GeorgeSt,AirPods Max,7.0,3706.7465842235897
RETAIL_00523,2024-11-04,London-RegentSt,Apple Watch Ultra,3.0,3379.325209375518
RETAIL_00524,2024-12-27,Paris-Opera,Vision Pro,2.0,2504.029458037772
RETAIL_00525,2024-08-10,London-RegentSt,Apple Watch Ultra,6.0,1123.53088716188
RETAIL_00526,2024-07-30,Tokyo-Ginza,Apple Watch Ultra,4.0,354.69250238907466
RETAIL_00527,2024-10-07,Sydney-GeorgeSt,iPhone 15 Pro,3.0,1905.0767263381363
RETAIL_00528,2024-09-25,Paris-Opera,Vision Pro,8.0,2509.6173151208
RETAIL_00529,2024-12-20,London-RegentSt,iPad Pro,9.0,1529.6733826659192
RETAIL_00530,2024-09-11,Sydney-GeorgeSt,iPhone 15 Pro,7.0,13.826955945816621
RETAIL_00531,2024-07-28,NYC-FifthAve,MacBook Air M3,8.0,3804.8575606492577
RETAIL_00532,2024-09-21,Tokyo-Ginza,AirPods Max,5.0,1325.7836184490081
RETAIL_00533,2024-09-29,Paris-Opera,MacBook Air M3,8.0,3085.7757910810938
RETAIL_00534,2024-12-27,Paris-Opera,AirPods Max,7.0,1867.4087700269256
RETAIL_00535,2024-12-16,Paris-Opera,iPhone 15 Pro,6.0,2070.941132002157
RETAIL_00536,2024-10-03,NYC-FifthAve,MacBook Air M3,9.0,1366.0774862054973
RETAIL_00537,2024-11-14,Sydney-GeorgeSt,iPhone 15 Pro,9.0,2755.916208831843
RETAIL_00538,2024-08-04,NYC-FifthAve,Vision Pro,5.0,1012.2297081276665
RETAIL_00539,2024-07-05,Paris-Opera,Vision Pro,4.0,-467.27158334633793
RETAIL_00540,2024-08-21,London-RegentSt,AirPods Max,7.0,3702.18383074517
RETAIL_00541,2024-09-04,Sydney-GeorgeSt,Vision Pro,9.0,3754.946029791862
RETAIL_00542,2024-07-16,Sydney-GeorgeSt,MacBook Air M3,9.0,2986.180906070027
RETAIL_00543,2024-11-12,Sydney-GeorgeSt,AirPods Max,8.0,2973.892356553948
RETAIL_00544,2024-10-23,London-RegentSt,Vision Pro,3.0,761.9239077622519
RETAIL_00545,2024-07-13,London-RegentSt,Vision Pro,7.0,3873.9554436132685
RETAIL_00546,2024-10-14,Paris-Opera,iPhone 15 Pro,6.0,1195.417044967676
RETAIL_00547,2024-07-29,Paris-Opera,Vision Pro,9.0,3000.234906130917
RETAIL_00548,2024-11-02,Sydney-GeorgeSt,iPhone 15 Pro,5.0,3675.785147345344
RETAIL_00549,2024-08-15,Paris-Opera,iPhone 15 Pro,4.0,1208.6735018974994
RETAIL_00550,2024-10-18,Paris-Opera,Vision Pro,5.0,3078.8816485500142
RETAIL_00551,2024-09-26,Sydney-GeorgeSt,iPhone 15 Pro,1.0,3840.662243954208
RETAIL_00552,2024-10-20,London-RegentSt,AirPods Max,2.0,3501.998341348499
RETAIL_00553,2024-09-22,London-RegentSt,iPad Pro,6.0,3335.2721466823587
RETAIL_00554,2024-10-31,Sydney-GeorgeSt,iPhone 15 Pro,6.0,659.516409240689
RETAIL_00555,2024-11-27,Sydney-GeorgeSt,Apple Watch Ultra,8.0,760.9129021251397
RETAIL_00556,2024-11-05,Paris-Opera,iPhone 15 Pro,4.0,3226.0818349341916
RETAIL_00557,2024-10-14,Sydney-GeorgeSt,Apple Watch Ultra,4.0,2559.7997494318315
RETAIL_00558,2024-08-28,NYC-FifthAve,AirPods Max,8.0,2836.3895088834993
RETAIL_00559,2024-08-25,Sydney-GeorgeSt,iPad Pro,7.0,1560.5580346516203
RETAIL_00560,2024-11-11,London-RegentSt,iPad Pro,8.0,3639.2846079490437
RETAIL_00561,2024-08-16,Tokyo-Ginza,iPad Pro,3.0,668.8089871003656
RETAIL_00562,2024-12-02,NYC-FifthAve,iPad Pro,6.0,145.15218496022362
RETAIL_00563,2024-11-26,Paris-Opera,iPhone 15 Pro,2.0,2705.933797082262
RETAIL_00564,2024-07-29,Tokyo-Ginza,Apple Watch Ultra,8.0,3726.4562198048143
RETAIL_00565,2024-08-18,Tokyo-Ginza,iPad Pro,7.0,1445.1964365906315
RETAIL_00566,2024-08-18,Tokyo-Ginza,iPad Pro,7.0,2571.930406001477
RETAIL_00567,2024-12-05,Tokyo-Ginza,Vision Pro,5.0,873.6809305783663
RETAIL_00568,2024-08-14,NYC-FifthAve,Apple Watch Ultra,6.0,1946.022653625114
RETAIL_00569,2024-10-25,Paris-Opera,Vision Pro,8.0,2707.992170737357
RETAIL_00570,2024-07-15,NYC-FifthAve,iPad Pro,9.0,2905.801582584929
RETAIL_00571,2024-11-05,Tokyo-Ginza,iPhone 15 Pro,2.0,3052.7597925192667
RETAIL_00572,2024-12-21,NYC-FifthAve,MacBook Air M3,7.0,1254.1271381086344
RETAIL_00573,2024-07-23,Sydney-GeorgeSt,Vision Pro,3.0,-360.3720091188548
RETAIL_00574,2024-11-27,Paris-Opera,AirPods Max,5.0,2027.5283147752498
RETAIL_00575,2024-12-10,Paris-Opera,iPad Pro,6.0,2637.5491319812177
RETAIL_00576,2024-11-23,London-RegentSt,MacBook Air M3,2.0,-61.35940444468554
RETAIL_00577,2024-07-22,Sydney-GeorgeSt,Apple Watch Ultra,7.0,3817.289795913617
RETAIL_00578,2024-09-18,NYC-FifthAve,Vision Pro,4.0,2630.7873761457913
RETAIL_00579,2024-09-17,Tokyo-Ginza,AirPods Max,9.0,247.9697253553535
RETAIL_00580,2024-12-01,Sydney-GeorgeSt,iPad Pro,2.0,404.99980534780923
RETAIL_00581,2024-10-24,London-RegentSt,AirPods Max,4.0,630.3019528022917
RETAIL_00582,2024-09-30,Sydney-GeorgeSt,Vision Pro,3.0,2564.6685488750563
RETAIL_00583,2024-09-19,London-RegentSt,AirPods Max,8.0,1070.122878293951
RETAIL_00584,2024-11-07,Paris-Opera,iPhone 15 Pro,3.0,1489.5883402167103
RETAIL_00585,2024-10-15,Tokyo-Ginza,AirPods Max,1.0,651.725309544818
RETAIL_00586,2024-12-07,London-RegentSt,iPhone 15 Pro,4.0,3473.804650225911
RETAIL_00587,2024-10-07,Tokyo-Ginza,Apple Watch Ultra,4.0,1751.9594125745975
RETAIL_00588,2024-09-24,Tokyo-Ginza,iPhone 15 Pro,6.0,3041.7524313057984
RETAIL_00589,2024-07-18,Sydney-GeorgeSt,iPhone 15 Pro,6.0,-0.7898116896001852
RETAIL_00590,2024-10-05,NYC-FifthAve,AirPods Max,3.0,1864.7731441785736
RETAIL_00591,2024-10-13,Tokyo-Ginza,MacBook Air M3,5.0,3119.613301013496
RETAIL_00592,2024-08-29,Sydney-GeorgeSt,Apple Watch Ultra,9.0,-493.47357533992783
RETAIL_00593,2024-11-25,London-RegentSt,iPhone 15 Pro,4.0,3706.3406333964213
RETAIL_00594,2024-10-07,NYC-FifthAve,iPad Pro,8.0,1535.1824313562379
RETAIL_00595,2024-07-11,Paris-Opera,AirPods Max,8.0,-446.0394018728514
RETAIL_00596,2024-11-17,Tokyo-Ginza,iPad Pro,4.0,150.59600408368783
RETAIL_00597,2024-10-17,Paris-Opera,Apple Watch Ultra,1.0,2099.6747545695366
RETAIL_00598,2024-08-01,Tokyo-Ginza,Apple Watch Ultra,9.0,2538.9458920722777
RETAIL_00599,2024-10-11,London-RegentSt,Apple Watch Ultra,7.0,484.52966962312166
RETAIL_00600,2024-07-17,London-RegentSt,iPad Pro,3.0,1685.3475775981256
RETAIL_00601,2024-09-30,Sydney-GeorgeSt,Vision Pro,2.0,430.30887538708225
RETAIL_00602,2024-09-02,NYC-FifthAve,iPhone 15 Pro,7.0,3484.580785392266
RETAIL_00603,2024-09-13,Sydney-GeorgeSt,Apple Watch Ultra,3.0,2121.137803993479
RETAIL_00604,2024-11-10,Tokyo-Ginza,MacBook Air M3,3.0,1268.8293930916523
RETAIL_00605,2024-11-23,Tokyo-Ginza,AirPods Max,4.0,1634.0588401837226
RETAIL_00606,2024-08-18,London-RegentSt,Vision Pro,9.0,1321.7161382306826
RETAIL_00607,2024-11-15,NYC-FifthAve,iPhone 15 Pro,7.0,2412.428561671844
RETAIL_00608,2024-11-24,Paris-Opera,iPhone 15 Pro,7.0,3010.135484170018
RETAIL_00609,2024-09-09,NYC-FifthAve,Apple Watch Ultra,7.0,1499.7262453938386
RETAIL_00610,2024-11-23,Tokyo-Ginza,iPhone 15 Pro,9.0,1118.019360658731
RETAIL_00611,2024-09-25,London-RegentSt,Apple Watch Ultra,2.0,3164.5002424313625
RETAIL_00612,2024-11-27,Paris-Opera,MacBook Air M3,5.0,34.67311269316224
RETAIL_00613,2024-07-29,NYC-FifthAve,AirPods Max,2.0,1226.9384072683754
RETAIL_00614,2024-12-07,Sydney-GeorgeSt,iPhone 15 Pro,6.0,2753.0504520039362
RETAIL_00615,2024-08-30,Sydney-GeorgeSt,Vision Pro,3.0,3269.1335040435065
RETAIL_00616,2024-08-13,Paris-Opera,Vision Pro,,2231.8688376452765
RETAIL_00617,2024-10-19,London-RegentSt,iPad Pro,9.0,-74.31808108534585
RETAIL_00618,2024-07-12,London-RegentSt,iPad Pro,9.0,465.1796531168429
RETAIL_00619,2024-11-28,Sydney-GeorgeSt,MacBook Air M3,,-13.6881712348532
RETAIL_00620,2024-10-14,Sydney-GeorgeSt,MacBook Air M3,5.0,-59.39498442135431
RETAIL_00621,2024-08-30,Paris-Opera,iPhone 15 Pro,2.0,3056.441104658896
RETAIL_00622,2024-07-31,Paris-Opera,MacBook Air M3,6.0,1941.5697214171623
RETAIL_00623,2024-07-07,Paris-Opera,iPhone 15 Pro,4.0,1807.396528359604
RETAIL_00624,2024-10-12,Paris-Opera,AirPods Max,5.0,814.0993780586095
RETAIL_00625,2024-07-27,Paris-Opera,AirPods Max,3.0,235.84428038856504
RETAIL_00626,2024-09-14,London-RegentSt,iPad Pro,6.0,3032.2270681805567
RETAIL_00627,2024-08-14,Paris-Opera,MacBook Air M3,3.0,3975.149099684302
RETAIL_00628,2024-07-15,Sydney-GeorgeSt,iPad Pro,6.0,3169.038217619964
RETAIL_00629,2024-11-18,Sydney-GeorgeSt,Apple Watch Ultra,7.0,1642.1919112477312
RETAIL_00630,2024-11-16,Sydney-GeorgeSt,MacBook Air M3,4.0,3195.1815425780637
RETAIL_00631,2024-10-31,Sydney-GeorgeSt,iPad Pro,8.0,2664.552352505452
RETAIL_00632,2024-08-01,Sydney-GeorgeSt,Vision Pro,5.0,2796.0264890902126
RETAIL_00633,2024-10-24,Sydney-GeorgeSt,iPad Pro,,-270.60456439095816
RETAIL_00634,2024-10-29,Sydney-GeorgeSt,Vision Pro,9.0,1143.1226571642826
RETAIL_00635,2024-07-31,Tokyo-Ginza,Vision Pro,3.0,2898.07055200359
RETAIL_00636,2024-08-12,Tokyo-Ginza,AirPods Max,6.0,2067.5519016585376
RETAIL_00637,2024-08-15,Tokyo-Ginza,iPad Pro,8.0,1010.137945846827
RETAIL_00638,2024-07-27,London-RegentSt,iPad Pro,3.0,427.123173644242
RETAIL_00639,2024-12-19,NYC-FifthAve,Apple Watch Ultra,8.0,-489.9535108515106
RETAIL_00640,2024-08-14,Tokyo-Ginza,iPhone 15 Pro,5.0,60.720563287515915
RETAIL_00641,2024-08-13,Tokyo-Ginza,iPhone 15 Pro,5.0,2957.94649415931
RETAIL_00642,2024-08-01,Paris-Opera,iPad Pro,3.0,176.5755666365361
RETAIL_00643,2024-11-02,Sydney-GeorgeSt,iPad Pro,7.0,-142.49443865497256
RETAIL_00644,2024-09-14,NYC-FifthAve,AirPods Max,2.0,2873.5877096288596
RETAIL_00645,2024-12-17,London-RegentSt,Vision Pro,9.0,721.3007179207816
RETAIL_00646,2024-11-04,Tokyo-Ginza,MacBook Air M3,8.0,3174.3989435524218
RETAIL_00647,2024-09-14,Sydney-GeorgeSt,AirPods Max,7.0,1025.1723701059047
RETAIL_00648,2024-11-29,NYC-FifthAve,MacBook Air M3,3.0,424.5641933366527
RETAIL_00649,2024-08-21,Paris-Opera,iPad Pro,5.0,3463.442552236463
RETAIL_00650,2024-08-11,Sydney-GeorgeSt,Apple Watch Ultra,,1175.8205345149927
RETAIL_00651,2024-08-22,NYC-FifthAve,AirPods Max,9.0,261.1191699511321
RETAIL_00652,2024-08-29,NYC-FifthAve,iPad Pro,7.0,1147.6905822277445
RETAIL_00653,2024-10-26,Sydney-GeorgeSt,AirPods Max,5.0,3134.4075759845746
RETAIL_00654,2024-09-11,Tokyo-Ginza,Apple Watch Ultra,4.0,509.97425460617467
RETAIL_00655,2024-09-22,Paris-Opera,AirPods Max,8.0,2167.275906579373
RETAIL_00656,2024-10-07,NYC-FifthAve,iPhone 15 Pro,4.0,-439.16215953254436
RETAIL_00657,2024-09-15,Sydney-GeorgeSt,iPad Pro,7.0,-488.68546512075824
RETAIL_00658,2024-07-03,Sydney-GeorgeSt,iPhone 15 Pro,3.0,-446.51116018677345
RETAIL_00659,2024-12-02,Tokyo-Ginza,Vision Pro,6.0,3892.3827436981674
RETAIL_00660,2024-07-24,Tokyo-Ginza,Apple Watch Ultra,1.0,2316.011947988025
RETAIL_00661,2024-09-19,Paris-Opera,MacBook Air M3,8.0,3580.1095248272886
RETAIL_00662,2024-10-06,Paris-Opera,MacBook Air M3,1.0,3337.52919291501
RETAIL_00663,2024-08-15,Paris-Opera,MacBook Air M3,5.0,2200.6869163312663
RETAIL_00664,2024-08-08,Sydney-GeorgeSt,Apple Watch Ultra,9.0,1685.4694402296077
RETAIL_00665,2024-07-25,NYC-FifthAve,MacBook Air M3,1.0,124.52264806121298
RETAIL_00666,2024-08-22,Sydney-GeorgeSt,MacBook Air M3,3.0,59.514580477593654
RETAIL_00667,2024-12-10,Sydney-GeorgeSt,iPad Pro,3.0,3990.1339494269823
RETAIL_00668,2024-11-11,Paris-Opera,iPhone 15 Pro,3.0,-469.11667735556045
RETAIL_00669,2024-10-30,London-RegentSt,MacBook Air M3,9.0,2962.3243040937223
RETAIL_00670,2024-08-15,Tokyo-Ginza,Vision Pro,4.0,2769.355623610824
RETAIL_00671,2024-08-22,Tokyo-Ginza,Vision Pro,8.0,908.7550924737536
RETAIL_00672,2024-07-01,NYC-FifthAve,Apple Watch Ultra,4.0,1891.4660170874413
RETAIL_00673,2024-10-13,London-RegentSt,iPhone 15 Pro,,-324.7355349523488
RETAIL_00674,2024-12-21,Sydney-GeorgeSt,iPad Pro,5.0,-449.5949807529416
RETAIL_00675,2024-09-07,Tokyo-Ginza,AirPods Max,,203.16242945940542
RETAIL_00676,2024-09-23,Tokyo-Ginza,AirPods Max,5.0,1923.4154594534066
RETAIL_00677,2024-12-13,Tokyo-Ginza,Vision Pro,4.0,1757.1507100301187
RETAIL_00678,2024-10-26,London-RegentSt,iPhone 15 Pro,8.0,1179.1684162883205
RETAIL_00679,2024-11-05,London-RegentSt,Apple Watch Ultra,5.0,1190.903703281104
RETAIL_00680,2024-12-16,Sydney-GeorgeSt,AirPods Max,6.0,1669.345704561455
RETAIL_00681,2024-08-17,Paris-Opera,Apple Watch Ultra,2.0,1316.4932267500924
RETAIL_00682,2024-08-17,Sydney-GeorgeSt,iPad Pro,1.0,1596.8249123207402
RETAIL_00683,2024-11-25,Sydney-GeorgeSt,iPad Pro,9.0,2086.571410538363
RETAIL_00684,2024-09-06,NYC-FifthAve,iPad Pro,1.0,3346.910611524742
RETAIL_00685,2024-12-06,Sydney-GeorgeSt,MacBook Air M3,7.0,1372.6770524392327
RETAIL_00686,2024-11-25,London-RegentSt,MacBook Air M3,6.0,-203.7964192783523
RETAIL_00687,2024-11-03,Tokyo-Ginza,iPad Pro,,1388.2090942035807
RETAIL_00688,2024-07-13,NYC-FifthAve,Vision Pro,5.0,1829.0758809063832
RETAIL_00689,2024-12-05,Paris-Opera,iPad Pro,4.0,1239.4401257776028
RETAIL_00690,2024-07-17,Tokyo-Ginza,Apple Watch Ultra,,2861.8048043958224
RETAIL_00691,2024-11-22,Tokyo-Ginza,AirPods Max,6.0,1563.4464904370852
RETAIL_00692,2024-09-10,Paris-Opera,iPad Pro,3.0,-92.2864279758889
RETAIL_00693,2024-11-30,London-RegentSt,AirPods Max,4.0,1489.9012652975719
RETAIL_00694,2024-08-21,Paris-Opera,iPhone 15 Pro,6.0,1349.1053190978407
RETAIL_00695,2024-07-03,Paris-Opera,MacBook Air M3,8.0,-347.57004799479625
RETAIL_00696,2024-10-19,NYC-FifthAve,iPhone 15 Pro,1.0,466.9354953280547
RETAIL_00697,2024-08-22,Sydney-GeorgeSt,MacBook Air M3,2.0,2164.900810038313
RETAIL_00698,2024-10-01,London-RegentSt,iPad Pro,2.0,1543.4739545600557
RETAIL_00699,2024-07-30,Tokyo-Ginza,AirPods Max,9.0,2906.922581824788
RETAIL_00700,2024-11-15,Paris-Opera,iPhone 15 Pro,3.0,649.0270047072793
RETAIL_00701,2024-11-19,NYC-FifthAve,Apple Watch Ultra,8.0,400.32400367169305
RETAIL_00702,2024-10-04,Paris-Opera,Apple Watch Ultra,3.0,127.37644179517758
RETAIL_00703,2024-11-25,NYC-FifthAve,Vision Pro,8.0,278.81068793537236
RETAIL_00704,2024-10-25,London-RegentSt,MacBook Air M3,5.0,2673.2893684320957
RETAIL_00705,2024-10-03,Sydney-GeorgeSt,MacBook Air M3,1.0,2418.239880260982
RETAIL_00706,2024-07-08,Tokyo-Ginza,MacBook Air M3,7.0,2832.679690992414
RETAIL_00707,2024-12-13,London-RegentSt,iPhone 15 Pro,4.0,-48.41278742129447
RETAIL_00708,2024-09-28,Tokyo-Ginza,Vision Pro,1.0,2828.00368794687
RETAIL_00709,2024-10-22,Sydney-GeorgeSt,iPad Pro,3.0,-404.1507293288174
RETAIL_00710,2024-10-12,Tokyo-Ginza,Apple Watch Ultra,5.0,-254.34375326961543
RETAIL_00711,2024-10-19,Tokyo-Ginza,Apple Watch Ultra,1.0,255.49940663840107
RETAIL_00712,2024-12-02,Sydney-GeorgeSt,iPad Pro,2.0,3743.344730582706
RETAIL_00713,2024-12-21,London-RegentSt,iPad Pro,8.0,1949.170098142673
RETAIL_00714,2024-12-23,NYC-FifthAve,iPad Pro,6.0,3843.592339901248
RETAIL_00715,2024-07-05,Paris-Opera,iPad Pro,5.0,-163.9718141087186
RETAIL_00716,2024-09-05,Sydney-GeorgeSt,AirPods Max,7.0,2415.460780805362
RETAIL_00717,2024-12-08,Sydney-GeorgeSt,Apple Watch Ultra,7.0,563.0417288944952
RETAIL_00718,2024-10-28,Paris-Opera,iPad Pro,4.0,-401.9067083150168
RETAIL_00719,2024-11-10,NYC-FifthAve,iPhone 15 Pro,3.0,1755.0315279898891
RETAIL_00720,2024-10-01,Tokyo-Ginza,iPhone 15 Pro,7.0,2796.5982066609504
RETAIL_00721,2024-11-24,London-RegentSt,Vision Pro,1.0,-71.5186441876628
RETAIL_00722,2024-09-09,Paris-Opera,iPhone 15 Pro,7.0,1732.8949630049328
RETAIL_00723,2024-11-16,Paris-Opera,iPhone 15 Pro,2.0,3524.354221482759
RETAIL_00724,2024-10-12,Paris-Opera,iPad Pro,7.0,-197.09161960305715
RETAIL_00725,2024-09-01,Tokyo-Ginza,MacBook Air M3,8.0,180.5813324856041
RETAIL_00726,2024-10-23,NYC-FifthAve,iPhone 15 Pro,5.0,-112.19527657383821
RETAIL_00727,2024-12-14,Tokyo-Ginza,Vision Pro,6.0,974.3370776193135
RETAIL_00728,2024-08-30,Tokyo-Ginza,Apple Watch Ultra,4.0,2200.074286395914
RETAIL_00729,2024-08-18,Tokyo-Ginza,AirPods Max,7.0,2679.1747107384535
RETAIL_00730,2024-12-18,NYC-FifthAve,Apple Watch Ultra,9.0,169.45859285682582
RETAIL_00731,2024-08-18,Tokyo-Ginza,Apple Watch Ultra,4.0,2430.69117978023
RETAIL_00732,2024-07-23,Tokyo-Ginza,MacBook Air M3,6.0,3232.4009799404676
RETAIL_00733,2024-09-20,Tokyo-Ginza,Apple Watch Ultra,7.0,-21.78403638896816
RETAIL_00734,2024-11-06,Paris-Opera,MacBook Air M3,4.0,-162.17918339577386
RETAIL_00735,2024-11-15,London-RegentSt,MacBook Air M3,2.0,2372.9537984235885
RETAIL_00736,2024-08-03,NYC-FifthAve,Vision Pro,8.0,27.80444939431345
RETAIL_00737,2024-09-19,London-RegentSt,iPhone 15 Pro,1.0,2943.5670799048894
RETAIL_00738,2024-07-26,Tokyo-Ginza,MacBook Air M3,8.0,3451.624108902748
RETAIL_00739,2024-10-10,Paris-Opera,iPad Pro,4.0,1828.06234313384
RETAIL_00740,2024-08-23,Tokyo-Ginza,iPad Pro,9.0,1722.6205726736603
RETAIL_00741,2024-08-15,Tokyo-Ginza,AirPods Max,2.0,2629.070484287508
RETAIL_00742,2024-08-03,NYC-FifthAve,iPhone 15 Pro,3.0,2530.749373683111
RETAIL_00743,2024-11-02,Paris-Opera,AirPods Max,2.0,508.2358541455752
RETAIL_00744,2024-09-07,London-RegentSt,MacBook Air M3,2.0,1033.7677345763354
RETAIL_00745,2024-09-08,NYC-FifthAve,iPad Pro,4.0,2668.2569900441345
RETAIL_00746,2024-12-02,Tokyo-Ginza,Apple Watch Ultra,5.0,1040.0183901727041
RETAIL_00747,2024-12-19,Tokyo-Ginza,AirPods Max,3.0,3333.6611262598535
RETAIL_00748,2024-12-11,NYC-FifthAve,MacBook Air M3,1.0,1397.0930681678599
RETAIL_00749,2024-10-03,London-RegentSt,iPhone 15 Pro,2.0,241.60966265122545
RETAIL_00750,2024-09-10,Sydney-GeorgeSt,AirPods Max,1.0,596.3994913003796
RETAIL_00751,2024-09-09,Tokyo-Ginza,AirPods Max,1.0,-413.02783511581686
RETAIL_00752,2024-12-27,NYC-FifthAve,Vision Pro,,3640.63797264572
RETAIL_00753,2024-08-21,London-RegentSt,iPhone 15 Pro,2.0,370.146394016929
RETAIL_00754,2024-11-30,Paris-Opera,AirPods Max,3.0,3316.3402736901226
RETAIL_00755,2024-10-16,Paris-Opera,Apple Watch Ultra,2.0,271.0760933289024
RETAIL_00756,2024-07-27,Sydney-GeorgeSt,Apple Watch Ultra,9.0,3373.695673330777
RETAIL_00757,2024-10-22,NYC-FifthAve,iPhone 15 Pro,7.0,1841.2992889217708
RETAIL_00758,2024-11-17,NYC-FifthAve,iPhone 15 Pro,5.0,3174.741425204838
RETAIL_00759,2024-08-31,Paris-Opera,iPhone 15 Pro,5.0,3072.0134626274303
RETAIL_00760,2024-11-20,Sydney-GeorgeSt,Apple Watch Ultra,9.0,665.341748050917
RETAIL_00761,2024-10-02,Tokyo-Ginza,Vision Pro,9.0,-266.4624146669107
RETAIL_00762,2024-07-20,Tokyo-Ginza,Apple Watch Ultra,8.0,3763.155214798825
RETAIL_00763,2024-08-14,Sydney-GeorgeSt,Apple Watch Ultra,3.0,3770.6289292821893
RETAIL_00764,2024-07-04,Tokyo-Ginza,AirPods Max,7.0,2661.939377073275
RETAIL_00765,2024-12-07,NYC-FifthAve,Vision Pro,8.0,2376.208065877386
RETAIL_00766,2024-12-01,Paris-Opera,Vision Pro,6.0,244.79912452112035
RETAIL_00767,2024-08-12,NYC-FifthAve,MacBook Air M3,2.0,841.3372921416774
RETAIL_00768,2024-08-04,Sydney-GeorgeSt,iPad Pro,5.0,2977.552022227298
RETAIL_00769,2024-09-29,London-RegentSt,iPad Pro,5.0,3839.0168014453775
RETAIL_00770,2024-07-12,NYC-FifthAve,iPhone 15 Pro,6.0,1924.9322863058642
RETAIL_00771,2024-12-06,Tokyo-Ginza,iPhone 15 Pro,2.0,2370.298809494771
RETAIL_00772,2024-08-25,Sydney-GeorgeSt,Vision Pro,3.0,161.82875585545082
RETAIL_00773,2024-07-16,Sydney-GeorgeSt,iPad Pro,3.0,-291.49748989437467
RETAIL_00774,2024-10-29,Paris-Opera,AirPods Max,7.0,3375.3155453366485
RETAIL_00775,2024-07-15,Paris-Opera,MacBook Air M3,2.0,583.2173617745868
RETAIL_00776,2024-08-22,Sydney-GeorgeSt,iPad Pro,7.0,558.7775797145068
RETAIL_00777,2024-12-12,NYC-FifthAve,iPad Pro,8.0,-58.43031535899331
RETAIL_00778,2024-08-14,Tokyo-Ginza,iPad Pro,1.0,2861.328036841625
RETAIL_00779,2024-12-07,NYC-FifthAve,AirPods Max,3.0,2361.232019311811
RETAIL_00780,2024-10-09,Tokyo-Ginza,AirPods Max,4.0,3913.6334282050248
RETAIL_00781,2024-07-29,Sydney-GeorgeSt,AirPods Max,6.0,1452.6746025812836
RETAIL_00782,2024-09-29,Paris-Opera,MacBook Air M3,7.0,2313.683623945004
RETAIL_00783,2024-07-05,Paris-Opera,Vision Pro,1.0,2220.2436663992257
RETAIL_00784,2024-08-03,Sydney-GeorgeSt,Apple Watch Ultra,2.0,3847.9374982490635
RETAIL_00785,2024-09-05,Sydney-GeorgeSt,MacBook Air M3,4.0,3421.1016228014
RETAIL_00786,2024-07-02,NYC-FifthAve,Apple Watch Ultra,4.0,2881.3810924744153
RETAIL_00787,2024-09-20,Paris-Opera,MacBook Air M3,2.0,1165.1231382859803
RETAIL_00788,2024-10-22,NYC-FifthAve,iPad Pro,5.0,1643.82123432262
RETAIL_00789,2024-09-20,NYC-FifthAve,Vision Pro,5.0,1859.1237910384334
RETAIL_00790,2024-10-18,Tokyo-Ginza,Vision Pro,1.0,2161.054220690809
RETAIL_00791,2024-07-22,London-RegentSt,MacBook Air M3,7.0,2507.9781098581093
RETAIL_00792,2024-12-15,NYC-FifthAve,AirPods Max,8.0,-124.59046004980888
RETAIL_00793,2024-12-05,Paris-Opera,Apple Watch Ultra,4.0,2655.38411306238
RETAIL_00794,2024-12-20,Paris-Opera,MacBook Air M3,2.0,3276.362610139817
RETAIL_00795,2024-07-02,London-RegentSt,MacBook Air M3,7.0,3600.5591346616657
RETAIL_00796,2024-09-24,Tokyo-Ginza,Vision Pro,6.0,-376.5705405509927
RETAIL_00797,2024-12-24,Tokyo-Ginza,MacBook Air M3,9.0,181.6827457543368
RETAIL_00798,2024-11-12,London-RegentSt,MacBook Air M3,3.0,2888.8755685294254
RETAIL_00799,2024-09-02,NYC-FifthAve,MacBook Air M3,3.0,804.632061678609
RETAIL_00800,2024-12-04,London-RegentSt,MacBook Air M3,1.0,3049.2322713502517
RETAIL_00801,2024-09-21,Sydney-GeorgeSt,AirPods Max,2.0,1937.6549792437822
RETAIL_00802,2024-12-27,London-RegentSt,iPad Pro,5.0,-394.975927262088
RETAIL_00803,2024-09-30,Tokyo-Ginza,MacBook Air M3,9.0,3457.62933272294
RETAIL_00804,2024-11-10,Tokyo-Ginza,iPad Pro,,3393.934636575144
RETAIL_00805,2024-07-26,London-RegentSt,iPad Pro,5.0,3138.207043860105
RETAIL_00806,2024-09-06,Paris-Opera,iPad Pro,8.0,622.3714663104868
RETAIL_00807,2024-08-18,Sydney-GeorgeSt,MacBook Air M3,7.0,2060.0716922707456
RETAIL_00808,2024-07-10,Paris-Opera,iPad Pro,2.0,-50.639789875884674
RETAIL_00809,2024-12-27,London-RegentSt,Vision Pro,2.0,2282.379929396376
RETAIL_00810,2024-07-23,Tokyo-Ginza,iPad Pro,6.0,2894.6584372209054
RETAIL_00811,2024-10-20,London-RegentSt,iPad Pro,,1620.2470110269928
RETAIL_00812,2024-08-02,Sydney-GeorgeSt,MacBook Air M3,6.0,2137.636449590655
RETAIL_00813,2024-09-22,Paris-Opera,Vision Pro,4.0,2768.0156711225086
RETAIL_00814,2024-07-14,Tokyo-Ginza,iPhone 15 Pro,6.0,1242.457547875421
RETAIL_00815,2024-12-12,London-RegentSt,Apple Watch Ultra,6.0,3109.1016008055326
RETAIL_00816,2024-07-10,Tokyo-Ginza,MacBook Air M3,4.0,247.90649201071255
RETAIL_00817,2024-12-22,Tokyo-Ginza,MacBook Air M3,,-232.24165785036894
RETAIL_00818,2024-09-12,Paris-Opera,iPad Pro,3.0,2465.035174351055
RETAIL_00819,2024-07-17,NYC-FifthAve,AirPods Max,7.0,3019.7178364920082
RETAIL_00820,2024-12-01,Sydney-GeorgeSt,Apple Watch Ultra,4.0,316.60248495177234
RETAIL_00821,2024-09-01,London-RegentSt,iPad Pro,1.0,-38.36133606092767
RETAIL_00822,2024-12-13,Tokyo-Ginza,iPhone 15 Pro,9.0,1413.625632760007
RETAIL_00823,2024-07-20,Sydney-GeorgeSt,AirPods Max,4.0,3949.3934743603295
RETAIL_00824,2024-10-08,NYC-FifthAve,Vision Pro,7.0,1385.2880286963725
RETAIL_00825,2024-07-25,Paris-Opera,MacBook Air M3,,2468.29825664326
RETAIL_00826,2024-10-07,Sydney-GeorgeSt,MacBook Air M3,6.0,-339.31080631322664
RETAIL_00827,2024-09-12,Tokyo-Ginza,iPhone 15 Pro,9.0,1214.2757773083742
RETAIL_00828,2024-07-20,NYC-FifthAve,Apple Watch Ultra,4.0,2461.7864178120567
RETAIL_00829,2024-07-05,NYC-FifthAve,iPad Pro,8.0,1452.2643581231318
RETAIL_00830,2024-10-29,London-RegentSt,AirPods Max,,-118.76676403961636
RETAIL_00831,2024-10-10,London-RegentSt,Apple Watch Ultra,2.0,69.41597538468432
RETAIL_00832,2024-07-02,London-RegentSt,AirPods Max,9.0,2773.759025312576
RETAIL_00833,2024-12-10,Paris-Opera,iPad Pro,3.0,1829.7249983613465
RETAIL_00834,2024-07-13,London-RegentSt,MacBook Air M3,3.0,2280.008672892674
RETAIL_00835,2024-12-16,Sydney-GeorgeSt,MacBook Air M3,6.0,678.1774822023019
RETAIL_00836,2024-07-07,Paris-Opera,iPhone 15 Pro,8.0,2697.814535713176
RETAIL_00837,2024-09-02,Sydney-GeorgeSt,iPhone 15 Pro,8.0,3138.42917513638
RETAIL_00838,2024-10-03,Sydney-GeorgeSt,AirPods Max,8.0,2282.779679914558
RETAIL_00839,2024-08-04,Tokyo-Ginza,MacBook Air M3,3.0,2843.066212970797
RETAIL_00840,2024-10-09,NYC-FifthAve,MacBook Air M3,8.0,3924.947189367561
RETAIL_00841,2024-12-04,London-RegentSt,MacBook Air M3,9.0,1864.577204661557
RETAIL_00842,2024-09-16,Tokyo-Ginza,AirPods Max,9.0,2924.511824920107
RETAIL_00843,2024-08-03,NYC-FifthAve,Vision Pro,9.0,2287.704095593371
RETAIL_00844,2024-11-23,Sydney-GeorgeSt,iPad Pro,7.0,3785.761292692583
RETAIL_00845,2024-10-09,NYC-FifthAve,iPhone 15 Pro,7.0,2976.3382204886043
RETAIL_00846,2024-07-13,NYC-FifthAve,iPad Pro,3.0,2193.9657496892214
RETAIL_00847,2024-09-04,Tokyo-Ginza,Apple Watch Ultra,5.0,2035.8220864313193
RETAIL_00848,2024-08-31,NYC-FifthAve,Apple Watch Ultra,9.0,889.7882597708299
RETAIL_00849,2024-09-14,Paris-Opera,Vision Pro,1.0,924.6203909458306
RETAIL_00850,2024-09-23,London-RegentSt,AirPods Max,4.0,1606.5351832223164
RETAIL_00851,2024-12-05,London-RegentSt,MacBook Air M3,9.0,1428.9394803352077
RETAIL_00852,2024-11-22,Sydney-GeorgeSt,Vision Pro,9.0,2240.1985944533917
RETAIL_00853,2024-11-09,Sydney-GeorgeSt,iPad Pro,2.0,3128.0229585740067
RETAIL_00854,2024-10-14,London-RegentSt,iPad Pro,4.0,1379.740549241081
RETAIL_00855,2024-09-04,Tokyo-Ginza,AirPods Max,1.0,3149.8590718105306
RETAIL_00856,2024-12-15,Sydney-GeorgeSt,iPad Pro,4.0,310.83843699190027
RETAIL_00857,2024-09-14,London-RegentSt,iPhone 15 Pro,6.0,3931.7059089757713
RETAIL_00858,2024-08-10,Tokyo-Ginza,AirPods Max,6.0,3620.8255909854406
RETAIL_00859,2024-09-10,Paris-Opera,iPhone 15 Pro,4.0,-90.36910039871634
RETAIL_00860,2024-11-07,London-RegentSt,Vision Pro,9.0,444.2171617692263
RETAIL_00861,2024-10-25,Sydney-GeorgeSt,iPhone 15 Pro,7.0,1721.4332256012267
RETAIL_00862,2024-09-17,London-RegentSt,Vision Pro,2.0,-199.4177162509339
RETAIL_00863,2024-11-23,London-RegentSt,Apple Watch Ultra,5.0,3194.5930207222327
RETAIL_00864,2024-07-13,NYC-FifthAve,iPhone 15 Pro,7.0,164.49975013669416
RETAIL_00865,2024-07-14,Sydney-GeorgeSt,Vision Pro,1.0,2425.1515790667186
RETAIL_00866,2024-07-29,NYC-FifthAve,AirPods Max,5.0,-340.2008259324792
RETAIL_00867,2024-09-06,Paris-Opera,iPhone 15 Pro,2.0,2191.5977338891284
RETAIL_00868,2024-12-14,Sydney-GeorgeSt,iPhone 15 Pro,2.0,3593.3103823548167
RETAIL_00869,2024-10-02,Tokyo-Ginza,iPhone 15 Pro,6.0,1517.0558494768015
RETAIL_00870,2024-12-07,London-RegentSt,Apple Watch Ultra,9.0,2862.960558032752
RETAIL_00871,2024-08-03,NYC-FifthAve,Vision Pro,7.0,1994.0571600219814
RETAIL_00872,2024-07-19,Paris-Opera,iPad Pro,4.0,3224.7003586603337
RETAIL_00873,2024-07-07,Sydney-GeorgeSt,iPad Pro,4.0,2007.2792494972323
RETAIL_00874,2024-08-31,NYC-FifthAve,Vision Pro,3.0,1307.5873175459594
RETAIL_00875,2024-08-17,Tokyo-Ginza,iPhone 15 Pro,2.0,2656.5660374677377
RETAIL_00876,2024-07-01,Tokyo-Ginza,iPad Pro,3.0,319.7117248556332
RETAIL_00877,2024-10-20,Tokyo-Ginza,MacBook Air M3,2.0,2046.5363350975017
RETAIL_00878,2024-08-26,Tokyo-Ginza,Vision Pro,3.0,2888.932560853012
RETAIL_00879,2024-07-29,NYC-FifthAve,MacBook Air M3,1.0,105.25966420887096
RETAIL_00880,2024-12-14,Tokyo-Ginza,iPhone 15 Pro,8.0,3012.640206864991
RETAIL_00881,2024-09-19,NYC-FifthAve,MacBook Air M3,8.0,3721.0837083314273
RETAIL_00882,2024-09-06,Sydney-GeorgeSt,MacBook Air M3,7.0,1758.1905213713517
RETAIL_00883,2024-09-13,Sydney-GeorgeSt,iPhone 15 Pro,,3866.812603073081
RETAIL_00884,2024-10-08,London-RegentSt,Vision Pro,3.0,296.10884534860816
RETAIL_00885,2024-07-20,Tokyo-Ginza,AirPods Max,4.0,2150.6239170612334
RETAIL_00886,2024-10-25,Tokyo-Ginza,Vision Pro,4.0,3910.703751764263
RETAIL_00887,2024-09-07,Sydney-GeorgeSt,iPhone 15 Pro,2.0,2676.731440824694
RETAIL_00888,2024-11-19,Sydney-GeorgeSt,MacBook Air M3,8.0,-46.44333170771199
RETAIL_00889,2024-08-22,Paris-Opera,MacBook Air M3,2.0,2116.6792969208877
RETAIL_00890,2024-10-12,Tokyo-Ginza,AirPods Max,5.0,2304.2194333612233
RETAIL_00891,2024-08-04,Paris-Opera,MacBook Air M3,5.0,3390.8636783247243
RETAIL_00892,2024-08-07,Sydney-GeorgeSt,Apple Watch Ultra,5.0,1023.794729972853
RETAIL_00893,2024-09-25,London-RegentSt,AirPods Max,2.0,331.1219953404675
RETAIL_00894,2024-07-28,Sydney-GeorgeSt,AirPods Max,4.0,2663.8240985821567
RETAIL_00895,2024-10-12,Tokyo-Ginza,AirPods Max,9.0,3657.9243972591903
RETAIL_00896,2024-11-29,Paris-Opera,Vision Pro,5.0,1335.249980245058
RETAIL_00897,2024-08-03,Tokyo-Ginza,Apple Watch Ultra,6.0,22.51316085438009
RETAIL_00898,2024-11-13,NYC-FifthAve,iPhone 15 Pro,9.0,1492.050435448637
RETAIL_00899,2024-12-04,Tokyo-Ginza,AirPods Max,1.0,460.4176028578497
RETAIL_00900,2024-08-25,NYC-FifthAve,Apple Watch Ultra,5.0,-334.25378818361105
RETAIL_00901,2024-08-05,NYC-FifthAve,Vision Pro,8.0,1097.7068523718476
RETAIL_00902,2024-11-12,NYC-FifthAve,iPhone 15 Pro,7.0,-214.22538823250648
RETAIL_00903,2024-07-30,NYC-FifthAve,iPhone 15 Pro,3.0,-183.75693850535032
RETAIL_00904,2024-10-04,Tokyo-Ginza,AirPods Max,3.0,2262.095315689364
RETAIL_00905,2024-08-23,London-RegentSt,Vision Pro,3.0,1495.3369584762245
RETAIL_00906,2024-10-23,Sydney-GeorgeSt,iPhone 15 Pro,9.0,2267.526684789252
RETAIL_00907,2024-11-18,Tokyo-Ginza,Apple Watch Ultra,,934.1312703739013
RETAIL_00908,2024-08-22,Paris-Opera,AirPods Max,3.0,2011.723862287457
RETAIL_00909,2024-10-21,Paris-Opera,iPad Pro,6.0,-168.1811483709098
RETAIL_00910,2024-08-15,Paris-Opera,iPhone 15 Pro,3.0,-228.6607938910264
RETAIL_00911,2024-07-20,London-RegentSt,MacBook Air M3,9.0,2021.693196469338
RETAIL_00912,2024-12-25,Tokyo-Ginza,iPad Pro,5.0,1994.7311762417944
RETAIL_00913,2024-07-19,NYC-FifthAve,Apple Watch Ultra,8.0,3696.7921004014524
RETAIL_00914,2024-09-30,Paris-Opera,iPhone 15 Pro,6.0,2569.870264940587
RETAIL_00915,2024-07-18,London-RegentSt,Vision Pro,1.0,1652.224291716876
RETAIL_00916,2024-09-16,London-RegentSt,AirPods Max,3.0,2303.43422009388
RETAIL_00917,2024-07-13,NYC-FifthAve,Vision Pro,1.0,1053.1476372529855
RETAIL_00918,2024-08-15,Paris-Opera,MacBook Air M3,5.0,2166.38070004097
RETAIL_00919,2024-09-02,Tokyo-Ginza,iPhone 15 Pro,1.0,2356.0852646524104
RETAIL_00920,2024-07-23,Paris-Opera,Vision Pro,7.0,-382.4944323728513
RETAIL_00921,2024-07-25,Tokyo-Ginza,Vision Pro,4.0,1057.5676865476914
RETAIL_00922,2024-08-20,Tokyo-Ginza,Apple Watch Ultra,5.0,3911.7031107643434
RETAIL_00923,2024-12-01,Paris-Opera,Vision Pro,,415.5387273815246
RETAIL_00924,2024-12-09,NYC-FifthAve,AirPods Max,8.0,1185.9688034636858
RETAIL_00925,2024-09-16,Sydney-GeorgeSt,iPhone 15 Pro,,-235.3577543929316
RETAIL_00926,2024-09-27,Paris-Opera,Apple Watch Ultra,1.0,1976.1961663588172
RETAIL_00927,2024-08-08,London-RegentSt,iPad Pro,6.0,3762.0363471118626
RETAIL_00928,2024-09-08,Tokyo-Ginza,Vision Pro,3.0,81.8336702711083
RETAIL_00929,2024-12-15,Sydney-GeorgeSt,MacBook Air M3,6.0,-223.56752549853087
RETAIL_00930,2024-09-16,Tokyo-Ginza,AirPods Max,7.0,865.1122871001405
RETAIL_00931,2024-08-22,Paris-Opera,Vision Pro,9.0,-181.51848436862548
RETAIL_00932,2024-07-11,Sydney-GeorgeSt,AirPods Max,8.0,3264.867724967153
RETAIL_00933,2024-08-31,Paris-Opera,MacBook Air M3,6.0,1540.6386162929928
RETAIL_00934,2024-09-12,Tokyo-Ginza,MacBook Air M3,2.0,-439.4302118083792
RETAIL_00935,2024-07-31,NYC-FifthAve,AirPods Max,2.0,1447.2682417004783
RETAIL_00936,2024-12-07,Paris-Opera,Vision Pro,1.0,2534.159695573324
RETAIL_00937,2024-10-19,Sydney-GeorgeSt,MacBook Air M3,7.0,3547.0050552991083
RETAIL_00938,2024-10-27,Tokyo-Ginza,Vision Pro,9.0,3997.3476453548665
RETAIL_00939,2024-12-07,NYC-FifthAve,MacBook Air M3,9.0,2604.0223801302004
RETAIL_00940,2024-12-13,Sydney-GeorgeSt,iPad Pro,4.0,1242.7558922175706
RETAIL_00941,2024-09-11,Tokyo-Ginza,Vision Pro,6.0,35.78235188146141
RETAIL_00942,2024-11-24,London-RegentSt,iPhone 15 Pro,9.0,-8.954457911195618
RETAIL_00943,2024-09-16,NYC-FifthAve,AirPods Max,,1998.8436517133791
RETAIL_00944,2024-11-09,Tokyo-Ginza,MacBook Air M3,2.0,1326.6145440733956
RETAIL_00945,2024-11-08,London-RegentSt,iPhone 15 Pro,8.0,3150.682823501175
RETAIL_00946,2024-11-06,London-RegentSt,iPhone 15 Pro,9.0,-140.9939985054429
RETAIL_00947,2024-09-21,Tokyo-Ginza,Vision Pro,3.0,1591.1530685385565
RETAIL_00948,2024-12-19,Paris-Opera,Apple Watch Ultra,7.0,2649.8470544707784
RETAIL_00949,2024-07-10,Sydney-GeorgeSt,Apple Watch Ultra,1.0,3691.516792718059
RETAIL_00950,2024-07-23,Paris-Opera,Apple Watch Ultra,2.0,3594.329386888384
RETAIL_00951,2024-07-14,Sydney-GeorgeSt,MacBook Air M3,2.0,738.9315597350981
RETAIL_00952,2024-10-10,NYC-FifthAve,iPhone 15 Pro,4.0,451.3119767521242
RETAIL_00953,2024-10-18,London-RegentSt,Apple Watch Ultra,2.0,978.0672691588302
RETAIL_00954,2024-10-17,Paris-Opera,MacBook Air M3,4.0,807.6737222482334
RETAIL_00955,2024-10-05,Tokyo-Ginza,iPad Pro,5.0,3792.3068353233602
RETAIL_00956,2024-12-05,Sydney-GeorgeSt,Apple Watch Ultra,6.0,2407.719464212152
RETAIL_00957,2024-11-18,NYC-FifthAve,Apple Watch Ultra,7.0,1691.6993476148346
RETAIL_00958,2024-11-21,Sydney-GeorgeSt,iPad Pro,5.0,3715.4567230357006
RETAIL_00959,2024-09-17,Tokyo-Ginza,iPhone 15 Pro,3.0,1251.2716226635976
RETAIL_00960,2024-10-28,Sydney-GeorgeSt,iPhone 15 Pro,4.0,-445.97689984081995
RETAIL_00961,2024-08-02,Paris-Opera,iPhone 15 Pro,9.0,3436.4148132486976
RETAIL_00962,2024-11-30,London-RegentSt,AirPods Max,2.0,3736.9322502456635
RETAIL_00963,2024-09-20,Paris-Opera,Apple Watch Ultra,9.0,145.6475993402812
RETAIL_00964,2024-08-24,NYC-FifthAve,iPhone 15 Pro,6.0,43.52205838008399
RETAIL_00965,2024-10-12,NYC-FifthAve,iPad Pro,9.0,3649.702417798686
RETAIL_00966,2024-10-05,Paris-Opera,iPad Pro,5.0,-40.08554721268075
RETAIL_00967,2024-11-09,Sydney-GeorgeSt,iPhone 15 Pro,2.0,3491.8390530494503
RETAIL_00968,2024-12-20,Tokyo-Ginza,AirPods Max,,2872.413525869974
RETAIL_00969,2024-08-03,Paris-Opera,Apple Watch Ultra,4.0,293.04777167912573
RETAIL_00970,2024-07-25,Sydney-GeorgeSt,iPhone 15 Pro,,648.0236408789112
RETAIL_00971,2024-10-28,Tokyo-Ginza,MacBook Air M3,8.0,2864.8374322359755
RETAIL_00972,2024-07-15,London-RegentSt,Apple Watch Ultra,1.0,1913.815798937877
RETAIL_00973,2024-08-06,Sydney-GeorgeSt,MacBook Air M3,6.0,2171.8198578388738
RETAIL_00974,2024-11-23,NYC-FifthAve,MacBook Air M3,9.0,2355.1667316355533
RETAIL_00975,2024-09-20,Tokyo-Ginza,Apple Watch Ultra,4.0,2549.1919485479903
RETAIL_00976,2024-08-26,NYC-FifthAve,MacBook Air M3,5.0,856.4563946207079
RETAIL_00977,2024-07-14,NYC-FifthAve,MacBook Air M3,4.0,245.27006104527015
RETAIL_00978,2024-09-04,Sydney-GeorgeSt,iPhone 15 Pro,6.0,3946.311905125769
RETAIL_00979,2024-10-19,Sydney-GeorgeSt,AirPods Max,8.0,-75.89229002287516
RETAIL_00980,2024-11-27,Sydney-GeorgeSt,iPad Pro,9.0,3826.893192749506
RETAIL_00981,2024-10-19,Paris-Opera,MacBook Air M3,7.0,2967.880764745853
RETAIL_00982,2024-11-07,London-RegentSt,AirPods Max,3.0,1147.6733674475681
RETAIL_00983,2024-10-03,NYC-FifthAve,MacBook Air M3,4.0,2708.744782118293
RETAIL_00984,2024-12-04,Paris-Opera,AirPods Max,,478.9463444387982
RETAIL_00985,2024-10-26,Sydney-GeorgeSt,iPhone 15 Pro,8.0,826.164294774547
RETAIL_00986,2024-10-25,Paris-Opera,MacBook Air M3,3.0,3462.062050154668
RETAIL_00987,2024-07-27,Paris-Opera,Vision Pro,7.0,2007.0485424473718
RETAIL_00988,2024-10-30,London-RegentSt,Vision Pro,4.0,3873.944569561426
RETAIL_00989,2024-09-23,NYC-FifthAve,iPad Pro,2.0,2316.226644749817
RETAIL_00990,2024-11-22,NYC-FifthAve,AirPods Max,2.0,2194.043435803813
RETAIL_00991,2024-08-24,NYC-FifthAve,iPhone 15 Pro,8.0,690.6975436737259
RETAIL_00992,2024-08-22,NYC-FifthAve,Vision Pro,2.0,809.7012115249074
RETAIL_00993,2024-12-07,Sydney-GeorgeSt,MacBook Air M3,5.0,1765.9243629735352
RETAIL_00994,2024-07-07,Sydney-GeorgeSt,MacBook Air M3,6.0,246.7952386881775
RETAIL_00995,2024-12-06,Tokyo-Ginza,iPad Pro,5.0,-213.03554870565694
RETAIL_00996,2024-10-10,London-RegentSt,AirPods Max,6.0,226.92801976277838
RETAIL_00997,2024-09-18,London-RegentSt,iPhone 15 Pro,7.0,1941.381582133823
RETAIL_00998,2024-08-27,Paris-Opera,iPad Pro,1.0,2012.3489531708701
RETAIL_00999,2024-08-31,NYC-FifthAve,iPhone 15 Pro,5.0,2002.370186807335
RETAIL_01000,2024-08-11,NYC-FifthAve,MacBook Air M3,8.0,1872.0314075578194
RETAIL_01001,2024-09-09,Paris-Opera,AirPods Max,2.0,194.00107238014482
RETAIL_01002,2024-09-29,London-RegentSt,MacBook Air M3,9.0,1855.4741898700604
RETAIL_01003,2024-09-24,Sydney-GeorgeSt,Apple Watch Ultra,5.0,3481.3452317801
RETAIL_01004,2024-10-21,Paris-Opera,iPhone 15 Pro,9.0,214.25569094535638
RETAIL_01005,2024-12-03,London-RegentSt,iPhone 15 Pro,6.0,1790.2493857952823
RETAIL_01006,2024-12-01,London-RegentSt,Apple Watch Ultra,4.0,2653.0348656755073
RETAIL_01007,2024-10-20,Paris-Opera,iPhone 15 Pro,7.0,3287.178520601719
RETAIL_01008,2024-10-07,NYC-FifthAve,MacBook Air M3,8.0,3602.1522445272867
RETAIL_01009,2024-11-25,London-RegentSt,Apple Watch Ultra,6.0,2064.536676266359
RETAIL_01010,2024-12-23,London-RegentSt,Apple Watch Ultra,3.0,2865.357485135323
RETAIL_01011,2024-09-21,Sydney-GeorgeSt,MacBook Air M3,1.0,1722.885939739664
RETAIL_01012,2024-08-12,Paris-Opera,iPhone 15 Pro,9.0,933.4846187639628
RETAIL_01013,2024-07-29,Paris-Opera,Apple Watch Ultra,3.0,1846.376401489042
RETAIL_01014,2024-07-31,Paris-Opera,MacBook Air M3,8.0,945.8812721237427
RETAIL_01015,2024-07-24,Tokyo-Ginza,Apple Watch Ultra,2.0,1178.2791428836092
RETAIL_01016,2024-09-19,NYC-FifthAve,Apple Watch Ultra,7.0,26.92336512999134
RETAIL_01017,2024-09-28,Tokyo-Ginza,iPhone 15 Pro,,2830.033807477503
RETAIL_01018,2024-10-26,NYC-FifthAve,MacBook Air M3,9.0,-238.5650570441453
RETAIL_01019,2024-11-30,London-RegentSt,Apple Watch Ultra,7.0,3943.5625531974893
RETAIL_01020,2024-10-19,London-RegentSt,Apple Watch Ultra,3.0,1455.8999768981364
RETAIL_01021,2024-07-21,London-RegentSt,AirPods Max,3.0,-120.18471041991836
RETAIL_01022,2024-12-02,Tokyo-Ginza,MacBook Air M3,9.0,898.3117917284346
RETAIL_01023,2024-09-12,Sydney-GeorgeSt,iPad Pro,6.0,751.718665397397
RETAIL_01024,2024-07-27,NYC-FifthAve,iPad Pro,2.0,801.7948617992167
RETAIL_01025,2024-12-25,Sydney-GeorgeSt,AirPods Max,7.0,2568.943323158394
RETAIL_01026,2024-09-28,London-RegentSt,iPad Pro,1.0,127.76299757636946
RETAIL_01027,2024-09-01,Sydney-GeorgeSt,Apple Watch Ultra,9.0,897.1520490277519
RETAIL_01028,2024-12-07,NYC-FifthAve,MacBook Air M3,7.0,358.2299611020975
RETAIL_01029,2024-11-30,London-RegentSt,AirPods Max,2.0,625.2046431638303
RETAIL_01030,2024-09-17,Tokyo-Ginza,MacBook Air M3,8.0,3996.704357934339
RETAIL_01031,2024-11-13,Tokyo-Ginza,Vision Pro,6.0,2136.5453683796795
RETAIL_01032,2024-09-14,London-RegentSt,iPad Pro,4.0,357.6100842839562
RETAIL_01033,2024-09-02,Sydney-GeorgeSt,MacBook Air M3,4.0,3141.928190315008
RETAIL_01034,2024-12-01,Tokyo-Ginza,iPad Pro,1.0,1105.5363311634171
RETAIL_01035,2024-09-16,London-RegentSt,iPad Pro,3.0,3011.0501521831043
RETAIL_01036,2024-09-24,London-RegentSt,iPhone 15 Pro,9.0,77.77891973949409
RETAIL_01037,2024-09-14,Tokyo-Ginza,iPad Pro,9.0,3207.2193031598063
RETAIL_01038,2024-11-12,London-RegentSt,Vision Pro,7.0,3381.0098190484105
RETAIL_01039,2024-10-02,Paris-Opera,iPad Pro,7.0,3681.355614381986
RETAIL_01040,2024-11-15,Tokyo-Ginza,AirPods Max,4.0,-362.75274658453395
RETAIL_01041,2024-09-17,NYC-FifthAve,iPad Pro,1.0,1054.7839615561684
RETAIL_01042,2024-07-17,Paris-Opera,Apple Watch Ultra,6.0,945.0226043463233
RETAIL_01043,2024-12-07,Sydney-GeorgeSt,Vision Pro,7.0,1815.7328960595778
RETAIL_01044,2024-07-25,Sydney-GeorgeSt,Vision Pro,5.0,3671.8308942441163
RETAIL_01045,2024-09-19,Paris-Opera,Vision Pro,2.0,2644.242880130097
RETAIL_01046,2024-12-08,Sydney-GeorgeSt,AirPods Max,3.0,1227.6155222554414
RETAIL_01047,2024-10-04,London-RegentSt,MacBook Air M3,4.0,3545.2668351146995
RETAIL_01048,2024-07-20,Tokyo-Ginza,AirPods Max,2.0,3327.205848621536
RETAIL_01049,2024-12-17,London-RegentSt,iPad Pro,8.0,96.95434145030208
RETAIL_01050,2024-07-11,Tokyo-Ginza,Apple Watch Ultra,5.0,3756.758119519299
RETAIL_01051,2024-07-24,Sydney-GeorgeSt,AirPods Max,6.0,189.21296766474268
RETAIL_01052,2024-09-23,NYC-FifthAve,AirPods Max,7.0,1374.0597354780093
RETAIL_01053,2024-12-04,London-RegentSt,AirPods Max,2.0,988.1955304710768
RETAIL_01054,2024-12-26,Tokyo-Ginza,iPad Pro,2.0,2322.6375460841537
RETAIL_01055,2024-12-13,NYC-FifthAve,AirPods Max,8.0,294.2698409031319
RETAIL_01056,2024-10-30,Tokyo-Ginza,Vision Pro,8.0,1855.159257415724
RETAIL_01057,2024-12-21,London-RegentSt,AirPods Max,6.0,3615.581559944171
RETAIL_01058,2024-08-16,NYC-FifthAve,iPad Pro,6.0,692.4014322202604
RETAIL_01059,2024-09-29,London-RegentSt,MacBook Air M3,6.0,2158.3815320225963
RETAIL_01060,2024-08-06,NYC-FifthAve,iPhone 15 Pro,8.0,1433.1209063446868
RETAIL_01061,2024-11-17,Sydney-GeorgeSt,AirPods Max,7.0,42.73970508362311
RETAIL_01062,2024-12-12,Paris-Opera,MacBook Air M3,2.0,2265.0651668801333
RETAIL_01063,2024-12-16,NYC-FifthAve,AirPods Max,6.0,1392.8784590439302
RETAIL_01064,2024-07-08,Paris-Opera,iPhone 15 Pro,1.0,-237.8678181887562
RETAIL_01065,2024-08-31,London-RegentSt,iPad Pro,5.0,3850.887805234165
RETAIL_01066,2024-11-05,Tokyo-Ginza,AirPods Max,5.0,3037.8935957576273
RETAIL_01067,2024-08-14,Tokyo-Ginza,AirPods Max,7.0,1339.2434300244718
RETAIL_01068,2024-08-12,London-RegentSt,iPhone 15 Pro,7.0,858.7072195842977
RETAIL_01069,2024-09-10,London-RegentSt,Vision Pro,1.0,2355.246532026745
RETAIL_01070,2024-07-22,London-RegentSt,Vision Pro,7.0,157.04665199803424
RETAIL_01071,2024-07-04,Paris-Opera,Vision Pro,2.0,893.5577568424142
RETAIL_01072,2024-12-09,London-RegentSt,AirPods Max,8.0,3202.272495613062
RETAIL_01073,2024-08-11,Sydney-GeorgeSt,Vision Pro,4.0,-416.17268250027126
RETAIL_01074,2024-09-21,NYC-FifthAve,MacBook Air M3,4.0,2933.964154434802
RETAIL_01075,2024-08-23,NYC-FifthAve,AirPods Max,7.0,3501.7739734525358
RETAIL_01076,2024-11-13,Tokyo-Ginza,MacBook Air M3,4.0,2010.4866686887895
RETAIL_01077,2024-12-24,Sydney-GeorgeSt,Apple Watch Ultra,4.0,3600.9021197903176
RETAIL_01078,2024-09-11,Tokyo-Ginza,Apple Watch Ultra,6.0,2205.0507641126624
RETAIL_01079,2024-10-11,Sydney-GeorgeSt,iPhone 15 Pro,6.0,3650.240724701439
RETAIL_01080,2024-12-14,London-RegentSt,AirPods Max,5.0,55.80968299067433
RETAIL_01081,2024-12-22,NYC-FifthAve,iPhone 15 Pro,2.0,721.8500149208865
RETAIL_01082,2024-12-06,London-RegentSt,iPad Pro,6.0,3507.2763269582974
RETAIL_01083,2024-08-15,Tokyo-Ginza,iPhone 15 Pro,,2050.9017939320893
RETAIL_01084,2024-10-10,Paris-Opera,MacBook Air M3,4.0,3514.408750258173
RETAIL_01085,2024-07-11,NYC-FifthAve,Vision Pro,6.0,1325.6813191849303
RETAIL_01086,2024-10-27,London-RegentSt,AirPods Max,6.0,1947.863361089675
RETAIL_01087,2024-12-14,London-RegentSt,Apple Watch Ultra,4.0,2163.0513809692266
RETAIL_01088,2024-07-22,Paris-Opera,AirPods Max,2.0,471.9468704608977
RETAIL_01089,2024-11-24,Tokyo-Ginza,Apple Watch Ultra,3.0,497.5903358791611
RETAIL_01090,2024-08-19,London-RegentSt,AirPods Max,3.0,1513.9313885342467
RETAIL_01091,2024-09-25,London-RegentSt,Apple Watch Ultra,8.0,2512.820684209055
RETAIL_01092,2024-10-19,Sydney-GeorgeSt,AirPods Max,6.0,154.88117085926524
RETAIL_01093,2024-08-31,London-RegentSt,iPad Pro,4.0,3909.836554246458
RETAIL_01094,2024-08-13,Paris-Opera,AirPods Max,6.0,961.5777943537003
RETAIL_01095,2024-07-16,Paris-Opera,Vision Pro,6.0,-454.21781869634464
RETAIL_01096,2024-12-05,London-RegentSt,iPad Pro,9.0,1663.744254584743
RETAIL_01097,2024-12-07,London-RegentSt,AirPods Max,2.0,3851.429315001197
RETAIL_01098,2024-08-16,Tokyo-Ginza,Vision Pro,6.0,697.3727438706053
RETAIL_01099,2024-12-10,London-RegentSt,AirPods Max,7.0,611.4504787855578
RETAIL_01100,2024-08-18,London-RegentSt,Apple Watch Ultra,7.0,3211.8464848618255
RETAIL_01101,2024-11-25,Tokyo-Ginza,Apple Watch Ultra,1.0,1955.4439342645696
RETAIL_01102,2024-12-09,Tokyo-Ginza,iPad Pro,2.0,-56.06196678096143
RETAIL_01103,2024-08-25,Tokyo-Ginza,iPad Pro,1.0,3287.921836959813
RETAIL_01104,2024-08-09,Paris-Opera,Vision Pro,4.0,3363.7723883055282
RETAIL_01105,2024-08-12,Tokyo-Ginza,iPad Pro,4.0,446.807608917171
RETAIL_01106,2024-11-01,Paris-Opera,iPad Pro,1.0,2554.633046372735
RETAIL_01107,2024-07-09,London-RegentSt,AirPods Max,8.0,48.88495436167807
RETAIL_01108,2024-08-23,Tokyo-Ginza,iPhone 15 Pro,2.0,3507.1778080698878
RETAIL_01109,2024-08-30,Tokyo-Ginza,iPhone 15 Pro,,-464.4295961204205
RETAIL_01110,2024-08-12,Paris-Opera,Vision Pro,3.0,-363.08287308779995
RETAIL_01111,2024-07-21,Tokyo-Ginza,MacBook Air M3,2.0,3764.1432989951827
RETAIL_01112,2024-10-14,Sydney-GeorgeSt,iPhone 15 Pro,9.0,3703.19706691372
RETAIL_01113,2024-09-16,Paris-Opera,MacBook Air M3,1.0,806.759146686828
RETAIL_01114,2024-08-17,Sydney-GeorgeSt,iPad Pro,2.0,1126.522777935827
RETAIL_01115,2024-08-06,NYC-FifthAve,AirPods Max,3.0,3530.75032174946
RETAIL_01116,2024-10-16,Paris-Opera,iPhone 15 Pro,4.0,1205.3653568250365
RETAIL_01117,2024-11-21,London-RegentSt,Apple Watch Ultra,7.0,-23.533023284988417
RETAIL_01118,2024-07-08,London-RegentSt,iPad Pro,1.0,3833.3768158422245
RETAIL_01119,2024-09-23,NYC-FifthAve,iPhone 15 Pro,5.0,2777.895841151999
RETAIL_01120,2024-10-27,Paris-Opera,iPad Pro,3.0,120.07018587312632
RETAIL_01121,2024-08-16,London-RegentSt,Apple Watch Ultra,,3252.465671171696
RETAIL_01122,2024-10-29,NYC-FifthAve,AirPods Max,,829.7967521709841
RETAIL_01123,2024-09-06,Sydney-GeorgeSt,MacBook Air M3,,3936.737047999365
RETAIL_01124,2024-11-14,Paris-Opera,Apple Watch Ultra,5.0,551.5612798651443
RETAIL_01125,2024-07-05,Tokyo-Ginza,MacBook Air M3,,3669.6122368786046
RETAIL_01126,2024-12-08,Sydney-GeorgeSt,iPhone 15 Pro,6.0,2253.3316758927785
RETAIL_01127,2024-07-25,NYC-FifthAve,iPad Pro,8.0,3152.4629217705487
RETAIL_01128,2024-12-09,London-RegentSt,MacBook Air M3,7.0,330.38654870994264
RETAIL_01129,2024-08-21,NYC-FifthAve,MacBook Air M3,1.0,1823.5937319992317
RETAIL_01130,2024-09-15,Sydney-GeorgeSt,iPhone 15 Pro,4.0,695.3739987114272
RETAIL_01131,2024-11-02,Paris-Opera,Apple Watch Ultra,6.0,-10.292440942637768
RETAIL_01132,2024-12-04,NYC-FifthAve,MacBook Air M3,6.0,461.8341197019407
RETAIL_01133,2024-11-24,Paris-Opera,Apple Watch Ultra,3.0,2190.6258628056003
RETAIL_01134,2024-07-12,NYC-FifthAve,iPhone 15 Pro,1.0,2220.405817380234
RETAIL_01135,2024-09-04,London-RegentSt,Vision Pro,2.0,2713.077898648042
RETAIL_01136,2024-12-23,Paris-Opera,Vision Pro,8.0,-77.1181501622774
RETAIL_01137,2024-07-26,London-RegentSt,iPhone 15 Pro,3.0,1165.7969012385608
RETAIL_01138,2024-07-06,NYC-FifthAve,MacBook Air M3,4.0,3518.689695516278
RETAIL_01139,2024-08-18,Tokyo-Ginza,Apple Watch Ultra,6.0,659.919383041625
RETAIL_01140,2024-10-10,Tokyo-Ginza,Vision Pro,5.0,3984.7661682036987
RETAIL_01141,2024-07-11,Tokyo-Ginza,AirPods Max,6.0,-183.57533277010685
RETAIL_01142,2024-08-22,Paris-Opera,MacBook Air M3,4.0,1072.983046915057
RETAIL_01143,2024-11-01,Sydney-GeorgeSt,iPhone 15 Pro,5.0,2135.1399107889515
RETAIL_01144,2024-07-10,Paris-Opera,MacBook Air M3,4.0,2308.8827760884637
RETAIL_01145,2024-12-17,Paris-Opera,iPhone 15 Pro,7.0,-13.693228293156835
RETAIL_01146,2024-09-18,London-RegentSt,MacBook Air M3,9.0,2032.92909944053
RETAIL_01147,2024-07-14,Tokyo-Ginza,AirPods Max,1.0,3202.8798294780677
RETAIL_01148,2024-09-24,Paris-Opera,Apple Watch Ultra,1.0,2753.5403875004604
RETAIL_01149,2024-11-07,Sydney-GeorgeSt,iPhone 15 Pro,2.0,2381.2829481024346
RETAIL_01150,2024-12-08,Sydney-GeorgeSt,Vision Pro,9.0,551.1561621446378
RETAIL_01151,2024-07-27,London-RegentSt,iPad Pro,4.0,-418.890860760019
RETAIL_01152,2024-08-30,London-RegentSt,MacBook Air M3,8.0,-480.49201125796424
RETAIL_01153,2024-12-14,Sydney-GeorgeSt,Apple Watch Ultra,6.0,2792.352242240711
RETAIL_01154,2024-12-03,London-RegentSt,iPad Pro,3.0,3945.870495496083
RETAIL_01155,2024-10-28,NYC-FifthAve,iPad Pro,7.0,3259.7956956192675
RETAIL_01156,2024-08-10,London-RegentSt,Apple Watch Ultra,5.0,2146.7384953609303
RETAIL_01157,2024-12-26,Paris-Opera,iPhone 15 Pro,2.0,4.383471579289505
RETAIL_01158,2024-10-20,NYC-FifthAve,Vision Pro,9.0,1294.1252115236223
RETAIL_01159,2024-12-12,Sydney-GeorgeSt,iPhone 15 Pro,9.0,3745.7751270461576
RETAIL_01160,2024-08-05,Tokyo-Ginza,iPhone 15 Pro,4.0,418.89578166749243
RETAIL_01161,2024-12-16,London-RegentSt,Apple Watch Ultra,4.0,-417.6500598321328
RETAIL_01162,2024-12-04,Paris-Opera,Apple Watch Ultra,4.0,2194.9764230663104
RETAIL_01163,2024-07-22,Sydney-GeorgeSt,Apple Watch Ultra,7.0,794.0180429081452
RETAIL_01164,2024-10-06,NYC-FifthAve,iPhone 15 Pro,9.0,889.4909936289887
RETAIL_01165,2024-07-17,Tokyo-Ginza,Apple Watch Ultra,3.0,1546.775158199601
RETAIL_01166,2024-08-21,London-RegentSt,AirPods Max,3.0,2602.213007514252
RETAIL_01167,2024-07-31,London-RegentSt,Vision Pro,2.0,3034.8030320456974
RETAIL_01168,2024-11-14,Tokyo-Ginza,iPad Pro,3.0,1472.367461809408
RETAIL_01169,2024-09-10,London-RegentSt,MacBook Air M3,6.0,-311.20442919216964
RETAIL_01170,2024-11-08,Paris-Opera,MacBook Air M3,8.0,3881.9355250572253
RETAIL_01171,2024-08-17,Paris-Opera,AirPods Max,2.0,837.1237880558522
RETAIL_01172,2024-09-20,London-RegentSt,Apple Watch Ultra,9.0,3216.863626759609
RETAIL_01173,2024-11-26,NYC-FifthAve,AirPods Max,5.0,-325.925325958999
RETAIL_01174,2024-11-10,London-RegentSt,MacBook Air M3,6.0,1417.271889292374
RETAIL_01175,2024-08-09,Tokyo-Ginza,Vision Pro,3.0,1757.5989804107949
RETAIL_01176,2024-08-14,London-RegentSt,AirPods Max,7.0,2515.875739174787
RETAIL_01177,2024-11-09,Paris-Opera,iPhone 15 Pro,3.0,1711.9265991933862
RETAIL_01178,2024-11-28,Sydney-GeorgeSt,Apple Watch Ultra,9.0,1454.8460050234378
RETAIL_01179,2024-12-26,Sydney-GeorgeSt,iPad Pro,9.0,2229.1503132184944
RETAIL_01180,2024-08-23,London-RegentSt,AirPods Max,1.0,3542.9045928891896
RETAIL_01181,2024-07-14,London-RegentSt,iPad Pro,1.0,1071.667935592598
RETAIL_01182,2024-11-29,NYC-FifthAve,iPhone 15 Pro,8.0,3343.8405388875926
RETAIL_01183,2024-11-03,Sydney-GeorgeSt,AirPods Max,1.0,2238.6643897232557
RETAIL_01184,2024-08-05,Sydney-GeorgeSt,Apple Watch Ultra,1.0,730.4990353068788
RETAIL_01185,2024-11-13,Tokyo-Ginza,Apple Watch Ultra,4.0,1602.5457203940168
RETAIL_01186,2024-10-12,London-RegentSt,Apple Watch Ultra,8.0,1981.5565681159105
RETAIL_01187,2024-09-30,Paris-Opera,AirPods Max,4.0,511.67623265259454
RETAIL_01188,2024-07-21,London-RegentSt,Apple Watch Ultra,4.0,2537.549482387129
RETAIL_01189,2024-09-19,Tokyo-Ginza,AirPods Max,3.0,39.88888671685004
RETAIL_01190,2024-08-07,Tokyo-Ginza,Vision Pro,6.0,1305.6551793956755
RETAIL_01191,2024-07-13,London-RegentSt,iPhone 15 Pro,3.0,733.1930136696831
RETAIL_01192,2024-10-13,Tokyo-Ginza,Apple Watch Ultra,8.0,2997.8445357096602
RETAIL_01193,2024-09-12,London-RegentSt,Vision Pro,9.0,395.1030604366533
RETAIL_01194,2024-09-04,Tokyo-Ginza,Apple Watch Ultra,6.0,913.8623374678812
RETAIL_01195,2024-10-11,Paris-Opera,Vision Pro,9.0,2628.8621980671896
RETAIL_01196,2024-08-01,Paris-Opera,MacBook Air M3,4.0,-86.34858017577773
RETAIL_01197,2024-12-27,Paris-Opera,AirPods Max,8.0,3139.5169576286244
RETAIL_01198,2024-11-02,Tokyo-Ginza,MacBook Air M3,5.0,491.44840674795114
RETAIL_01199,2024-10-08,Sydney-GeorgeSt,Apple Watch Ultra,2.0,-216.6445319019034
RETAIL_01200,2024-07-27,Sydney-GeorgeSt,Apple Watch Ultra,5.0,1959.5915985615452
RETAIL_01201,2024-11-14,NYC-FifthAve,iPad Pro,1.0,27.802557514624027
RETAIL_01202,2024-11-20,London-RegentSt,AirPods Max,6.0,1680.1209596981103
RETAIL_01203,2024-08-17,Tokyo-Ginza,Apple Watch Ultra,8.0,454.84587738097275
RETAIL_01204,2024-11-21,Sydney-GeorgeSt,iPhone 15 Pro,7.0,3999.8824044081557
RETAIL_01205,2024-12-06,Sydney-GeorgeSt,Vision Pro,3.0,1315.2166224969308
RETAIL_01206,2024-07-17,Sydney-GeorgeSt,Apple Watch Ultra,2.0,2461.852320976863
RETAIL_01207,2024-10-29,Sydney-GeorgeSt,AirPods Max,4.0,3393.043618936048
RETAIL_01208,2024-10-20,Paris-Opera,iPhone 15 Pro,4.0,1052.6333035527641
RETAIL_01209,2024-08-25,Tokyo-Ginza,AirPods Max,5.0,-356.86684814925763
RETAIL_01210,2024-09-13,London-RegentSt,Apple Watch Ultra,,1161.4176770886527
RETAIL_01211,2024-09-26,London-RegentSt,iPad Pro,7.0,3489.8732968098984
RETAIL_01212,2024-08-19,Sydney-GeorgeSt,Vision Pro,3.0,3545.938282637842
RETAIL_01213,2024-09-12,NYC-FifthAve,iPhone 15 Pro,8.0,-19.7890015461914
RETAIL_01214,2024-09-23,NYC-FifthAve,Apple Watch Ultra,1.0,1220.5350863099522
RETAIL_01215,2024-08-30,Paris-Opera,iPhone 15 Pro,8.0,1177.5224197383693
RETAIL_01216,2024-10-08,NYC-FifthAve,Apple Watch Ultra,2.0,1976.2787986120238
RETAIL_01217,2024-09-06,London-RegentSt,Vision Pro,7.0,3758.300956252001
RETAIL_01218,2024-11-07,London-RegentSt,Apple Watch Ultra,4.0,3472.3921371067445
RETAIL_01219,2024-11-29,NYC-FifthAve,Apple Watch Ultra,7.0,890.0392103293184
RETAIL_01220,2024-12-24,NYC-FifthAve,MacBook Air M3,1.0,2432.1397012068583
RETAIL_01221,2024-07-30,Paris-Opera,Vision Pro,2.0,2097.0800103435868
RETAIL_01222,2024-09-16,NYC-FifthAve,Apple Watch Ultra,8.0,2479.3990469161486
RETAIL_01223,2024-11-25,London-RegentSt,iPhone 15 Pro,9.0,1149.636405777009
RETAIL_01224,2024-08-16,Tokyo-Ginza,MacBook Air M3,7.0,1997.0549220396715
RETAIL_01225,2024-11-24,Paris-Opera,Apple Watch Ultra,2.0,698.5350076108136
RETAIL_01226,2024-08-23,Tokyo-Ginza,AirPods Max,1.0,1569.1676065118509
RETAIL_01227,2024-09-22,NYC-FifthAve,iPad Pro,6.0,3031.0216417909837
RETAIL_01228,2024-09-04,NYC-FifthAve,iPhone 15 Pro,9.0,3874.4847755535084
RETAIL_01229,2024-07-16,London-RegentSt,MacBook Air M3,5.0,1437.5375722358556
RETAIL_01230,2024-09-09,NYC-FifthAve,iPhone 15 Pro,1.0,3321.9524594311447
RETAIL_01231,2024-10-19,Paris-Opera,iPad Pro,2.0,-435.20552360231216
RETAIL_01232,2024-07-11,London-RegentSt,Vision Pro,4.0,-422.9395707949363
RETAIL_01233,2024-07-31,Sydney-GeorgeSt,AirPods Max,9.0,676.0764553651977
RETAIL_01234,2024-12-01,London-RegentSt,MacBook Air M3,4.0,2322.453635704086
RETAIL_01235,2024-08-31,London-RegentSt,iPad Pro,1.0,3988.418708136901
RETAIL_01236,2024-09-21,Sydney-GeorgeSt,Vision Pro,1.0,1062.1771195783256
RETAIL_01237,2024-07-06,Sydney-GeorgeSt,MacBook Air M3,5.0,3551.6262431519644
RETAIL_01238,2024-09-17,Tokyo-Ginza,iPad Pro,8.0,2043.0502795327957
RETAIL_01239,2024-11-05,Paris-Opera,MacBook Air M3,3.0,-8.206529211650377
RETAIL_01240,2024-07-17,Tokyo-Ginza,Apple Watch Ultra,1.0,522.9545129026629
RETAIL_01241,2024-07-21,Sydney-GeorgeSt,AirPods Max,1.0,1756.4681209505452
RETAIL_01242,2024-09-20,Tokyo-Ginza,Vision Pro,7.0,3502.7155557133974
RETAIL_01243,2024-12-24,Sydney-GeorgeSt,Vision Pro,4.0,2418.994626081885
RETAIL_01244,2024-09-15,Sydney-GeorgeSt,Apple Watch Ultra,8.0,80.69513293971954
RETAIL_01245,2024-07-04,Tokyo-Ginza,iPhone 15 Pro,9.0,1120.0853119678432
RETAIL_01246,2024-09-29,NYC-FifthAve,iPad Pro,6.0,477.1714101642956
RETAIL_01247,2024-11-27,NYC-FifthAve,MacBook Air M3,1.0,2730.297420709304
RETAIL_01248,2024-11-18,Sydney-GeorgeSt,iPad Pro,,3581.559258391142
RETAIL_01249,2024-12-13,Sydney-GeorgeSt,MacBook Air M3,4.0,2734.829412556871
RETAIL_01250,2024-07-12,Paris-Opera,Apple Watch Ultra,2.0,2546.0077746497095
RETAIL_01251,2024-08-12,NYC-FifthAve,AirPods Max,8.0,123.37676430406998
RETAIL_01252,2024-10-12,Tokyo-Ginza,iPad Pro,7.0,-298.27978630925634
RETAIL_01253,2024-08-27,NYC-FifthAve,MacBook Air M3,,768.7795237361538
RETAIL_01254,2024-09-14,NYC-FifthAve,Vision Pro,3.0,2142.338511499069
RETAIL_01255,2024-11-19,Sydney-GeorgeSt,iPad Pro,5.0,1008.6155541905132
RETAIL_01256,2024-11-29,Sydney-GeorgeSt,MacBook Air M3,9.0,3519.794955336398
RETAIL_01257,2024-08-13,Tokyo-Ginza,iPhone 15 Pro,1.0,775.6074462651409
RETAIL_01258,2024-10-17,NYC-FifthAve,iPhone 15 Pro,4.0,2384.3344657172233
RETAIL_01259,2024-09-04,Sydney-GeorgeSt,iPad Pro,2.0,3442.9136846866677
RETAIL_01260,2024-12-04,Sydney-GeorgeSt,Vision Pro,2.0,3528.097362823269
RETAIL_01261,2024-11-20,Paris-Opera,Apple Watch Ultra,8.0,2150.574657003346
RETAIL_01262,2024-11-15,NYC-FifthAve,AirPods Max,9.0,988.0429844343194
RETAIL_01263,2024-11-20,Tokyo-Ginza,Apple Watch Ultra,,386.35646390219426
RETAIL_01264,2024-08-28,Sydney-GeorgeSt,iPhone 15 Pro,3.0,1964.5010050669862
RETAIL_01265,2024-08-21,Paris-Opera,AirPods Max,,2622.9472791662447
RETAIL_01266,2024-08-22,NYC-FifthAve,AirPods Max,2.0,1820.6858525558687
RETAIL_01267,2024-12-22,Tokyo-Ginza,iPhone 15 Pro,1.0,1655.3511025561588
RETAIL_01268,2024-09-09,Sydney-GeorgeSt,AirPods Max,,3500.5333019579384
RETAIL_01269,2024-10-15,London-RegentSt,iPhone 15 Pro,7.0,1003.7679598950765
RETAIL_01270,2024-12-15,Paris-Opera,iPhone 15 Pro,5.0,2071.214940186905
RETAIL_01271,2024-12-20,London-RegentSt,iPad Pro,1.0,2772.894979914992
RETAIL_01272,2024-11-02,London-RegentSt,Vision Pro,1.0,1779.2320066263483
RETAIL_01273,2024-08-17,Paris-Opera,Vision Pro,1.0,2672.281429091117
RETAIL_01274,2024-11-12,Tokyo-Ginza,iPhone 15 Pro,4.0,1961.1458258082048
RETAIL_01275,2024-10-19,NYC-FifthAve,iPad Pro,5.0,2199.6006818076157
RETAIL_01276,2024-07-31,Paris-Opera,MacBook Air M3,2.0,3070.448314712234
RETAIL_01277,2024-10-04,Sydney-GeorgeSt,iPhone 15 Pro,1.0,-387.9330251963332
RETAIL_01278,2024-08-30,Sydney-GeorgeSt,Apple Watch Ultra,3.0,3685.8578233996786
RETAIL_01279,2024-07-02,Sydney-GeorgeSt,iPad Pro,6.0,2938.006552125289
RETAIL_01280,2024-07-31,NYC-FifthAve,MacBook Air M3,3.0,2168.317549737795
RETAIL_01281,2024-09-02,NYC-FifthAve,Vision Pro,5.0,1998.9098082697565
RETAIL_01282,2024-10-01,Paris-Opera,Vision Pro,,3990.7318732786116
RETAIL_01283,2024-08-17,Tokyo-Ginza,MacBook Air M3,9.0,2144.9599044848314
RETAIL_01284,2024-12-15,Tokyo-Ginza,Vision Pro,4.0,2657.9154337552436
RETAIL_01285,2024-11-03,Sydney-GeorgeSt,MacBook Air M3,,3886.83706273018
RETAIL_01286,2024-09-24,Paris-Opera,iPad Pro,3.0,-264.4686486923265
RETAIL_01287,2024-11-22,NYC-FifthAve,Apple Watch Ultra,,291.1519940357082
RETAIL_01288,2024-08-20,London-RegentSt,iPad Pro,3.0,1521.2937827035048
RETAIL_01289,2024-09-01,London-RegentSt,MacBook Air M3,8.0,1419.7887937385317
RETAIL_01290,2024-08-17,Tokyo-Ginza,MacBook Air M3,4.0,2812.309114103419
RETAIL_01291,2024-07-28,Sydney-GeorgeSt,Apple Watch Ultra,9.0,2770.19358668778
RETAIL_01292,2024-10-30,London-RegentSt,AirPods Max,3.0,1957.9562476455085
RETAIL_01293,2024-11-07,Tokyo-Ginza,AirPods Max,8.0,3888.050283808776
RETAIL_01294,2024-10-01,London-RegentSt,Apple Watch Ultra,1.0,-247.1002040164596
RETAIL_01295,2024-08-13,London-RegentSt,MacBook Air M3,5.0,2891.262692027211
RETAIL_01296,2024-08-15,Tokyo-Ginza,AirPods Max,2.0,610.2116510079463
RETAIL_01297,2024-09-07,Paris-Opera,Apple Watch Ultra,3.0,1473.490216697407
RETAIL_01298,2024-12-01,Paris-Opera,iPhone 15 Pro,5.0,2493.393772962393
RETAIL_01299,2024-12-02,Paris-Opera,iPad Pro,7.0,2475.2483917049944
RETAIL_01300,2024-10-29,Tokyo-Ginza,MacBook Air M3,7.0,1500.8181862543495
RETAIL_01301,2024-11-10,London-RegentSt,Vision Pro,2.0,-118.18701527565952
RETAIL_01302,2024-12-03,Tokyo-Ginza,AirPods Max,5.0,3786.3893735859747
RETAIL_01303,2024-11-28,Tokyo-Ginza,Apple Watch Ultra,7.0,1512.9481585036694
RETAIL_01304,2024-07-17,NYC-FifthAve,iPad Pro,9.0,624.6564743789188
RETAIL_01305,2024-10-15,Tokyo-Ginza,MacBook Air M3,6.0,3221.1416457558566
RETAIL_01306,2024-12-07,NYC-FifthAve,Apple Watch Ultra,5.0,1795.1359396146458
RETAIL_01307,2024-07-20,Paris-Opera,MacBook Air M3,9.0,-168.88330787551354
RETAIL_01308,2024-12-18,Sydney-GeorgeSt,Vision Pro,3.0,167.73413574838025
RETAIL_01309,2024-08-29,London-RegentSt,MacBook Air M3,7.0,957.418002628332
RETAIL_01310,2024-07-20,London-RegentSt,AirPods Max,9.0,551.1989683355118
RETAIL_01311,2024-12-13,Sydney-GeorgeSt,Vision Pro,8.0,481.30436007369394
RETAIL_01312,2024-08-03,NYC-FifthAve,iPad Pro,2.0,1605.951054648508
RETAIL_01313,2024-12-26,NYC-FifthAve,Vision Pro,3.0,672.0601017589913
RETAIL_01314,2024-09-26,Tokyo-Ginza,Apple Watch Ultra,1.0,3953.7750268934133
RETAIL_01315,2024-12-08,NYC-FifthAve,Vision Pro,3.0,1114.7161636549067
RETAIL_01316,2024-09-22,Tokyo-Ginza,Vision Pro,1.0,1384.1165870052278
RETAIL_01317,2024-09-28,NYC-FifthAve,MacBook Air M3,4.0,1588.1489855568266
RETAIL_01318,2024-07-27,Tokyo-Ginza,Apple Watch Ultra,9.0,1623.3297486016504
RETAIL_01319,2024-09-20,London-RegentSt,iPad Pro,9.0,3037.4873399120693
RETAIL_01320,2024-07-04,London-RegentSt,iPhone 15 Pro,1.0,3445.341297301172
RETAIL_01321,2024-07-17,Sydney-GeorgeSt,AirPods Max,9.0,3291.9891083317593
RETAIL_01322,2024-10-16,Sydney-GeorgeSt,iPad Pro,4.0,40.10823297809691
RETAIL_01323,2024-07-02,Sydney-GeorgeSt,iPad Pro,4.0,2508.09364826004
RETAIL_01324,2024-10-05,NYC-FifthAve,Vision Pro,7.0,525.0458873163686
RETAIL_01325,2024-08-30,NYC-FifthAve,AirPods Max,8.0,454.587591398521
RETAIL_01326,2024-11-17,NYC-FifthAve,iPad Pro,8.0,1065.4020967140784
RETAIL_01327,2024-10-02,Paris-Opera,iPad Pro,9.0,816.5676664241555
RETAIL_01328,2024-11-07,Sydney-GeorgeSt,iPhone 15 Pro,3.0,3811.8287018900583
RETAIL_01329,2024-11-29,Paris-Opera,AirPods Max,1.0,622.9203383696736
RETAIL_01330,2024-07-06,Paris-Opera,iPhone 15 Pro,4.0,3980.5829013686753
RETAIL_01331,2024-07-27,Tokyo-Ginza,Apple Watch Ultra,2.0,3059.4115437480045
RETAIL_01332,2024-07-17,London-RegentSt,Vision Pro,9.0,762.908761339671
RETAIL_01333,2024-11-03,London-RegentSt,AirPods Max,4.0,2709.9730053124676
RETAIL_01334,2024-08-21,Sydney-GeorgeSt,MacBook Air M3,1.0,1764.0642803439619
RETAIL_01335,2024-11-03,Paris-Opera,MacBook Air M3,3.0,3503.2651056804093
RETAIL_01336,2024-10-29,NYC-FifthAve,Apple Watch Ultra,6.0,1180.481176067516
RETAIL_01337,2024-07-31,Tokyo-Ginza,iPhone 15 Pro,,1663.0106631065364
RETAIL_01338,2024-12-20,Sydney-GeorgeSt,iPhone 15 Pro,9.0,-46.25834511976075
RETAIL_01339,2024-09-24,Paris-Opera,AirPods Max,2.0,-366.7196380200162
RETAIL_01340,2024-12-08,NYC-FifthAve,AirPods Max,7.0,3045.2991861865735
RETAIL_01341,2024-12-27,Paris-Opera,AirPods Max,7.0,2056.177761415403
RETAIL_01342,2024-08-19,NYC-FifthAve,iPad Pro,4.0,2408.005875211057
RETAIL_01343,2024-09-25,Tokyo-Ginza,Apple Watch Ultra,6.0,3383.7161954859844
RETAIL_01344,2024-10-17,NYC-FifthAve,iPhone 15 Pro,7.0,2440.4955637486005
RETAIL_01345,2024-09-03,Paris-Opera,iPad Pro,4.0,2686.0134984059655
RETAIL_01346,2024-07-16,Tokyo-Ginza,MacBook Air M3,1.0,2264.624246688301
RETAIL_01347,2024-07-14,Paris-Opera,AirPods Max,2.0,1125.235310219947
RETAIL_01348,2024-07-17,Paris-Opera,iPad Pro,2.0,3470.358061357837
RETAIL_01349,2024-10-23,Paris-Opera,Vision Pro,5.0,1754.0256727145793
RETAIL_01350,2024-08-25,Sydney-GeorgeSt,Vision Pro,9.0,2444.1450734453274
RETAIL_01351,2024-10-31,Paris-Opera,MacBook Air M3,2.0,2506.585557914658
RETAIL_01352,2024-09-18,Tokyo-Ginza,AirPods Max,9.0,2476.6242502223213
RETAIL_01353,2024-11-23,Tokyo-Ginza,iPad Pro,4.0,1116.3439903745427
RETAIL_01354,2024-12-19,Paris-Opera,MacBook Air M3,5.0,3956.863409554562
RETAIL_01355,2024-11-10,Tokyo-Ginza,MacBook Air M3,4.0,717.5096802238165
RETAIL_01356,2024-07-26,Sydney-GeorgeSt,Apple Watch Ultra,6.0,2527.56748430594
RETAIL_01357,2024-10-03,Tokyo-Ginza,Vision Pro,5.0,1823.2942359952463
RETAIL_01358,2024-07-28,Tokyo-Ginza,AirPods Max,1.0,1422.723579265087
RETAIL_01359,2024-07-18,Sydney-GeorgeSt,iPhone 15 Pro,5.0,1720.2812261173353
RETAIL_01360,2024-12-26,Paris-Opera,MacBook Air M3,2.0,2401.255703329146
RETAIL_01361,2024-11-16,Sydney-GeorgeSt,AirPods Max,9.0,3519.3333231586917
RETAIL_01362,2024-09-02,Sydney-GeorgeSt,iPhone 15 Pro,9.0,1611.4089430874005
RETAIL_01363,2024-11-13,NYC-FifthAve,MacBook Air M3,7.0,2444.9697205603643
RETAIL_01364,2024-10-29,Sydney-GeorgeSt,AirPods Max,3.0,1348.586493449562
RETAIL_01365,2024-08-15,London-RegentSt,MacBook Air M3,6.0,301.39000643129975
RETAIL_01366,2024-10-14,NYC-FifthAve,iPhone 15 Pro,4.0,788.4817610536202
RETAIL_01367,2024-11-21,Sydney-GeorgeSt,iPad Pro,,3259.090176576461
RETAIL_01368,2024-08-22,Tokyo-Ginza,Apple Watch Ultra,9.0,3167.0333061383812
RETAIL_01369,2024-07-29,London-RegentSt,AirPods Max,7.0,555.7718061635487
RETAIL_01370,2024-08-24,Paris-Opera,MacBook Air M3,5.0,321.0955365636919
RETAIL_01371,2024-08-18,Sydney-GeorgeSt,iPad Pro,8.0,3707.6384800111
RETAIL_01372,2024-12-01,London-RegentSt,MacBook Air M3,3.0,-178.67204933785462
RETAIL_01373,2024-07-16,Sydney-GeorgeSt,iPad Pro,8.0,3659.637827585604
RETAIL_01374,2024-08-18,Paris-Opera,MacBook Air M3,2.0,1412.7984856797746
RETAIL_01375,2024-10-20,Sydney-GeorgeSt,Vision Pro,1.0,3480.254334693215
RETAIL_01376,2024-07-09,NYC-FifthAve,Vision Pro,2.0,1607.1525605832521
RETAIL_01377,2024-10-06,Paris-Opera,Apple Watch Ultra,8.0,3232.9487281538954
RETAIL_01378,2024-09-24,Paris-Opera,MacBook Air M3,4.0,-490.7434067214697
RETAIL_01379,2024-10-25,Tokyo-Ginza,MacBook Air M3,3.0,2453.468230459014
RETAIL_01380,2024-10-12,Paris-Opera,AirPods Max,6.0,-261.26705339743734
RETAIL_01381,2024-09-16,NYC-FifthAve,iPad Pro,1.0,1757.4119301864953
RETAIL_01382,2024-07-04,Paris-Opera,Vision Pro,6.0,1384.0286767218206
RETAIL_01383,2024-12-14,London-RegentSt,Vision Pro,6.0,3127.7950603322147
RETAIL_01384,2024-08-29,Tokyo-Ginza,Vision Pro,6.0,1124.5992861488744
RETAIL_01385,2024-12-11,Sydney-GeorgeSt,Apple Watch Ultra,,3070.498191919153
RETAIL_01386,2024-08-05,NYC-FifthAve,Vision Pro,9.0,2892.121879270989
RETAIL_01387,2024-10-23,Sydney-GeorgeSt,Vision Pro,5.0,2466.094917285429
RETAIL_01388,2024-10-21,Sydney-GeorgeSt,Apple Watch Ultra,1.0,1782.6589786361342
RETAIL_01389,2024-08-22,Sydney-GeorgeSt,MacBook Air M3,9.0,2497.105488139415
RETAIL_01390,2024-08-18,London-RegentSt,Vision Pro,7.0,3852.697298633987
RETAIL_01391,2024-11-07,Paris-Opera,Vision Pro,9.0,3535.6546450765013
RETAIL_01392,2024-08-11,NYC-FifthAve,Apple Watch Ultra,1.0,1083.13249319562
RETAIL_01393,2024-10-19,Tokyo-Ginza,iPad Pro,5.0,3178.497038966124
RETAIL_01394,2024-08-03,Tokyo-Ginza,Apple Watch Ultra,7.0,3903.0391669644687
RETAIL_01395,2024-12-09,NYC-FifthAve,iPhone 15 Pro,7.0,3223.141920420744
RETAIL_01396,2024-10-11,Paris-Opera,iPhone 15 Pro,8.0,3805.9094193154997
RETAIL_01397,2024-11-19,NYC-FifthAve,iPad Pro,7.0,2783.908732610443
RETAIL_01398,2024-12-09,NYC-FifthAve,iPhone 15 Pro,7.0,3947.8550612778763
RETAIL_01399,2024-07-20,NYC-FifthAve,Apple Watch Ultra,5.0,3155.6787587156373
RETAIL_01400,2024-11-16,Tokyo-Ginza,Vision Pro,5.0,2172.465567465125
RETAIL_01401,2024-12-22,Sydney-GeorgeSt,Apple Watch Ultra,2.0,3659.621855187852
RETAIL_01402,2024-11-20,London-RegentSt,Vision Pro,6.0,2255.7963359133187
RETAIL_01403,2024-10-12,Paris-Opera,iPhone 15 Pro,4.0,931.6174865836947
RETAIL_01404,2024-11-08,Tokyo-Ginza,MacBook Air M3,9.0,2900.79543631778
RETAIL_01405,2024-11-01,Tokyo-Ginza,AirPods Max,3.0,3331.1831570325944
RETAIL_01406,2024-07-18,NYC-FifthAve,Vision Pro,8.0,2518.6467294671966
RETAIL_01407,2024-08-25,Paris-Opera,MacBook Air M3,4.0,1969.8094989073684
RETAIL_01408,2024-07-05,Sydney-GeorgeSt,AirPods Max,8.0,-170.91392114542668
RETAIL_01409,2024-08-31,Sydney-GeorgeSt,iPad Pro,4.0,1116.6463737415645
RETAIL_01410,2024-08-03,Sydney-GeorgeSt,iPhone 15 Pro,6.0,2977.859711686443
RETAIL_01411,2024-12-22,London-RegentSt,iPad Pro,5.0,2265.815237707503
RETAIL_01412,2024-07-10,London-RegentSt,iPad Pro,2.0,1339.022991221878
RETAIL_01413,2024-12-23,Sydney-GeorgeSt,AirPods Max,5.0,3986.2799138308474
RETAIL_01414,2024-08-13,Sydney-GeorgeSt,Apple Watch Ultra,6.0,-289.4366715442644
RETAIL_01415,2024-09-28,Tokyo-Ginza,iPad Pro,,2888.666328779113
RETAIL_01416,2024-08-20,London-RegentSt,iPhone 15 Pro,6.0,2076.0316341136236
RETAIL_01417,2024-10-18,Tokyo-Ginza,Apple Watch Ultra,6.0,3009.2327778236986
RETAIL_01418,2024-10-10,London-RegentSt,AirPods Max,9.0,705.5303210912946
RETAIL_01419,2024-11-30,NYC-FifthAve,iPhone 15 Pro,5.0,1876.234618459805
RETAIL_01420,2024-08-23,London-RegentSt,Vision Pro,8.0,3155.1220557960237
RETAIL_01421,2024-09-17,NYC-FifthAve,MacBook Air M3,9.0,2534.46575993973
RETAIL_01422,2024-11-16,NYC-FifthAve,Vision Pro,1.0,832.732286173378
RETAIL_01423,2024-08-27,London-RegentSt,iPhone 15 Pro,1.0,2304.323326301318
RETAIL_01424,2024-09-07,London-RegentSt,iPad Pro,6.0,1794.1363638152193
RETAIL_01425,2024-07-30,NYC-FifthAve,Apple Watch Ultra,9.0,3274.898645939783
RETAIL_01426,2024-07-09,Sydney-GeorgeSt,Vision Pro,8.0,-163.07583139029458
RETAIL_01427,2024-07-12,Tokyo-Ginza,iPhone 15 Pro,7.0,2037.958525487259
RETAIL_01428,2024-10-14,Tokyo-Ginza,Apple Watch Ultra,1.0,-428.0128383166652
RETAIL_01429,2024-10-27,Paris-Opera,iPad Pro,7.0,2883.8480155891675
RETAIL_01430,2024-10-30,London-RegentSt,Vision Pro,9.0,-44.04912629378424
RETAIL_01431,2024-11-13,Paris-Opera,iPhone 15 Pro,4.0,3117.23273749066
RETAIL_01432,2024-11-08,London-RegentSt,Vision Pro,8.0,3685.1175096083325
RETAIL_01433,2024-11-11,London-RegentSt,Apple Watch Ultra,5.0,461.88898284767424
RETAIL_01434,2024-09-07,Tokyo-Ginza,iPhone 15 Pro,,2489.216013202195
RETAIL_01435,2024-07-13,Sydney-GeorgeSt,AirPods Max,7.0,-268.5540018313718
RETAIL_01436,2024-09-16,Sydney-GeorgeSt,Vision Pro,,2086.283593887533
RETAIL_01437,2024-09-29,Paris-Opera,Apple Watch Ultra,6.0,-6.498324604611469
RETAIL_01438,2024-08-11,Tokyo-Ginza,MacBook Air M3,2.0,2270.4245423043735
RETAIL_01439,2024-08-29,Paris-Opera,iPad Pro,5.0,1891.1092881769823
RETAIL_01440,2024-09-11,London-RegentSt,AirPods Max,8.0,1561.7760846930564
RETAIL_01441,2024-08-23,Tokyo-Ginza,Apple Watch Ultra,5.0,-172.89845059456042
RETAIL_01442,2024-12-07,Paris-Opera,AirPods Max,1.0,2072.972088254432
RETAIL_01443,2024-08-11,London-RegentSt,iPad Pro,3.0,2506.6769445229356
RETAIL_01444,2024-10-27,Tokyo-Ginza,Apple Watch Ultra,9.0,1967.5993783506638
RETAIL_01445,2024-09-29,Tokyo-Ginza,iPhone 15 Pro,1.0,3456.183969758901
RETAIL_01446,2024-07-19,Sydney-GeorgeSt,iPad Pro,,196.4137060306673
RETAIL_01447,2024-08-24,Paris-Opera,Apple Watch Ultra,7.0,903.746103646881
RETAIL_01448,2024-07-23,NYC-FifthAve,MacBook Air M3,2.0,753.2378976026691
RETAIL_01449,2024-09-17,Paris-Opera,Apple Watch Ultra,,749.6992385876938
RETAIL_01450,2024-08-07,NYC-FifthAve,Apple Watch Ultra,5.0,2497.093728126282
RETAIL_01451,2024-08-14,Sydney-GeorgeSt,iPhone 15 Pro,4.0,29.79535154299981
RETAIL_01452,2024-07-06,Paris-Opera,iPad Pro,6.0,401.50728972349145
RETAIL_01453,2024-09-19,Paris-Opera,Apple Watch Ultra,9.0,239.96877410904779
RETAIL_01454,2024-12-10,London-RegentSt,iPad Pro,7.0,2692.3939720120793
RETAIL_01455,2024-08-03,Paris-Opera,AirPods Max,2.0,70.58469184030378
RETAIL_01456,2024-08-15,Sydney-GeorgeSt,AirPods Max,1.0,3933.418966929864
RETAIL_01457,2024-12-13,NYC-FifthAve,iPhone 15 Pro,,2713.0519447453034
RETAIL_01458,2024-12-11,Sydney-GeorgeSt,iPad Pro,1.0,1995.226402697449
RETAIL_01459,2024-10-05,Tokyo-Ginza,Vision Pro,8.0,1100.1792733646407
RETAIL_01460,2024-08-01,NYC-FifthAve,iPhone 15 Pro,4.0,3934.833245307028
RETAIL_01461,2024-10-29,Sydney-GeorgeSt,Vision Pro,6.0,1951.736859984033
RETAIL_01462,2024-11-26,London-RegentSt,iPhone 15 Pro,9.0,2981.8861204480363
RETAIL_01463,2024-11-03,NYC-FifthAve,Vision Pro,3.0,3558.704912707923
RETAIL_01464,2024-08-09,Tokyo-Ginza,MacBook Air M3,4.0,3222.551527618641
RETAIL_01465,2024-11-25,Paris-Opera,iPhone 15 Pro,7.0,2109.9629066580274
RETAIL_01466,2024-12-02,Paris-Opera,iPhone 15 Pro,3.0,2070.115192576121
RETAIL_01467,2024-12-21,Tokyo-Ginza,MacBook Air M3,7.0,576.5404875696859
RETAIL_01468,2024-09-04,Tokyo-Ginza,Vision Pro,5.0,2975.6061544082354
RETAIL_01469,2024-10-12,Sydney-GeorgeSt,AirPods Max,8.0,3665.82544479999
RETAIL_01470,2024-10-12,Tokyo-Ginza,AirPods Max,8.0,3016.8769842609486
RETAIL_01471,2024-11-14,London-RegentSt,iPhone 15 Pro,5.0,3312.846550507903
RETAIL_01472,2024-09-08,Sydney-GeorgeSt,MacBook Air M3,6.0,1106.9027399468464
RETAIL_01473,2024-07-24,Tokyo-Ginza,MacBook Air M3,5.0,946.8845613131855
RETAIL_01474,2024-12-13,Tokyo-Ginza,Vision Pro,3.0,1096.7052101949682
RETAIL_01475,2024-07-29,Sydney-GeorgeSt,iPad Pro,8.0,2046.6744004539878
RETAIL_01476,2024-12-12,NYC-FifthAve,Vision Pro,1.0,-44.11234929688652
RETAIL_01477,2024-12-08,Sydney-GeorgeSt,MacBook Air M3,4.0,1098.6781591233776
RETAIL_01478,2024-12-22,NYC-FifthAve,Vision Pro,7.0,595.5933225301671
RETAIL_01479,2024-10-21,Tokyo-Ginza,iPad Pro,9.0,2825.076601633315
RETAIL_01480,2024-07-04,NYC-FifthAve,Vision Pro,5.0,673.0077805042356
RETAIL_01481,2024-07-19,Sydney-GeorgeSt,Vision Pro,1.0,54.86892514619706
RETAIL_01482,2024-08-24,Sydney-GeorgeSt,AirPods Max,7.0,3438.02511809983
RETAIL_01483,2024-12-13,NYC-FifthAve,Vision Pro,3.0,2499.653421233617
RETAIL_01484,2024-08-14,NYC-FifthAve,iPhone 15 Pro,4.0,1331.369636926032
RETAIL_01485,2024-10-31,NYC-FifthAve,iPhone 15 Pro,4.0,104.40534900634009
RETAIL_01486,2024-12-14,London-RegentSt,Vision Pro,2.0,-37.643402572605225
RETAIL_01487,2024-09-27,Tokyo-Ginza,iPhone 15 Pro,8.0,1462.2727544153713
RETAIL_01488,2024-10-20,London-RegentSt,iPad Pro,9.0,1127.6626062617006
RETAIL_01489,2024-10-07,Tokyo-Ginza,Apple Watch Ultra,1.0,2527.2104618779344
RETAIL_01490,2024-09-08,London-RegentSt,iPad Pro,2.0,3486.529273155542
RETAIL_01491,2024-09-11,Sydney-GeorgeSt,iPad Pro,4.0,1749.1929680878702
RETAIL_01492,2024-10-07,London-RegentSt,AirPods Max,5.0,2119.139139003856
RETAIL_01493,2024-10-29,Tokyo-Ginza,MacBook Air M3,8.0,3880.3088028439024
RETAIL_01494,2024-10-20,London-RegentSt,MacBook Air M3,3.0,2776.0488026243706
RETAIL_01495,2024-09-09,Sydney-GeorgeSt,Vision Pro,3.0,3178.610027573973
RETAIL_01496,2024-10-26,Tokyo-Ginza,iPad Pro,4.0,2133.0690059228573
RETAIL_01497,2024-07-14,NYC-FifthAve,AirPods Max,4.0,3682.703367972729
RETAIL_01498,2024-08-26,Sydney-GeorgeSt,Vision Pro,2.0,1529.6152503686737
RETAIL_01499,2024-12-09,Sydney-GeorgeSt,Vision Pro,4.0,1769.507398734987
RETAIL_01500,2024-09-10,Sydney-GeorgeSt,MacBook Air M3,4.0,3720.529719462619
RETAIL_01501,2024-09-12,Paris-Opera,MacBook Air M3,3.0,1961.0146023571779
RETAIL_01502,2024-08-03,Sydney-GeorgeSt,Vision Pro,4.0,3739.9444425492693
RETAIL_01503,2024-11-13,Sydney-GeorgeSt,MacBook Air M3,7.0,22.91738348792694
RETAIL_01504,2024-11-29,London-RegentSt,Vision Pro,5.0,1287.7179332889518
RETAIL_01505,2024-08-06,NYC-FifthAve,iPhone 15 Pro,3.0,1763.5999582534032
RETAIL_01506,2024-11-22,Tokyo-Ginza,Apple Watch Ultra,3.0,1884.8573847071511
RETAIL_01507,2024-11-09,Tokyo-Ginza,Vision Pro,8.0,3173.044768327547
RETAIL_01508,2024-10-17,NYC-FifthAve,AirPods Max,3.0,3505.4538701462848
RETAIL_01509,2024-11-26,NYC-FifthAve,MacBook Air M3,6.0,3629.2804608005763
RETAIL_01510,2024-09-17,Sydney-GeorgeSt,AirPods Max,2.0,3396.758290595014
RETAIL_01511,2024-10-30,NYC-FifthAve,iPhone 15 Pro,9.0,3237.2407529623742
RETAIL_01512,2024-07-26,NYC-FifthAve,Apple Watch Ultra,1.0,819.9556439650439
RETAIL_01513,2024-10-04,London-RegentSt,AirPods Max,3.0,3138.0156407160353
RETAIL_01514,2024-12-27,NYC-FifthAve,MacBook Air M3,6.0,1592.1609120213152
RETAIL_01515,2024-09-20,Paris-Opera,Apple Watch Ultra,7.0,2080.0552966402156
RETAIL_01516,2024-10-07,NYC-FifthAve,iPad Pro,6.0,3198.3246867828507
RETAIL_01517,2024-10-12,Sydney-GeorgeSt,iPad Pro,2.0,1095.5697126675643
RETAIL_01518,2024-07-19,Paris-Opera,Vision Pro,4.0,2030.8828244483911
RETAIL_01519,2024-09-27,NYC-FifthAve,AirPods Max,4.0,15.52919528221662
RETAIL_01520,2024-12-24,NYC-FifthAve,Apple Watch Ultra,5.0,2268.621423476939
RETAIL_01521,2024-10-14,Tokyo-Ginza,iPhone 15 Pro,6.0,3853.1922951953647
RETAIL_01522,2024-09-15,Tokyo-Ginza,Vision Pro,5.0,2979.305402163948
RETAIL_01523,2024-11-12,NYC-FifthAve,Vision Pro,,3315.887854950544
RETAIL_01524,2024-12-10,Paris-Opera,Vision Pro,4.0,270.0613835722836
RETAIL_01525,2024-11-05,NYC-FifthAve,Vision Pro,8.0,828.1451832057865
RETAIL_01526,2024-09-22,Paris-Opera,AirPods Max,2.0,2840.000727040598
RETAIL_01527,2024-10-13,Tokyo-Ginza,iPad Pro,7.0,1683.4640686222028
RETAIL_01528,2024-11-10,London-RegentSt,iPhone 15 Pro,5.0,3996.0710012087375
RETAIL_01529,2024-12-15,London-RegentSt,iPhone 15 Pro,1.0,-135.63843270426088
RETAIL_01530,2024-12-13,Paris-Opera,MacBook Air M3,4.0,1706.1254665178599
RETAIL_01531,2024-08-08,NYC-FifthAve,AirPods Max,2.0,3744.702349767952
RETAIL_01532,2024-10-17,Tokyo-Ginza,Vision Pro,3.0,2376.6815293956565
RETAIL_01533,2024-11-11,London-RegentSt,iPad Pro,9.0,2414.3912400404142
RETAIL_01534,2024-12-04,Tokyo-Ginza,iPhone 15 Pro,9.0,3689.4517326579016
RETAIL_01535,2024-08-02,London-RegentSt,MacBook Air M3,5.0,774.4703216834098
RETAIL_01536,2024-08-05,Tokyo-Ginza,MacBook Air M3,2.0,3422.5364901260514
RETAIL_01537,2024-12-26,London-RegentSt,AirPods Max,3.0,1581.2012409281788
RETAIL_01538,2024-07-08,Paris-Opera,Apple Watch Ultra,9.0,-157.31197980078997
RETAIL_01539,2024-12-09,NYC-FifthAve,iPhone 15 Pro,5.0,185.23239431147522
RETAIL_01540,2024-11-01,Paris-Opera,Apple Watch Ultra,7.0,699.3640898551196
RETAIL_01541,2024-10-08,London-RegentSt,iPad Pro,6.0,1892.8165959978592
RETAIL_01542,2024-07-09,NYC-FifthAve,iPad Pro,6.0,3234.9972711767105
RETAIL_01543,2024-10-22,Sydney-GeorgeSt,Apple Watch Ultra,,1176.9319721563725
RETAIL_01544,2024-11-30,Paris-Opera,iPhone 15 Pro,7.0,3759.9418841932693
RETAIL_01545,2024-12-08,NYC-FifthAve,MacBook Air M3,2.0,2637.796080622789
RETAIL_01546,2024-07-14,Paris-Opera,iPhone 15 Pro,1.0,643.4690186068799
RETAIL_01547,2024-09-02,NYC-FifthAve,Apple Watch Ultra,5.0,1598.4940707348642
RETAIL_01548,2024-07-02,Sydney-GeorgeSt,iPhone 15 Pro,2.0,1130.6544678266634
RETAIL_01549,2024-07-07,NYC-FifthAve,MacBook Air M3,8.0,2688.396371019235
RETAIL_01550,2024-08-28,NYC-FifthAve,Apple Watch Ultra,6.0,496.6159501251018
RETAIL_01551,2024-10-30,London-RegentSt,Vision Pro,4.0,1683.5397396205499
RETAIL_01552,2024-07-26,Sydney-GeorgeSt,iPhone 15 Pro,6.0,3003.6460377133853
RETAIL_01553,2024-11-05,London-RegentSt,Apple Watch Ultra,7.0,1672.7163752887977
RETAIL_01554,2024-10-10,Sydney-GeorgeSt,MacBook Air M3,6.0,-356.4055593613667
RETAIL_01555,2024-09-06,Sydney-GeorgeSt,Apple Watch Ultra,8.0,2016.5524254800243
RETAIL_01556,2024-08-03,Sydney-GeorgeSt,iPad Pro,4.0,1866.7159375631936
RETAIL_01557,2024-08-14,Paris-Opera,iPhone 15 Pro,1.0,3052.738195723624
RETAIL_01558,2024-10-04,Sydney-GeorgeSt,iPhone 15 Pro,1.0,242.0803473101505
RETAIL_01559,2024-11-19,Paris-Opera,MacBook Air M3,1.0,-85.26721235760044
RETAIL_01560,2024-07-18,Tokyo-Ginza,MacBook Air M3,1.0,2503.0767053707723
RETAIL_01561,2024-08-06,NYC-FifthAve,iPad Pro,4.0,2522.664649496776
RETAIL_01562,2024-08-24,NYC-FifthAve,MacBook Air M3,4.0,-465.10574822076404
RETAIL_01563,2024-10-11,Tokyo-Ginza,AirPods Max,,460.8363138477987
RETAIL_01564,2024-07-13,NYC-FifthAve,iPhone 15 Pro,1.0,1465.92812191137
RETAIL_01565,2024-11-06,Paris-Opera,Apple Watch Ultra,1.0,32.05943025453314
RETAIL_01566,2024-08-08,NYC-FifthAve,Apple Watch Ultra,7.0,3173.8957910095896
RETAIL_01567,2024-10-19,Tokyo-Ginza,iPad Pro,1.0,2119.196103162579
RETAIL_01568,2024-10-28,Tokyo-Ginza,iPhone 15 Pro,5.0,2543.076503908933
RETAIL_01569,2024-10-03,NYC-FifthAve,iPhone 15 Pro,3.0,3508.6241816555535
RETAIL_01570,2024-08-11,Sydney-GeorgeSt,iPhone 15 Pro,3.0,2296.181628901519
RETAIL_01571,2024-09-18,Paris-Opera,Apple Watch Ultra,3.0,2519.420045733558
RETAIL_01572,2024-08-19,Tokyo-Ginza,iPhone 15 Pro,8.0,1674.8346066014965
RETAIL_01573,2024-12-15,Tokyo-Ginza,Vision Pro,2.0,1147.839930415317
RETAIL_01574,2024-10-14,Tokyo-Ginza,iPhone 15 Pro,2.0,3810.5737882304693
RETAIL_01575,2024-07-15,Sydney-GeorgeSt,Vision Pro,3.0,2674.5542874899115
RETAIL_01576,2024-08-08,Paris-Opera,iPhone 15 Pro,2.0,1670.2421987934144
RETAIL_01577,2024-07-15,Paris-Opera,Vision Pro,3.0,-14.20281358430691
RETAIL_01578,2024-12-14,NYC-FifthAve,Vision Pro,6.0,-85.47412922027138
RETAIL_01579,2024-08-15,Paris-Opera,AirPods Max,9.0,2021.9013337714077
RETAIL_01580,2024-11-29,London-RegentSt,Vision Pro,8.0,3710.367105755031
RETAIL_01581,2024-08-31,Paris-Opera,iPhone 15 Pro,3.0,3244.581662046512
RETAIL_01582,2024-07-28,Sydney-GeorgeSt,AirPods Max,6.0,3013.4507937273406
RETAIL_01583,2024-10-25,Tokyo-Ginza,AirPods Max,,620.9452736640089
RETAIL_01584,2024-09-25,London-RegentSt,Apple Watch Ultra,4.0,3206.0369718173556
RETAIL_01585,2024-11-06,NYC-FifthAve,AirPods Max,7.0,2115.1015316058697
RETAIL_01586,2024-07-09,Sydney-GeorgeSt,Apple Watch Ultra,9.0,-491.17091760070105
RETAIL_01587,2024-09-09,Paris-Opera,AirPods Max,9.0,3105.2037186386738
RETAIL_01588,2024-12-23,London-RegentSt,AirPods Max,2.0,638.2262601602044
RETAIL_01589,2024-07-24,London-RegentSt,iPad Pro,5.0,397.8518840555313
RETAIL_01590,2024-10-24,Sydney-GeorgeSt,MacBook Air M3,4.0,2128.104630473582
RETAIL_01591,2024-08-29,London-RegentSt,Vision Pro,2.0,3901.823011319212
RETAIL_01592,2024-09-04,London-RegentSt,Apple Watch Ultra,4.0,332.5103369862927
RETAIL_01593,2024-12-13,London-RegentSt,MacBook Air M3,1.0,1735.000689820743
RETAIL_01594,2024-12-01,NYC-FifthAve,iPad Pro,7.0,-237.30222220850135
RETAIL_01595,2024-12-01,NYC-FifthAve,MacBook Air M3,2.0,1446.585348522474
RETAIL_01596,2024-10-26,Paris-Opera,iPad Pro,,2068.4859247633894
RETAIL_01597,2024-08-20,London-RegentSt,MacBook Air M3,9.0,3023.3608224576524
RETAIL_01598,2024-11-20,Paris-Opera,MacBook Air M3,9.0,2853.7477160378094
RETAIL_01599,2024-11-17,NYC-FifthAve,iPhone 15 Pro,1.0,2511.3612496343753
RETAIL_01600,2024-12-17,Paris-Opera,AirPods Max,8.0,551.8098931384586
RETAIL_01601,2024-11-02,London-RegentSt,Apple Watch Ultra,9.0,1729.0090612274898
RETAIL_01602,2024-07-08,Tokyo-Ginza,MacBook Air M3,7.0,1441.8990922844703
RETAIL_01603,2024-09-05,Sydney-GeorgeSt,Vision Pro,4.0,3690.9592245162175
RETAIL_01604,2024-11-01,London-RegentSt,Vision Pro,1.0,2656.686221051842
RETAIL_01605,2024-07-21,Tokyo-Ginza,MacBook Air M3,7.0,216.1458500883706
RETAIL_01606,2024-11-28,Tokyo-Ginza,MacBook Air M3,3.0,3036.878240331537
RETAIL_01607,2024-08-10,London-RegentSt,Apple Watch Ultra,2.0,1924.9755319168416
RETAIL_01608,2024-07-18,Paris-Opera,MacBook Air M3,1.0,3087.7681560766464
RETAIL_01609,2024-09-22,Sydney-GeorgeSt,iPhone 15 Pro,8.0,3087.785379434351
RETAIL_01610,2024-09-27,NYC-FifthAve,AirPods Max,6.0,-402.91800617157463
RETAIL_01611,2024-11-05,London-RegentSt,MacBook Air M3,6.0,-268.49205465697264
RETAIL_01612,2024-07-22,NYC-FifthAve,iPhone 15 Pro,6.0,2078.40627087816
RETAIL_01613,2024-08-11,Tokyo-Ginza,MacBook Air M3,2.0,1135.263054458603
RETAIL_01614,2024-12-05,Tokyo-Ginza,iPhone 15 Pro,9.0,-95.81476942723009
RETAIL_01615,2024-09-11,London-RegentSt,iPad Pro,7.0,126.48457082819596
RETAIL_01616,2024-10-03,Paris-Opera,iPhone 15 Pro,1.0,2090.33904222892
RETAIL_01617,2024-12-07,Tokyo-Ginza,AirPods Max,3.0,3933.26198973191
RETAIL_01618,2024-11-12,Sydney-GeorgeSt,iPhone 15 Pro,1.0,165.45335137585732
RETAIL_01619,2024-09-20,Paris-Opera,iPad Pro,2.0,3116.493451359923
RETAIL_01620,2024-09-13,Tokyo-Ginza,iPad Pro,4.0,2738.11114095514
RETAIL_01621,2024-09-28,Tokyo-Ginza,MacBook Air M3,1.0,3129.461593178193
RETAIL_01622,2024-11-15,Paris-Opera,iPhone 15 Pro,2.0,3899.475331616786
RETAIL_01623,2024-10-12,Tokyo-Ginza,AirPods Max,9.0,2977.889217372287
RETAIL_01624,2024-10-01,London-RegentSt,MacBook Air M3,9.0,3810.934754238411
RETAIL_01625,2024-10-31,Tokyo-Ginza,Apple Watch Ultra,1.0,498.9882451302253
RETAIL_01626,2024-09-19,Paris-Opera,Vision Pro,2.0,600.7278916407952
RETAIL_01627,2024-07-20,London-RegentSt,Apple Watch Ultra,9.0,627.2059854500301
RETAIL_01628,2024-08-04,Tokyo-Ginza,iPad Pro,7.0,883.1226158315492
RETAIL_01629,2024-09-21,Sydney-GeorgeSt,AirPods Max,2.0,1853.1407603840735
RETAIL_01630,2024-12-18,NYC-FifthAve,Apple Watch Ultra,2.0,2577.0770236257717
RETAIL_01631,2024-11-02,Sydney-GeorgeSt,Vision Pro,4.0,1065.687614709128
RETAIL_01632,2024-12-12,Tokyo-Ginza,Apple Watch Ultra,4.0,3927.1461513776985
RETAIL_01633,2024-11-02,London-RegentSt,iPad Pro,2.0,3720.7252293162437
RETAIL_01634,2024-09-02,Tokyo-Ginza,Vision Pro,3.0,268.99166090556196
RETAIL_01635,2024-10-26,Sydney-GeorgeSt,iPhone 15 Pro,8.0,1006.6887936363751
RETAIL_01636,2024-11-26,Sydney-GeorgeSt,Apple Watch Ultra,9.0,3979.4102491607846
RETAIL_01637,2024-09-03,Tokyo-Ginza,Apple Watch Ultra,1.0,273.1468401785187
RETAIL_01638,2024-08-14,Sydney-GeorgeSt,MacBook Air M3,6.0,3300.3957285389083
RETAIL_01639,2024-12-24,London-RegentSt,iPad Pro,4.0,-192.95748498174527
RETAIL_01640,2024-10-09,NYC-FifthAve,AirPods Max,2.0,225.1005405165331
RETAIL_01641,2024-12-12,Paris-Opera,Apple Watch Ultra,3.0,1039.3305553966068
RETAIL_01642,2024-12-03,Sydney-GeorgeSt,AirPods Max,2.0,1812.5670818311928
RETAIL_01643,2024-08-27,Tokyo-Ginza,Apple Watch Ultra,5.0,3696.7946157103606
RETAIL_01644,2024-08-14,Paris-Opera,Vision Pro,1.0,3360.760063107927
RETAIL_01645,2024-08-01,London-RegentSt,iPad Pro,5.0,2189.636040307842
RETAIL_01646,2024-11-23,Sydney-GeorgeSt,Vision Pro,3.0,1090.5095303478374
RETAIL_01647,2024-10-13,Paris-Opera,iPad Pro,6.0,3309.8783429758173
RETAIL_01648,2024-09-01,Paris-Opera,MacBook Air M3,3.0,721.6954876415011
RETAIL_01649,2024-09-10,Paris-Opera,MacBook Air M3,2.0,132.60891746767436
RETAIL_01650,2024-09-29,NYC-FifthAve,Vision Pro,7.0,2440.0586187862136
RETAIL_01651,2024-10-27,London-RegentSt,Vision Pro,8.0,1575.3245752860612
RETAIL_01652,2024-07-15,Sydney-GeorgeSt,MacBook Air M3,8.0,239.06382979132923
RETAIL_01653,2024-08-17,Paris-Opera,iPhone 15 Pro,3.0,-280.9759187811951
RETAIL_01654,2024-09-04,Sydney-GeorgeSt,AirPods Max,1.0,481.2226894753097
RETAIL_01655,2024-09-06,NYC-FifthAve,AirPods Max,6.0,633.6886210703649
RETAIL_01656,2024-11-12,NYC-FifthAve,Apple Watch Ultra,8.0,978.4096463062667
RETAIL_01657,2024-09-14,London-RegentSt,iPhone 15 Pro,6.0,1786.9367876690017
RETAIL_01658,2024-11-18,NYC-FifthAve,Vision Pro,9.0,1352.3115297735678
RETAIL_01659,2024-12-12,Sydney-GeorgeSt,MacBook Air M3,5.0,3059.546701640237
RETAIL_01660,2024-12-25,Tokyo-Ginza,MacBook Air M3,1.0,3252.2027262026513
RETAIL_01661,2024-09-26,Tokyo-Ginza,Vision Pro,4.0,-34.47842580141287
RETAIL_01662,2024-10-08,London-RegentSt,iPhone 15 Pro,1.0,3522.9264760220276
RETAIL_01663,2024-11-11,Paris-Opera,iPhone 15 Pro,6.0,2996.048451458124
RETAIL_01664,2024-07-28,London-RegentSt,Apple Watch Ultra,7.0,1118.703964660186
RETAIL_01665,2024-10-19,Sydney-GeorgeSt,Apple Watch Ultra,2.0,1868.4676162104174
RETAIL_01666,2024-07-31,Paris-Opera,iPhone 15 Pro,6.0,3989.843776496996
RETAIL_01667,2024-09-20,NYC-FifthAve,AirPods Max,8.0,1961.1180808045683
RETAIL_01668,2024-11-19,Sydney-GeorgeSt,AirPods Max,1.0,2561.5027829118058
RETAIL_01669,2024-10-18,Tokyo-Ginza,Vision Pro,4.0,1457.48250333044
RETAIL_01670,2024-11-02,Paris-Opera,Vision Pro,6.0,592.3889343389224
RETAIL_01671,2024-09-16,NYC-FifthAve,Apple Watch Ultra,9.0,2006.6166064441713
RETAIL_01672,2024-07-13,NYC-FifthAve,Vision Pro,4.0,2422.1500651201673
RETAIL_01673,2024-07-28,London-RegentSt,iPhone 15 Pro,3.0,2593.741390138804
RETAIL_01674,2024-08-11,London-RegentSt,Apple Watch Ultra,1.0,2626.54886303979
RETAIL_01675,2024-07-16,Paris-Opera,MacBook Air M3,4.0,2550.684578422444
RETAIL_01676,2024-09-21,Paris-Opera,Apple Watch Ultra,2.0,579.579933649569
RETAIL_01677,2024-10-11,NYC-FifthAve,iPad Pro,3.0,683.6594003040398
RETAIL_01678,2024-11-10,London-RegentSt,Vision Pro,8.0,1471.2268826869056
RETAIL_01679,2024-07-12,Tokyo-Ginza,iPad Pro,8.0,2889.585387135043
RETAIL_01680,2024-10-20,Tokyo-Ginza,Vision Pro,9.0,-269.754918748425
RETAIL_01681,2024-10-18,Tokyo-Ginza,AirPods Max,4.0,1084.2052347626086
RETAIL_01682,2024-10-03,Sydney-GeorgeSt,iPhone 15 Pro,7.0,3293.8117272627837
RETAIL_01683,2024-09-21,NYC-FifthAve,iPad Pro,8.0,756.4890987631729
RETAIL_01684,2024-11-27,London-RegentSt,AirPods Max,5.0,1899.9314054974893
RETAIL_01685,2024-08-28,Paris-Opera,Apple Watch Ultra,3.0,988.6595276068326
RETAIL_01686,2024-08-19,Paris-Opera,MacBook Air M3,9.0,25.543130254786092
RETAIL_01687,2024-12-03,Paris-Opera,iPhone 15 Pro,8.0,1481.0192853502995
RETAIL_01688,2024-12-01,Tokyo-Ginza,iPad Pro,1.0,1141.820444030415
RETAIL_01689,2024-09-28,Tokyo-Ginza,iPad Pro,5.0,1845.6087548311434
RETAIL_01690,2024-07-18,Sydney-GeorgeSt,iPad Pro,7.0,200.05627344415905
RETAIL_01691,2024-07-23,Sydney-GeorgeSt,MacBook Air M3,8.0,542.0208164766987
RETAIL_01692,2024-10-27,Tokyo-Ginza,Apple Watch Ultra,4.0,2128.7838288177586
RETAIL_01693,2024-08-21,Paris-Opera,iPad Pro,5.0,1219.5242238426197
RETAIL_01694,2024-08-25,Tokyo-Ginza,Apple Watch Ultra,9.0,214.858911933002
RETAIL_01695,2024-11-01,Sydney-GeorgeSt,Vision Pro,5.0,2714.8386813420534
RETAIL_01696,2024-08-11,London-RegentSt,MacBook Air M3,1.0,1963.7934151560535
RETAIL_01697,2024-09-11,Tokyo-Ginza,iPhone 15 Pro,8.0,125.98725992329321
RETAIL_01698,2024-12-14,NYC-FifthAve,MacBook Air M3,1.0,1462.6761993365621
RETAIL_01699,2024-08-10,London-RegentSt,iPhone 15 Pro,2.0,1050.984736097605
RETAIL_01700,2024-11-15,Paris-Opera,Vision Pro,7.0,2088.122984728632
RETAIL_01701,2024-07-14,London-RegentSt,MacBook Air M3,1.0,110.47230852501718
RETAIL_01702,2024-10-12,Paris-Opera,iPhone 15 Pro,3.0,3257.5153623472384
RETAIL_01703,2024-07-06,Sydney-GeorgeSt,MacBook Air M3,6.0,735.7645066703492
RETAIL_01704,2024-08-22,Tokyo-Ginza,MacBook Air M3,4.0,2252.1490503867703
RETAIL_01705,2024-07-12,Tokyo-Ginza,iPad Pro,,126.5552558540569
RETAIL_01706,2024-10-30,NYC-FifthAve,Apple Watch Ultra,4.0,2993.770408299195
RETAIL_01707,2024-08-10,Paris-Opera,iPad Pro,8.0,-73.36277898671301
RETAIL_01708,2024-11-21,Tokyo-Ginza,iPhone 15 Pro,2.0,2819.766705856807
RETAIL_01709,2024-10-27,Paris-Opera,Apple Watch Ultra,1.0,2463.593656734153
RETAIL_01710,2024-10-15,London-RegentSt,Apple Watch Ultra,7.0,-417.76018367739357
RETAIL_01711,2024-07-19,Paris-Opera,Vision Pro,1.0,3456.6589262277703
RETAIL_01712,2024-07-17,NYC-FifthAve,MacBook Air M3,4.0,-439.4488621339801
RETAIL_01713,2024-11-03,London-RegentSt,Apple Watch Ultra,7.0,3348.2340819544156
RETAIL_01714,2024-07-13,Paris-Opera,iPhone 15 Pro,2.0,2721.9854905771826
RETAIL_01715,2024-12-16,London-RegentSt,AirPods Max,8.0,405.7286733301779
RETAIL_01716,2024-07-01,London-RegentSt,Vision Pro,9.0,3260.183079106409
RETAIL_01717,2024-09-01,London-RegentSt,AirPods Max,8.0,-457.32490219231175
RETAIL_01718,2024-09-14,Tokyo-Ginza,iPad Pro,4.0,2618.9047217336865
RETAIL_01719,2024-08-26,Sydney-GeorgeSt,Vision Pro,4.0,1174.9236345571649
RETAIL_01720,2024-09-05,NYC-FifthAve,Vision Pro,6.0,2362.2208743873066
RETAIL_01721,2024-11-22,London-RegentSt,Apple Watch Ultra,2.0,2844.3862895701964
RETAIL_01722,2024-10-31,Paris-Opera,iPhone 15 Pro,5.0,2763.069242462935
RETAIL_01723,2024-09-28,Paris-Opera,iPhone 15 Pro,1.0,660.7598691021269
RETAIL_01724,2024-08-13,Paris-Opera,iPhone 15 Pro,9.0,-59.107209890857575
RETAIL_01725,2024-12-05,London-RegentSt,Apple Watch Ultra,9.0,1425.91925110814
RETAIL_01726,2024-07-31,Sydney-GeorgeSt,AirPods Max,9.0,1920.3224867687568
RETAIL_01727,2024-11-05,Paris-Opera,iPhone 15 Pro,7.0,3187.8005775146607
RETAIL_01728,2024-11-08,Sydney-GeorgeSt,AirPods Max,4.0,2466.9894401722136
RETAIL_01729,2024-12-23,Paris-Opera,iPad Pro,2.0,186.597363301639
RETAIL_01730,2024-11-30,Tokyo-Ginza,Apple Watch Ultra,9.0,3790.071850367006
RETAIL_01731,2024-08-16,London-RegentSt,MacBook Air M3,4.0,2817.207419243224
RETAIL_01732,2024-08-30,London-RegentSt,Apple Watch Ultra,5.0,3786.3474880535796
RETAIL_01733,2024-11-05,Paris-Opera,iPhone 15 Pro,6.0,1966.6971848478042
RETAIL_01734,2024-09-17,Paris-Opera,AirPods Max,7.0,3998.637443465811
RETAIL_01735,2024-12-04,Sydney-GeorgeSt,Apple Watch Ultra,8.0,1042.2405840009073
RETAIL_01736,2024-07-29,Tokyo-Ginza,iPhone 15 Pro,7.0,432.2747586300774
RETAIL_01737,2024-08-02,London-RegentSt,MacBook Air M3,2.0,1248.0038952223629
RETAIL_01738,2024-09-01,NYC-FifthAve,AirPods Max,2.0,1223.657302088988
RETAIL_01739,2024-11-28,Sydney-GeorgeSt,MacBook Air M3,2.0,2269.424093495621
RETAIL_01740,2024-08-26,Paris-Opera,iPad Pro,7.0,929.2954474152759
RETAIL_01741,2024-12-20,London-RegentSt,Vision Pro,9.0,3550.6262587442093
RETAIL_01742,2024-10-10,London-RegentSt,iPhone 15 Pro,9.0,46.355138379050345
RETAIL_01743,2024-11-17,Sydney-GeorgeSt,iPad Pro,2.0,-53.16140753381484
RETAIL_01744,2024-09-06,London-RegentSt,MacBook Air M3,7.0,1710.3946887063694
RETAIL_01745,2024-11-25,London-RegentSt,MacBook Air M3,2.0,885.2250516670028
RETAIL_01746,2024-09-25,Tokyo-Ginza,Apple Watch Ultra,1.0,838.1798143353565
RETAIL_01747,2024-09-08,London-RegentSt,iPad Pro,7.0,2814.0648090368386
RETAIL_01748,2024-11-30,NYC-FifthAve,Apple Watch Ultra,7.0,3797.172293927644
RETAIL_01749,2024-10-04,London-RegentSt,Vision Pro,7.0,3473.3535504167926
RETAIL_01750,2024-08-31,NYC-FifthAve,Vision Pro,3.0,3505.983297557309
RETAIL_01751,2024-12-21,London-RegentSt,Apple Watch Ultra,2.0,3923.451443762431
RETAIL_01752,2024-09-08,NYC-FifthAve,Vision Pro,6.0,2385.853650655698
RETAIL_01753,2024-10-23,Paris-Opera,AirPods Max,1.0,2113.557523350075
RETAIL_01754,2024-08-05,NYC-FifthAve,iPhone 15 Pro,4.0,2619.656571277758
RETAIL_01755,2024-10-02,Tokyo-Ginza,AirPods Max,3.0,1120.0857407418569
RETAIL_01756,2024-10-20,London-RegentSt,Vision Pro,6.0,3248.754685310292
RETAIL_01757,2024-07-15,London-RegentSt,Vision Pro,2.0,3820.4603720523555
RETAIL_01758,2024-11-19,London-RegentSt,iPad Pro,1.0,259.9693894827999
RETAIL_01759,2024-08-15,Paris-Opera,MacBook Air M3,8.0,3213.743535727334
RETAIL_01760,2024-08-03,Paris-Opera,Vision Pro,4.0,-343.6799780932562
RETAIL_01761,2024-12-19,Tokyo-Ginza,Vision Pro,3.0,3544.5873742110384
RETAIL_01762,2024-12-20,Sydney-GeorgeSt,MacBook Air M3,1.0,-110.94658207149297
RETAIL_01763,2024-10-21,London-RegentSt,iPad Pro,9.0,1352.9691788807363
RETAIL_01764,2024-09-20,NYC-FifthAve,Apple Watch Ultra,7.0,254.74293791629066
RETAIL_01765,2024-10-06,NYC-FifthAve,iPad Pro,8.0,1732.0654536495608
RETAIL_01766,2024-12-26,London-RegentSt,MacBook Air M3,5.0,1274.2991565719042
RETAIL_01767,2024-07-01,NYC-FifthAve,iPad Pro,3.0,119.18268027001307
RETAIL_01768,2024-10-05,Tokyo-Ginza,MacBook Air M3,2.0,3658.611452189608
RETAIL_01769,2024-11-26,London-RegentSt,Apple Watch Ultra,,1907.6678034544502
RETAIL_01770,2024-08-13,NYC-FifthAve,AirPods Max,4.0,3558.136618490682
RETAIL_01771,2024-10-12,Sydney-GeorgeSt,Apple Watch Ultra,4.0,1401.447572492833
RETAIL_01772,2024-08-20,Sydney-GeorgeSt,Vision Pro,3.0,3200.274494927925
RETAIL_01773,2024-10-05,London-RegentSt,iPad Pro,8.0,868.7984148919652
RETAIL_01774,2024-08-26,Tokyo-Ginza,AirPods Max,6.0,2761.0004635022783
RETAIL_01775,2024-12-09,Paris-Opera,AirPods Max,4.0,3994.026494580761
RETAIL_01776,2024-10-19,Paris-Opera,Vision Pro,9.0,3255.8580569631463
RETAIL_01777,2024-12-04,NYC-FifthAve,Apple Watch Ultra,7.0,723.0256919344399
RETAIL_01778,2024-07-02,Paris-Opera,MacBook Air M3,4.0,1129.1103708598346
RETAIL_01779,2024-07-17,NYC-FifthAve,iPad Pro,4.0,3910.0397962332754
RETAIL_01780,2024-08-30,London-RegentSt,Apple Watch Ultra,9.0,3332.093993617784
RETAIL_01781,2024-11-02,NYC-FifthAve,AirPods Max,7.0,1435.3852347225027
RETAIL_01782,2024-07-20,Paris-Opera,iPhone 15 Pro,3.0,2933.839288287426
RETAIL_01783,2024-11-11,Sydney-GeorgeSt,Vision Pro,7.0,2108.0492317925014
RETAIL_01784,2024-08-29,Sydney-GeorgeSt,MacBook Air M3,9.0,1943.558971460804
RETAIL_01785,2024-11-15,Sydney-GeorgeSt,iPhone 15 Pro,7.0,3051.8895561097593
RETAIL_01786,2024-08-28,Tokyo-Ginza,iPad Pro,1.0,384.4581889813438
RETAIL_01787,2024-09-09,Tokyo-Ginza,Apple Watch Ultra,3.0,975.3460672967526
RETAIL_01788,2024-11-10,London-RegentSt,Vision Pro,7.0,181.789199752302
RETAIL_01789,2024-12-01,NYC-FifthAve,iPad Pro,1.0,2698.73400954729
RETAIL_01790,2024-12-19,Tokyo-Ginza,Vision Pro,5.0,1559.0069720176693
RETAIL_01791,2024-11-23,Paris-Opera,Apple Watch Ultra,7.0,365.6048051582495
RETAIL_01792,2024-12-13,Tokyo-Ginza,Apple Watch Ultra,3.0,3804.513875863512
RETAIL_01793,2024-11-06,Paris-Opera,Apple Watch Ultra,2.0,3048.168025056791
RETAIL_01794,2024-10-18,London-RegentSt,Vision Pro,9.0,1376.410106153002
RETAIL_01795,2024-11-11,London-RegentSt,iPhone 15 Pro,5.0,3396.914180402568
RETAIL_01796,2024-10-30,Sydney-GeorgeSt,iPhone 15 Pro,7.0,341.90241788758556
RETAIL_01797,2024-07-11,Tokyo-Ginza,MacBook Air M3,9.0,-111.18487787655738
RETAIL_01798,2024-07-28,Tokyo-Ginza,MacBook Air M3,4.0,3276.485547038202
RETAIL_01799,2024-10-07,Tokyo-Ginza,Vision Pro,3.0,159.84493119928766
RETAIL_01800,2024-11-13,Paris-Opera,iPhone 15 Pro,4.0,1481.9502309611757
RETAIL_01801,2024-07-07,Sydney-GeorgeSt,Apple Watch Ultra,,1537.3381667788033
RETAIL_01802,2024-07-17,Sydney-GeorgeSt,MacBook Air M3,8.0,-108.51879856711912
RETAIL_01803,2024-09-30,Paris-Opera,Apple Watch Ultra,8.0,772.5877731874898
RETAIL_01804,2024-09-05,London-RegentSt,AirPods Max,2.0,-157.57712127576298
RETAIL_01805,2024-10-29,London-RegentSt,Vision Pro,5.0,138.3498667306867
RETAIL_01806,2024-08-12,Paris-Opera,MacBook Air M3,6.0,-442.41222388608867
RETAIL_01807,2024-09-20,London-RegentSt,Apple Watch Ultra,1.0,346.167900809996
RETAIL_01808,2024-09-18,Sydney-GeorgeSt,MacBook Air M3,5.0,1817.9930170226808
RETAIL_01809,2024-07-07,London-RegentSt,Vision Pro,6.0,35.235970842264805
RETAIL_01810,2024-10-04,Tokyo-Ginza,Vision Pro,4.0,2948.649733675228
RETAIL_01811,2024-10-26,Sydney-GeorgeSt,iPad Pro,4.0,394.8194452359147
RETAIL_01812,2024-10-23,London-RegentSt,Apple Watch Ultra,4.0,373.2757064507415
RETAIL_01813,2024-09-17,Paris-Opera,Vision Pro,,1816.263785397401
RETAIL_01814,2024-08-09,Paris-Opera,iPhone 15 Pro,2.0,3689.398056743148
RETAIL_01815,2024-11-16,London-RegentSt,Vision Pro,8.0,2887.5359075670967
RETAIL_01816,2024-09-11,Sydney-GeorgeSt,Vision Pro,9.0,375.0191352557513
RETAIL_01817,2024-07-08,London-RegentSt,iPad Pro,5.0,2397.655065142146
RETAIL_01818,2024-12-07,Sydney-GeorgeSt,AirPods Max,5.0,254.56214438459108
RETAIL_01819,2024-09-05,Tokyo-Ginza,iPad Pro,1.0,3946.9672881210163
RETAIL_01820,2024-07-23,London-RegentSt,iPhone 15 Pro,6.0,1004.7041140003964
RETAIL_01821,2024-12-08,NYC-FifthAve,Apple Watch Ultra,4.0,638.1993046267376
RETAIL_01822,2024-10-27,NYC-FifthAve,iPad Pro,3.0,3414.1585827953277
RETAIL_01823,2024-09-03,London-RegentSt,AirPods Max,3.0,3799.3267434559766
RETAIL_01824,2024-10-01,Sydney-GeorgeSt,Vision Pro,1.0,2520.3320509021023
RETAIL_01825,2024-12-06,Tokyo-Ginza,iPad Pro,5.0,1556.9920218834259
RETAIL_01826,2024-09-20,Tokyo-Ginza,iPhone 15 Pro,7.0,1610.7638453374448
RETAIL_01827,2024-10-01,NYC-FifthAve,iPad Pro,1.0,115.60891316413893
RETAIL_01828,2024-11-27,Tokyo-Ginza,Apple Watch Ultra,3.0,865.91294428931
RETAIL_01829,2024-12-09,NYC-FifthAve,Apple Watch Ultra,5.0,2676.5491499784675
RETAIL_01830,2024-10-07,Paris-Opera,MacBook Air M3,4.0,3765.937986247879
RETAIL_01831,2024-11-30,Sydney-GeorgeSt,MacBook Air M3,1.0,193.96636819861283
RETAIL_01832,2024-11-11,Tokyo-Ginza,Apple Watch Ultra,4.0,2801.0538519292227
RETAIL_01833,2024-10-11,Sydney-GeorgeSt,MacBook Air M3,4.0,1315.775729995579
RETAIL_01834,2024-07-17,London-RegentSt,Apple Watch Ultra,9.0,3953.3431578056307
RETAIL_01835,2024-08-03,NYC-FifthAve,Vision Pro,1.0,573.6978226162353
RETAIL_01836,2024-12-22,Tokyo-Ginza,AirPods Max,9.0,2467.4490407548733
RETAIL_01837,2024-09-11,Sydney-GeorgeSt,iPhone 15 Pro,6.0,299.66063924522064
RETAIL_01838,2024-10-09,Sydney-GeorgeSt,Vision Pro,5.0,966.2180876638213
RETAIL_01839,2024-09-06,London-RegentSt,Vision Pro,9.0,-35.69186577927837
RETAIL_01840,2024-08-14,London-RegentSt,iPhone 15 Pro,5.0,1720.224271340613
RETAIL_01841,2024-08-07,NYC-FifthAve,AirPods Max,4.0,324.38917848792426
RETAIL_01842,2024-12-27,London-RegentSt,iPhone 15 Pro,9.0,3060.2823980009202
RETAIL_01843,2024-07-18,Sydney-GeorgeSt,Apple Watch Ultra,2.0,628.2799565994619
RETAIL_01844,2024-09-09,Sydney-GeorgeSt,Apple Watch Ultra,9.0,3080.134105519542
RETAIL_01845,2024-10-24,Paris-Opera,iPhone 15 Pro,1.0,916.1268848650359
RETAIL_01846,2024-08-01,NYC-FifthAve,iPhone 15 Pro,3.0,34.529895959695295
RETAIL_01847,2024-10-14,Paris-Opera,AirPods Max,,2480.6136184998136
RETAIL_01848,2024-08-30,NYC-FifthAve,AirPods Max,,-88.83810117753796
RETAIL_01849,2024-12-23,London-RegentSt,Apple Watch Ultra,1.0,1872.364319895003
RETAIL_01850,2024-07-13,Sydney-GeorgeSt,iPhone 15 Pro,1.0,676.3492668914798
RETAIL_01851,2024-09-01,NYC-FifthAve,iPhone 15 Pro,5.0,3507.911869216202
RETAIL_01852,2024-11-07,Tokyo-Ginza,AirPods Max,1.0,927.1089618161943
RETAIL_01853,2024-08-30,London-RegentSt,iPhone 15 Pro,,310.33755533475176
RETAIL_01854,2024-07-27,Paris-Opera,MacBook Air M3,,1997.7845463120516
RETAIL_01855,2024-12-27,Paris-Opera,iPhone 15 Pro,8.0,747.2134915944448
RETAIL_01856,2024-11-28,Tokyo-Ginza,Apple Watch Ultra,3.0,811.5876001330937
RETAIL_01857,2024-08-17,NYC-FifthAve,Apple Watch Ultra,9.0,504.9545747807721
RETAIL_01858,2024-12-23,Paris-Opera,MacBook Air M3,6.0,3706.4256272025204
RETAIL_01859,2024-08-17,Tokyo-Ginza,iPhone 15 Pro,3.0,2485.781411659635
RETAIL_01860,2024-10-03,Paris-Opera,iPad Pro,8.0,1313.4567974653933
RETAIL_01861,2024-12-11,Tokyo-Ginza,MacBook Air M3,4.0,142.3033156699653
RETAIL_01862,2024-12-24,Tokyo-Ginza,iPhone 15 Pro,2.0,1306.1633232942722
RETAIL_01863,2024-12-07,Paris-Opera,Apple Watch Ultra,,1960.6250839388545
RETAIL_01864,2024-08-02,London-RegentSt,iPhone 15 Pro,2.0,2792.1912184212965
RETAIL_01865,2024-08-06,London-RegentSt,Apple Watch Ultra,1.0,3748.462396470477
RETAIL_01866,2024-07-03,Paris-Opera,Apple Watch Ultra,9.0,2155.033314865838
RETAIL_01867,2024-11-29,Tokyo-Ginza,AirPods Max,6.0,2014.0531449924679
RETAIL_01868,2024-10-09,Paris-Opera,iPad Pro,8.0,918.1457299508613
RETAIL_01869,2024-09-28,Sydney-GeorgeSt,iPad Pro,6.0,2450.198961517085
RETAIL_01870,2024-11-26,NYC-FifthAve,iPhone 15 Pro,1.0,545.5903678928396
RETAIL_01871,2024-08-29,Sydney-GeorgeSt,Apple Watch Ultra,8.0,605.8628227234151
RETAIL_01872,2024-09-06,Tokyo-Ginza,iPad Pro,5.0,3757.2245332099556
RETAIL_01873,2024-11-09,NYC-FifthAve,Vision Pro,4.0,3470.223674248514
RETAIL_01874,2024-07-23,Paris-Opera,iPad Pro,6.0,1683.078303808029
RETAIL_01875,2024-12-15,Tokyo-Ginza,Apple Watch Ultra,7.0,3196.1189524799784
RETAIL_01876,2024-08-11,Tokyo-Ginza,Apple Watch Ultra,7.0,2332.077659623954
RETAIL_01877,2024-09-10,Tokyo-Ginza,MacBook Air M3,9.0,3276.7753086482935
RETAIL_01878,2024-09-16,London-RegentSt,iPhone 15 Pro,1.0,1056.6907190508362
RETAIL_01879,2024-09-06,Paris-Opera,MacBook Air M3,4.0,2034.3936847300538
RETAIL_01880,2024-08-08,London-RegentSt,iPhone 15 Pro,3.0,-242.63463478379032
RETAIL_01881,2024-10-06,Sydney-GeorgeSt,iPad Pro,6.0,2632.6416722482095
RETAIL_01882,2024-09-25,Sydney-GeorgeSt,Apple Watch Ultra,3.0,3564.9451714610273
RETAIL_01883,2024-07-28,Paris-Opera,Apple Watch Ultra,2.0,2870.4083498222226
RETAIL_01884,2024-12-22,Sydney-GeorgeSt,Vision Pro,6.0,1365.3685419723051
RETAIL_01885,2024-11-05,NYC-FifthAve,Vision Pro,3.0,3112.606047855626
RETAIL_01886,2024-10-16,London-RegentSt,iPad Pro,5.0,111.6311212524081
RETAIL_01887,2024-09-24,NYC-FifthAve,MacBook Air M3,4.0,3533.024358269755
RETAIL_01888,2024-07-15,NYC-FifthAve,Vision Pro,6.0,3283.2195641879953
RETAIL_01889,2024-07-03,Tokyo-Ginza,iPad Pro,2.0,-349.9676126317238
RETAIL_01890,2024-07-23,Tokyo-Ginza,iPhone 15 Pro,7.0,3389.9320540785893
RETAIL_01891,2024-08-31,NYC-FifthAve,Apple Watch Ultra,8.0,102.0359794476567
RETAIL_01892,2024-12-19,Tokyo-Ginza,Apple Watch Ultra,7.0,3369.087599112215
RETAIL_01893,2024-07-03,NYC-FifthAve,iPhone 15 Pro,6.0,793.0417820969024
RETAIL_01894,2024-12-10,Paris-Opera,Apple Watch Ultra,1.0,-176.49561185997965
RETAIL_01895,2024-07-09,Paris-Opera,Vision Pro,8.0,2978.709770066363
RETAIL_01896,2024-09-11,London-RegentSt,iPhone 15 Pro,6.0,2271.5166113347113
RETAIL_01897,2024-09-28,NYC-FifthAve,Vision Pro,9.0,3087.583092362661
RETAIL_01898,2024-11-01,NYC-FifthAve,Vision Pro,4.0,56.33343672438309
RETAIL_01899,2024-10-05,London-RegentSt,Apple Watch Ultra,4.0,1409.9181768690805
RETAIL_01900,2024-10-12,Tokyo-Ginza,iPhone 15 Pro,,835.4982598975755
RETAIL_01901,2024-09-17,Paris-Opera,Apple Watch Ultra,8.0,-99.24526245190418
RETAIL_01902,2024-11-21,Paris-Opera,iPad Pro,7.0,-22.45733438267615
RETAIL_01903,2024-10-13,Tokyo-Ginza,Vision Pro,6.0,1702.2381759560863
RETAIL_01904,2024-12-09,Paris-Opera,Vision Pro,9.0,3181.3517621290002
RETAIL_01905,2024-11-19,Sydney-GeorgeSt,AirPods Max,3.0,1419.9214925697406
RETAIL_01906,2024-10-01,Paris-Opera,iPad Pro,6.0,1604.3858239172614
RETAIL_01907,2024-12-26,NYC-FifthAve,MacBook Air M3,7.0,755.9715799279982
RETAIL_01908,2024-09-24,NYC-FifthAve,iPad Pro,1.0,2132.882387139641
RETAIL_01909,2024-08-18,Tokyo-Ginza,Apple Watch Ultra,4.0,1329.4732745728402
RETAIL_01910,2024-11-12,Paris-Opera,iPad Pro,9.0,481.57617853473596
RETAIL_01911,2024-12-01,Paris-Opera,MacBook Air M3,8.0,2051.3759978505623
RETAIL_01912,2024-07-28,London-RegentSt,Vision Pro,1.0,1749.240186413494
RETAIL_01913,2024-07-12,NYC-FifthAve,AirPods Max,9.0,-75.38041282712248
RETAIL_01914,2024-08-07,Tokyo-Ginza,iPhone 15 Pro,4.0,829.0444952752723
RETAIL_01915,2024-11-16,Paris-Opera,Apple Watch Ultra,5.0,2516.3951695017968
RETAIL_01916,2024-07-16,London-RegentSt,AirPods Max,4.0,1119.8382083398617
RETAIL_01917,2024-10-12,Paris-Opera,AirPods Max,4.0,2186.7767700684335
RETAIL_01918,2024-09-12,Tokyo-Ginza,iPad Pro,,-366.4167246973841
RETAIL_01919,2024-12-19,Sydney-GeorgeSt,MacBook Air M3,1.0,2501.0362900761816
RETAIL_01920,2024-12-05,Sydney-GeorgeSt,AirPods Max,3.0,3285.1725630657816
RETAIL_01921,2024-11-10,NYC-FifthAve,Vision Pro,9.0,2926.520847160577
RETAIL_01922,2024-12-25,Sydney-GeorgeSt,AirPods Max,9.0,3506.004010579838
RETAIL_01923,2024-08-15,London-RegentSt,Apple Watch Ultra,3.0,2946.9889481746286
RETAIL_01924,2024-10-30,NYC-FifthAve,iPhone 15 Pro,1.0,8.226021198281103
RETAIL_01925,2024-07-17,NYC-FifthAve,MacBook Air M3,7.0,1500.679431501458
RETAIL_01926,2024-09-28,Paris-Opera,Vision Pro,1.0,424.9385546808335
RETAIL_01927,2024-11-28,NYC-FifthAve,Vision Pro,1.0,2471.365511361052
RETAIL_01928,2024-08-16,Paris-Opera,Vision Pro,1.0,256.34407376871377
RETAIL_01929,2024-07-28,Sydney-GeorgeSt,iPad Pro,8.0,838.2027702114231
RETAIL_01930,2024-09-09,Sydney-GeorgeSt,AirPods Max,,2627.5753382554894
RETAIL_01931,2024-07-16,Sydney-GeorgeSt,Apple Watch Ultra,6.0,1064.3197417104036
RETAIL_01932,2024-09-30,Paris-Opera,iPhone 15 Pro,3.0,3989.0941769022647
RETAIL_01933,2024-08-30,NYC-FifthAve,iPad Pro,7.0,1114.5773273742018
RETAIL_01934,2024-10-17,Sydney-GeorgeSt,MacBook Air M3,9.0,465.53088865206587
RETAIL_01935,2024-07-19,London-RegentSt,MacBook Air M3,3.0,0.5764173098789342
RETAIL_01936,2024-07-31,London-RegentSt,MacBook Air M3,3.0,1947.7827293793466
RETAIL_01937,2024-10-11,Tokyo-Ginza,Vision Pro,,883.0504917868091
RETAIL_01938,2024-10-03,London-RegentSt,AirPods Max,9.0,1830.6082421854685
RETAIL_01939,2024-08-24,NYC-FifthAve,iPhone 15 Pro,1.0,1886.1622367238242
RETAIL_01940,2024-10-02,London-RegentSt,AirPods Max,2.0,764.7133043018271
RETAIL_01941,2024-09-19,London-RegentSt,AirPods Max,7.0,913.2260089776496
RETAIL_01942,2024-10-27,London-RegentSt,Apple Watch Ultra,9.0,1117.880519698877
RETAIL_01943,2024-09-18,Paris-Opera,Vision Pro,8.0,102.65958040718226
RETAIL_01944,2024-11-16,Sydney-GeorgeSt,Vision Pro,,2755.5092142028166
RETAIL_01945,2024-11-06,London-RegentSt,iPhone 15 Pro,7.0,2300.0699129093728
RETAIL_01946,2024-11-30,London-RegentSt,Apple Watch Ultra,4.0,2026.3705880520342
RETAIL_01947,2024-12-02,Paris-Opera,MacBook Air M3,1.0,3317.835094660552
RETAIL_01948,2024-08-17,NYC-FifthAve,MacBook Air M3,9.0,982.4933406274001
RETAIL_01949,2024-12-18,London-RegentSt,iPad Pro,2.0,-90.0625575320584
RETAIL_01950,2024-12-27,Tokyo-Ginza,Apple Watch Ultra,6.0,2212.881835434008
RETAIL_01951,2024-08-26,Paris-Opera,Apple Watch Ultra,6.0,3679.5037363483407
RETAIL_01952,2024-08-07,NYC-FifthAve,iPad Pro,2.0,1062.2645411566207
RETAIL_01953,2024-12-15,Tokyo-Ginza,Vision Pro,7.0,2404.514202642945
RETAIL_01954,2024-11-16,NYC-FifthAve,MacBook Air M3,9.0,2187.6327862060243
RETAIL_01955,2024-10-10,London-RegentSt,iPhone 15 Pro,6.0,1544.3052208467027
RETAIL_01956,2024-08-09,Paris-Opera,Vision Pro,7.0,3382.9466078314963
RETAIL_01957,2024-08-26,NYC-FifthAve,iPhone 15 Pro,5.0,1646.8628378868352
RETAIL_01958,2024-10-07,London-RegentSt,iPhone 15 Pro,2.0,3724.2884492644926
RETAIL_01959,2024-11-12,London-RegentSt,MacBook Air M3,6.0,2506.327691870359
RETAIL_01960,2024-08-23,Sydney-GeorgeSt,AirPods Max,2.0,641.517629152409
RETAIL_01961,2024-09-18,Sydney-GeorgeSt,iPhone 15 Pro,4.0,3927.541163620079
RETAIL_01962,2024-10-05,London-RegentSt,Apple Watch Ultra,1.0,2599.080319636463
RETAIL_01963,2024-10-23,Sydney-GeorgeSt,iPhone 15 Pro,5.0,3863.777546919955
RETAIL_01964,2024-10-06,Paris-Opera,Vision Pro,1.0,3597.891447809163
RETAIL_01965,2024-11-04,Sydney-GeorgeSt,AirPods Max,2.0,3134.9583086671455
RETAIL_01966,2024-07-18,Tokyo-Ginza,Apple Watch Ultra,1.0,2367.0240196553427
RETAIL_01967,2024-09-21,London-RegentSt,AirPods Max,6.0,2208.7577315774347
RETAIL_01968,2024-08-27,NYC-FifthAve,MacBook Air M3,7.0,871.8035938004764
RETAIL_01969,2024-07-15,London-RegentSt,AirPods Max,8.0,564.2341580557463
RETAIL_01970,2024-07-14,Tokyo-Ginza,iPad Pro,7.0,3764.743004267917
RETAIL_01971,2024-11-29,NYC-FifthAve,MacBook Air M3,3.0,3394.0760757066546
RETAIL_01972,2024-10-27,Tokyo-Ginza,Apple Watch Ultra,3.0,-165.1907402217917
RETAIL_01973,2024-12-18,Sydney-GeorgeSt,MacBook Air M3,5.0,1642.6615401617805
RETAIL_01974,2024-10-09,Paris-Opera,Apple Watch Ultra,4.0,56.5268685468626
RETAIL_01975,2024-09-10,Paris-Opera,Apple Watch Ultra,8.0,3510.9713197710103
RETAIL_01976,2024-11-07,London-RegentSt,iPhone 15 Pro,5.0,1825.5671646069563
RETAIL_01977,2024-08-13,London-RegentSt,iPhone 15 Pro,9.0,2969.4070073085177
RETAIL_01978,2024-12-10,NYC-FifthAve,iPhone 15 Pro,9.0,3365.012388668678
RETAIL_01979,2024-11-10,Tokyo-Ginza,Apple Watch Ultra,4.0,753.0097480882719
RETAIL_01980,2024-10-03,London-RegentSt,AirPods Max,8.0,-0.8418240214381854
RETAIL_01981,2024-10-08,Tokyo-Ginza,AirPods Max,9.0,2299.0048371180824
RETAIL_01982,2024-07-27,NYC-FifthAve,iPhone 15 Pro,6.0,-403.6442197782835
RETAIL_01983,2024-10-26,Tokyo-Ginza,iPhone 15 Pro,9.0,2430.6438365938207
RETAIL_01984,2024-10-15,Paris-Opera,Vision Pro,4.0,2924.987987895798
RETAIL_01985,2024-11-21,Paris-Opera,Apple Watch Ultra,9.0,1654.0907907755527
RETAIL_01986,2024-11-02,Tokyo-Ginza,MacBook Air M3,5.0,-96.13473040227444
RETAIL_01987,2024-09-23,Sydney-GeorgeSt,iPad Pro,1.0,1960.9189937572196
RETAIL_01988,2024-07-02,Sydney-GeorgeSt,iPad Pro,4.0,2570.8211980395095
RETAIL_01989,2024-08-16,Tokyo-Ginza,iPad Pro,3.0,435.1174352589351
RETAIL_01990,2024-07-15,NYC-FifthAve,Vision Pro,5.0,3355.9717487523653
RETAIL_01991,2024-12-04,London-RegentSt,Vision Pro,5.0,-446.8219889980526
RETAIL_01992,2024-09-22,Tokyo-Ginza,Vision Pro,4.0,-65.20367992397428
RETAIL_01993,2024-11-17,Paris-Opera,iPad Pro,2.0,2808.835054612549
RETAIL_01994,2024-10-06,Sydney-GeorgeSt,AirPods Max,5.0,3337.59965243978
RETAIL_01995,2024-08-06,London-RegentSt,MacBook Air M3,2.0,2956.7264105957765
RETAIL_01996,2024-09-25,Paris-Opera,MacBook Air M3,7.0,1680.456471149585
RETAIL_01997,2024-10-25,London-RegentSt,MacBook Air M3,4.0,1187.7121052963178
RETAIL_01998,2024-08-18,Paris-Opera,AirPods Max,2.0,118.4909163573036
RETAIL_01999,2024-08-22,Tokyo-Ginza,MacBook Air M3,4.0,388.4330864459862
RETAIL_02000,2024-07-05,Tokyo-Ginza,MacBook Air M3,4.0,2648.530346798526
RETAIL_02001,2024-10-03,Tokyo-Ginza,AirPods Max,5.0,157.57214481752237
RETAIL_02002,2024-07-03,Tokyo-Ginza,Apple Watch Ultra,8.0,3896.964131744613
RETAIL_02003,2024-09-10,Tokyo-Ginza,MacBook Air M3,7.0,87.80931314380905
RETAIL_02004,2024-09-22,Tokyo-Ginza,iPhone 15 Pro,4.0,1071.926942461492
RETAIL_02005,2024-10-05,Sydney-GeorgeSt,Apple Watch Ultra,2.0,3615.0381077665133
RETAIL_02006,2024-11-18,Sydney-GeorgeSt,MacBook Air M3,9.0,1569.3034554916412
RETAIL_02007,2024-07-30,London-RegentSt,iPhone 15 Pro,6.0,-399.48055528533314
RETAIL_02008,2024-11-26,London-RegentSt,iPhone 15 Pro,7.0,3396.755282339519
RETAIL_02009,2024-07-06,Paris-Opera,AirPods Max,1.0,2380.5002242466203
RETAIL_02010,2024-07-27,Sydney-GeorgeSt,iPhone 15 Pro,5.0,1595.8348889158783
RETAIL_02011,2024-09-21,Paris-Opera,AirPods Max,6.0,-367.45830983363516
RETAIL_02012,2024-12-09,Tokyo-Ginza,MacBook Air M3,7.0,360.98513630609943
RETAIL_02013,2024-12-15,NYC-FifthAve,AirPods Max,,2168.153895134695
RETAIL_02014,2024-07-15,Paris-Opera,Apple Watch Ultra,7.0,1965.7061045463001
RETAIL_02015,2024-08-08,Sydney-GeorgeSt,iPhone 15 Pro,6.0,-457.913142030851
RETAIL_02016,2024-08-08,Paris-Opera,iPad Pro,4.0,2036.5197950129323
RETAIL_02017,2024-07-13,Sydney-GeorgeSt,iPad Pro,7.0,3230.6818156201916
RETAIL_02018,2024-11-23,Paris-Opera,iPhone 15 Pro,7.0,1494.2137320603222
RETAIL_02019,2024-12-04,NYC-FifthAve,Vision Pro,4.0,1740.0498993299275
RETAIL_02020,2024-08-18,Tokyo-Ginza,MacBook Air M3,8.0,178.8852346895319
RETAIL_02021,2024-10-05,London-RegentSt,MacBook Air M3,2.0,1991.378909057768
RETAIL_02022,2024-08-30,NYC-FifthAve,MacBook Air M3,7.0,680.0019064235337
RETAIL_02023,2024-07-27,Paris-Opera,Vision Pro,3.0,2331.316545596885
RETAIL_02024,2024-10-10,NYC-FifthAve,iPad Pro,5.0,2616.669899795145
RETAIL_02025,2024-07-20,Tokyo-Ginza,MacBook Air M3,5.0,-432.3501690710516
RETAIL_02026,2024-09-22,Paris-Opera,MacBook Air M3,1.0,2713.3298770288457
RETAIL_02027,2024-12-14,Tokyo-Ginza,iPad Pro,9.0,103.08523654616829
RETAIL_02028,2024-10-16,London-RegentSt,Apple Watch Ultra,4.0,236.91605281169336
RETAIL_02029,2024-11-08,NYC-FifthAve,Apple Watch Ultra,6.0,1758.377063951516
RETAIL_02030,2024-12-01,NYC-FifthAve,iPad Pro,7.0,1712.2422013106393
RETAIL_02031,2024-12-27,NYC-FifthAve,Apple Watch Ultra,8.0,1382.728568550042
RETAIL_02032,2024-11-13,Sydney-GeorgeSt,iPhone 15 Pro,8.0,2496.0250454452157
RETAIL_02033,2024-08-28,NYC-FifthAve,iPhone 15 Pro,7.0,-159.27396301269602
RETAIL_02034,2024-10-09,Paris-Opera,AirPods Max,7.0,-22.577730332651242
RETAIL_02035,2024-07-09,Sydney-GeorgeSt,iPhone 15 Pro,,3672.9173158380518
RETAIL_02036,2024-09-14,London-RegentSt,Vision Pro,5.0,2385.9599848022094
RETAIL_02037,2024-10-30,London-RegentSt,MacBook Air M3,8.0,1240.941053744653
RETAIL_02038,2024-11-26,NYC-FifthAve,Apple Watch Ultra,5.0,102.68062343360668
RETAIL_02039,2024-08-29,London-RegentSt,AirPods Max,6.0,345.30570076897504
RETAIL_02040,2024-08-29,Paris-Opera,AirPods Max,6.0,2073.5977709161793
RETAIL_02041,2024-07-13,London-RegentSt,iPad Pro,1.0,2007.4200258384285
RETAIL_02042,2024-12-05,Sydney-GeorgeSt,MacBook Air M3,8.0,-207.85870311379165
RETAIL_02043,2024-11-17,London-RegentSt,AirPods Max,8.0,3186.0219932588384
RETAIL_02044,2024-09-05,Tokyo-Ginza,iPad Pro,1.0,3323.583112553509
RETAIL_02045,2024-08-07,London-RegentSt,iPhone 15 Pro,9.0,2256.8449350518426
RETAIL_02046,2024-10-08,Paris-Opera,MacBook Air M3,3.0,1169.266349335751
RETAIL_02047,2024-07-29,London-RegentSt,MacBook Air M3,5.0,2662.576411977537
RETAIL_02048,2024-11-26,Paris-Opera,iPad Pro,9.0,2760.8048543137584
RETAIL_02049,2024-08-22,Tokyo-Ginza,iPad Pro,6.0,2681.580260094477
RETAIL_02050,2024-11-11,Tokyo-Ginza,iPhone 15 Pro,,1010.4648262518724
RETAIL_02051,2024-07-09,Tokyo-Ginza,AirPods Max,6.0,1047.9018647373132
RETAIL_02052,2024-11-25,Tokyo-Ginza,Apple Watch Ultra,7.0,591.6480889491502
RETAIL_02053,2024-12-03,Tokyo-Ginza,Apple Watch Ultra,3.0,3182.4496462408
RETAIL_02054,2024-09-05,NYC-FifthAve,Apple Watch Ultra,1.0,232.3465456531476
RETAIL_02055,2024-08-25,NYC-FifthAve,MacBook Air M3,8.0,3468.8095083747967
RETAIL_02056,2024-07-12,Paris-Opera,iPhone 15 Pro,6.0,-2.0936835799380447
RETAIL_02057,2024-09-28,Tokyo-Ginza,AirPods Max,1.0,2021.2639230051009
RETAIL_02058,2024-09-04,Sydney-GeorgeSt,Vision Pro,6.0,3946.562561641571
RETAIL_02059,2024-07-04,London-RegentSt,iPhone 15 Pro,9.0,-476.41398435828216
RETAIL_02060,2024-11-22,Tokyo-Ginza,iPad Pro,3.0,1516.1937713426641
RETAIL_02061,2024-10-04,Tokyo-Ginza,Apple Watch Ultra,4.0,1003.578897438573
RETAIL_02062,2024-10-18,London-RegentSt,AirPods Max,7.0,2874.3011208073967
RETAIL_02063,2024-09-13,London-RegentSt,MacBook Air M3,2.0,2701.2154928380155
RETAIL_02064,2024-11-07,Sydney-GeorgeSt,AirPods Max,8.0,1535.009067074654
RETAIL_02065,2024-08-01,London-RegentSt,MacBook Air M3,9.0,649.2520165366416
RETAIL_02066,2024-10-18,Tokyo-Ginza,Apple Watch Ultra,7.0,2723.678378225088
RETAIL_02067,2024-07-06,Sydney-GeorgeSt,AirPods Max,2.0,3235.130509928155
RETAIL_02068,2024-12-03,Sydney-GeorgeSt,MacBook Air M3,8.0,3874.6861830603048
RETAIL_02069,2024-07-10,Paris-Opera,AirPods Max,,2651.9324775620657
RETAIL_02070,2024-12-09,London-RegentSt,Vision Pro,5.0,1481.817092989427
RETAIL_02071,2024-08-27,NYC-FifthAve,iPhone 15 Pro,2.0,2285.005526410356
RETAIL_02072,2024-11-03,London-RegentSt,iPhone 15 Pro,9.0,2752.8227798153575
RETAIL_02073,2024-10-27,Tokyo-Ginza,AirPods Max,3.0,2104.060023759935
RETAIL_02074,2024-10-07,NYC-FifthAve,Vision Pro,3.0,900.1533565815878
RETAIL_02075,2024-08-01,London-RegentSt,iPhone 15 Pro,8.0,794.0810106696031
RETAIL_02076,2024-12-24,Tokyo-Ginza,MacBook Air M3,3.0,1460.372747647631
RETAIL_02077,2024-12-05,Paris-Opera,iPhone 15 Pro,6.0,1401.045566301428
RETAIL_02078,2024-08-25,London-RegentSt,MacBook Air M3,4.0,-377.5357502784859
RETAIL_02079,2024-09-03,Tokyo-Ginza,iPhone 15 Pro,9.0,2910.150217978283
RETAIL_02080,2024-08-29,Sydney-GeorgeSt,iPad Pro,2.0,1143.1433263056051
RETAIL_02081,2024-10-25,Paris-Opera,iPad Pro,4.0,3692.6052899530014
RETAIL_02082,2024-10-03,NYC-FifthAve,iPad Pro,6.0,3206.51537869328
RETAIL_02083,2024-09-11,NYC-FifthAve,Apple Watch Ultra,2.0,3491.850795150122
RETAIL_02084,2024-12-19,London-RegentSt,AirPods Max,6.0,1201.1705707137344
RETAIL_02085,2024-12-26,Paris-Opera,Apple Watch Ultra,6.0,460.31726838504403
RETAIL_02086,2024-09-22,NYC-FifthAve,MacBook Air M3,1.0,1007.9486354999494
RETAIL_02087,2024-08-17,NYC-FifthAve,iPhone 15 Pro,6.0,3834.007327304059
RETAIL_02088,2024-08-26,NYC-FifthAve,Apple Watch Ultra,4.0,580.6311637967556
RETAIL_02089,2024-11-30,NYC-FifthAve,iPhone 15 Pro,8.0,2681.438477811887
RETAIL_02090,2024-07-17,NYC-FifthAve,iPad Pro,7.0,964.3367620946326
RETAIL_02091,2024-12-12,London-RegentSt,Apple Watch Ultra,7.0,53.933766849790345
RETAIL_02092,2024-11-25,London-RegentSt,AirPods Max,2.0,1424.0152461875696
RETAIL_02093,2024-11-17,Tokyo-Ginza,MacBook Air M3,1.0,3443.2881494394405
RETAIL_02094,2024-10-18,Tokyo-Ginza,AirPods Max,3.0,1239.9801385982864
RETAIL_02095,2024-10-24,NYC-FifthAve,iPhone 15 Pro,9.0,3066.8486922259917
RETAIL_02096,2024-10-07,Paris-Opera,iPhone 15 Pro,8.0,3455.644443857496
RETAIL_02097,2024-07-31,Sydney-GeorgeSt,Vision Pro,3.0,3090.5599943250973
RETAIL_02098,2024-10-16,London-RegentSt,Apple Watch Ultra,3.0,3700.2237789090823
RETAIL_02099,2024-08-07,London-RegentSt,iPhone 15 Pro,7.0,1618.504778341493
RETAIL_02100,2024-08-19,Sydney-GeorgeSt,MacBook Air M3,6.0,2233.9681377432894
RETAIL_02101,2024-10-02,Paris-Opera,Apple Watch Ultra,2.0,-298.21381251092043
RETAIL_02102,2024-09-24,Tokyo-Ginza,iPhone 15 Pro,6.0,1266.5144679909408
RETAIL_02103,2024-10-13,London-RegentSt,Apple Watch Ultra,1.0,1062.8047093862403
RETAIL_02104,2024-11-02,London-RegentSt,iPad Pro,6.0,1012.8084010304744
RETAIL_02105,2024-07-06,Paris-Opera,Apple Watch Ultra,2.0,3167.412633443115
RETAIL_02106,2024-07-02,NYC-FifthAve,iPhone 15 Pro,9.0,2988.737544284676
RETAIL_02107,2024-09-08,London-RegentSt,Apple Watch Ultra,3.0,-6.584428673312971
RETAIL_02108,2024-10-16,Paris-Opera,Apple Watch Ultra,2.0,1762.3984335907144
RETAIL_02109,2024-07-12,NYC-FifthAve,MacBook Air M3,4.0,662.1592042878544
RETAIL_02110,2024-07-13,NYC-FifthAve,MacBook Air M3,2.0,2951.6117060461
RETAIL_02111,2024-08-20,London-RegentSt,Vision Pro,2.0,955.3357849358697
RETAIL_02112,2024-08-26,London-RegentSt,iPhone 15 Pro,2.0,1200.3161918901785
RETAIL_02113,2024-09-10,London-RegentSt,iPhone 15 Pro,7.0,576.1979506629584
RETAIL_02114,2024-07-07,London-RegentSt,MacBook Air M3,1.0,-396.65655369987917
RETAIL_02115,2024-12-19,Tokyo-Ginza,AirPods Max,5.0,434.8670786314864
RETAIL_02116,2024-08-24,Tokyo-Ginza,iPhone 15 Pro,6.0,2361.709559017807
RETAIL_02117,2024-12-01,London-RegentSt,MacBook Air M3,3.0,3969.795890772655
RETAIL_02118,2024-10-08,Tokyo-Ginza,MacBook Air M3,7.0,1339.1024742171012
RETAIL_02119,2024-08-23,London-RegentSt,iPhone 15 Pro,1.0,2277.5006588504284
RETAIL_02120,2024-12-25,Tokyo-Ginza,MacBook Air M3,1.0,3788.2894003952715
RETAIL_02121,2024-07-29,Sydney-GeorgeSt,iPad Pro,2.0,3592.691212619773
RETAIL_02122,2024-08-18,NYC-FifthAve,MacBook Air M3,2.0,2682.222793907219
RETAIL_02123,2024-10-28,Sydney-GeorgeSt,MacBook Air M3,5.0,735.0256527164368
RETAIL_02124,2024-11-08,Sydney-GeorgeSt,MacBook Air M3,4.0,848.4887703429167
RETAIL_02125,2024-08-15,Tokyo-Ginza,Apple Watch Ultra,3.0,1472.819503544537
RETAIL_02126,2024-07-26,NYC-FifthAve,MacBook Air M3,4.0,1235.71654421295
RETAIL_02127,2024-08-09,London-RegentSt,Vision Pro,1.0,1930.0294531289574
RETAIL_02128,2024-12-18,London-RegentSt,iPhone 15 Pro,8.0,829.0399102100803
RETAIL_02129,2024-11-05,NYC-FifthAve,MacBook Air M3,3.0,244.2782108842913
RETAIL_02130,2024-07-10,London-RegentSt,iPad Pro,2.0,1036.6200960476292
RETAIL_02131,2024-09-06,Sydney-GeorgeSt,AirPods Max,9.0,-332.0205028452756
RETAIL_02132,2024-11-04,Paris-Opera,iPad Pro,5.0,3634.9111111186967
RETAIL_02133,2024-12-11,NYC-FifthAve,iPad Pro,1.0,-254.4368997436074
RETAIL_02134,2024-07-25,NYC-FifthAve,MacBook Air M3,3.0,3346.205776389665
RETAIL_02135,2024-10-25,Tokyo-Ginza,AirPods Max,2.0,3712.3403794528067
RETAIL_02136,2024-08-08,Paris-Opera,Apple Watch Ultra,6.0,1803.5955215968902
RETAIL_02137,2024-09-14,Tokyo-Ginza,MacBook Air M3,3.0,2231.220975567387
RETAIL_02138,2024-07-18,London-RegentSt,iPhone 15 Pro,2.0,-298.8725738132703
RETAIL_02139,2024-08-12,London-RegentSt,iPad Pro,4.0,1705.9080137689639
RETAIL_02140,2024-12-18,Sydney-GeorgeSt,Apple Watch Ultra,7.0,2754.5907732155915
RETAIL_02141,2024-07-12,Paris-Opera,iPhone 15 Pro,7.0,-330.2566128840084
RETAIL_02142,2024-09-07,London-RegentSt,iPad Pro,8.0,907.7310254965289
RETAIL_02143,2024-12-19,Paris-Opera,iPad Pro,9.0,3585.6825109844617
RETAIL_02144,2024-11-06,Paris-Opera,AirPods Max,4.0,3444.734809578365
RETAIL_02145,2024-12-06,London-RegentSt,AirPods Max,1.0,875.3261983023522
RETAIL_02146,2024-08-01,London-RegentSt,MacBook Air M3,5.0,969.9772718407712
RETAIL_02147,2024-09-25,London-RegentSt,iPad Pro,7.0,286.0667511476372
RETAIL_02148,2024-10-29,NYC-FifthAve,iPad Pro,1.0,-4.406277490478544
RETAIL_02149,2024-07-11,Tokyo-Ginza,iPhone 15 Pro,7.0,1565.4537472402048
RETAIL_02150,2024-09-02,Tokyo-Ginza,MacBook Air M3,8.0,3815.185928451596
RETAIL_02151,2024-10-20,Tokyo-Ginza,Vision Pro,2.0,3415.518826694533
RETAIL_02152,2024-11-08,London-RegentSt,iPad Pro,7.0,-150.29060878223578
RETAIL_02153,2024-11-09,Sydney-GeorgeSt,iPad Pro,8.0,1921.9772677592418
RETAIL_02154,2024-12-26,Sydney-GeorgeSt,MacBook Air M3,8.0,3493.321609687223
RETAIL_02155,2024-10-02,Paris-Opera,MacBook Air M3,2.0,2104.631041920589
RETAIL_02156,2024-12-06,Paris-Opera,iPhone 15 Pro,7.0,-45.718168425099805
RETAIL_02157,2024-10-21,Tokyo-Ginza,iPhone 15 Pro,6.0,3542.762876023973
RETAIL_02158,2024-12-24,London-RegentSt,iPhone 15 Pro,,2310.407890905692
RETAIL_02159,2024-07-14,London-RegentSt,MacBook Air M3,8.0,3714.0296551247257
RETAIL_02160,2024-09-28,Sydney-GeorgeSt,Vision Pro,8.0,3700.480134954122
RETAIL_02161,2024-08-21,Tokyo-Ginza,AirPods Max,1.0,3369.1468534591704
RETAIL_02162,2024-07-06,NYC-FifthAve,Vision Pro,8.0,313.30286701508317
RETAIL_02163,2024-10-29,Sydney-GeorgeSt,MacBook Air M3,6.0,2104.5199246296866
RETAIL_02164,2024-07-28,London-RegentSt,AirPods Max,5.0,3391.736938164514
RETAIL_02165,2024-10-01,Paris-Opera,Vision Pro,1.0,658.8128446537837
RETAIL_02166,2024-10-14,Paris-Opera,Vision Pro,5.0,3858.5456501545077
RETAIL_02167,2024-08-13,Paris-Opera,AirPods Max,6.0,41.03601784486318
RETAIL_02168,2024-07-09,London-RegentSt,iPad Pro,3.0,3389.573321772877
RETAIL_02169,2024-11-11,Sydney-GeorgeSt,iPad Pro,3.0,2357.8460663223664
RETAIL_02170,2024-08-20,Paris-Opera,MacBook Air M3,9.0,1584.3051929832309
RETAIL_02171,2024-07-03,NYC-FifthAve,MacBook Air M3,8.0,1344.6348019019038
RETAIL_02172,2024-09-02,London-RegentSt,iPad Pro,7.0,40.69683541561449
RETAIL_02173,2024-10-15,Paris-Opera,iPad Pro,1.0,1406.4310500375718
RETAIL_02174,2024-08-12,London-RegentSt,iPhone 15 Pro,6.0,3369.041181341234
RETAIL_02175,2024-07-03,Sydney-GeorgeSt,iPhone 15 Pro,7.0,1070.274199669658
RETAIL_02176,2024-09-03,London-RegentSt,MacBook Air M3,1.0,3798.406926031539
RETAIL_02177,2024-10-12,Paris-Opera,iPad Pro,9.0,3573.870377203431
RETAIL_02178,2024-11-24,Sydney-GeorgeSt,AirPods Max,9.0,3071.6042323821607
RETAIL_02179,2024-09-02,London-RegentSt,iPad Pro,4.0,-118.32060409330938
RETAIL_02180,2024-09-12,NYC-FifthAve,Vision Pro,7.0,926.817781202104
RETAIL_02181,2024-10-10,London-RegentSt,AirPods Max,1.0,3517.924628884492
RETAIL_02182,2024-09-15,London-RegentSt,MacBook Air M3,9.0,2613.753561538969
RETAIL_02183,2024-07-12,Sydney-GeorgeSt,iPad Pro,4.0,2645.6871761639563
RETAIL_02184,2024-12-26,Sydney-GeorgeSt,iPhone 15 Pro,7.0,2688.6913810659757
RETAIL_02185,2024-11-13,London-RegentSt,iPad Pro,5.0,768.5352052782221
RETAIL_02186,2024-08-12,Paris-Opera,AirPods Max,7.0,1673.143140154014
RETAIL_02187,2024-07-29,Tokyo-Ginza,MacBook Air M3,7.0,-182.538480341609
RETAIL_02188,2024-08-18,NYC-FifthAve,MacBook Air M3,9.0,1968.9789809269973
RETAIL_02189,2024-10-26,NYC-FifthAve,iPhone 15 Pro,9.0,758.7676034736328
RETAIL_02190,2024-12-11,Paris-Opera,Apple Watch Ultra,6.0,1059.9510997631428
RETAIL_02191,2024-10-27,NYC-FifthAve,AirPods Max,1.0,2370.707474641377
RETAIL_02192,2024-10-06,London-RegentSt,iPhone 15 Pro,5.0,553.7139883867244
RETAIL_02193,2024-10-15,Sydney-GeorgeSt,Apple Watch Ultra,1.0,3411.7438178272796
RETAIL_02194,2024-11-22,Tokyo-Ginza,AirPods Max,9.0,1047.8732230908008
RETAIL_02195,2024-08-03,Paris-Opera,Vision Pro,3.0,3037.25364670851
RETAIL_02196,2024-11-14,London-RegentSt,AirPods Max,9.0,566.3522768122157
RETAIL_02197,2024-09-11,Sydney-GeorgeSt,iPhone 15 Pro,6.0,-361.8568094640144
RETAIL_02198,2024-09-25,Paris-Opera,MacBook Air M3,9.0,3510.945284991543
RETAIL_02199,2024-12-09,London-RegentSt,iPad Pro,5.0,1119.7224274572602
RETAIL_02200,2024-09-09,Paris-Opera,iPhone 15 Pro,9.0,543.8336851156071
RETAIL_02201,2024-12-14,Sydney-GeorgeSt,AirPods Max,6.0,1543.871546856779
RETAIL_02202,2024-07-07,Sydney-GeorgeSt,Vision Pro,3.0,1897.3387543247136
RETAIL_02203,2024-12-13,Tokyo-Ginza,AirPods Max,3.0,740.750129243205
RETAIL_02204,2024-12-16,Sydney-GeorgeSt,Vision Pro,3.0,-316.81771874365467
RETAIL_02205,2024-11-28,Paris-Opera,AirPods Max,4.0,828.6806099671333
RETAIL_02206,2024-11-30,London-RegentSt,MacBook Air M3,5.0,1782.6236830112248
RETAIL_02207,2024-12-14,Paris-Opera,Apple Watch Ultra,5.0,-92.246991665608
RETAIL_02208,2024-10-10,London-RegentSt,MacBook Air M3,8.0,2080.151452705573
RETAIL_02209,2024-07-03,NYC-FifthAve,Vision Pro,3.0,2595.4706421667292
RETAIL_02210,2024-10-16,Paris-Opera,Vision Pro,9.0,889.4538788996044
RETAIL_02211,2024-07-06,Paris-Opera,AirPods Max,4.0,922.0450846527194
RETAIL_02212,2024-11-10,Sydney-GeorgeSt,Apple Watch Ultra,4.0,1435.1267889246506
RETAIL_02213,2024-12-14,London-RegentSt,Vision Pro,6.0,67.31952920215042
RETAIL_02214,2024-07-21,Tokyo-Ginza,Apple Watch Ultra,3.0,-387.71651989527146
RETAIL_02215,2024-07-09,Sydney-GeorgeSt,MacBook Air M3,7.0,2264.2112775006462
RETAIL_02216,2024-09-02,Tokyo-Ginza,Vision Pro,3.0,1877.6681469887685
RETAIL_02217,2024-09-01,Sydney-GeorgeSt,Apple Watch Ultra,9.0,2373.639476055036
RETAIL_02218,2024-07-11,London-RegentSt,MacBook Air M3,1.0,2370.7406159042816
RETAIL_02219,2024-11-14,Sydney-GeorgeSt,Apple Watch Ultra,9.0,1972.3739341097144
RETAIL_02220,2024-12-21,London-RegentSt,Apple Watch Ultra,7.0,3051.116743950905
RETAIL_02221,2024-12-19,Sydney-GeorgeSt,Vision Pro,9.0,1671.7457676713625
RETAIL_02222,2024-11-11,Tokyo-Ginza,iPhone 15 Pro,1.0,3590.703083881281
RETAIL_02223,2024-12-21,NYC-FifthAve,Apple Watch Ultra,4.0,-124.92688389076875
RETAIL_02224,2024-12-05,Sydney-GeorgeSt,Apple Watch Ultra,4.0,380.7690308695363
RETAIL_02225,2024-10-06,Paris-Opera,Apple Watch Ultra,4.0,1573.7083625910873
RETAIL_02226,2024-07-05,Paris-Opera,AirPods Max,7.0,3770.2996248140753
RETAIL_02227,2024-07-27,Sydney-GeorgeSt,AirPods Max,7.0,872.2347554265041
RETAIL_02228,2024-12-09,Sydney-GeorgeSt,iPhone 15 Pro,2.0,774.2117330763592
RETAIL_02229,2024-11-13,London-RegentSt,MacBook Air M3,2.0,3955.249559986757
RETAIL_02230,2024-10-25,Tokyo-Ginza,Apple Watch Ultra,4.0,1086.7937546375201
RETAIL_02231,2024-07-24,Sydney-GeorgeSt,iPhone 15 Pro,4.0,2362.279899851248
RETAIL_02232,2024-10-23,Tokyo-Ginza,AirPods Max,9.0,1769.5157865458214
RETAIL_02233,2024-07-05,Paris-Opera,Apple Watch Ultra,,2286.3480839721024
RETAIL_02234,2024-09-13,London-RegentSt,MacBook Air M3,3.0,-165.19057277980045
RETAIL_02235,2024-11-15,Tokyo-Ginza,AirPods Max,4.0,-101.80461410261069
RETAIL_02236,2024-09-03,Tokyo-Ginza,iPhone 15 Pro,2.0,516.941896449449
RETAIL_02237,2024-10-23,Paris-Opera,Apple Watch Ultra,4.0,382.8617218393765
RETAIL_02238,2024-12-09,Sydney-GeorgeSt,iPad Pro,3.0,758.2337548048845
RETAIL_02239,2024-10-11,London-RegentSt,MacBook Air M3,6.0,3688.194235385714
RETAIL_02240,2024-08-03,Paris-Opera,iPhone 15 Pro,3.0,3229.8781966062497
RETAIL_02241,2024-08-26,Sydney-GeorgeSt,Vision Pro,7.0,-290.6998327964018
RETAIL_02242,2024-10-03,London-RegentSt,iPhone 15 Pro,6.0,-8.233615789231237
RETAIL_02243,2024-08-12,Sydney-GeorgeSt,iPhone 15 Pro,4.0,2932.832403875936
RETAIL_02244,2024-12-24,Tokyo-Ginza,Apple Watch Ultra,7.0,2885.878751706664
RETAIL_02245,2024-07-25,NYC-FifthAve,Vision Pro,,3125.5756629333255
RETAIL_02246,2024-11-27,Tokyo-Ginza,MacBook Air M3,,121.77753368395781
RETAIL_02247,2024-08-26,NYC-FifthAve,MacBook Air M3,7.0,2416.7584231346855
RETAIL_02248,2024-07-21,London-RegentSt,Vision Pro,5.0,-66.88368750453748
RETAIL_02249,2024-09-25,London-RegentSt,iPad Pro,6.0,1347.510114882229
RETAIL_02250,2024-09-09,Sydney-GeorgeSt,iPhone 15 Pro,,1907.4736502329906
RETAIL_02251,2024-10-16,Sydney-GeorgeSt,MacBook Air M3,4.0,1161.2661590366076
RETAIL_02252,2024-08-14,London-RegentSt,Apple Watch Ultra,6.0,-304.1803505590769
RETAIL_02253,2024-07-12,Paris-Opera,Vision Pro,2.0,3498.807023819888
RETAIL_02254,2024-10-16,NYC-FifthAve,AirPods Max,2.0,218.8397354056491
RETAIL_02255,2024-10-06,NYC-FifthAve,MacBook Air M3,9.0,3233.101868036715
RETAIL_02256,2024-07-22,London-RegentSt,Vision Pro,7.0,2149.116089962492
RETAIL_02257,2024-10-31,London-RegentSt,AirPods Max,2.0,2757.342616033852
RETAIL_02258,2024-11-25,Tokyo-Ginza,iPad Pro,4.0,2703.8689397171165
RETAIL_02259,2024-08-01,Sydney-GeorgeSt,AirPods Max,8.0,-313.1148686837703
RETAIL_02260,2024-10-27,Tokyo-Ginza,iPhone 15 Pro,3.0,3101.206237352405
RETAIL_02261,2024-10-29,NYC-FifthAve,iPhone 15 Pro,7.0,2448.5934940191746
RETAIL_02262,2024-11-04,NYC-FifthAve,AirPods Max,4.0,2802.346712357026
RETAIL_02263,2024-10-18,Sydney-GeorgeSt,Vision Pro,3.0,686.8241375696807
RETAIL_02264,2024-07-22,NYC-FifthAve,Vision Pro,3.0,3916.459244711178
RETAIL_02265,2024-09-03,Tokyo-Ginza,AirPods Max,5.0,339.4361983720918
RETAIL_02266,2024-10-25,NYC-FifthAve,Vision Pro,1.0,669.613279384979
RETAIL_02267,2024-10-23,Tokyo-Ginza,iPad Pro,8.0,1239.5117591933406
RETAIL_02268,2024-09-21,Paris-Opera,AirPods Max,3.0,394.66289236020816
RETAIL_02269,2024-07-28,Sydney-GeorgeSt,Apple Watch Ultra,8.0,319.24321894853153
RETAIL_02270,2024-07-08,Sydney-GeorgeSt,Vision Pro,,-229.47018086822817
RETAIL_02271,2024-11-18,Paris-Opera,AirPods Max,6.0,103.48270496974885
RETAIL_02272,2024-12-05,Sydney-GeorgeSt,Vision Pro,6.0,459.0506584710022
RETAIL_02273,2024-11-11,Tokyo-Ginza,iPhone 15 Pro,4.0,2765.4500109413802
RETAIL_02274,2024-07-04,Paris-Opera,AirPods Max,5.0,1769.7576246458088
RETAIL_02275,2024-08-14,Paris-Opera,MacBook Air M3,1.0,1198.964596389464
RETAIL_02276,2024-11-04,Sydney-GeorgeSt,iPhone 15 Pro,7.0,4.521146002439309
RETAIL_02277,2024-09-17,London-RegentSt,Apple Watch Ultra,4.0,1915.4030740006733
RETAIL_02278,2024-12-23,NYC-FifthAve,iPad Pro,,553.565384133607
RETAIL_02279,2024-07-09,London-RegentSt,iPhone 15 Pro,8.0,-340.4343941340654
RETAIL_02280,2024-09-27,Tokyo-Ginza,Apple Watch Ultra,5.0,3438.7906216732986
RETAIL_02281,2024-12-27,Tokyo-Ginza,Apple Watch Ultra,3.0,2840.9273667762723
RETAIL_02282,2024-11-05,Sydney-GeorgeSt,iPad Pro,6.0,2978.4549856714802
RETAIL_02283,2024-09-23,London-RegentSt,AirPods Max,3.0,718.6396142866706
RETAIL_02284,2024-07-25,Tokyo-Ginza,AirPods Max,3.0,349.544578858297
RETAIL_02285,2024-11-08,Tokyo-Ginza,Vision Pro,1.0,1981.082312950592
RETAIL_02286,2024-08-14,Sydney-GeorgeSt,iPhone 15 Pro,3.0,2042.2952682236096
RETAIL_02287,2024-11-08,Paris-Opera,iPad Pro,9.0,3064.4733219682475
RETAIL_02288,2024-08-14,Tokyo-Ginza,AirPods Max,8.0,3037.886963361096
RETAIL_02289,2024-08-26,NYC-FifthAve,iPad Pro,1.0,-15.919996365709778
RETAIL_02290,2024-12-17,Paris-Opera,Apple Watch Ultra,5.0,1541.932431087605
RETAIL_02291,2024-11-12,NYC-FifthAve,MacBook Air M3,4.0,2409.9272719910377
RETAIL_02292,2024-08-16,London-RegentSt,AirPods Max,4.0,203.3062644182853
RETAIL_02293,2024-07-22,Paris-Opera,MacBook Air M3,3.0,2051.3047609286423
RETAIL_02294,2024-07-19,NYC-FifthAve,Vision Pro,2.0,2647.935422059412
RETAIL_02295,2024-11-26,Tokyo-Ginza,Apple Watch Ultra,6.0,378.9283474451162
RETAIL_02296,2024-10-18,London-RegentSt,iPhone 15 Pro,3.0,1685.3664688495883
RETAIL_02297,2024-07-08,Tokyo-Ginza,iPhone 15 Pro,2.0,2312.3119415248552
RETAIL_02298,2024-09-01,London-RegentSt,MacBook Air M3,6.0,1968.644265473195
RETAIL_02299,2024-07-30,Paris-Opera,AirPods Max,5.0,2231.5964276679883
RETAIL_02300,2024-07-08,Tokyo-Ginza,AirPods Max,7.0,493.171166903457
RETAIL_02301,2024-10-29,Sydney-GeorgeSt,MacBook Air M3,8.0,2055.3058997386493
RETAIL_02302,2024-09-14,NYC-FifthAve,AirPods Max,4.0,1261.2959006654066
RETAIL_02303,2024-10-14,London-RegentSt,MacBook Air M3,9.0,3763.4349918137177
RETAIL_02304,2024-12-04,London-RegentSt,MacBook Air M3,4.0,1074.7937817200836
RETAIL_02305,2024-07-01,London-RegentSt,iPhone 15 Pro,2.0,3040.51023349493
RETAIL_02306,2024-12-20,Paris-Opera,MacBook Air M3,8.0,853.2007224231716
RETAIL_02307,2024-09-01,Paris-Opera,AirPods Max,4.0,53.06762612429861
RETAIL_02308,2024-08-28,NYC-FifthAve,MacBook Air M3,8.0,1397.5420128873295
RETAIL_02309,2024-10-14,Tokyo-Ginza,MacBook Air M3,1.0,801.3015717354976
RETAIL_02310,2024-12-06,Paris-Opera,Apple Watch Ultra,3.0,1575.3802177851994
RETAIL_02311,2024-12-26,NYC-FifthAve,MacBook Air M3,6.0,249.25387182060558
RETAIL_02312,2024-09-01,Tokyo-Ginza,iPhone 15 Pro,9.0,2034.847642336369
RETAIL_02313,2024-10-20,NYC-FifthAve,iPad Pro,3.0,1697.5723408631147
RETAIL_02314,2024-09-04,Paris-Opera,Apple Watch Ultra,3.0,2436.783691887643
RETAIL_02315,2024-12-01,Paris-Opera,Apple Watch Ultra,5.0,3698.928050223647
RETAIL_02316,2024-10-11,Tokyo-Ginza,Vision Pro,5.0,3303.5466630306587
RETAIL_02317,2024-09-04,Tokyo-Ginza,AirPods Max,9.0,2810.7100771702253
RETAIL_02318,2024-11-19,Sydney-GeorgeSt,iPhone 15 Pro,4.0,-296.61733712238765
RETAIL_02319,2024-09-21,Tokyo-Ginza,Vision Pro,3.0,3011.3391342212635
RETAIL_02320,2024-11-18,Paris-Opera,iPad Pro,1.0,1860.2711037426052
RETAIL_02321,2024-07-10,Sydney-GeorgeSt,Vision Pro,5.0,137.67034352689222
RETAIL_02322,2024-08-07,Paris-Opera,Vision Pro,4.0,2847.647904516255
RETAIL_02323,2024-07-25,Sydney-GeorgeSt,Vision Pro,1.0,3201.9167958004323
RETAIL_02324,2024-09-05,Paris-Opera,MacBook Air M3,5.0,450.48232192195894
RETAIL_02325,2024-08-02,NYC-FifthAve,Vision Pro,2.0,1731.5349354835857
RETAIL_02326,2024-08-05,Sydney-GeorgeSt,AirPods Max,1.0,1495.0908989748687
RETAIL_02327,2024-07-13,Sydney-GeorgeSt,Apple Watch Ultra,3.0,921.4521988117494
RETAIL_02328,2024-10-14,Tokyo-Ginza,AirPods Max,9.0,1036.289987676964
RETAIL_02329,2024-11-14,NYC-FifthAve,Apple Watch Ultra,5.0,1517.310598921888
RETAIL_02330,2024-11-21,Tokyo-Ginza,Vision Pro,5.0,556.3784200881069
RETAIL_02331,2024-11-27,Sydney-GeorgeSt,MacBook Air M3,5.0,1514.0369622597716
RETAIL_02332,2024-07-09,Paris-Opera,iPhone 15 Pro,1.0,1682.2679788400205
RETAIL_02333,2024-10-18,NYC-FifthAve,iPad Pro,6.0,1150.466273054274
RETAIL_02334,2024-07-12,NYC-FifthAve,MacBook Air M3,2.0,-355.02921391977213
RETAIL_02335,2024-11-02,Tokyo-Ginza,iPad Pro,1.0,-248.8601994204171
RETAIL_02336,2024-10-07,Tokyo-Ginza,Vision Pro,5.0,3145.9723956251946
RETAIL_02337,2024-07-06,Tokyo-Ginza,iPhone 15 Pro,3.0,1827.9429772190729
RETAIL_02338,2024-10-29,Sydney-GeorgeSt,AirPods Max,6.0,1858.4880914503497
RETAIL_02339,2024-09-08,NYC-FifthAve,Apple Watch Ultra,2.0,-113.61955306985982
RETAIL_02340,2024-12-15,Tokyo-Ginza,Apple Watch Ultra,5.0,2529.4250798022845
RETAIL_02341,2024-10-22,London-RegentSt,AirPods Max,7.0,2138.519304915796
RETAIL_02342,2024-07-16,NYC-FifthAve,Apple Watch Ultra,,1045.3290058657828
RETAIL_02343,2024-07-12,London-RegentSt,Apple Watch Ultra,5.0,1173.6886240252843
RETAIL_02344,2024-11-03,Tokyo-Ginza,MacBook Air M3,8.0,-255.28210168375205
RETAIL_02345,2024-08-17,Sydney-GeorgeSt,AirPods Max,1.0,-488.15760190331866
RETAIL_02346,2024-10-11,Sydney-GeorgeSt,MacBook Air M3,2.0,2847.120298511284
RETAIL_02347,2024-12-09,London-RegentSt,iPad Pro,9.0,1846.1459152488105
RETAIL_02348,2024-12-15,London-RegentSt,Apple Watch Ultra,6.0,2140.4211959716736
RETAIL_02349,2024-11-26,London-RegentSt,Vision Pro,8.0,1480.8540870025997
RETAIL_02350,2024-10-30,NYC-FifthAve,iPad Pro,4.0,2406.551237237226
RETAIL_02351,2024-09-24,London-RegentSt,MacBook Air M3,7.0,1356.7496310824806
RETAIL_02352,2024-07-08,NYC-FifthAve,iPhone 15 Pro,9.0,521.6780641158656
RETAIL_02353,2024-12-21,London-RegentSt,iPhone 15 Pro,9.0,-243.17539876825953
RETAIL_02354,2024-10-31,London-RegentSt,iPhone 15 Pro,9.0,3363.9730363648946
RETAIL_02355,2024-08-11,Paris-Opera,Vision Pro,1.0,2632.2534816980956
RETAIL_02356,2024-12-21,Sydney-GeorgeSt,AirPods Max,5.0,1550.274838789716
RETAIL_02357,2024-12-06,Paris-Opera,Apple Watch Ultra,7.0,1251.9635180009052
RETAIL_02358,2024-10-17,Tokyo-Ginza,MacBook Air M3,8.0,1302.040809556997
RETAIL_02359,2024-09-08,Tokyo-Ginza,Apple Watch Ultra,7.0,2319.650732525053
RETAIL_02360,2024-11-01,London-RegentSt,Vision Pro,6.0,2973.212751687097
RETAIL_02361,2024-11-09,Paris-Opera,MacBook Air M3,2.0,667.4562667537941
RETAIL_02362,2024-12-06,Tokyo-Ginza,Apple Watch Ultra,8.0,2885.4832872426437
RETAIL_02363,2024-10-15,Sydney-GeorgeSt,iPhone 15 Pro,,24.52276646882899
RETAIL_02364,2024-12-05,London-RegentSt,iPad Pro,4.0,3361.30800189842
RETAIL_02365,2024-11-19,Tokyo-Ginza,Apple Watch Ultra,2.0,3579.8993493278513
RETAIL_02366,2024-07-12,Tokyo-Ginza,MacBook Air M3,5.0,3460.721612780369
RETAIL_02367,2024-07-20,Paris-Opera,Apple Watch Ultra,3.0,759.9462898959027
RETAIL_02368,2024-09-10,Sydney-GeorgeSt,iPhone 15 Pro,2.0,-378.5180371015912
RETAIL_02369,2024-10-31,London-RegentSt,iPhone 15 Pro,4.0,3366.5026175580874
RETAIL_02370,2024-11-25,London-RegentSt,AirPods Max,8.0,2318.289405269223
RETAIL_02371,2024-08-12,Sydney-GeorgeSt,iPad Pro,8.0,2853.7106126508793
RETAIL_02372,2024-08-01,London-RegentSt,Apple Watch Ultra,7.0,3890.6203105030363
RETAIL_02373,2024-09-30,London-RegentSt,MacBook Air M3,1.0,3952.4890360728823
RETAIL_02374,2024-12-07,London-RegentSt,MacBook Air M3,5.0,-245.12634459197668
RETAIL_02375,2024-07-10,London-RegentSt,Apple Watch Ultra,3.0,198.90667257100802
RETAIL_02376,2024-08-28,Sydney-GeorgeSt,MacBook Air M3,4.0,-221.89110265300252
RETAIL_02377,2024-09-15,London-RegentSt,Apple Watch Ultra,3.0,2163.0391764272294
RETAIL_02378,2024-10-20,Sydney-GeorgeSt,MacBook Air M3,2.0,3510.528761249542
RETAIL_02379,2024-12-02,Paris-Opera,iPhone 15 Pro,2.0,2072.9530210947114
RETAIL_02380,2024-11-21,London-RegentSt,Apple Watch Ultra,3.0,3822.5496676809253
RETAIL_02381,2024-11-25,Paris-Opera,AirPods Max,2.0,2185.2713404045635
RETAIL_02382,2024-11-10,NYC-FifthAve,MacBook Air M3,5.0,2354.5051164666215
RETAIL_02383,2024-09-09,Tokyo-Ginza,iPad Pro,9.0,281.0857983143103
RETAIL_02384,2024-12-18,Paris-Opera,Apple Watch Ultra,4.0,-49.32887759388018
RETAIL_02385,2024-09-27,London-RegentSt,iPad Pro,5.0,3927.4284304516486
RETAIL_02386,2024-07-20,NYC-FifthAve,Apple Watch Ultra,9.0,3674.4060019326453
RETAIL_02387,2024-08-27,Paris-Opera,Vision Pro,,3179.83309928544
RETAIL_02388,2024-10-20,Sydney-GeorgeSt,iPad Pro,5.0,2867.2726754156515
RETAIL_02389,2024-07-27,Paris-Opera,Vision Pro,1.0,1102.4547206106677
RETAIL_02390,2024-12-05,NYC-FifthAve,iPad Pro,7.0,2557.0995678075174
RETAIL_02391,2024-07-07,Paris-Opera,AirPods Max,3.0,3292.8618049257834
RETAIL_02392,2024-08-30,NYC-FifthAve,iPad Pro,6.0,582.4160613703718
RETAIL_02393,2024-08-13,Tokyo-Ginza,MacBook Air M3,8.0,1181.6713173994094
RETAIL_02394,2024-10-13,London-RegentSt,AirPods Max,1.0,392.41371502160393
RETAIL_02395,2024-09-01,Paris-Opera,iPad Pro,4.0,-87.4182606994139
RETAIL_02396,2024-09-03,London-RegentSt,Apple Watch Ultra,5.0,3269.505804846735
RETAIL_02397,2024-11-21,London-RegentSt,AirPods Max,2.0,2320.55293380968
RETAIL_02398,2024-07-14,London-RegentSt,iPad Pro,6.0,1751.6405939970427
RETAIL_02399,2024-07-12,Sydney-GeorgeSt,MacBook Air M3,5.0,2521.358948524427
RETAIL_02400,2024-12-25,London-RegentSt,Apple Watch Ultra,8.0,3356.190322976982
RETAIL_02401,2024-09-09,Paris-Opera,Apple Watch Ultra,8.0,3773.459585693824
RETAIL_02402,2024-07-01,Tokyo-Ginza,AirPods Max,4.0,1721.653135807093
RETAIL_02403,2024-11-30,Paris-Opera,AirPods Max,4.0,1378.8607268471467
RETAIL_02404,2024-12-26,Paris-Opera,Apple Watch Ultra,,3636.4298525347767
RETAIL_02405,2024-10-19,Tokyo-Ginza,iPad Pro,6.0,2682.32767290606
RETAIL_02406,2024-07-12,Sydney-GeorgeSt,AirPods Max,6.0,2799.1591056591205
RETAIL_02407,2024-08-06,Tokyo-Ginza,MacBook Air M3,1.0,-57.40472439434535
RETAIL_02408,2024-11-28,NYC-FifthAve,Apple Watch Ultra,9.0,686.7902111816593
RETAIL_02409,2024-10-07,Sydney-GeorgeSt,iPhone 15 Pro,7.0,2409.5323915927156
RETAIL_02410,2024-08-29,Sydney-GeorgeSt,iPad Pro,4.0,3511.3825446368196
RETAIL_02411,2024-10-29,Paris-Opera,AirPods Max,7.0,2236.747510765658
RETAIL_02412,2024-10-09,Paris-Opera,Apple Watch Ultra,4.0,2800.7575730326166
RETAIL_02413,2024-12-19,London-RegentSt,Vision Pro,,2995.630511459337
RETAIL_02414,2024-07-18,NYC-FifthAve,MacBook Air M3,2.0,558.4446665655241
RETAIL_02415,2024-07-07,London-RegentSt,AirPods Max,,3701.591668983174
RETAIL_02416,2024-08-25,Paris-Opera,Apple Watch Ultra,4.0,3120.8060006294413
RETAIL_02417,2024-07-15,London-RegentSt,Apple Watch Ultra,,2236.8496379277613
RETAIL_02418,2024-12-13,Sydney-GeorgeSt,AirPods Max,8.0,2816.533831277581
RETAIL_02419,2024-08-17,NYC-FifthAve,iPhone 15 Pro,4.0,-440.1059124621037
RETAIL_02420,2024-08-29,Paris-Opera,Apple Watch Ultra,4.0,1365.98687926097
RETAIL_02421,2024-07-27,NYC-FifthAve,iPhone 15 Pro,1.0,3909.109116611139
RETAIL_02422,2024-12-07,Sydney-GeorgeSt,MacBook Air M3,3.0,162.49227573153826
RETAIL_02423,2024-09-14,Tokyo-Ginza,iPad Pro,9.0,-278.0056106224356
RETAIL_02424,2024-10-07,Sydney-GeorgeSt,Vision Pro,5.0,3700.7723429963935
RETAIL_02425,2024-09-20,Sydney-GeorgeSt,AirPods Max,4.0,55.342074924784015
RETAIL_02426,2024-07-30,Tokyo-Ginza,AirPods Max,8.0,2057.3576344402127
RETAIL_02427,2024-07-20,Paris-Opera,iPhone 15 Pro,8.0,672.4271722606038
RETAIL_02428,2024-08-23,Paris-Opera,Vision Pro,2.0,573.8578785317727
RETAIL_02429,2024-11-27,Paris-Opera,Apple Watch Ultra,9.0,3227.9682824830265
RETAIL_02430,2024-07-31,London-RegentSt,Apple Watch Ultra,2.0,2929.8425592975173
RETAIL_02431,2024-07-10,Paris-Opera,AirPods Max,3.0,476.6037426152832
RETAIL_02432,2024-08-20,Paris-Opera,iPad Pro,,689.5038413919299
RETAIL_02433,2024-12-01,Paris-Opera,Vision Pro,7.0,725.9129002904149
RETAIL_02434,2024-10-06,NYC-FifthAve,Apple Watch Ultra,8.0,1451.321173563161
RETAIL_02435,2024-12-21,Sydney-GeorgeSt,Vision Pro,3.0,2551.30468360822
RETAIL_02436,2024-11-27,Tokyo-Ginza,AirPods Max,8.0,3988.543752104202
RETAIL_02437,2024-08-20,London-RegentSt,MacBook Air M3,,1535.3675672658117
RETAIL_02438,2024-12-26,London-RegentSt,AirPods Max,8.0,1249.361465768149
RETAIL_02439,2024-12-25,Sydney-GeorgeSt,iPhone 15 Pro,8.0,2494.8713444635346
RETAIL_02440,2024-08-21,London-RegentSt,iPhone 15 Pro,8.0,162.0385786587284
RETAIL_02441,2024-07-31,Paris-Opera,Vision Pro,5.0,3709.5823187851847
RETAIL_02442,2024-07-20,Paris-Opera,AirPods Max,6.0,1150.852002058776
RETAIL_02443,2024-07-05,London-RegentSt,AirPods Max,,2909.162653779713
RETAIL_02444,2024-07-16,Tokyo-Ginza,iPad Pro,1.0,1936.454323138396
RETAIL_02445,2024-07-20,Tokyo-Ginza,iPad Pro,3.0,2.983476622914793
RETAIL_02446,2024-12-05,Tokyo-Ginza,iPhone 15 Pro,4.0,2501.0672388977814
RETAIL_02447,2024-07-29,Tokyo-Ginza,iPad Pro,9.0,1120.6523775923242
RETAIL_02448,2024-08-24,NYC-FifthAve,iPad Pro,3.0,538.9040461052773
RETAIL_02449,2024-11-12,Tokyo-Ginza,AirPods Max,2.0,3494.0733024449178
RETAIL_02450,2024-09-27,Sydney-GeorgeSt,MacBook Air M3,6.0,-19.66091947503776
RETAIL_02451,2024-11-25,Sydney-GeorgeSt,MacBook Air M3,4.0,3175.031480493111
RETAIL_02452,2024-11-27,Sydney-GeorgeSt,iPad Pro,4.0,3761.649904865759
RETAIL_02453,2024-10-16,Paris-Opera,AirPods Max,2.0,3548.335626725915
RETAIL_02454,2024-11-29,NYC-FifthAve,AirPods Max,2.0,2121.0957879289476
RETAIL_02455,2024-11-26,NYC-FifthAve,Apple Watch Ultra,1.0,3894.58764349223
RETAIL_02456,2024-10-24,Sydney-GeorgeSt,AirPods Max,1.0,2652.040041165002
RETAIL_02457,2024-08-05,Paris-Opera,MacBook Air M3,1.0,3397.9482162805966
RETAIL_02458,2024-10-12,London-RegentSt,AirPods Max,8.0,2550.8233867693584
RETAIL_02459,2024-12-07,Sydney-GeorgeSt,iPad Pro,8.0,620.8788357997703
RETAIL_02460,2024-11-04,NYC-FifthAve,Apple Watch Ultra,8.0,2646.949105437969
RETAIL_02461,2024-07-13,Tokyo-Ginza,Vision Pro,6.0,140.33916980199956
RETAIL_02462,2024-07-15,Paris-Opera,iPhone 15 Pro,8.0,2358.098449519171
RETAIL_02463,2024-07-19,Tokyo-Ginza,AirPods Max,8.0,2614.760188790977
RETAIL_02464,2024-09-16,NYC-FifthAve,MacBook Air M3,5.0,3386.844786734349
RETAIL_02465,2024-12-26,Sydney-GeorgeSt,AirPods Max,8.0,1452.6512010955744
RETAIL_02466,2024-09-08,Paris-Opera,Vision Pro,8.0,1628.713770076955
RETAIL_02467,2024-07-30,London-RegentSt,iPhone 15 Pro,6.0,2544.9504354451988
RETAIL_02468,2024-11-16,Paris-Opera,Apple Watch Ultra,4.0,1592.1455007783647
RETAIL_02469,2024-11-12,London-RegentSt,iPad Pro,3.0,3788.149645999476
RETAIL_02470,2024-09-11,London-RegentSt,iPad Pro,4.0,3783.0345828349364
RETAIL_02471,2024-11-18,London-RegentSt,Apple Watch Ultra,1.0,2989.5042832499407
RETAIL_02472,2024-07-20,Sydney-GeorgeSt,iPad Pro,2.0,2393.1174203680584
RETAIL_02473,2024-09-04,Sydney-GeorgeSt,MacBook Air M3,1.0,1699.0470909754981
RETAIL_02474,2024-11-30,London-RegentSt,iPhone 15 Pro,5.0,2519.4068259004785
RETAIL_02475,2024-08-08,London-RegentSt,iPad Pro,5.0,3167.0747365223747
RETAIL_02476,2024-12-24,Tokyo-Ginza,Apple Watch Ultra,2.0,1883.501123482818
RETAIL_02477,2024-11-27,Tokyo-Ginza,iPad Pro,2.0,-96.49126956147688
RETAIL_02478,2024-12-13,London-RegentSt,MacBook Air M3,4.0,3741.3816036930875
RETAIL_02479,2024-09-01,Tokyo-Ginza,iPad Pro,1.0,387.09724836122734
RETAIL_02480,2024-08-31,Sydney-GeorgeSt,Vision Pro,3.0,486.18117599793334
RETAIL_02481,2024-08-20,Tokyo-Ginza,Vision Pro,6.0,-475.25770623760025
RETAIL_02482,2024-10-08,NYC-FifthAve,Apple Watch Ultra,2.0,302.13874744853115
RETAIL_02483,2024-11-07,Tokyo-Ginza,AirPods Max,8.0,-158.00790192615813
RETAIL_02484,2024-11-05,Paris-Opera,Vision Pro,6.0,387.0793824011595
RETAIL_02485,2024-11-15,Paris-Opera,iPhone 15 Pro,4.0,2372.1578506405613
RETAIL_02486,2024-09-16,NYC-FifthAve,iPad Pro,4.0,1702.9285836353647
RETAIL_02487,2024-12-05,Sydney-GeorgeSt,MacBook Air M3,6.0,571.2055458714183
RETAIL_02488,2024-11-28,Sydney-GeorgeSt,Apple Watch Ultra,6.0,1198.9572457410727
RETAIL_02489,2024-10-14,NYC-FifthAve,MacBook Air M3,7.0,9.536976447965003
RETAIL_02490,2024-07-14,Tokyo-Ginza,iPad Pro,9.0,-65.60350019647751
RETAIL_02491,2024-12-22,Tokyo-Ginza,MacBook Air M3,7.0,1075.9136812582367
RETAIL_02492,2024-10-31,Sydney-GeorgeSt,Vision Pro,8.0,2811.469413583117
RETAIL_02493,2024-11-23,NYC-FifthAve,AirPods Max,8.0,3441.202938080631
RETAIL_02494,2024-11-06,Paris-Opera,iPad Pro,6.0,2979.178338500186
RETAIL_02495,2024-12-15,Paris-Opera,MacBook Air M3,,367.7071776850603
RETAIL_02496,2024-11-18,London-RegentSt,iPhone 15 Pro,1.0,1652.2287369162618
RETAIL_02497,2024-11-30,London-RegentSt,AirPods Max,1.0,139.1933800448778
RETAIL_02498,2024-10-06,Tokyo-Ginza,Vision Pro,5.0,1004.2359083006386
RETAIL_02499,2024-09-04,Sydney-GeorgeSt,MacBook Air M3,2.0,3329.1560893192855
RETAIL_02500,2024-07-05,NYC-FifthAve,Vision Pro,7.0,2732.293696728594
RETAIL_02501,2024-12-25,London-RegentSt,iPhone 15 Pro,,-30.991612151043626
RETAIL_02502,2024-07-24,Sydney-GeorgeSt,iPhone 15 Pro,5.0,739.3287102688573
RETAIL_02503,2024-09-10,Paris-Opera,Apple Watch Ultra,7.0,2108.7789303937657
RETAIL_02504,2024-10-24,London-RegentSt,MacBook Air M3,3.0,2839.208622703045
RETAIL_02505,2024-09-21,London-RegentSt,Vision Pro,3.0,858.4339685368561
RETAIL_02506,2024-08-15,Paris-Opera,Vision Pro,6.0,134.03366459489803
RETAIL_02507,2024-07-03,London-RegentSt,MacBook Air M3,9.0,2133.834159807163
RETAIL_02508,2024-10-26,Tokyo-Ginza,MacBook Air M3,6.0,-192.87933244312512
RETAIL_02509,2024-12-04,NYC-FifthAve,iPhone 15 Pro,7.0,1827.734303948865
RETAIL_02510,2024-10-11,Paris-Opera,iPhone 15 Pro,3.0,3345.573131031908
RETAIL_02511,2024-09-26,Tokyo-Ginza,AirPods Max,9.0,3618.158158111456
RETAIL_02512,2024-11-30,Tokyo-Ginza,Vision Pro,6.0,2155.6245350300737
RETAIL_02513,2024-08-15,Tokyo-Ginza,iPhone 15 Pro,7.0,2344.2060511638097
RETAIL_02514,2024-08-25,Tokyo-Ginza,AirPods Max,5.0,974.0026525752291
RETAIL_02515,2024-07-28,London-RegentSt,iPhone 15 Pro,9.0,1038.2231413481104
RETAIL_02516,2024-07-07,London-RegentSt,iPad Pro,3.0,278.53316597812307
RETAIL_02517,2024-10-30,London-RegentSt,iPhone 15 Pro,2.0,3166.5304028405485
RETAIL_02518,2024-11-13,NYC-FifthAve,Vision Pro,9.0,40.64097260017809
RETAIL_02519,2024-11-17,NYC-FifthAve,Apple Watch Ultra,8.0,3424.2414422387146
RETAIL_02520,2024-07-09,Paris-Opera,Apple Watch Ultra,3.0,1375.8691907919274
RETAIL_02521,2024-07-19,NYC-FifthAve,MacBook Air M3,2.0,1424.3542707387776
RETAIL_02522,2024-09-15,London-RegentSt,MacBook Air M3,2.0,2410.2705292139303
RETAIL_02523,2024-09-21,Tokyo-Ginza,MacBook Air M3,1.0,3803.2941340040798
RETAIL_02524,2024-09-21,Sydney-GeorgeSt,Vision Pro,8.0,2254.563139841937
RETAIL_02525,2024-11-27,Sydney-GeorgeSt,iPhone 15 Pro,1.0,2461.5826216924556
RETAIL_02526,2024-11-11,NYC-FifthAve,Apple Watch Ultra,5.0,2006.5858448964727
RETAIL_02527,2024-10-25,London-RegentSt,iPhone 15 Pro,,-364.82984110334496
RETAIL_02528,2024-07-07,Paris-Opera,iPad Pro,6.0,2310.1096472858367
RETAIL_02529,2024-12-10,Sydney-GeorgeSt,iPhone 15 Pro,9.0,171.2744414979701
RETAIL_02530,2024-10-10,Sydney-GeorgeSt,iPhone 15 Pro,4.0,2144.95237852547
RETAIL_02531,2024-12-19,Paris-Opera,AirPods Max,7.0,3251.729200296987
RETAIL_02532,2024-11-01,London-RegentSt,iPhone 15 Pro,1.0,2348.514892523939
RETAIL_02533,2024-10-26,Sydney-GeorgeSt,Apple Watch Ultra,9.0,2397.9254051671983
RETAIL_02534,2024-08-25,Sydney-GeorgeSt,iPad Pro,6.0,-286.1789779145988
RETAIL_02535,2024-10-20,NYC-FifthAve,Apple Watch Ultra,9.0,-141.7512885049449
RETAIL_02536,2024-08-20,Sydney-GeorgeSt,Apple Watch Ultra,8.0,386.6532874920324
RETAIL_02537,2024-10-30,Sydney-GeorgeSt,iPhone 15 Pro,1.0,436.96846694324813
RETAIL_02538,2024-11-27,Tokyo-Ginza,Apple Watch Ultra,6.0,-190.51730226179308
RETAIL_02539,2024-12-15,Paris-Opera,AirPods Max,4.0,2927.2070616295064
RETAIL_02540,2024-08-19,London-RegentSt,Apple Watch Ultra,4.0,494.2841870566863
RETAIL_02541,2024-11-23,London-RegentSt,AirPods Max,8.0,3128.2868849881447
RETAIL_02542,2024-11-26,NYC-FifthAve,Vision Pro,1.0,3540.3332521668794
RETAIL_02543,2024-07-04,Paris-Opera,iPhone 15 Pro,7.0,-6.139342805287356
RETAIL_02544,2024-10-29,NYC-FifthAve,Vision Pro,7.0,1949.7546034323414
RETAIL_02545,2024-11-15,Tokyo-Ginza,iPhone 15 Pro,5.0,-274.29556677862024
RETAIL_02546,2024-11-24,London-RegentSt,AirPods Max,2.0,1623.7075620609767
RETAIL_02547,2024-12-13,Tokyo-Ginza,MacBook Air M3,3.0,3034.2602875772973
RETAIL_02548,2024-09-28,London-RegentSt,AirPods Max,7.0,1466.679964023649
RETAIL_02549,2024-09-22,Paris-Opera,Apple Watch Ultra,9.0,3306.2239902563147
RETAIL_02550,2024-08-27,Paris-Opera,Vision Pro,6.0,1644.4459469978224
RETAIL_02551,2024-08-04,NYC-FifthAve,Apple Watch Ultra,2.0,1816.734017011097
RETAIL_02552,2024-08-28,Tokyo-Ginza,iPhone 15 Pro,2.0,1885.1053233967418
RETAIL_02553,2024-10-05,Paris-Opera,AirPods Max,5.0,-490.0085509541202
RETAIL_02554,2024-08-11,Paris-Opera,Vision Pro,6.0,3743.2395320063733
RETAIL_02555,2024-11-20,NYC-FifthAve,MacBook Air M3,8.0,516.3608326255896
RETAIL_02556,2024-10-22,NYC-FifthAve,AirPods Max,9.0,3624.7003410205116
RETAIL_02557,2024-10-15,Sydney-GeorgeSt,AirPods Max,9.0,2715.702647567948
RETAIL_02558,2024-08-12,London-RegentSt,iPhone 15 Pro,6.0,2415.6300036466805
RETAIL_02559,2024-07-21,London-RegentSt,Vision Pro,4.0,2001.161994017751
RETAIL_02560,2024-10-08,NYC-FifthAve,Vision Pro,9.0,2305.892439598501
RETAIL_02561,2024-12-13,London-RegentSt,Apple Watch Ultra,7.0,1616.4563305167403
RETAIL_02562,2024-12-11,Paris-Opera,iPad Pro,3.0,-180.22246329430743
RETAIL_02563,2024-07-07,Paris-Opera,Vision Pro,7.0,2791.6112268144866
RETAIL_02564,2024-10-21,London-RegentSt,MacBook Air M3,6.0,3773.575178294128
RETAIL_02565,2024-09-27,London-RegentSt,iPad Pro,6.0,2952.4374104146173
RETAIL_02566,2024-08-08,London-RegentSt,iPad Pro,1.0,2080.61980494249
RETAIL_02567,2024-07-29,NYC-FifthAve,iPhone 15 Pro,5.0,876.9456838292535
RETAIL_02568,2024-11-03,Tokyo-Ginza,Apple Watch Ultra,5.0,3420.653859760772
RETAIL_02569,2024-11-12,London-RegentSt,iPhone 15 Pro,5.0,-247.18142348497528
RETAIL_02570,2024-07-20,London-RegentSt,AirPods Max,4.0,3190.4566878040205
RETAIL_02571,2024-07-18,Tokyo-Ginza,Vision Pro,3.0,3576.794125052745
RETAIL_02572,2024-10-15,Paris-Opera,iPad Pro,6.0,3682.1564050104907
RETAIL_02573,2024-07-20,Paris-Opera,AirPods Max,3.0,180.72299834515127
RETAIL_02574,2024-10-28,London-RegentSt,AirPods Max,1.0,3867.0921451429485
RETAIL_02575,2024-08-23,London-RegentSt,iPhone 15 Pro,7.0,3694.628341371269
RETAIL_02576,2024-08-05,Tokyo-Ginza,iPhone 15 Pro,2.0,3756.573977685717
RETAIL_02577,2024-09-26,Tokyo-Ginza,AirPods Max,6.0,3197.5697016485583
RETAIL_02578,2024-11-29,Tokyo-Ginza,MacBook Air M3,5.0,-288.6831350486996
RETAIL_02579,2024-07-26,Sydney-GeorgeSt,MacBook Air M3,3.0,3178.784584325117
RETAIL_02580,2024-09-26,NYC-FifthAve,iPad Pro,9.0,169.12214799603464
RETAIL_02581,2024-08-26,Sydney-GeorgeSt,Vision Pro,9.0,2876.8927693767414
RETAIL_02582,2024-11-03,Tokyo-Ginza,AirPods Max,1.0,-82.29394507374047
RETAIL_02583,2024-12-08,London-RegentSt,Vision Pro,1.0,2522.083284895919
RETAIL_02584,2024-07-29,Paris-Opera,iPhone 15 Pro,1.0,2960.306233030095
RETAIL_02585,2024-12-20,Tokyo-Ginza,Apple Watch Ultra,3.0,3020.3264405910786
RETAIL_02586,2024-09-15,Tokyo-Ginza,MacBook Air M3,9.0,2630.1540319424475
RETAIL_02587,2024-08-17,London-RegentSt,MacBook Air M3,1.0,1734.3667960455664
RETAIL_02588,2024-11-17,Tokyo-Ginza,Vision Pro,5.0,3132.303950428252
RETAIL_02589,2024-10-01,London-RegentSt,Apple Watch Ultra,1.0,1116.734853892279
RETAIL_02590,2024-07-26,Sydney-GeorgeSt,Vision Pro,1.0,443.95508338503384
RETAIL_02591,2024-09-09,Tokyo-Ginza,iPhone 15 Pro,5.0,3795.8363435401043
RETAIL_02592,2024-08-23,Tokyo-Ginza,AirPods Max,3.0,372.3021879320147
RETAIL_02593,2024-08-01,Sydney-GeorgeSt,iPhone 15 Pro,5.0,2969.1382419305323
RETAIL_02594,2024-08-28,Tokyo-Ginza,MacBook Air M3,6.0,-316.10371343653003
RETAIL_02595,2024-07-04,Tokyo-Ginza,iPad Pro,5.0,2451.6280457096022
RETAIL_02596,2024-11-02,London-RegentSt,MacBook Air M3,3.0,1911.4608050109032
RETAIL_02597,2024-08-22,Sydney-GeorgeSt,iPad Pro,6.0,874.4708637047304
RETAIL_02598,2024-09-10,Tokyo-Ginza,MacBook Air M3,4.0,1616.8835183925162
RETAIL_02599,2024-08-20,NYC-FifthAve,Apple Watch Ultra,6.0,770.0617400566439
RETAIL_02600,2024-10-15,Sydney-GeorgeSt,Vision Pro,9.0,3574.2879132921203
RETAIL_02601,2024-10-26,Paris-Opera,Vision Pro,2.0,484.92143223320056
RETAIL_02602,2024-10-15,NYC-FifthAve,iPhone 15 Pro,,3407.7735079184877
RETAIL_02603,2024-11-07,Sydney-GeorgeSt,iPhone 15 Pro,6.0,-86.30009629809012
RETAIL_02604,2024-11-29,London-RegentSt,AirPods Max,2.0,1015.4884765263209
RETAIL_02605,2024-08-31,Paris-Opera,Vision Pro,7.0,2495.8692504374576
RETAIL_02606,2024-09-12,London-RegentSt,MacBook Air M3,1.0,-247.23538511273247
RETAIL_02607,2024-10-14,NYC-FifthAve,AirPods Max,4.0,-94.09153736814847
RETAIL_02608,2024-11-17,Sydney-GeorgeSt,AirPods Max,6.0,392.70491821431176
RETAIL_02609,2024-11-03,NYC-FifthAve,AirPods Max,7.0,1945.9163309899973
RETAIL_02610,2024-12-11,NYC-FifthAve,AirPods Max,1.0,2478.8380837635327
RETAIL_02611,2024-09-09,Tokyo-Ginza,iPad Pro,5.0,854.1364989964213
RETAIL_02612,2024-09-21,NYC-FifthAve,MacBook Air M3,8.0,3137.0994718666925
RETAIL_02613,2024-10-01,London-RegentSt,MacBook Air M3,8.0,2829.253564060563
RETAIL_02614,2024-07-02,Sydney-GeorgeSt,AirPods Max,2.0,313.33312469595603
RETAIL_02615,2024-08-12,Tokyo-Ginza,iPhone 15 Pro,8.0,1729.2892366608767
RETAIL_02616,2024-10-25,Tokyo-Ginza,iPhone 15 Pro,,1831.7302943562736
RETAIL_02617,2024-12-15,Sydney-GeorgeSt,iPad Pro,6.0,159.36403580231388
RETAIL_02618,2024-08-20,London-RegentSt,AirPods Max,5.0,289.00942367923494
RETAIL_02619,2024-11-02,Sydney-GeorgeSt,AirPods Max,1.0,250.0016045871065
RETAIL_02620,2024-10-13,Tokyo-Ginza,iPad Pro,3.0,905.5667130608726
RETAIL_02621,2024-09-25,Sydney-GeorgeSt,Apple Watch Ultra,,616.7781391376848
RETAIL_02622,2024-10-21,Tokyo-Ginza,MacBook Air M3,4.0,3155.3538256708134
RETAIL_02623,2024-07-22,Tokyo-Ginza,iPhone 15 Pro,2.0,111.59780039422742
RETAIL_02624,2024-07-30,Tokyo-Ginza,iPhone 15 Pro,2.0,131.105551729946
RETAIL_02625,2024-11-13,Sydney-GeorgeSt,iPhone 15 Pro,7.0,2589.919816301652
RETAIL_02626,2024-11-05,London-RegentSt,iPad Pro,8.0,2057.5301724671845
RETAIL_02627,2024-07-04,Tokyo-Ginza,Apple Watch Ultra,6.0,1449.1084539831952
RETAIL_02628,2024-09-05,Tokyo-Ginza,AirPods Max,8.0,3005.4347588719306
RETAIL_02629,2024-09-19,Tokyo-Ginza,Vision Pro,2.0,1454.9809891110283
RETAIL_02630,2024-10-15,NYC-FifthAve,Vision Pro,2.0,2746.8915129574684
RETAIL_02631,2024-10-14,Paris-Opera,AirPods Max,6.0,3799.6965871026723
RETAIL_02632,2024-08-01,NYC-FifthAve,Apple Watch Ultra,8.0,2172.555191474985
RETAIL_02633,2024-09-17,London-RegentSt,iPad Pro,6.0,920.8834066256045
RETAIL_02634,2024-08-29,NYC-FifthAve,iPhone 15 Pro,2.0,2856.624676399346
RETAIL_02635,2024-12-12,Tokyo-Ginza,AirPods Max,8.0,2373.8086396233157
RETAIL_02636,2024-08-14,London-RegentSt,Vision Pro,9.0,481.9533745870309
RETAIL_02637,2024-07-25,Paris-Opera,Apple Watch Ultra,1.0,1772.1553756614258
RETAIL_02638,2024-12-27,Tokyo-Ginza,AirPods Max,8.0,1620.2901556692677
RETAIL_02639,2024-12-18,Sydney-GeorgeSt,Vision Pro,3.0,3801.2302717957855
RETAIL_02640,2024-09-27,Tokyo-Ginza,Apple Watch Ultra,1.0,-486.4641774767537
RETAIL_02641,2024-09-16,Sydney-GeorgeSt,AirPods Max,1.0,3262.5099992673872
RETAIL_02642,2024-09-25,Tokyo-Ginza,MacBook Air M3,1.0,41.700600442607765
RETAIL_02643,2024-10-17,Tokyo-Ginza,iPad Pro,9.0,-381.02052616739104
RETAIL_02644,2024-10-27,Paris-Opera,iPhone 15 Pro,8.0,670.421710784942
RETAIL_02645,2024-08-31,Sydney-GeorgeSt,AirPods Max,7.0,-86.1884252394969
RETAIL_02646,2024-08-16,Sydney-GeorgeSt,AirPods Max,1.0,3767.445939994179
RETAIL_02647,2024-09-06,Tokyo-Ginza,MacBook Air M3,9.0,3004.3800592943176
RETAIL_02648,2024-10-07,London-RegentSt,MacBook Air M3,9.0,3519.7042688599695
RETAIL_02649,2024-07-23,Sydney-GeorgeSt,MacBook Air M3,5.0,1034.9619867482734
RETAIL_02650,2024-08-04,NYC-FifthAve,iPhone 15 Pro,,1478.5279234515228
RETAIL_02651,2024-12-05,Sydney-GeorgeSt,iPhone 15 Pro,8.0,1461.3077409260118
RETAIL_02652,2024-10-04,NYC-FifthAve,Vision Pro,5.0,388.8199297898558
RETAIL_02653,2024-10-07,Sydney-GeorgeSt,Apple Watch Ultra,3.0,1804.4363085481023
RETAIL_02654,2024-09-26,NYC-FifthAve,iPhone 15 Pro,8.0,483.55155342283444
RETAIL_02655,2024-12-08,Tokyo-Ginza,Vision Pro,2.0,1220.4599856013817
RETAIL_02656,2024-10-03,Paris-Opera,Apple Watch Ultra,4.0,3880.8441660553726
RETAIL_02657,2024-08-20,NYC-FifthAve,MacBook Air M3,3.0,1109.8659686883525
RETAIL_02658,2024-10-03,Tokyo-Ginza,iPhone 15 Pro,4.0,101.43709695129735
RETAIL_02659,2024-07-09,Tokyo-Ginza,iPhone 15 Pro,5.0,1497.6603994613365
RETAIL_02660,2024-07-23,Paris-Opera,Apple Watch Ultra,3.0,2339.431893433594
RETAIL_02661,2024-07-04,London-RegentSt,MacBook Air M3,2.0,2397.563767461111
RETAIL_02662,2024-09-21,London-RegentSt,MacBook Air M3,2.0,2809.7785846855454
RETAIL_02663,2024-07-16,NYC-FifthAve,MacBook Air M3,3.0,-158.2248413854287
RETAIL_02664,2024-07-30,London-RegentSt,Apple Watch Ultra,1.0,328.6141594187642
RETAIL_02665,2024-08-02,Tokyo-Ginza,Apple Watch Ultra,3.0,3372.84382955078
RETAIL_02666,2024-11-02,NYC-FifthAve,iPad Pro,8.0,1594.7974747688704
RETAIL_02667,2024-12-04,NYC-FifthAve,iPhone 15 Pro,4.0,2712.1458880480327
RETAIL_02668,2024-09-19,NYC-FifthAve,Apple Watch Ultra,7.0,547.044410557042
RETAIL_02669,2024-07-09,Paris-Opera,iPhone 15 Pro,5.0,1509.3658419800659
RETAIL_02670,2024-11-19,Sydney-GeorgeSt,iPad Pro,9.0,1864.56178104042
RETAIL_02671,2024-10-08,NYC-FifthAve,Vision Pro,1.0,3841.7325254641655
RETAIL_02672,2024-07-25,NYC-FifthAve,iPhone 15 Pro,1.0,1261.6113646245262
RETAIL_02673,2024-07-29,Tokyo-Ginza,Apple Watch Ultra,8.0,550.6427818095101
RETAIL_02674,2024-09-23,Sydney-GeorgeSt,MacBook Air M3,8.0,1914.0034240819086
RETAIL_02675,2024-07-22,London-RegentSt,MacBook Air M3,4.0,1115.423221111535
RETAIL_02676,2024-11-21,Sydney-GeorgeSt,iPad Pro,8.0,1010.2920462784732
RETAIL_02677,2024-10-10,Paris-Opera,AirPods Max,2.0,731.4944637389772
RETAIL_02678,2024-10-24,Tokyo-Ginza,MacBook Air M3,5.0,34.22067145537687
RETAIL_02679,2024-09-06,London-RegentSt,iPad Pro,4.0,3484.523133379412
RETAIL_02680,2024-08-10,Paris-Opera,MacBook Air M3,9.0,1268.374823356215
RETAIL_02681,2024-07-20,London-RegentSt,Vision Pro,6.0,771.877856543749
RETAIL_02682,2024-12-26,London-RegentSt,MacBook Air M3,2.0,-333.3719506517521
RETAIL_02683,2024-09-13,Sydney-GeorgeSt,Apple Watch Ultra,5.0,2857.8518160894114
RETAIL_02684,2024-09-09,Sydney-GeorgeSt,Vision Pro,4.0,1733.0718064762277
RETAIL_02685,2024-10-18,London-RegentSt,Vision Pro,5.0,2538.398514270702
RETAIL_02686,2024-10-09,Tokyo-Ginza,AirPods Max,2.0,2343.917148690244
RETAIL_02687,2024-12-22,Paris-Opera,AirPods Max,7.0,495.03741054386546
RETAIL_02688,2024-10-20,Paris-Opera,MacBook Air M3,5.0,2210.7063264032986
RETAIL_02689,2024-12-07,Paris-Opera,iPhone 15 Pro,9.0,989.1503852511744
RETAIL_02690,2024-09-25,London-RegentSt,iPad Pro,3.0,711.8764021569796
RETAIL_02691,2024-08-01,NYC-FifthAve,MacBook Air M3,,3237.59563309417
RETAIL_02692,2024-11-26,London-RegentSt,Vision Pro,7.0,3359.936663151061
RETAIL_02693,2024-09-18,London-RegentSt,iPhone 15 Pro,3.0,857.6169002869149
RETAIL_02694,2024-12-19,Tokyo-Ginza,iPad Pro,6.0,2377.3759454361048
RETAIL_02695,2024-09-23,London-RegentSt,iPad Pro,4.0,266.97107264258636
RETAIL_02696,2024-10-10,Sydney-GeorgeSt,Vision Pro,6.0,-182.9432532835528
RETAIL_02697,2024-11-03,Paris-Opera,iPad Pro,2.0,947.4480716476903
RETAIL_02698,2024-07-13,Tokyo-Ginza,AirPods Max,2.0,3775.1053885491483
RETAIL_02699,2024-08-07,London-RegentSt,iPad Pro,7.0,362.2648924654286
RETAIL_02700,2024-10-20,Sydney-GeorgeSt,Vision Pro,3.0,2886.3764516992724
RETAIL_02701,2024-09-28,Paris-Opera,MacBook Air M3,4.0,1102.3299571044774
RETAIL_02702,2024-10-10,London-RegentSt,iPad Pro,8.0,-396.06294512017075
RETAIL_02703,2024-07-02,London-RegentSt,Vision Pro,5.0,3959.066466189378
RETAIL_02704,2024-09-30,Paris-Opera,Vision Pro,9.0,1752.8588317671001
RETAIL_02705,2024-12-25,London-RegentSt,iPad Pro,4.0,1667.707392449894
RETAIL_02706,2024-08-14,London-RegentSt,Vision Pro,6.0,219.53663811290437
RETAIL_02707,2024-08-10,NYC-FifthAve,Apple Watch Ultra,4.0,454.56128346686626
RETAIL_02708,2024-08-20,NYC-FifthAve,MacBook Air M3,2.0,847.9168600672363
RETAIL_02709,2024-12-13,Paris-Opera,iPad Pro,2.0,3873.7706691469666
RETAIL_02710,2024-08-27,Sydney-GeorgeSt,AirPods Max,3.0,3155.8225227312873
RETAIL_02711,2024-12-16,Tokyo-Ginza,Vision Pro,8.0,3302.9571054146145
RETAIL_02712,2024-10-19,Paris-Opera,iPhone 15 Pro,8.0,1580.738432992085
RETAIL_02713,2024-07-28,Tokyo-Ginza,AirPods Max,3.0,1268.2618616568031
RETAIL_02714,2024-12-01,Sydney-GeorgeSt,Apple Watch Ultra,4.0,850.1221371673842
RETAIL_02715,2024-09-21,London-RegentSt,AirPods Max,6.0,1229.3815584697743
RETAIL_02716,2024-07-14,NYC-FifthAve,Apple Watch Ultra,1.0,3548.6857706699843
RETAIL_02717,2024-12-23,Paris-Opera,MacBook Air M3,2.0,3485.3923734312766
RETAIL_02718,2024-09-22,Sydney-GeorgeSt,iPad Pro,,2713.4032114491697
RETAIL_02719,2024-12-01,Sydney-GeorgeSt,iPad Pro,6.0,69.60792960680476
RETAIL_02720,2024-09-18,Sydney-GeorgeSt,AirPods Max,4.0,439.66703946679627
RETAIL_02721,2024-09-17,Sydney-GeorgeSt,iPhone 15 Pro,8.0,1064.093805739555
RETAIL_02722,2024-10-19,London-RegentSt,iPad Pro,8.0,1980.1578665061847
RETAIL_02723,2024-10-30,NYC-FifthAve,AirPods Max,6.0,2107.0631778304933
RETAIL_02724,2024-09-27,Sydney-GeorgeSt,MacBook Air M3,6.0,2027.9566700869073
RETAIL_02725,2024-07-04,Paris-Opera,iPhone 15 Pro,9.0,3253.413083378351
RETAIL_02726,2024-12-25,Tokyo-Ginza,Apple Watch Ultra,6.0,1977.1370262767223
RETAIL_02727,2024-11-20,Sydney-GeorgeSt,Apple Watch Ultra,3.0,3427.5737703775117
RETAIL_02728,2024-07-23,NYC-FifthAve,iPhone 15 Pro,4.0,621.1651256947371
RETAIL_02729,2024-12-26,Tokyo-Ginza,Vision Pro,3.0,-152.7399786570868
RETAIL_02730,2024-08-12,Paris-Opera,iPad Pro,2.0,1633.5912627069051
RETAIL_02731,2024-12-26,Tokyo-Ginza,Apple Watch Ultra,3.0,2327.5930804161794
RETAIL_02732,2024-09-03,NYC-FifthAve,Apple Watch Ultra,8.0,3685.6874768971993
RETAIL_02733,2024-12-19,Sydney-GeorgeSt,Vision Pro,1.0,2900.9897134923854
RETAIL_02734,2024-12-16,NYC-FifthAve,Vision Pro,8.0,2422.9803279615962
RETAIL_02735,2024-09-19,NYC-FifthAve,iPhone 15 Pro,8.0,1050.5776436610518
RETAIL_02736,2024-11-06,London-RegentSt,MacBook Air M3,2.0,-366.3908221168166
RETAIL_02737,2024-11-17,Paris-Opera,iPhone 15 Pro,3.0,2724.2201603586473
RETAIL_02738,2024-07-23,Sydney-GeorgeSt,Apple Watch Ultra,6.0,1676.4498205809632
RETAIL_02739,2024-08-31,London-RegentSt,MacBook Air M3,9.0,-393.0675970187734
RETAIL_02740,2024-11-02,London-RegentSt,MacBook Air M3,4.0,3429.8169934014154
RETAIL_02741,2024-08-19,Sydney-GeorgeSt,AirPods Max,,1283.3684774266942
RETAIL_02742,2024-12-14,Sydney-GeorgeSt,iPhone 15 Pro,,719.4019628141725
RETAIL_02743,2024-09-21,Paris-Opera,iPad Pro,3.0,1544.3360995424596
RETAIL_02744,2024-07-20,NYC-FifthAve,Vision Pro,5.0,2694.993072565814
RETAIL_02745,2024-08-06,Tokyo-Ginza,MacBook Air M3,1.0,-19.93012646760735
RETAIL_02746,2024-08-27,Paris-Opera,Apple Watch Ultra,1.0,3432.429186931597
RETAIL_02747,2024-12-16,Paris-Opera,Apple Watch Ultra,4.0,2438.719337921009
RETAIL_02748,2024-08-01,Tokyo-Ginza,Vision Pro,9.0,2781.1252736286137
RETAIL_02749,2024-10-19,Paris-Opera,iPad Pro,7.0,749.3415205077858
RETAIL_02750,2024-11-15,London-RegentSt,AirPods Max,5.0,1720.9087439441469
RETAIL_02751,2024-07-12,Sydney-GeorgeSt,MacBook Air M3,3.0,2012.8520940889634
RETAIL_02752,2024-11-29,Tokyo-Ginza,Vision Pro,4.0,3577.8561066669804
RETAIL_02753,2024-11-28,London-RegentSt,Apple Watch Ultra,2.0,3169.3974700722742
RETAIL_02754,2024-12-17,Tokyo-Ginza,iPad Pro,8.0,1069.0274072634543
RETAIL_02755,2024-12-08,Paris-Opera,iPhone 15 Pro,1.0,1480.0095754408806
RETAIL_02756,2024-07-20,Sydney-GeorgeSt,iPhone 15 Pro,8.0,157.43913003926457
RETAIL_02757,2024-10-29,Tokyo-Ginza,Vision Pro,,-386.7777955119101
RETAIL_02758,2024-09-03,NYC-FifthAve,AirPods Max,1.0,3611.0460832253584
RETAIL_02759,2024-09-22,London-RegentSt,iPad Pro,2.0,-268.21154091927394
RETAIL_02760,2024-08-17,London-RegentSt,iPhone 15 Pro,,3271.9284696517057
RETAIL_02761,2024-10-28,NYC-FifthAve,MacBook Air M3,9.0,2470.0454017932097
RETAIL_02762,2024-12-15,London-RegentSt,iPad Pro,8.0,2015.374904161854
RETAIL_02763,2024-08-15,London-RegentSt,iPad Pro,2.0,2703.8252824769625
RETAIL_02764,2024-08-06,Paris-Opera,MacBook Air M3,7.0,602.8413767187042
RETAIL_02765,2024-10-30,Paris-Opera,Apple Watch Ultra,2.0,1040.273467508387
RETAIL_02766,2024-07-08,NYC-FifthAve,iPad Pro,1.0,3966.853134945107
RETAIL_02767,2024-10-24,Sydney-GeorgeSt,Apple Watch Ultra,5.0,1569.92705319568
RETAIL_02768,2024-09-15,Paris-Opera,Vision Pro,4.0,1624.6518312195367
RETAIL_02769,2024-08-24,Tokyo-Ginza,Vision Pro,1.0,1516.506008038213
RETAIL_02770,2024-07-09,Paris-Opera,iPhone 15 Pro,2.0,1576.2072840001742
RETAIL_02771,2024-07-17,Tokyo-Ginza,iPhone 15 Pro,3.0,364.74063216783316
RETAIL_02772,2024-12-01,Paris-Opera,Apple Watch Ultra,3.0,274.9795422717568
RETAIL_02773,2024-11-27,Tokyo-Ginza,MacBook Air M3,3.0,1138.9411581427307
RETAIL_02774,2024-11-26,Paris-Opera,AirPods Max,4.0,3732.290412248193
RETAIL_02775,2024-10-03,London-RegentSt,AirPods Max,5.0,3839.775647526766
RETAIL_02776,2024-08-25,Paris-Opera,iPad Pro,1.0,-175.3449189513991
RETAIL_02777,2024-11-29,Paris-Opera,Vision Pro,8.0,3360.4556938738306
RETAIL_02778,2024-09-25,Sydney-GeorgeSt,AirPods Max,6.0,19.44750853441235
RETAIL_02779,2024-09-09,Paris-Opera,Vision Pro,8.0,-360.5510378719411
RETAIL_02780,2024-10-01,Paris-Opera,iPad Pro,4.0,412.5954127678518
RETAIL_02781,2024-09-10,Sydney-GeorgeSt,iPad Pro,5.0,915.0718178819664
RETAIL_02782,2024-12-27,NYC-FifthAve,AirPods Max,,2775.582864942919
RETAIL_02783,2024-09-10,Sydney-GeorgeSt,Vision Pro,4.0,2072.8591287183694
RETAIL_02784,2024-08-29,London-RegentSt,Vision Pro,2.0,2577.834826703908
RETAIL_02785,2024-09-19,Tokyo-Ginza,Apple Watch Ultra,6.0,1312.4341831609727
RETAIL_02786,2024-11-28,Sydney-GeorgeSt,AirPods Max,8.0,1337.787973328754
RETAIL_02787,2024-12-25,Tokyo-Ginza,iPad Pro,3.0,2501.0945137013196
RETAIL_02788,2024-09-13,Tokyo-Ginza,MacBook Air M3,8.0,1673.8173172601132
RETAIL_02789,2024-10-22,NYC-FifthAve,AirPods Max,9.0,3490.339330952923
RETAIL_02790,2024-07-02,NYC-FifthAve,Apple Watch Ultra,1.0,118.51370319454827
RETAIL_02791,2024-08-21,Tokyo-Ginza,MacBook Air M3,1.0,2080.9615990483417
RETAIL_02792,2024-11-30,Paris-Opera,iPad Pro,2.0,-169.38368508105913
RETAIL_02793,2024-08-19,Paris-Opera,iPad Pro,9.0,47.16305229603938
RETAIL_02794,2024-12-19,Paris-Opera,AirPods Max,6.0,526.0255481101569
RETAIL_02795,2024-11-09,Tokyo-Ginza,Vision Pro,5.0,678.5867296771128
RETAIL_02796,2024-08-30,Paris-Opera,iPad Pro,6.0,2025.802707114602
RETAIL_02797,2024-09-02,Paris-Opera,Vision Pro,7.0,1453.8692342758902
RETAIL_02798,2024-09-23,Sydney-GeorgeSt,Apple Watch Ultra,5.0,3155.4934826052845
RETAIL_02799,2024-08-27,Tokyo-Ginza,iPhone 15 Pro,5.0,9.679230709455908
RETAIL_02800,2024-10-15,NYC-FifthAve,Vision Pro,4.0,3289.9246076241575
RETAIL_02801,2024-10-21,NYC-FifthAve,MacBook Air M3,5.0,519.910481904342
RETAIL_02802,2024-07-24,Paris-Opera,Apple Watch Ultra,1.0,2006.841233129298
RETAIL_02803,2024-08-23,Paris-Opera,Vision Pro,8.0,2978.176110431348
RETAIL_02804,2024-07-08,Sydney-GeorgeSt,Vision Pro,3.0,-67.8343465337694
RETAIL_02805,2024-10-15,Paris-Opera,iPhone 15 Pro,4.0,1608.2272470355265
RETAIL_02806,2024-10-18,Tokyo-Ginza,iPhone 15 Pro,9.0,1408.4036932047952
RETAIL_02807,2024-11-10,Paris-Opera,AirPods Max,2.0,-123.8885741065173
RETAIL_02808,2024-11-21,NYC-FifthAve,iPhone 15 Pro,8.0,-207.56033578409716
RETAIL_02809,2024-07-30,NYC-FifthAve,Vision Pro,8.0,2080.1326598942837
RETAIL_02810,2024-11-07,Tokyo-Ginza,AirPods Max,4.0,16.803184928745054
RETAIL_02811,2024-10-10,Tokyo-Ginza,iPhone 15 Pro,6.0,-173.6837741301424
RETAIL_02812,2024-10-17,NYC-FifthAve,Apple Watch Ultra,8.0,450.3620150075428
RETAIL_02813,2024-09-10,Sydney-GeorgeSt,Vision Pro,8.0,2626.7924440138954
RETAIL_02814,2024-08-13,Paris-Opera,Vision Pro,2.0,2368.619207607611
RETAIL_02815,2024-11-21,Sydney-GeorgeSt,Apple Watch Ultra,6.0,3288.508427120369
RETAIL_02816,2024-07-17,NYC-FifthAve,Apple Watch Ultra,1.0,2281.785340430505
RETAIL_02817,2024-11-22,NYC-FifthAve,Apple Watch Ultra,6.0,2443.2755436464067
RETAIL_02818,2024-10-11,Tokyo-Ginza,Vision Pro,9.0,2443.946647850239
RETAIL_02819,2024-12-23,Sydney-GeorgeSt,iPad Pro,9.0,913.9183485889025
RETAIL_02820,2024-10-30,Sydney-GeorgeSt,iPhone 15 Pro,8.0,2271.7928248453472
RETAIL_02821,2024-10-16,Tokyo-Ginza,iPad Pro,1.0,900.4601731165801
RETAIL_02822,2024-11-11,NYC-FifthAve,Vision Pro,3.0,735.6566040911109
RETAIL_02823,2024-09-20,Sydney-GeorgeSt,Apple Watch Ultra,8.0,1261.561557826906
RETAIL_02824,2024-07-24,NYC-FifthAve,iPad Pro,2.0,-53.10069486656022
RETAIL_02825,2024-10-10,Tokyo-Ginza,Apple Watch Ultra,2.0,3514.234689934722
RETAIL_02826,2024-12-08,London-RegentSt,MacBook Air M3,5.0,2661.855702746003
RETAIL_02827,2024-08-14,Sydney-GeorgeSt,Apple Watch Ultra,6.0,107.07575928103984
RETAIL_02828,2024-09-22,Paris-Opera,Apple Watch Ultra,3.0,-155.72057126206641
RETAIL_02829,2024-08-16,NYC-FifthAve,Vision Pro,1.0,1893.614910406272
RETAIL_02830,2024-07-28,Tokyo-Ginza,AirPods Max,9.0,3407.9086480025876
RETAIL_02831,2024-10-07,Paris-Opera,Vision Pro,2.0,930.7403463863152
RETAIL_02832,2024-08-17,Tokyo-Ginza,AirPods Max,7.0,368.32539339336154
RETAIL_02833,2024-11-29,London-RegentSt,Apple Watch Ultra,4.0,1013.240929336823
RETAIL_02834,2024-08-31,London-RegentSt,AirPods Max,7.0,1296.2951598896493
RETAIL_02835,2024-10-23,London-RegentSt,Apple Watch Ultra,4.0,148.87741395103183
RETAIL_02836,2024-09-21,Paris-Opera,MacBook Air M3,4.0,-164.73888941817586
RETAIL_02837,2024-07-07,Sydney-GeorgeSt,iPhone 15 Pro,5.0,1735.3905702316129
RETAIL_02838,2024-10-09,NYC-FifthAve,iPhone 15 Pro,,262.55928804696066
RETAIL_02839,2024-07-30,Sydney-GeorgeSt,iPhone 15 Pro,3.0,385.35610429053634
RETAIL_02840,2024-11-12,London-RegentSt,AirPods Max,4.0,2920.4400871980956
RETAIL_02841,2024-08-08,London-RegentSt,Vision Pro,5.0,-38.0970334458093
RETAIL_02842,2024-08-11,Tokyo-Ginza,Apple Watch Ultra,5.0,338.5510026865817
RETAIL_02843,2024-09-20,Paris-Opera,iPhone 15 Pro,7.0,1094.2328377940566
RETAIL_02844,2024-09-25,Tokyo-Ginza,Vision Pro,1.0,2738.4685418210506
RETAIL_02845,2024-07-05,Paris-Opera,iPad Pro,6.0,3092.1783428206213
RETAIL_02846,2024-09-30,NYC-FifthAve,iPad Pro,1.0,1503.1703042526303
RETAIL_02847,2024-12-18,London-RegentSt,MacBook Air M3,8.0,3024.795144452626
RETAIL_02848,2024-11-23,London-RegentSt,Apple Watch Ultra,5.0,1821.701518429723
RETAIL_02849,2024-08-15,NYC-FifthAve,Apple Watch Ultra,1.0,510.46046339673603
RETAIL_02850,2024-09-12,London-RegentSt,Apple Watch Ultra,5.0,3219.3003289353205
RETAIL_02851,2024-10-10,NYC-FifthAve,MacBook Air M3,5.0,2229.672240730364
RETAIL_02852,2024-11-27,Paris-Opera,Apple Watch Ultra,3.0,2280.5884444036124
RETAIL_02853,2024-07-14,NYC-FifthAve,Apple Watch Ultra,5.0,3861.132970725761
RETAIL_02854,2024-11-30,NYC-FifthAve,iPhone 15 Pro,5.0,2052.267260251609
RETAIL_02855,2024-12-09,London-RegentSt,AirPods Max,5.0,-430.96013829554136
RETAIL_02856,2024-08-08,London-RegentSt,AirPods Max,5.0,2153.7045951879154
RETAIL_02857,2024-11-06,Paris-Opera,Vision Pro,1.0,541.7851682638238
RETAIL_02858,2024-11-10,NYC-FifthAve,Apple Watch Ultra,1.0,1292.0315911056591
RETAIL_02859,2024-08-01,Paris-Opera,AirPods Max,4.0,456.7537329128762
RETAIL_02860,2024-10-03,NYC-FifthAve,Apple Watch Ultra,7.0,1537.053748417672
RETAIL_02861,2024-12-08,Sydney-GeorgeSt,MacBook Air M3,2.0,2132.5002812614257
RETAIL_02862,2024-12-27,London-RegentSt,Vision Pro,2.0,1088.2797802214836
RETAIL_02863,2024-12-11,NYC-FifthAve,iPhone 15 Pro,1.0,1896.8018492534138
RETAIL_02864,2024-07-09,London-RegentSt,AirPods Max,5.0,-347.19232092140214
RETAIL_02865,2024-09-21,London-RegentSt,Apple Watch Ultra,1.0,-120.57112914551385
RETAIL_02866,2024-11-02,Paris-Opera,Vision Pro,9.0,2286.270444987896
RETAIL_02867,2024-07-13,NYC-FifthAve,MacBook Air M3,1.0,3889.1229163522466
RETAIL_02868,2024-09-12,Tokyo-Ginza,iPad Pro,7.0,3996.304358509482
RETAIL_02869,2024-09-22,London-RegentSt,AirPods Max,9.0,2142.47241507512
RETAIL_02870,2024-12-21,Tokyo-Ginza,iPhone 15 Pro,7.0,2338.3159571519636
RETAIL_02871,2024-12-06,Sydney-GeorgeSt,MacBook Air M3,8.0,535.0552244797057
RETAIL_02872,2024-10-15,Sydney-GeorgeSt,Apple Watch Ultra,2.0,687.2306650798128
RETAIL_02873,2024-12-24,London-RegentSt,iPad Pro,2.0,2218.6906179941284
RETAIL_02874,2024-10-19,NYC-FifthAve,iPhone 15 Pro,2.0,3396.931454126248
RETAIL_02875,2024-09-04,NYC-FifthAve,Apple Watch Ultra,1.0,1101.4691032658175
RETAIL_02876,2024-08-22,Sydney-GeorgeSt,MacBook Air M3,9.0,3681.188673521762
RETAIL_02877,2024-10-04,Sydney-GeorgeSt,Vision Pro,1.0,413.8512168976563
RETAIL_02878,2024-07-18,London-RegentSt,MacBook Air M3,3.0,-318.966007882588
RETAIL_02879,2024-12-26,Tokyo-Ginza,Vision Pro,5.0,2938.5550658431
RETAIL_02880,2024-07-21,Tokyo-Ginza,MacBook Air M3,7.0,-34.6323075374799
RETAIL_02881,2024-07-24,Paris-Opera,iPhone 15 Pro,3.0,3904.3002299160835
RETAIL_02882,2024-08-07,Sydney-GeorgeSt,Apple Watch Ultra,7.0,3591.895611144258
RETAIL_02883,2024-08-18,London-RegentSt,AirPods Max,4.0,-0.20036032887884403
RETAIL_02884,2024-09-08,Sydney-GeorgeSt,AirPods Max,7.0,-171.60265901262693
RETAIL_02885,2024-10-07,Sydney-GeorgeSt,Vision Pro,8.0,273.3399967618491
RETAIL_02886,2024-10-19,Tokyo-Ginza,Apple Watch Ultra,3.0,-146.7075235956571
RETAIL_02887,2024-10-12,NYC-FifthAve,MacBook Air M3,7.0,2416.907739471601
RETAIL_02888,2024-09-16,Sydney-GeorgeSt,MacBook Air M3,2.0,3546.1938399182723
RETAIL_02889,2024-07-28,London-RegentSt,Vision Pro,5.0,1812.9153334768098
RETAIL_02890,2024-08-29,NYC-FifthAve,AirPods Max,3.0,672.8658129128814
RETAIL_02891,2024-10-21,NYC-FifthAve,iPad Pro,2.0,3356.7459361284787
RETAIL_02892,2024-10-19,Tokyo-Ginza,iPad Pro,5.0,2358.978279686318
RETAIL_02893,2024-10-23,London-RegentSt,Vision Pro,5.0,1114.7519282550932
RETAIL_02894,2024-07-29,London-RegentSt,iPhone 15 Pro,7.0,1766.5107912088447
RETAIL_02895,2024-08-24,Paris-Opera,Apple Watch Ultra,8.0,2600.276748872828
RETAIL_02896,2024-09-07,Paris-Opera,MacBook Air M3,5.0,2897.3231717471067
RETAIL_02897,2024-08-05,Tokyo-Ginza,Apple Watch Ultra,5.0,760.8476008347732
RETAIL_02898,2024-09-12,Sydney-GeorgeSt,Apple Watch Ultra,7.0,1453.085516610628
RETAIL_02899,2024-12-11,Sydney-GeorgeSt,Vision Pro,8.0,2917.656859808744
RETAIL_02900,2024-10-28,NYC-FifthAve,AirPods Max,7.0,-74.81551816814368
RETAIL_02901,2024-11-07,London-RegentSt,Vision Pro,4.0,1675.12833828278
RETAIL_02902,2024-11-07,Paris-Opera,Vision Pro,2.0,-43.94690988609818
RETAIL_02903,2024-08-23,Tokyo-Ginza,iPad Pro,5.0,3386.012552630005
RETAIL_02904,2024-10-01,Tokyo-Ginza,iPhone 15 Pro,5.0,3376.90763136459
RETAIL_02905,2024-11-11,NYC-FifthAve,MacBook Air M3,8.0,2520.180635758943
RETAIL_02906,2024-10-21,NYC-FifthAve,MacBook Air M3,4.0,575.8773843834126
RETAIL_02907,2024-08-28,NYC-FifthAve,Apple Watch Ultra,3.0,612.9994064584359
RETAIL_02908,2024-07-06,Sydney-GeorgeSt,AirPods Max,6.0,3090.9674739613124
RETAIL_02909,2024-12-12,London-RegentSt,iPhone 15 Pro,6.0,-186.29886439140756
RETAIL_02910,2024-07-15,Tokyo-Ginza,iPad Pro,5.0,2684.971070089348
RETAIL_02911,2024-09-27,NYC-FifthAve,Apple Watch Ultra,7.0,3591.113292075674
RETAIL_02912,2024-07-28,Paris-Opera,iPad Pro,9.0,3675.312903298239
RETAIL_02913,2024-10-28,NYC-FifthAve,iPad Pro,7.0,2505.8621522849385
RETAIL_02914,2024-12-12,Paris-Opera,iPhone 15 Pro,4.0,3726.691579797004
RETAIL_02915,2024-11-13,Sydney-GeorgeSt,MacBook Air M3,3.0,3860.0908942839487
RETAIL_02916,2024-08-30,Tokyo-Ginza,Vision Pro,3.0,3954.7492951491395
RETAIL_02917,2024-07-27,London-RegentSt,MacBook Air M3,4.0,870.8432003330524
RETAIL_02918,2024-08-13,Sydney-GeorgeSt,MacBook Air M3,4.0,2061.219177630856
RETAIL_02919,2024-12-03,NYC-FifthAve,Apple Watch Ultra,2.0,142.90927079600704
RETAIL_02920,2024-12-10,Sydney-GeorgeSt,MacBook Air M3,5.0,1707.4407255910264
RETAIL_02921,2024-11-21,Paris-Opera,iPhone 15 Pro,5.0,3808.508121466076
RETAIL_02922,2024-10-24,NYC-FifthAve,iPad Pro,8.0,1123.9426811871786
RETAIL_02923,2024-07-10,London-RegentSt,iPhone 15 Pro,5.0,2524.4288225916093
RETAIL_02924,2024-09-08,London-RegentSt,AirPods Max,1.0,613.5288219563051
RETAIL_02925,2024-09-23,Sydney-GeorgeSt,iPad Pro,9.0,3852.722300548795
RETAIL_02926,2024-11-11,London-RegentSt,MacBook Air M3,6.0,1197.071242833337
RETAIL_02927,2024-08-04,Paris-Opera,iPhone 15 Pro,,3485.0273068015003
RETAIL_02928,2024-10-25,Sydney-GeorgeSt,Apple Watch Ultra,7.0,82.97932469458124
RETAIL_02929,2024-08-23,London-RegentSt,AirPods Max,5.0,1106.9676180325657
RETAIL_02930,2024-09-14,Paris-Opera,Vision Pro,5.0,3589.8640812909985
RETAIL_02931,2024-09-23,NYC-FifthAve,iPhone 15 Pro,3.0,1913.967567464109
RETAIL_02932,2024-07-14,Paris-Opera,MacBook Air M3,6.0,3058.5157096189687
RETAIL_02933,2024-10-20,London-RegentSt,iPhone 15 Pro,1.0,2688.724681361005
RETAIL_02934,2024-08-31,NYC-FifthAve,iPhone 15 Pro,5.0,1879.6332926849132
RETAIL_02935,2024-12-01,London-RegentSt,Vision Pro,9.0,-489.8612554897482
RETAIL_02936,2024-07-08,NYC-FifthAve,Apple Watch Ultra,1.0,2198.7073058527167
RETAIL_02937,2024-07-28,London-RegentSt,Vision Pro,6.0,1136.6631871693426
RETAIL_02938,2024-08-04,NYC-FifthAve,Apple Watch Ultra,4.0,2187.5098123750495
RETAIL_02939,2024-11-19,Tokyo-Ginza,iPad Pro,6.0,983.5505292340183
RETAIL_02940,2024-09-26,Tokyo-Ginza,Apple Watch Ultra,8.0,-40.44818681681187
RETAIL_02941,2024-12-20,London-RegentSt,iPhone 15 Pro,,3907.1322408518226
RETAIL_02942,2024-07-06,Tokyo-Ginza,Apple Watch Ultra,6.0,1418.5191999557198
RETAIL_02943,2024-07-01,NYC-FifthAve,Vision Pro,1.0,1991.2192251166762
RETAIL_02944,2024-09-20,Paris-Opera,AirPods Max,6.0,3020.304797320546
RETAIL_02945,2024-09-18,Sydney-GeorgeSt,AirPods Max,9.0,1072.8720854487121
RETAIL_02946,2024-09-12,Paris-Opera,Apple Watch Ultra,4.0,2270.065903500321
RETAIL_02947,2024-10-13,London-RegentSt,Apple Watch Ultra,7.0,341.13970866237685
RETAIL_02948,2024-08-27,Tokyo-Ginza,iPad Pro,4.0,1055.1868570023055
RETAIL_02949,2024-11-09,Tokyo-Ginza,Apple Watch Ultra,2.0,27.023158627794714
RETAIL_02950,2024-07-09,Tokyo-Ginza,AirPods Max,1.0,3070.94024050147
RETAIL_02951,2024-10-01,Tokyo-Ginza,iPad Pro,7.0,330.8955149359231
RETAIL_02952,2024-11-04,London-RegentSt,Apple Watch Ultra,9.0,-487.1457373226791
RETAIL_02953,2024-12-27,Sydney-GeorgeSt,Apple Watch Ultra,8.0,765.2617665342125
RETAIL_02954,2024-12-02,London-RegentSt,iPhone 15 Pro,7.0,210.35841924364763
RETAIL_02955,2024-10-11,Paris-Opera,AirPods Max,9.0,1878.692854751347
RETAIL_02956,2024-08-06,Sydney-GeorgeSt,MacBook Air M3,9.0,480.74737079306203
RETAIL_02957,2024-09-10,Paris-Opera,Vision Pro,8.0,2911.127202829384
RETAIL_02958,2024-12-14,Tokyo-Ginza,AirPods Max,5.0,3749.3536895491734
RETAIL_02959,2024-12-11,London-RegentSt,Apple Watch Ultra,4.0,1319.3869716775255
RETAIL_02960,2024-09-06,Tokyo-Ginza,AirPods Max,2.0,1867.6084550804435
RETAIL_02961,2024-10-15,Sydney-GeorgeSt,Vision Pro,9.0,3944.394935464282
RETAIL_02962,2024-09-14,London-RegentSt,Apple Watch Ultra,5.0,1330.2400307488128
RETAIL_02963,2024-10-05,London-RegentSt,Vision Pro,2.0,1454.19018980673
RETAIL_02964,2024-11-16,NYC-FifthAve,iPad Pro,6.0,1022.1945124454385
RETAIL_02965,2024-08-01,Tokyo-Ginza,iPad Pro,6.0,1724.572456253547
RETAIL_02966,2024-12-07,Paris-Opera,AirPods Max,7.0,1162.6488759299655
RETAIL_02967,2024-07-03,Sydney-GeorgeSt,iPhone 15 Pro,1.0,1929.4250883371633
RETAIL_02968,2024-07-22,Sydney-GeorgeSt,MacBook Air M3,3.0,948.2380490492862
RETAIL_02969,2024-07-22,Sydney-GeorgeSt,AirPods Max,6.0,1429.8322423757659
RETAIL_02970,2024-07-06,NYC-FifthAve,iPhone 15 Pro,7.0,2549.6568239986354
RETAIL_02971,2024-08-22,Paris-Opera,Vision Pro,4.0,2725.6857025483587
RETAIL_02972,2024-12-03,London-RegentSt,AirPods Max,3.0,1407.772295241161
RETAIL_02973,2024-09-24,Paris-Opera,Apple Watch Ultra,9.0,2215.803058663584
RETAIL_02974,2024-11-19,NYC-FifthAve,iPad Pro,,1063.9882258425052
RETAIL_02975,2024-10-12,NYC-FifthAve,AirPods Max,3.0,3916.155886648733
RETAIL_02976,2024-11-22,NYC-FifthAve,iPad Pro,1.0,-441.8620941501821
RETAIL_02977,2024-09-16,London-RegentSt,AirPods Max,4.0,-197.64845861036025
RETAIL_02978,2024-12-11,NYC-FifthAve,MacBook Air M3,9.0,696.9716869536007
RETAIL_02979,2024-09-27,Sydney-GeorgeSt,iPad Pro,2.0,3939.420089576686
RETAIL_02980,2024-08-08,NYC-FifthAve,Apple Watch Ultra,8.0,-491.3959475436946
RETAIL_02981,2024-11-18,Paris-Opera,Apple Watch Ultra,5.0,2994.9494900678724
RETAIL_02982,2024-09-28,Sydney-GeorgeSt,Apple Watch Ultra,3.0,3517.99002721595
RETAIL_02983,2024-09-20,NYC-FifthAve,Apple Watch Ultra,3.0,3541.0175063749775
RETAIL_02984,2024-09-13,NYC-FifthAve,Vision Pro,3.0,1317.13546424428
RETAIL_02985,2024-07-29,Paris-Opera,Apple Watch Ultra,3.0,-181.15051806879984
RETAIL_02986,2024-10-04,Paris-Opera,iPad Pro,2.0,2968.3840194011286
RETAIL_02987,2024-08-29,London-RegentSt,MacBook Air M3,2.0,1840.6796124863154
RETAIL_02988,2024-07-01,London-RegentSt,iPad Pro,4.0,2003.978083325674
RETAIL_02989,2024-08-21,Tokyo-Ginza,iPhone 15 Pro,1.0,3937.8015058911096
RETAIL_02990,2024-09-21,Paris-Opera,Apple Watch Ultra,1.0,2580.0800168979504
RETAIL_02991,2024-11-13,Tokyo-Ginza,AirPods Max,3.0,-395.21605699878097
RETAIL_02992,2024-09-12,Tokyo-Ginza,iPhone 15 Pro,7.0,2818.650759553668
RETAIL_02993,2024-08-11,London-RegentSt,iPhone 15 Pro,4.0,1125.7236178982755
RETAIL_02994,2024-12-09,NYC-FifthAve,iPhone 15 Pro,7.0,540.8503288509862
RETAIL_02995,2024-10-03,Tokyo-Ginza,Apple Watch Ultra,4.0,907.276522302825
RETAIL_02996,2024-09-26,Tokyo-Ginza,Vision Pro,6.0,170.51213031594034
RETAIL_02997,2024-07-26,NYC-FifthAve,Vision Pro,3.0,3836.9805486713794
RETAIL_02998,2024-08-11,Paris-Opera,iPhone 15 Pro,2.0,3863.3656855058834
RETAIL_02999,2024-08-28,NYC-FifthAve,MacBook Air M3,3.0,-41.44797136867959
RETAIL_03000,2024-10-02,Sydney-GeorgeSt,MacBook Air M3,6.0,3752.0602363982725
RETAIL_03001,2024-12-14,London-RegentSt,iPhone 15 Pro,8.0,1638.893110230153
RETAIL_03002,2024-11-13,Sydney-GeorgeSt,iPad Pro,3.0,3254.291598667957
RETAIL_03003,2024-08-15,Sydney-GeorgeSt,iPad Pro,7.0,3305.718957501196
RETAIL_03004,2024-12-10,Sydney-GeorgeSt,iPhone 15 Pro,9.0,3094.0458983966223
RETAIL_03005,2024-11-13,Sydney-GeorgeSt,MacBook Air M3,3.0,3228.161793626632
RETAIL_03006,2024-09-22,Tokyo-Ginza,Apple Watch Ultra,4.0,2705.958118479151
RETAIL_03007,2024-09-08,NYC-FifthAve,MacBook Air M3,1.0,1664.2973202329777
RETAIL_03008,2024-08-14,Paris-Opera,AirPods Max,1.0,445.92347326206686
RETAIL_03009,2024-11-22,Sydney-GeorgeSt,iPad Pro,7.0,1413.172810859713
RETAIL_03010,2024-08-18,London-RegentSt,AirPods Max,8.0,2683.2118206922605
RETAIL_03011,2024-10-17,Sydney-GeorgeSt,Apple Watch Ultra,9.0,3485.3768652170543
RETAIL_03012,2024-11-01,Paris-Opera,Apple Watch Ultra,2.0,3087.753285637
RETAIL_03013,2024-09-26,London-RegentSt,Vision Pro,2.0,2016.5220251112987
RETAIL_03014,2024-10-24,Sydney-GeorgeSt,iPhone 15 Pro,2.0,3043.674298398473
RETAIL_03015,2024-11-04,London-RegentSt,iPhone 15 Pro,7.0,1834.0510773768824
RETAIL_03016,2024-10-11,Sydney-GeorgeSt,AirPods Max,2.0,77.7001276007486
RETAIL_03017,2024-08-25,Paris-Opera,Apple Watch Ultra,7.0,315.3755887155163
RETAIL_03018,2024-11-09,NYC-FifthAve,AirPods Max,7.0,206.9260276665508
RETAIL_03019,2024-11-29,Paris-Opera,iPhone 15 Pro,5.0,1975.222623606293
RETAIL_03020,2024-10-24,Sydney-GeorgeSt,AirPods Max,1.0,1384.7322073122975
RETAIL_03021,2024-09-18,Paris-Opera,Vision Pro,6.0,1266.0915231076908
RETAIL_03022,2024-07-26,NYC-FifthAve,Apple Watch Ultra,7.0,1121.0673496532584
RETAIL_03023,2024-12-21,Paris-Opera,iPad Pro,1.0,743.3797870032329
RETAIL_03024,2024-11-04,London-RegentSt,AirPods Max,8.0,189.26011965786972
RETAIL_03025,2024-12-02,London-RegentSt,AirPods Max,9.0,794.8760557254313
RETAIL_03026,2024-10-04,London-RegentSt,Vision Pro,7.0,2737.3669590558943
RETAIL_03027,2024-11-17,Sydney-GeorgeSt,AirPods Max,2.0,1592.1011624312055
RETAIL_03028,2024-10-19,Paris-Opera,MacBook Air M3,3.0,427.9355382345299
RETAIL_03029,2024-12-17,London-RegentSt,Vision Pro,,-399.83077661062555
RETAIL_03030,2024-09-29,NYC-FifthAve,iPad Pro,2.0,314.5536090724554
RETAIL_03031,2024-09-02,Sydney-GeorgeSt,MacBook Air M3,3.0,-189.04604996572658
RETAIL_03032,2024-11-24,Paris-Opera,AirPods Max,9.0,932.6218591501606
RETAIL_03033,2024-11-10,NYC-FifthAve,AirPods Max,1.0,3331.9784988075808
RETAIL_03034,2024-11-28,Tokyo-Ginza,MacBook Air M3,3.0,2302.55251376428
RETAIL_03035,2024-12-26,NYC-FifthAve,Vision Pro,7.0,2998.1349347744244
RETAIL_03036,2024-08-07,Paris-Opera,iPhone 15 Pro,2.0,2300.4723023132933
RETAIL_03037,2024-11-06,Paris-Opera,MacBook Air M3,2.0,1986.0282653569157
RETAIL_03038,2024-11-13,Sydney-GeorgeSt,AirPods Max,8.0,3582.0382186333936
RETAIL_03039,2024-10-16,Sydney-GeorgeSt,AirPods Max,2.0,1294.1356858066256
RETAIL_03040,2024-09-01,Tokyo-Ginza,AirPods Max,2.0,3749.2401259174185
RETAIL_03041,2024-07-14,Sydney-GeorgeSt,iPhone 15 Pro,8.0,-221.57777792992363
RETAIL_03042,2024-09-20,Paris-Opera,Vision Pro,6.0,3043.8541341955925
RETAIL_03043,2024-12-01,Paris-Opera,Apple Watch Ultra,3.0,-229.88322753950365
RETAIL_03044,2024-09-25,London-RegentSt,iPhone 15 Pro,8.0,-192.31352423156824
RETAIL_03045,2024-11-27,Paris-Opera,MacBook Air M3,6.0,1481.464291665236
RETAIL_03046,2024-12-09,Tokyo-Ginza,MacBook Air M3,6.0,3894.80963140131
RETAIL_03047,2024-09-14,NYC-FifthAve,AirPods Max,7.0,514.437117662429
RETAIL_03048,2024-12-17,Sydney-GeorgeSt,iPad Pro,7.0,2179.3129914991937
RETAIL_03049,2024-11-12,Paris-Opera,iPhone 15 Pro,,3351.3150182371132
RETAIL_03050,2024-09-22,Sydney-GeorgeSt,MacBook Air M3,8.0,3053.851720035187
RETAIL_03051,2024-11-26,NYC-FifthAve,Apple Watch Ultra,6.0,2782.6604107082544
RETAIL_03052,2024-09-16,NYC-FifthAve,Apple Watch Ultra,4.0,843.1632812267208
RETAIL_03053,2024-11-13,NYC-FifthAve,iPad Pro,9.0,495.7477904940274
RETAIL_03054,2024-10-09,NYC-FifthAve,Apple Watch Ultra,3.0,1753.5902831682133
RETAIL_03055,2024-11-08,Paris-Opera,Vision Pro,3.0,-292.1047807603855
RETAIL_03056,2024-09-16,NYC-FifthAve,Apple Watch Ultra,5.0,1684.8626206465792
RETAIL_03057,2024-10-01,NYC-FifthAve,MacBook Air M3,4.0,3493.9402322867263
RETAIL_03058,2024-09-30,NYC-FifthAve,MacBook Air M3,1.0,1887.2806522183632
RETAIL_03059,2024-07-01,Tokyo-Ginza,AirPods Max,6.0,3016.053580432618
RETAIL_03060,2024-08-15,NYC-FifthAve,Vision Pro,5.0,2362.3831501250525
RETAIL_03061,2024-09-07,Sydney-GeorgeSt,iPad Pro,2.0,2290.9530986671916
RETAIL_03062,2024-11-23,NYC-FifthAve,iPhone 15 Pro,1.0,3660.125238597
RETAIL_03063,2024-11-25,Paris-Opera,AirPods Max,5.0,289.42357991874223
RETAIL_03064,2024-09-11,Tokyo-Ginza,MacBook Air M3,6.0,3721.342861422433
RETAIL_03065,2024-12-23,Tokyo-Ginza,iPad Pro,9.0,714.9407239004838
RETAIL_03066,2024-07-30,Tokyo-Ginza,iPad Pro,5.0,3173.273603876786
RETAIL_03067,2024-11-08,NYC-FifthAve,Apple Watch Ultra,4.0,1642.7261193647746
RETAIL_03068,2024-11-29,Paris-Opera,iPad Pro,7.0,1443.7824123423857
RETAIL_03069,2024-08-07,London-RegentSt,AirPods Max,,-370.31731186611427
RETAIL_03070,2024-07-13,Paris-Opera,iPhone 15 Pro,3.0,3882.1542135451655
RETAIL_03071,2024-11-03,Sydney-GeorgeSt,Vision Pro,2.0,2778.420684187599
RETAIL_03072,2024-10-13,Paris-Opera,Apple Watch Ultra,9.0,1737.6148280308098
RETAIL_03073,2024-09-01,NYC-FifthAve,Vision Pro,2.0,3545.9102988448676
RETAIL_03074,2024-09-04,Tokyo-Ginza,Vision Pro,5.0,1825.0854521669976
RETAIL_03075,2024-11-27,Tokyo-Ginza,iPhone 15 Pro,8.0,2151.6261882785348
RETAIL_03076,2024-11-24,London-RegentSt,Vision Pro,5.0,2419.5061681004445
RETAIL_03077,2024-09-17,Tokyo-Ginza,Vision Pro,3.0,3970.66085619922
RETAIL_03078,2024-10-21,Tokyo-Ginza,AirPods Max,9.0,-103.10605945670665
RETAIL_03079,2024-07-22,Tokyo-Ginza,MacBook Air M3,8.0,2554.015900505963
RETAIL_03080,2024-12-14,NYC-FifthAve,Apple Watch Ultra,7.0,2629.6264071223363
RETAIL_03081,2024-09-26,NYC-FifthAve,Vision Pro,3.0,2717.481015802225
RETAIL_03082,2024-07-19,Paris-Opera,iPhone 15 Pro,2.0,2230.701654485635
RETAIL_03083,2024-08-23,London-RegentSt,Apple Watch Ultra,2.0,-406.738501506774
RETAIL_03084,2024-11-28,Tokyo-Ginza,AirPods Max,8.0,1393.3242700883523
RETAIL_03085,2024-11-08,London-RegentSt,Apple Watch Ultra,2.0,2681.2830922251073
RETAIL_03086,2024-08-01,Tokyo-Ginza,Vision Pro,5.0,3754.5740131545735
RETAIL_03087,2024-11-09,Tokyo-Ginza,AirPods Max,5.0,2886.229680392587
RETAIL_03088,2024-11-16,NYC-FifthAve,iPhone 15 Pro,5.0,935.145363471144
RETAIL_03089,2024-08-26,NYC-FifthAve,MacBook Air M3,4.0,2177.842313183192
RETAIL_03090,2024-10-31,London-RegentSt,Vision Pro,4.0,1324.7850628459325
RETAIL_03091,2024-08-23,NYC-FifthAve,MacBook Air M3,3.0,370.20176291474263
RETAIL_03092,2024-07-06,London-RegentSt,iPad Pro,2.0,1645.7214734322538
RETAIL_03093,2024-08-17,London-RegentSt,iPhone 15 Pro,,2062.9316271994244
RETAIL_03094,2024-11-28,Paris-Opera,Vision Pro,5.0,813.7557580103517
RETAIL_03095,2024-07-30,London-RegentSt,iPhone 15 Pro,3.0,2570.9300325134127
RETAIL_03096,2024-07-04,NYC-FifthAve,Apple Watch Ultra,5.0,2776.487756548417
RETAIL_03097,2024-10-24,Tokyo-Ginza,iPad Pro,3.0,3590.0754284807376
RETAIL_03098,2024-10-03,London-RegentSt,iPad Pro,4.0,3672.367931938521
RETAIL_03099,2024-07-20,Sydney-GeorgeSt,iPhone 15 Pro,1.0,3007.5345485312187
RETAIL_03100,2024-11-21,London-RegentSt,Apple Watch Ultra,7.0,-27.142494995282618
RETAIL_03101,2024-10-18,NYC-FifthAve,iPhone 15 Pro,4.0,2065.467291655781
RETAIL_03102,2024-10-27,Tokyo-Ginza,iPad Pro,5.0,3935.1452839667563
RETAIL_03103,2024-08-26,Paris-Opera,AirPods Max,4.0,1236.3259414181596
RETAIL_03104,2024-11-06,London-RegentSt,iPad Pro,6.0,3643.1635054162025
RETAIL_03105,2024-09-05,London-RegentSt,AirPods Max,4.0,3652.054976358303
RETAIL_03106,2024-08-25,London-RegentSt,Vision Pro,5.0,878.5858963362223
RETAIL_03107,2024-09-24,London-RegentSt,Apple Watch Ultra,3.0,-452.2134538536802
RETAIL_03108,2024-12-24,Paris-Opera,Vision Pro,1.0,1120.2365011257198
RETAIL_03109,2024-09-02,Tokyo-Ginza,iPhone 15 Pro,9.0,2219.83277527928
RETAIL_03110,2024-11-06,Sydney-GeorgeSt,iPhone 15 Pro,2.0,1091.6678114386511
RETAIL_03111,2024-08-29,NYC-FifthAve,Apple Watch Ultra,1.0,-224.16121722089355
RETAIL_03112,2024-11-28,Tokyo-Ginza,iPhone 15 Pro,5.0,2629.7139158848536
RETAIL_03113,2024-08-19,NYC-FifthAve,AirPods Max,9.0,412.96510921850904
RETAIL_03114,2024-10-19,London-RegentSt,AirPods Max,5.0,1167.7252246092341
RETAIL_03115,2024-12-12,Sydney-GeorgeSt,Vision Pro,6.0,2439.730844315147
RETAIL_03116,2024-12-19,Tokyo-Ginza,iPhone 15 Pro,5.0,257.5286644706231
RETAIL_03117,2024-07-14,Sydney-GeorgeSt,AirPods Max,9.0,3964.672402132568
RETAIL_03118,2024-08-11,Paris-Opera,MacBook Air M3,8.0,540.2513173693685
RETAIL_03119,2024-09-16,Tokyo-Ginza,Apple Watch Ultra,8.0,2673.6859532874587
RETAIL_03120,2024-08-08,Sydney-GeorgeSt,MacBook Air M3,3.0,1748.7715809309266
RETAIL_03121,2024-12-24,Sydney-GeorgeSt,Vision Pro,8.0,2996.6664187286287
RETAIL_03122,2024-09-27,Sydney-GeorgeSt,MacBook Air M3,3.0,882.2681372357624
RETAIL_03123,2024-10-13,Sydney-GeorgeSt,iPad Pro,2.0,1082.452251303308
RETAIL_03124,2024-07-05,NYC-FifthAve,iPad Pro,9.0,3351.232834111975
RETAIL_03125,2024-11-03,London-RegentSt,iPad Pro,1.0,1927.8553968682468
RETAIL_03126,2024-07-11,London-RegentSt,Vision Pro,2.0,1549.648199454768
RETAIL_03127,2024-08-12,London-RegentSt,MacBook Air M3,6.0,2041.055236570437
RETAIL_03128,2024-11-22,NYC-FifthAve,iPhone 15 Pro,9.0,3580.8602515815014
RETAIL_03129,2024-12-08,Tokyo-Ginza,AirPods Max,3.0,497.4156498668358
RETAIL_03130,2024-12-15,London-RegentSt,iPhone 15 Pro,6.0,2503.1924824029566
RETAIL_03131,2024-11-30,NYC-FifthAve,AirPods Max,1.0,3299.6700408869315
RETAIL_03132,2024-11-18,Sydney-GeorgeSt,MacBook Air M3,8.0,-97.75773404844637
RETAIL_03133,2024-10-02,Sydney-GeorgeSt,iPad Pro,3.0,637.6326999687153
RETAIL_03134,2024-08-30,Sydney-GeorgeSt,iPad Pro,8.0,3789.8898847024766
RETAIL_03135,2024-10-26,Tokyo-Ginza,iPad Pro,5.0,2270.2643131188897
RETAIL_03136,2024-07-23,Paris-Opera,MacBook Air M3,1.0,1804.018163981424
RETAIL_03137,2024-08-03,Sydney-GeorgeSt,AirPods Max,2.0,-176.99544197600505
RETAIL_03138,2024-09-27,London-RegentSt,Apple Watch Ultra,6.0,1181.268817344524
RETAIL_03139,2024-07-20,NYC-FifthAve,Apple Watch Ultra,8.0,-302.8955136895346
RETAIL_03140,2024-09-27,Paris-Opera,iPad Pro,4.0,1552.6879306431956
RETAIL_03141,2024-08-17,Paris-Opera,Apple Watch Ultra,4.0,2219.0322826728393
RETAIL_03142,2024-09-15,Tokyo-Ginza,iPhone 15 Pro,4.0,3221.162436707815
RETAIL_03143,2024-08-01,NYC-FifthAve,iPhone 15 Pro,6.0,-497.3235888080417
RETAIL_03144,2024-12-19,Sydney-GeorgeSt,Apple Watch Ultra,9.0,797.5865584803778
RETAIL_03145,2024-12-09,Paris-Opera,MacBook Air M3,7.0,3451.7144976614845
RETAIL_03146,2024-09-07,London-RegentSt,Apple Watch Ultra,2.0,2661.3053157896193
RETAIL_03147,2024-10-01,Sydney-GeorgeSt,Apple Watch Ultra,8.0,3193.3706098508005
RETAIL_03148,2024-08-19,Tokyo-Ginza,iPhone 15 Pro,1.0,1645.7156789567575
RETAIL_03149,2024-11-28,Sydney-GeorgeSt,Vision Pro,6.0,1439.833833204293
RETAIL_03150,2024-11-23,Tokyo-Ginza,AirPods Max,6.0,1074.3082061086998
RETAIL_03151,2024-09-15,London-RegentSt,AirPods Max,6.0,3731.275061870073
RETAIL_03152,2024-12-13,Tokyo-Ginza,MacBook Air M3,5.0,1759.8165696851956
RETAIL_03153,2024-11-01,Paris-Opera,iPad Pro,2.0,1652.625410706315
RETAIL_03154,2024-09-17,London-RegentSt,MacBook Air M3,8.0,-268.492918000969
RETAIL_03155,2024-09-04,Sydney-GeorgeSt,AirPods Max,3.0,2304.751942796746
RETAIL_03156,2024-11-21,Paris-Opera,MacBook Air M3,9.0,2048.3918705453334
RETAIL_03157,2024-10-13,London-RegentSt,Apple Watch Ultra,1.0,1399.2095907419366
RETAIL_03158,2024-08-23,London-RegentSt,Apple Watch Ultra,3.0,1429.9349387599855
RETAIL_03159,2024-08-11,NYC-FifthAve,Apple Watch Ultra,5.0,3744.5842641903637
RETAIL_03160,2024-07-11,Sydney-GeorgeSt,Vision Pro,5.0,1865.018628282366
RETAIL_03161,2024-11-09,Tokyo-Ginza,Vision Pro,6.0,1533.0394739235946
RETAIL_03162,2024-10-03,NYC-FifthAve,iPhone 15 Pro,3.0,392.6362280803809
RETAIL_03163,2024-12-18,London-RegentSt,Vision Pro,5.0,-402.13656212070316
RETAIL_03164,2024-10-17,Tokyo-Ginza,Vision Pro,2.0,-179.77171393444382
RETAIL_03165,2024-07-13,NYC-FifthAve,iPhone 15 Pro,5.0,1879.7005949754152
RETAIL_03166,2024-11-16,Sydney-GeorgeSt,AirPods Max,3.0,2889.7855590577196
RETAIL_03167,2024-11-18,NYC-FifthAve,Apple Watch Ultra,2.0,2232.3544751968197
RETAIL_03168,2024-07-19,NYC-FifthAve,MacBook Air M3,8.0,3980.063296499531
RETAIL_03169,2024-11-17,NYC-FifthAve,AirPods Max,9.0,-37.104877381304334
RETAIL_03170,2024-09-01,Tokyo-Ginza,iPad Pro,4.0,-181.62991778617288
RETAIL_03171,2024-09-01,Paris-Opera,MacBook Air M3,7.0,1809.2950086728006
RETAIL_03172,2024-12-18,Sydney-GeorgeSt,Vision Pro,8.0,2890.5113930583325
RETAIL_03173,2024-12-07,NYC-FifthAve,AirPods Max,9.0,303.5066463921547
RETAIL_03174,2024-09-08,London-RegentSt,Apple Watch Ultra,1.0,333.876082044148
RETAIL_03175,2024-11-05,Tokyo-Ginza,MacBook Air M3,4.0,-11.649183979563418
RETAIL_03176,2024-10-17,London-RegentSt,iPad Pro,9.0,227.81862524195606
RETAIL_03177,2024-11-14,NYC-FifthAve,Apple Watch Ultra,8.0,-434.75441979578954
RETAIL_03178,2024-08-14,Paris-Opera,AirPods Max,4.0,3272.3680703292557
RETAIL_03179,2024-07-11,London-RegentSt,Apple Watch Ultra,4.0,3717.724474611712
RETAIL_03180,2024-10-27,Tokyo-Ginza,MacBook Air M3,7.0,3013.9758895345767
RETAIL_03181,2024-07-02,NYC-FifthAve,iPhone 15 Pro,2.0,138.94249235548364
RETAIL_03182,2024-07-10,Tokyo-Ginza,iPad Pro,1.0,3801.004447804852
RETAIL_03183,2024-12-10,Tokyo-Ginza,AirPods Max,3.0,3810.214232175772
RETAIL_03184,2024-12-17,NYC-FifthAve,iPhone 15 Pro,1.0,3799.3956186937885
RETAIL_03185,2024-07-14,London-RegentSt,AirPods Max,,2543.7568343304433
RETAIL_03186,2024-08-23,NYC-FifthAve,iPad Pro,3.0,2157.291852351074
RETAIL_03187,2024-10-24,NYC-FifthAve,iPad Pro,5.0,2861.234718984991
RETAIL_03188,2024-10-27,NYC-FifthAve,iPhone 15 Pro,8.0,1638.6361876319206
RETAIL_03189,2024-12-04,Paris-Opera,AirPods Max,2.0,1654.8613533762405
RETAIL_03190,2024-12-16,NYC-FifthAve,iPad Pro,4.0,-363.5092732377792
RETAIL_03191,2024-10-28,London-RegentSt,MacBook Air M3,8.0,-484.25919634264415
RETAIL_03192,2024-10-24,Tokyo-Ginza,AirPods Max,9.0,3173.8692283657288
RETAIL_03193,2024-07-09,NYC-FifthAve,Apple Watch Ultra,9.0,3971.5986161634683
RETAIL_03194,2024-11-10,NYC-FifthAve,Vision Pro,4.0,3198.051306727817
RETAIL_03195,2024-10-14,Paris-Opera,Apple Watch Ultra,9.0,366.0184894796487
RETAIL_03196,2024-12-12,NYC-FifthAve,Apple Watch Ultra,1.0,2960.795443265977
RETAIL_03197,2024-09-17,London-RegentSt,AirPods Max,4.0,-146.58933077389088
RETAIL_03198,2024-10-28,Sydney-GeorgeSt,iPhone 15 Pro,7.0,2573.8479306682534
RETAIL_03199,2024-11-17,Tokyo-Ginza,Apple Watch Ultra,4.0,646.3282452148396
RETAIL_03200,2024-12-01,London-RegentSt,Vision Pro,1.0,500.75961695299134
RETAIL_03201,2024-10-28,Sydney-GeorgeSt,AirPods Max,5.0,1891.9922874346516
RETAIL_03202,2024-07-15,Sydney-GeorgeSt,Apple Watch Ultra,4.0,418.96942443178455
RETAIL_03203,2024-08-28,London-RegentSt,iPad Pro,4.0,1388.4376461040742
RETAIL_03204,2024-07-04,Sydney-GeorgeSt,iPhone 15 Pro,1.0,2687.511910746895
RETAIL_03205,2024-07-24,Paris-Opera,Apple Watch Ultra,3.0,1224.6449513465377
RETAIL_03206,2024-08-01,NYC-FifthAve,Apple Watch Ultra,6.0,2800.583504771264
RETAIL_03207,2024-12-12,Sydney-GeorgeSt,AirPods Max,2.0,859.6507578197818
RETAIL_03208,2024-12-08,NYC-FifthAve,MacBook Air M3,2.0,1523.6731519765474
RETAIL_03209,2024-08-09,NYC-FifthAve,MacBook Air M3,3.0,1922.0423753294413
RETAIL_03210,2024-12-24,Sydney-GeorgeSt,AirPods Max,1.0,3946.402318484007
RETAIL_03211,2024-09-26,NYC-FifthAve,Vision Pro,4.0,1435.741647834421
RETAIL_03212,2024-09-05,London-RegentSt,iPhone 15 Pro,5.0,1198.4674592144875
RETAIL_03213,2024-10-30,Paris-Opera,Apple Watch Ultra,7.0,3644.376111450186
RETAIL_03214,2024-09-24,Paris-Opera,AirPods Max,4.0,2935.261035007431
RETAIL_03215,2024-10-10,Paris-Opera,MacBook Air M3,7.0,-25.290228315853824
RETAIL_03216,2024-08-09,NYC-FifthAve,iPhone 15 Pro,8.0,260.35661340364936
RETAIL_03217,2024-10-03,Paris-Opera,Vision Pro,9.0,2447.549473374683
RETAIL_03218,2024-11-07,Paris-Opera,iPhone 15 Pro,2.0,2420.179602935797
RETAIL_03219,2024-09-19,Sydney-GeorgeSt,iPad Pro,5.0,3217.2508771981065
RETAIL_03220,2024-07-14,Paris-Opera,iPad Pro,2.0,3752.021820696931
RETAIL_03221,2024-09-06,Tokyo-Ginza,iPhone 15 Pro,2.0,1721.0929047573782
RETAIL_03222,2024-08-23,Sydney-GeorgeSt,AirPods Max,,1166.767817389931
RETAIL_03223,2024-09-19,NYC-FifthAve,Apple Watch Ultra,2.0,897.4635578167247
RETAIL_03224,2024-12-08,Tokyo-Ginza,MacBook Air M3,3.0,821.1182874297258
RETAIL_03225,2024-12-08,Paris-Opera,iPhone 15 Pro,9.0,2768.219479728525
RETAIL_03226,2024-12-15,Sydney-GeorgeSt,iPad Pro,6.0,3842.3942484197205
RETAIL_03227,2024-09-05,NYC-FifthAve,Apple Watch Ultra,7.0,1918.3599934375984
RETAIL_03228,2024-12-12,NYC-FifthAve,Vision Pro,3.0,655.6816643796717
RETAIL_03229,2024-09-11,Sydney-GeorgeSt,iPhone 15 Pro,5.0,348.58597715762255
RETAIL_03230,2024-10-01,London-RegentSt,iPhone 15 Pro,1.0,2177.138875963997
RETAIL_03231,2024-11-06,Tokyo-Ginza,Vision Pro,8.0,3146.0988341384877
RETAIL_03232,2024-09-27,Tokyo-Ginza,iPad Pro,3.0,2297.061519302865
RETAIL_03233,2024-09-16,Tokyo-Ginza,iPhone 15 Pro,2.0,3233.2892236124962
RETAIL_03234,2024-10-07,London-RegentSt,Apple Watch Ultra,1.0,1086.7449240673343
RETAIL_03235,2024-11-03,London-RegentSt,MacBook Air M3,4.0,711.5026692926765
RETAIL_03236,2024-11-01,Sydney-GeorgeSt,Vision Pro,3.0,2510.8768269491898
RETAIL_03237,2024-08-07,NYC-FifthAve,MacBook Air M3,4.0,672.1767183844661
RETAIL_03238,2024-10-28,NYC-FifthAve,Vision Pro,3.0,3331.3110119019234
RETAIL_03239,2024-09-19,London-RegentSt,AirPods Max,3.0,3979.9393581657923
RETAIL_03240,2024-07-04,Paris-Opera,iPad Pro,7.0,-49.327129854000816
RETAIL_03241,2024-09-10,London-RegentSt,MacBook Air M3,4.0,-318.7310516053059
RETAIL_03242,2024-08-15,Paris-Opera,AirPods Max,7.0,895.1144501707809
RETAIL_03243,2024-11-12,London-RegentSt,Apple Watch Ultra,7.0,165.08677618867318
RETAIL_03244,2024-09-27,Sydney-GeorgeSt,Vision Pro,1.0,3055.2352082142734
RETAIL_03245,2024-10-28,London-RegentSt,AirPods Max,1.0,3403.6984541439474
RETAIL_03246,2024-07-25,NYC-FifthAve,AirPods Max,3.0,1890.3089993498347
RETAIL_03247,2024-10-06,Tokyo-Ginza,iPad Pro,9.0,-474.9401271935244
RETAIL_03248,2024-08-09,Sydney-GeorgeSt,iPhone 15 Pro,7.0,878.0156655456105
RETAIL_03249,2024-10-12,Paris-Opera,Apple Watch Ultra,,1541.0695874035223
RETAIL_03250,2024-08-18,NYC-FifthAve,AirPods Max,9.0,-143.37866101376545
RETAIL_03251,2024-11-07,Tokyo-Ginza,iPad Pro,6.0,2083.34207131357
RETAIL_03252,2024-11-02,Sydney-GeorgeSt,MacBook Air M3,9.0,2813.070796021123
RETAIL_03253,2024-10-09,NYC-FifthAve,iPhone 15 Pro,8.0,3696.764037999693
RETAIL_03254,2024-07-21,Sydney-GeorgeSt,Apple Watch Ultra,5.0,1544.2758790589658
RETAIL_03255,2024-07-24,Paris-Opera,MacBook Air M3,8.0,3827.6245413221586
RETAIL_03256,2024-10-12,Paris-Opera,MacBook Air M3,4.0,1611.705660192636
RETAIL_03257,2024-07-22,London-RegentSt,iPad Pro,5.0,-241.1928137281326
RETAIL_03258,2024-10-02,Paris-Opera,MacBook Air M3,8.0,3103.2900532407184
RETAIL_03259,2024-09-07,Tokyo-Ginza,AirPods Max,3.0,1094.2589683917624
RETAIL_03260,2024-07-08,Paris-Opera,MacBook Air M3,5.0,786.2113738973558
RETAIL_03261,2024-10-26,Sydney-GeorgeSt,Apple Watch Ultra,4.0,880.0520576980507
RETAIL_03262,2024-12-04,Sydney-GeorgeSt,Apple Watch Ultra,3.0,3761.1286143944053
RETAIL_03263,2024-07-15,Tokyo-Ginza,MacBook Air M3,8.0,1156.9375338432133
RETAIL_03264,2024-11-10,Tokyo-Ginza,MacBook Air M3,7.0,-73.48771469564736
RETAIL_03265,2024-08-13,NYC-FifthAve,MacBook Air M3,8.0,-434.08432848067116
RETAIL_03266,2024-07-11,London-RegentSt,iPhone 15 Pro,5.0,3736.3016080438883
RETAIL_03267,2024-07-10,Sydney-GeorgeSt,Vision Pro,5.0,2825.829267820412
RETAIL_03268,2024-07-21,Tokyo-Ginza,AirPods Max,5.0,3761.30063505999
RETAIL_03269,2024-08-02,Sydney-GeorgeSt,Apple Watch Ultra,1.0,2394.5129757638274
RETAIL_03270,2024-11-20,Sydney-GeorgeSt,iPhone 15 Pro,7.0,2287.1826788682893
RETAIL_03271,2024-11-03,Tokyo-Ginza,iPhone 15 Pro,5.0,1157.6467328993942
RETAIL_03272,2024-11-21,NYC-FifthAve,AirPods Max,5.0,829.0999316202549
RETAIL_03273,2024-11-05,London-RegentSt,MacBook Air M3,7.0,1516.25356332881
RETAIL_03274,2024-11-26,NYC-FifthAve,Vision Pro,2.0,-496.8928648307782
RETAIL_03275,2024-09-24,NYC-FifthAve,iPad Pro,5.0,3781.900119208738
RETAIL_03276,2024-12-14,Sydney-GeorgeSt,iPhone 15 Pro,4.0,2119.4261460984676
RETAIL_03277,2024-10-22,Sydney-GeorgeSt,Apple Watch Ultra,4.0,2187.850636126986
RETAIL_03278,2024-12-09,London-RegentSt,iPad Pro,5.0,706.1090701899398
RETAIL_03279,2024-08-31,Tokyo-Ginza,AirPods Max,6.0,3455.4063280320665
RETAIL_03280,2024-10-09,NYC-FifthAve,MacBook Air M3,9.0,3676.792882774942
RETAIL_03281,2024-08-28,NYC-FifthAve,Apple Watch Ultra,1.0,1075.655770959484
RETAIL_03282,2024-11-30,Paris-Opera,MacBook Air M3,8.0,3681.28467660983
RETAIL_03283,2024-12-20,Tokyo-Ginza,AirPods Max,3.0,1502.6848377588935
RETAIL_03284,2024-11-16,Paris-Opera,Apple Watch Ultra,8.0,1219.5413366565135
RETAIL_03285,2024-10-21,Tokyo-Ginza,iPhone 15 Pro,7.0,1117.5232717038846
RETAIL_03286,2024-10-11,NYC-FifthAve,Vision Pro,1.0,-281.1633623844456
RETAIL_03287,2024-11-20,London-RegentSt,iPad Pro,2.0,2171.114458028111
RETAIL_03288,2024-10-26,Tokyo-Ginza,Apple Watch Ultra,7.0,-85.30962259623686
RETAIL_03289,2024-10-04,London-RegentSt,MacBook Air M3,9.0,793.5837971830567
RETAIL_03290,2024-07-16,NYC-FifthAve,Vision Pro,9.0,1610.442972946672
RETAIL_03291,2024-08-02,London-RegentSt,Apple Watch Ultra,7.0,-390.3435830337657
RETAIL_03292,2024-08-24,Paris-Opera,MacBook Air M3,1.0,-127.15043629331541
RETAIL_03293,2024-10-29,Paris-Opera,iPad Pro,7.0,334.477837342028
RETAIL_03294,2024-07-13,Sydney-GeorgeSt,AirPods Max,8.0,3237.2821884972586
RETAIL_03295,2024-11-27,NYC-FifthAve,MacBook Air M3,9.0,-6.1812648004031985
RETAIL_03296,2024-10-10,Sydney-GeorgeSt,MacBook Air M3,1.0,2619.192159481967
RETAIL_03297,2024-12-14,Sydney-GeorgeSt,AirPods Max,6.0,2198.4887258098856
RETAIL_03298,2024-07-09,NYC-FifthAve,AirPods Max,8.0,3675.491929631491
RETAIL_03299,2024-10-10,Paris-Opera,MacBook Air M3,6.0,1367.4682672660897
RETAIL_03300,2024-08-31,Tokyo-Ginza,MacBook Air M3,8.0,3386.4391939878597
RETAIL_03301,2024-11-30,Paris-Opera,iPhone 15 Pro,1.0,3997.4283257460966
RETAIL_03302,2024-10-21,London-RegentSt,Vision Pro,8.0,-298.03862709614475
RETAIL_03303,2024-10-01,Tokyo-Ginza,iPhone 15 Pro,1.0,2259.472615362061
RETAIL_03304,2024-11-15,London-RegentSt,MacBook Air M3,6.0,3473.2364306786317
RETAIL_03305,2024-11-25,Tokyo-Ginza,Vision Pro,5.0,1753.7968856862208
RETAIL_03306,2024-11-16,Sydney-GeorgeSt,iPhone 15 Pro,3.0,2562.2930520865066
RETAIL_03307,2024-11-13,Tokyo-Ginza,MacBook Air M3,1.0,329.1944643662297
RETAIL_03308,2024-09-03,London-RegentSt,AirPods Max,7.0,2555.4224781165517
RETAIL_03309,2024-09-17,Paris-Opera,iPhone 15 Pro,4.0,-354.15325023114497
RETAIL_03310,2024-11-11,Tokyo-Ginza,Vision Pro,9.0,1238.6441697542348
RETAIL_03311,2024-09-15,Tokyo-Ginza,Apple Watch Ultra,1.0,3312.3879826102207
RETAIL_03312,2024-10-15,Sydney-GeorgeSt,iPhone 15 Pro,7.0,952.2576739375211
RETAIL_03313,2024-11-05,Paris-Opera,Apple Watch Ultra,7.0,3131.893747078451
RETAIL_03314,2024-07-07,Tokyo-Ginza,iPhone 15 Pro,9.0,2011.9827233722667
RETAIL_03315,2024-11-20,Tokyo-Ginza,iPhone 15 Pro,7.0,1619.2236032960272
RETAIL_03316,2024-09-01,London-RegentSt,AirPods Max,8.0,-33.1053992164492
RETAIL_03317,2024-07-30,Tokyo-Ginza,Apple Watch Ultra,4.0,1667.340675629228
RETAIL_03318,2024-07-04,Paris-Opera,AirPods Max,4.0,2423.1720286004957
RETAIL_03319,2024-08-23,Paris-Opera,iPad Pro,,378.70969465341864
RETAIL_03320,2024-07-24,Sydney-GeorgeSt,iPhone 15 Pro,6.0,2553.487841748507
RETAIL_03321,2024-09-05,NYC-FifthAve,Apple Watch Ultra,3.0,3612.8009847488793
RETAIL_03322,2024-10-08,Tokyo-Ginza,iPad Pro,1.0,3000.5904254404413
RETAIL_03323,2024-07-02,Sydney-GeorgeSt,MacBook Air M3,7.0,155.69397790927997
RETAIL_03324,2024-12-20,Sydney-GeorgeSt,AirPods Max,,2126.7399467653595
RETAIL_03325,2024-09-15,London-RegentSt,Vision Pro,4.0,-476.5056683299963
RETAIL_03326,2024-08-01,NYC-FifthAve,iPad Pro,3.0,907.8527713453457
RETAIL_03327,2024-07-20,NYC-FifthAve,AirPods Max,5.0,2493.3442040047207
RETAIL_03328,2024-11-07,Sydney-GeorgeSt,iPad Pro,9.0,2900.682990074488
RETAIL_03329,2024-11-15,Tokyo-Ginza,iPhone 15 Pro,5.0,-157.24503859644926
RETAIL_03330,2024-08-15,Paris-Opera,Vision Pro,2.0,-46.08176144632023
RETAIL_03331,2024-08-24,London-RegentSt,iPad Pro,7.0,1950.279560192279
RETAIL_03332,2024-07-09,Sydney-GeorgeSt,Vision Pro,4.0,1141.8137216325727
RETAIL_03333,2024-08-13,Paris-Opera,Vision Pro,9.0,653.726863897002
RETAIL_03334,2024-08-26,Paris-Opera,iPad Pro,4.0,-237.0923895956746
RETAIL_03335,2024-07-25,NYC-FifthAve,Vision Pro,7.0,2435.2764326598317
RETAIL_03336,2024-10-26,London-RegentSt,Vision Pro,2.0,3109.184083259458
RETAIL_03337,2024-11-27,NYC-FifthAve,Apple Watch Ultra,4.0,2006.7379369638375
RETAIL_03338,2024-09-08,Sydney-GeorgeSt,MacBook Air M3,1.0,1299.3279735345363
RETAIL_03339,2024-07-08,Sydney-GeorgeSt,iPhone 15 Pro,7.0,813.6893275114667
RETAIL_03340,2024-11-30,NYC-FifthAve,MacBook Air M3,5.0,2187.095041788587
RETAIL_03341,2024-09-18,Sydney-GeorgeSt,iPad Pro,7.0,2076.48375680764
RETAIL_03342,2024-09-17,Sydney-GeorgeSt,Apple Watch Ultra,4.0,744.9094907634137
RETAIL_03343,2024-12-17,NYC-FifthAve,MacBook Air M3,3.0,1595.5067943226786
RETAIL_03344,2024-11-14,London-RegentSt,iPad Pro,4.0,412.41166815635916
RETAIL_03345,2024-11-01,Paris-Opera,Apple Watch Ultra,3.0,307.3408788623042
RETAIL_03346,2024-08-10,NYC-FifthAve,iPhone 15 Pro,4.0,2142.536477185344
RETAIL_03347,2024-11-28,London-RegentSt,AirPods Max,7.0,3839.557361722579
RETAIL_03348,2024-12-19,London-RegentSt,Vision Pro,6.0,2235.591023391291
RETAIL_03349,2024-08-05,Tokyo-Ginza,MacBook Air M3,4.0,3559.0949236891965
RETAIL_03350,2024-07-20,Tokyo-Ginza,iPad Pro,4.0,1840.4939772270886
RETAIL_03351,2024-08-15,Tokyo-Ginza,Apple Watch Ultra,8.0,44.505475065410565
RETAIL_03352,2024-09-22,London-RegentSt,MacBook Air M3,9.0,1901.7553675916356
RETAIL_03353,2024-10-04,London-RegentSt,Vision Pro,4.0,3195.6911454319384
RETAIL_03354,2024-11-24,Sydney-GeorgeSt,iPad Pro,3.0,1288.4025770133837
RETAIL_03355,2024-09-03,London-RegentSt,Vision Pro,9.0,1394.9675274361002
RETAIL_03356,2024-08-30,Sydney-GeorgeSt,iPad Pro,2.0,3758.363882090287
RETAIL_03357,2024-11-25,Sydney-GeorgeSt,iPad Pro,1.0,3084.5205358711987
RETAIL_03358,2024-08-01,NYC-FifthAve,iPad Pro,7.0,3765.2175024418375
RETAIL_03359,2024-08-14,Paris-Opera,Vision Pro,3.0,2727.6672716447997
RETAIL_03360,2024-07-11,NYC-FifthAve,Apple Watch Ultra,1.0,2130.7679681694576
RETAIL_03361,2024-09-14,London-RegentSt,MacBook Air M3,5.0,3307.483799892517
RETAIL_03362,2024-11-09,Tokyo-Ginza,iPad Pro,3.0,3632.199831318374
RETAIL_03363,2024-09-08,London-RegentSt,Apple Watch Ultra,2.0,849.5033734345097
RETAIL_03364,2024-10-23,Sydney-GeorgeSt,iPhone 15 Pro,4.0,3611.5505231235866
RETAIL_03365,2024-09-16,London-RegentSt,MacBook Air M3,,31.5795317522427
RETAIL_03366,2024-10-13,London-RegentSt,Vision Pro,3.0,3485.4829127258804
RETAIL_03367,2024-08-10,London-RegentSt,AirPods Max,1.0,2350.470184913733
RETAIL_03368,2024-09-06,NYC-FifthAve,MacBook Air M3,4.0,-102.77685231941848
RETAIL_03369,2024-08-20,London-RegentSt,Apple Watch Ultra,2.0,3321.869787641091
RETAIL_03370,2024-12-10,Sydney-GeorgeSt,AirPods Max,9.0,-249.1916889320643
RETAIL_03371,2024-09-07,Sydney-GeorgeSt,Vision Pro,8.0,1180.7843337769107
RETAIL_03372,2024-10-10,Sydney-GeorgeSt,Vision Pro,3.0,3234.6092463857
RETAIL_03373,2024-11-22,NYC-FifthAve,iPhone 15 Pro,2.0,1224.2011394317606
RETAIL_03374,2024-12-15,Paris-Opera,Vision Pro,2.0,2854.771531224352
RETAIL_03375,2024-11-07,Paris-Opera,AirPods Max,7.0,915.5724731369303
RETAIL_03376,2024-11-16,NYC-FifthAve,Vision Pro,5.0,2520.498612024982
RETAIL_03377,2024-10-02,Sydney-GeorgeSt,MacBook Air M3,7.0,3414.4111445131525
RETAIL_03378,2024-11-01,London-RegentSt,Vision Pro,1.0,2669.2008156147367
RETAIL_03379,2024-11-29,London-RegentSt,iPad Pro,9.0,700.039916277693
RETAIL_03380,2024-12-15,Sydney-GeorgeSt,Apple Watch Ultra,2.0,3818.452935825654
RETAIL_03381,2024-08-27,Sydney-GeorgeSt,MacBook Air M3,7.0,3335.6872218741178
RETAIL_03382,2024-10-03,NYC-FifthAve,iPad Pro,9.0,1319.1392490698286
RETAIL_03383,2024-10-27,London-RegentSt,MacBook Air M3,5.0,1584.6323844891876
RETAIL_03384,2024-12-20,Paris-Opera,AirPods Max,5.0,666.7137699885377
RETAIL_03385,2024-11-13,Tokyo-Ginza,iPhone 15 Pro,3.0,2283.3543543217475
RETAIL_03386,2024-09-23,Paris-Opera,iPhone 15 Pro,6.0,1233.609433047559
RETAIL_03387,2024-07-16,London-RegentSt,Apple Watch Ultra,3.0,1776.7066982338824
RETAIL_03388,2024-07-05,NYC-FifthAve,MacBook Air M3,9.0,2803.265054361112
RETAIL_03389,2024-11-17,London-RegentSt,Apple Watch Ultra,9.0,2438.240733499247
RETAIL_03390,2024-10-18,Paris-Opera,iPad Pro,7.0,1661.4957721406886
RETAIL_03391,2024-08-18,Paris-Opera,AirPods Max,5.0,1674.4653484280666
RETAIL_03392,2024-10-17,Paris-Opera,AirPods Max,6.0,521.4971145927268
RETAIL_03393,2024-09-13,Paris-Opera,Apple Watch Ultra,7.0,-202.05960609737053
RETAIL_03394,2024-09-08,NYC-FifthAve,AirPods Max,9.0,1933.8207299999372
RETAIL_03395,2024-12-10,London-RegentSt,AirPods Max,1.0,881.6935594751337
RETAIL_03396,2024-09-19,London-RegentSt,AirPods Max,5.0,3858.810552854765
RETAIL_03397,2024-07-05,Sydney-GeorgeSt,iPhone 15 Pro,6.0,3079.7508623536723
RETAIL_03398,2024-08-28,NYC-FifthAve,MacBook Air M3,5.0,2521.340430828652
RETAIL_03399,2024-12-15,Sydney-GeorgeSt,AirPods Max,1.0,2653.9970630270914
RETAIL_03400,2024-10-20,NYC-FifthAve,MacBook Air M3,3.0,432.8754397954883
RETAIL_03401,2024-07-16,London-RegentSt,Apple Watch Ultra,9.0,3615.7836521670697
RETAIL_03402,2024-10-06,Tokyo-Ginza,Vision Pro,4.0,480.5459283889361
RETAIL_03403,2024-10-03,London-RegentSt,AirPods Max,1.0,3783.9471126745093
RETAIL_03404,2024-07-26,NYC-FifthAve,Apple Watch Ultra,3.0,3017.4068425197306
RETAIL_03405,2024-08-05,London-RegentSt,Apple Watch Ultra,4.0,-47.34587122593058
RETAIL_03406,2024-11-29,Tokyo-Ginza,Apple Watch Ultra,3.0,2214.080979218235
RETAIL_03407,2024-07-02,Paris-Opera,iPhone 15 Pro,5.0,2195.532457157451
RETAIL_03408,2024-10-18,NYC-FifthAve,MacBook Air M3,7.0,951.7263288479674
RETAIL_03409,2024-08-01,Sydney-GeorgeSt,MacBook Air M3,8.0,3436.0550675417894
RETAIL_03410,2024-08-25,London-RegentSt,Vision Pro,9.0,3348.244853924115
RETAIL_03411,2024-07-14,London-RegentSt,Vision Pro,3.0,3635.9592751994933
RETAIL_03412,2024-11-21,London-RegentSt,Vision Pro,5.0,3353.377385320469
RETAIL_03413,2024-07-22,Sydney-GeorgeSt,Vision Pro,2.0,624.9898627439775
RETAIL_03414,2024-12-17,Sydney-GeorgeSt,MacBook Air M3,7.0,2049.6742160718713
RETAIL_03415,2024-07-01,NYC-FifthAve,MacBook Air M3,2.0,3363.1928226464547
RETAIL_03416,2024-12-16,NYC-FifthAve,MacBook Air M3,1.0,2992.062451808639
RETAIL_03417,2024-09-04,Paris-Opera,AirPods Max,6.0,1180.5474670342728
RETAIL_03418,2024-11-27,Paris-Opera,iPad Pro,4.0,403.1569397846764
RETAIL_03419,2024-12-06,Tokyo-Ginza,Apple Watch Ultra,7.0,-423.58538574411165
RETAIL_03420,2024-11-01,Tokyo-Ginza,Apple Watch Ultra,7.0,1248.75549374643
RETAIL_03421,2024-10-04,London-RegentSt,AirPods Max,4.0,1581.6789952819358
RETAIL_03422,2024-07-18,Tokyo-Ginza,Vision Pro,3.0,896.4460521431693
RETAIL_03423,2024-07-06,Tokyo-Ginza,iPhone 15 Pro,3.0,3255.413553923872
RETAIL_03424,2024-09-01,Paris-Opera,MacBook Air M3,2.0,1440.9575636051984
RETAIL_03425,2024-08-07,Tokyo-Ginza,AirPods Max,,-371.7284048574115
RETAIL_03426,2024-08-21,London-RegentSt,MacBook Air M3,7.0,3178.996515161586
RETAIL_03427,2024-12-25,London-RegentSt,Vision Pro,1.0,736.0326737718135
RETAIL_03428,2024-09-06,Sydney-GeorgeSt,Vision Pro,8.0,2432.6201717303916
RETAIL_03429,2024-10-17,Paris-Opera,Vision Pro,6.0,2569.4192682559733
RETAIL_03430,2024-07-19,Tokyo-Ginza,iPhone 15 Pro,2.0,753.4328609446707
RETAIL_03431,2024-12-08,Paris-Opera,iPad Pro,3.0,3996.3395436115143
RETAIL_03432,2024-12-27,London-RegentSt,Vision Pro,5.0,1794.7529902849956
RETAIL_03433,2024-09-08,Tokyo-Ginza,iPhone 15 Pro,7.0,1310.7052220654703
RETAIL_03434,2024-12-01,Paris-Opera,Apple Watch Ultra,6.0,1958.9694617422529
RETAIL_03435,2024-11-06,London-RegentSt,Vision Pro,,483.2377332593369
RETAIL_03436,2024-08-22,NYC-FifthAve,iPad Pro,2.0,2955.5699494248593
RETAIL_03437,2024-10-13,Tokyo-Ginza,Apple Watch Ultra,2.0,18.750960767906918
RETAIL_03438,2024-08-03,NYC-FifthAve,iPhone 15 Pro,3.0,2055.49736857343
RETAIL_03439,2024-08-18,Tokyo-Ginza,Apple Watch Ultra,1.0,3873.720966567106
RETAIL_03440,2024-09-05,NYC-FifthAve,iPad Pro,6.0,3035.6952578638884
RETAIL_03441,2024-11-14,Tokyo-Ginza,iPad Pro,4.0,2994.858948479637
RETAIL_03442,2024-07-09,Sydney-GeorgeSt,AirPods Max,4.0,3737.17911985552
RETAIL_03443,2024-08-14,NYC-FifthAve,Vision Pro,3.0,811.0217727101783
RETAIL_03444,2024-09-26,London-RegentSt,AirPods Max,,1244.2227946131948
RETAIL_03445,2024-07-10,NYC-FifthAve,MacBook Air M3,1.0,3812.666047972237
RETAIL_03446,2024-09-01,London-RegentSt,iPad Pro,7.0,-8.669808642480803
RETAIL_03447,2024-12-07,Tokyo-Ginza,iPad Pro,7.0,3695.6002519705153
RETAIL_03448,2024-11-19,Tokyo-Ginza,AirPods Max,,2982.769010189199
RETAIL_03449,2024-08-20,Tokyo-Ginza,Apple Watch Ultra,1.0,451.92866408829104
RETAIL_03450,2024-10-04,London-RegentSt,Vision Pro,6.0,419.817530505356
RETAIL_03451,2024-11-08,NYC-FifthAve,Vision Pro,9.0,3876.031610780972
RETAIL_03452,2024-09-14,London-RegentSt,iPhone 15 Pro,6.0,1593.9552778188345
RETAIL_03453,2024-08-14,Sydney-GeorgeSt,Vision Pro,3.0,2976.645162840992
RETAIL_03454,2024-12-17,Tokyo-Ginza,AirPods Max,8.0,1733.7337625159112
RETAIL_03455,2024-11-14,NYC-FifthAve,iPhone 15 Pro,3.0,1792.615164041215
RETAIL_03456,2024-10-10,London-RegentSt,MacBook Air M3,2.0,226.3128784873005
RETAIL_03457,2024-07-25,Paris-Opera,Apple Watch Ultra,1.0,29.21475053110123
RETAIL_03458,2024-09-23,NYC-FifthAve,Apple Watch Ultra,9.0,68.61651237497188
RETAIL_03459,2024-09-08,London-RegentSt,Vision Pro,7.0,1550.7235546939119
RETAIL_03460,2024-09-25,Tokyo-Ginza,iPad Pro,9.0,98.78515570663046
RETAIL_03461,2024-12-20,London-RegentSt,iPhone 15 Pro,6.0,3388.4594745570803
RETAIL_03462,2024-12-12,London-RegentSt,Apple Watch Ultra,8.0,3979.662690647915
RETAIL_03463,2024-08-11,Sydney-GeorgeSt,AirPods Max,2.0,635.4513604438125
RETAIL_03464,2024-11-17,London-RegentSt,AirPods Max,3.0,3293.3413200105324
RETAIL_03465,2024-11-25,Sydney-GeorgeSt,iPhone 15 Pro,3.0,1413.4655617000385
RETAIL_03466,2024-09-11,Tokyo-Ginza,MacBook Air M3,3.0,3185.074074263027
RETAIL_03467,2024-07-03,NYC-FifthAve,iPhone 15 Pro,6.0,1834.473354903188
RETAIL_03468,2024-11-19,London-RegentSt,iPhone 15 Pro,8.0,533.4974665898853
RETAIL_03469,2024-09-30,London-RegentSt,iPad Pro,4.0,1471.7860322843933
RETAIL_03470,2024-12-05,Paris-Opera,Apple Watch Ultra,,1483.6358823482944
RETAIL_03471,2024-09-02,London-RegentSt,Apple Watch Ultra,7.0,2357.0749191260065
RETAIL_03472,2024-07-05,Paris-Opera,MacBook Air M3,7.0,1000.5489772250855
RETAIL_03473,2024-11-24,Paris-Opera,Apple Watch Ultra,7.0,3743.783531999151
RETAIL_03474,2024-11-28,London-RegentSt,iPhone 15 Pro,4.0,3512.947636004466
RETAIL_03475,2024-09-23,Sydney-GeorgeSt,AirPods Max,2.0,1479.5477931250996
RETAIL_03476,2024-08-04,London-RegentSt,AirPods Max,1.0,1302.5818784954747
RETAIL_03477,2024-12-24,Tokyo-Ginza,iPad Pro,9.0,2758.318466480989
RETAIL_03478,2024-09-08,Tokyo-Ginza,AirPods Max,7.0,-227.697973964838
RETAIL_03479,2024-11-24,Tokyo-Ginza,Apple Watch Ultra,2.0,1174.4628414283345
RETAIL_03480,2024-09-18,Sydney-GeorgeSt,Vision Pro,8.0,2930.26758060036
RETAIL_03481,2024-09-18,London-RegentSt,MacBook Air M3,6.0,-376.77459147079463
RETAIL_03482,2024-09-10,London-RegentSt,iPad Pro,9.0,1483.4209011346327
RETAIL_03483,2024-10-30,NYC-FifthAve,iPad Pro,,-458.03522311299196
RETAIL_03484,2024-07-28,Tokyo-Ginza,MacBook Air M3,3.0,-73.65439604904742
RETAIL_03485,2024-10-21,Sydney-GeorgeSt,MacBook Air M3,9.0,3986.0205603480817
RETAIL_03486,2024-07-18,Paris-Opera,Vision Pro,9.0,2806.7867088342887
RETAIL_03487,2024-11-20,NYC-FifthAve,iPhone 15 Pro,5.0,2918.770867357075
RETAIL_03488,2024-09-09,NYC-FifthAve,AirPods Max,7.0,222.3466850009553
RETAIL_03489,2024-07-29,Tokyo-Ginza,Apple Watch Ultra,1.0,2281.3785270010335
RETAIL_03490,2024-07-12,London-RegentSt,iPad Pro,6.0,3668.2367050435596
RETAIL_03491,2024-10-20,Paris-Opera,MacBook Air M3,3.0,887.2206221584765
RETAIL_03492,2024-12-04,Sydney-GeorgeSt,Apple Watch Ultra,7.0,748.0092425038397
RETAIL_03493,2024-08-20,London-RegentSt,iPhone 15 Pro,9.0,-280.15719533204975
RETAIL_03494,2024-08-05,Sydney-GeorgeSt,AirPods Max,,3489.18686167559
RETAIL_03495,2024-12-08,London-RegentSt,iPhone 15 Pro,6.0,2555.708908525563
RETAIL_03496,2024-11-23,Sydney-GeorgeSt,Vision Pro,2.0,-425.4013774148531
RETAIL_03497,2024-07-09,London-RegentSt,Vision Pro,5.0,3072.6707868757067
RETAIL_03498,2024-09-21,Sydney-GeorgeSt,AirPods Max,5.0,2067.8635001154694
RETAIL_03499,2024-08-05,Tokyo-Ginza,MacBook Air M3,6.0,3950.9085055716523
RETAIL_03500,2024-07-19,London-RegentSt,iPad Pro,6.0,3222.3736200196695
RETAIL_03501,2024-10-15,Tokyo-Ginza,MacBook Air M3,1.0,625.680594541474
RETAIL_03502,2024-11-21,Sydney-GeorgeSt,Apple Watch Ultra,1.0,3675.812709095375
RETAIL_03503,2024-10-05,NYC-FifthAve,iPhone 15 Pro,8.0,571.6175594984197
RETAIL_03504,2024-08-25,Paris-Opera,AirPods Max,7.0,1739.857732220848
RETAIL_03505,2024-07-25,Paris-Opera,MacBook Air M3,,1416.354483144665
RETAIL_03506,2024-07-18,NYC-FifthAve,MacBook Air M3,7.0,-287.90814140912374
RETAIL_03507,2024-07-11,Sydney-GeorgeSt,iPad Pro,8.0,3822.507507557163
RETAIL_03508,2024-09-12,Sydney-GeorgeSt,MacBook Air M3,5.0,3641.8291691339755
RETAIL_03509,2024-12-21,Sydney-GeorgeSt,AirPods Max,8.0,3255.4880565158705
RETAIL_03510,2024-07-18,Paris-Opera,MacBook Air M3,1.0,1903.0318466589833
RETAIL_03511,2024-11-26,NYC-FifthAve,iPad Pro,9.0,342.83671470087734
RETAIL_03512,2024-07-05,London-RegentSt,MacBook Air M3,4.0,2992.9156027029935
RETAIL_03513,2024-11-02,Paris-Opera,Vision Pro,5.0,3289.068259138969
RETAIL_03514,2024-10-04,London-RegentSt,Vision Pro,6.0,3599.624939729845
RETAIL_03515,2024-09-29,London-RegentSt,AirPods Max,2.0,-434.28063614470454
RETAIL_03516,2024-09-28,NYC-FifthAve,AirPods Max,2.0,2172.968584098581
RETAIL_03517,2024-08-20,London-RegentSt,iPad Pro,7.0,3761.303666232382
RETAIL_03518,2024-10-31,NYC-FifthAve,AirPods Max,8.0,-495.4684937579207
RETAIL_03519,2024-12-25,NYC-FifthAve,Apple Watch Ultra,3.0,1283.8519319933976
RETAIL_03520,2024-08-07,Sydney-GeorgeSt,iPhone 15 Pro,1.0,2555.3781040256786
RETAIL_03521,2024-08-18,Sydney-GeorgeSt,iPad Pro,4.0,2253.3850001764786
RETAIL_03522,2024-08-07,NYC-FifthAve,Apple Watch Ultra,3.0,3751.6593665910596
RETAIL_03523,2024-12-20,Sydney-GeorgeSt,iPhone 15 Pro,4.0,1625.235721307075
RETAIL_03524,2024-12-03,Tokyo-Ginza,Vision Pro,1.0,1214.1312115595472
RETAIL_03525,2024-10-17,Paris-Opera,iPhone 15 Pro,1.0,3693.3285110162133
RETAIL_03526,2024-12-27,Sydney-GeorgeSt,iPad Pro,5.0,3843.9194157353786
RETAIL_03527,2024-08-17,NYC-FifthAve,MacBook Air M3,,-13.698458975917276
RETAIL_03528,2024-10-19,Tokyo-Ginza,MacBook Air M3,1.0,3486.109084697258
RETAIL_03529,2024-11-19,London-RegentSt,iPad Pro,8.0,3585.309967253651
RETAIL_03530,2024-10-26,London-RegentSt,MacBook Air M3,6.0,2636.124453856204
RETAIL_03531,2024-07-28,Tokyo-Ginza,MacBook Air M3,2.0,2119.7210778174745
RETAIL_03532,2024-09-25,Sydney-GeorgeSt,iPhone 15 Pro,5.0,-29.659398378222818
RETAIL_03533,2024-08-07,Tokyo-Ginza,Apple Watch Ultra,2.0,2921.738595479459
RETAIL_03534,2024-08-30,NYC-FifthAve,Vision Pro,1.0,1865.5533362698689
RETAIL_03535,2024-12-02,Sydney-GeorgeSt,iPhone 15 Pro,3.0,892.9203691493042
RETAIL_03536,2024-08-16,London-RegentSt,Vision Pro,4.0,185.23303486455484
RETAIL_03537,2024-11-05,NYC-FifthAve,Apple Watch Ultra,7.0,3365.5012732451673
RETAIL_03538,2024-12-01,Paris-Opera,iPad Pro,7.0,1484.0613615676616
RETAIL_03539,2024-07-23,Sydney-GeorgeSt,iPhone 15 Pro,5.0,715.6672316947465
RETAIL_03540,2024-12-01,Tokyo-Ginza,Apple Watch Ultra,9.0,2842.0616029502567
RETAIL_03541,2024-11-21,London-RegentSt,iPad Pro,2.0,884.8531803166798
RETAIL_03542,2024-08-21,Tokyo-Ginza,Vision Pro,3.0,3123.50478433541
RETAIL_03543,2024-12-07,NYC-FifthAve,iPhone 15 Pro,3.0,596.2011864545168
RETAIL_03544,2024-12-02,Paris-Opera,Vision Pro,2.0,1313.46890055282
RETAIL_03545,2024-12-14,Tokyo-Ginza,MacBook Air M3,8.0,1898.3792721854743
RETAIL_03546,2024-07-01,Tokyo-Ginza,iPhone 15 Pro,9.0,2189.830352160604
RETAIL_03547,2024-10-15,London-RegentSt,iPhone 15 Pro,3.0,3459.103441245496
RETAIL_03548,2024-07-25,NYC-FifthAve,Apple Watch Ultra,5.0,2906.4583999004694
RETAIL_03549,2024-08-04,London-RegentSt,AirPods Max,2.0,3756.084697258385
RETAIL_03550,2024-10-01,Tokyo-Ginza,MacBook Air M3,9.0,32.28991938897104
RETAIL_03551,2024-08-04,Paris-Opera,iPhone 15 Pro,5.0,-384.0631788454422
RETAIL_03552,2024-07-13,Tokyo-Ginza,Vision Pro,7.0,1560.7540064845966
RETAIL_03553,2024-07-19,Tokyo-Ginza,Vision Pro,7.0,1431.5278518982914
RETAIL_03554,2024-09-10,London-RegentSt,AirPods Max,4.0,3498.582931421313
RETAIL_03555,2024-08-05,Tokyo-Ginza,Apple Watch Ultra,9.0,2864.377900238094
RETAIL_03556,2024-08-27,NYC-FifthAve,iPad Pro,1.0,-457.01250522363915
RETAIL_03557,2024-10-22,London-RegentSt,iPhone 15 Pro,5.0,3557.6918437122717
RETAIL_03558,2024-11-10,Paris-Opera,MacBook Air M3,9.0,561.1620628876051
RETAIL_03559,2024-08-09,NYC-FifthAve,Vision Pro,9.0,29.60518568076759
RETAIL_03560,2024-09-10,NYC-FifthAve,iPhone 15 Pro,8.0,1180.7701681537474
RETAIL_03561,2024-12-22,Tokyo-Ginza,AirPods Max,4.0,3629.620974319997
RETAIL_03562,2024-11-12,NYC-FifthAve,Apple Watch Ultra,1.0,284.29653900846733
RETAIL_03563,2024-08-03,NYC-FifthAve,Vision Pro,9.0,124.78020572327978
RETAIL_03564,2024-09-16,Sydney-GeorgeSt,iPad Pro,7.0,2500.670537570625
RETAIL_03565,2024-07-01,Sydney-GeorgeSt,Apple Watch Ultra,3.0,3076.355487138765
RETAIL_03566,2024-10-13,Tokyo-Ginza,AirPods Max,6.0,108.3378192408768
RETAIL_03567,2024-11-05,NYC-FifthAve,Apple Watch Ultra,2.0,-300.45526761712966
RETAIL_03568,2024-12-02,Paris-Opera,AirPods Max,2.0,714.845501264489
RETAIL_03569,2024-07-06,NYC-FifthAve,MacBook Air M3,3.0,2116.2360372464323
RETAIL_03570,2024-12-01,Sydney-GeorgeSt,iPad Pro,6.0,891.3027253192852
RETAIL_03571,2024-10-15,Tokyo-Ginza,Vision Pro,7.0,205.65818262980883
RETAIL_03572,2024-07-11,Tokyo-Ginza,Vision Pro,1.0,3737.289619979756
RETAIL_03573,2024-12-23,Paris-Opera,iPad Pro,6.0,2124.904063305956
RETAIL_03574,2024-10-23,London-RegentSt,iPhone 15 Pro,7.0,-216.853910011018
RETAIL_03575,2024-10-10,Tokyo-Ginza,MacBook Air M3,5.0,2440.4339616795883
RETAIL_03576,2024-11-13,Sydney-GeorgeSt,iPhone 15 Pro,7.0,3040.222010590161
RETAIL_03577,2024-10-29,Sydney-GeorgeSt,Vision Pro,5.0,2732.5179105123025
RETAIL_03578,2024-10-27,London-RegentSt,Apple Watch Ultra,6.0,3912.8645607379594
RETAIL_03579,2024-10-02,London-RegentSt,Vision Pro,6.0,1343.9629874597779
RETAIL_03580,2024-07-24,Sydney-GeorgeSt,AirPods Max,4.0,924.2303892302195
RETAIL_03581,2024-07-21,Sydney-GeorgeSt,iPhone 15 Pro,4.0,1498.5192750354709
RETAIL_03582,2024-11-01,Paris-Opera,Vision Pro,1.0,-307.2442932565734
RETAIL_03583,2024-12-13,NYC-FifthAve,AirPods Max,6.0,105.5695202716638
RETAIL_03584,2024-09-23,Sydney-GeorgeSt,MacBook Air M3,,-297.9273711772971
RETAIL_03585,2024-10-06,London-RegentSt,Apple Watch Ultra,7.0,-60.44417723844822
RETAIL_03586,2024-08-28,Paris-Opera,iPhone 15 Pro,6.0,965.7626802919501
RETAIL_03587,2024-12-16,Sydney-GeorgeSt,AirPods Max,2.0,3977.311541298479
RETAIL_03588,2024-11-29,Tokyo-Ginza,MacBook Air M3,5.0,3948.291574274409
RETAIL_03589,2024-10-24,Sydney-GeorgeSt,Apple Watch Ultra,7.0,1783.9086643023497
RETAIL_03590,2024-10-10,London-RegentSt,AirPods Max,2.0,1393.7652567682305
RETAIL_03591,2024-07-14,Paris-Opera,AirPods Max,7.0,1673.0690918031178
RETAIL_03592,2024-12-26,London-RegentSt,iPad Pro,7.0,1857.2585817379945
RETAIL_03593,2024-07-20,NYC-FifthAve,MacBook Air M3,6.0,3762.339095011871
RETAIL_03594,2024-08-11,Sydney-GeorgeSt,iPhone 15 Pro,3.0,1342.5707388333383
RETAIL_03595,2024-07-23,Sydney-GeorgeSt,Vision Pro,3.0,233.96525241177767
RETAIL_03596,2024-10-06,NYC-FifthAve,Apple Watch Ultra,1.0,3984.0700648867796
RETAIL_03597,2024-08-10,Sydney-GeorgeSt,iPad Pro,6.0,2373.5956905206267
RETAIL_03598,2024-08-06,Tokyo-Ginza,iPad Pro,5.0,259.37591900384734
RETAIL_03599,2024-11-15,Paris-Opera,MacBook Air M3,5.0,3526.3357432738526
RETAIL_03600,2024-12-25,Paris-Opera,iPhone 15 Pro,2.0,1577.2045895217443
RETAIL_03601,2024-12-11,NYC-FifthAve,iPad Pro,3.0,752.4249718530771
RETAIL_03602,2024-07-25,Tokyo-Ginza,Vision Pro,3.0,240.23212617469107
RETAIL_03603,2024-10-18,NYC-FifthAve,iPad Pro,8.0,1236.6536645000301
RETAIL_03604,2024-08-16,London-RegentSt,iPad Pro,4.0,2348.0792670356564
RETAIL_03605,2024-09-02,Tokyo-Ginza,Apple Watch Ultra,5.0,2496.4471521671835
RETAIL_03606,2024-12-07,Sydney-GeorgeSt,AirPods Max,4.0,-298.5571157759762
RETAIL_03607,2024-11-24,NYC-FifthAve,iPhone 15 Pro,4.0,2106.8749238568626
RETAIL_03608,2024-11-01,NYC-FifthAve,Apple Watch Ultra,4.0,3794.087619232222
RETAIL_03609,2024-12-22,Sydney-GeorgeSt,Vision Pro,8.0,458.6447114361599
RETAIL_03610,2024-09-16,Sydney-GeorgeSt,Apple Watch Ultra,5.0,-197.87018204830855
RETAIL_03611,2024-10-14,Tokyo-Ginza,iPad Pro,9.0,1920.3066835326895
RETAIL_03612,2024-10-08,Paris-Opera,iPad Pro,5.0,2620.3092118001796
RETAIL_03613,2024-11-29,Sydney-GeorgeSt,MacBook Air M3,1.0,2460.7646741989993
RETAIL_03614,2024-09-06,Tokyo-Ginza,iPhone 15 Pro,4.0,-103.46444001728042
RETAIL_03615,2024-08-07,London-RegentSt,AirPods Max,3.0,-280.9910355719008
RETAIL_03616,2024-12-04,NYC-FifthAve,Vision Pro,2.0,1953.2526168071026
RETAIL_03617,2024-10-09,Tokyo-Ginza,Apple Watch Ultra,9.0,173.31737437904997
RETAIL_03618,2024-07-06,NYC-FifthAve,Vision Pro,6.0,1178.445495419467
RETAIL_03619,2024-10-13,NYC-FifthAve,iPad Pro,7.0,2055.10360197698
RETAIL_03620,2024-08-12,Paris-Opera,Vision Pro,2.0,1760.8086133409697
RETAIL_03621,2024-11-10,Paris-Opera,AirPods Max,4.0,2957.1740145643184
RETAIL_03622,2024-07-07,Paris-Opera,Vision Pro,1.0,-79.72700202749627
RETAIL_03623,2024-08-20,Tokyo-Ginza,Vision Pro,5.0,147.660186274102
RETAIL_03624,2024-12-25,Tokyo-Ginza,MacBook Air M3,8.0,2735.959031364342
RETAIL_03625,2024-07-12,London-RegentSt,MacBook Air M3,3.0,3963.8686124435217
RETAIL_03626,2024-08-26,NYC-FifthAve,AirPods Max,3.0,1497.3866251917284
RETAIL_03627,2024-11-21,London-RegentSt,iPad Pro,,1113.884554690055
RETAIL_03628,2024-11-03,Tokyo-Ginza,AirPods Max,8.0,2898.8326873842307
RETAIL_03629,2024-08-12,Paris-Opera,Apple Watch Ultra,6.0,1782.6932181555458
RETAIL_03630,2024-11-06,Sydney-GeorgeSt,AirPods Max,9.0,3653.039545219319
RETAIL_03631,2024-10-22,Tokyo-Ginza,Vision Pro,8.0,291.8134913384448
RETAIL_03632,2024-11-14,Tokyo-Ginza,Vision Pro,5.0,246.25083777291434
RETAIL_03633,2024-09-18,Tokyo-Ginza,MacBook Air M3,7.0,-216.3701620792629
RETAIL_03634,2024-08-17,Sydney-GeorgeSt,Vision Pro,3.0,3086.0620748241563
RETAIL_03635,2024-10-11,Tokyo-Ginza,iPhone 15 Pro,6.0,946.3089624602994
RETAIL_03636,2024-09-29,Tokyo-Ginza,AirPods Max,1.0,3430.0213863744343
RETAIL_03637,2024-10-28,London-RegentSt,iPhone 15 Pro,8.0,750.255456437578
RETAIL_03638,2024-08-30,Sydney-GeorgeSt,Vision Pro,2.0,1743.334658137791
RETAIL_03639,2024-12-02,Sydney-GeorgeSt,MacBook Air M3,5.0,3854.6797661715727
RETAIL_03640,2024-07-18,NYC-FifthAve,Apple Watch Ultra,,1269.9593999203717
RETAIL_03641,2024-12-14,London-RegentSt,iPhone 15 Pro,1.0,725.0335396417829
RETAIL_03642,2024-11-19,London-RegentSt,MacBook Air M3,4.0,3472.7772015350856
RETAIL_03643,2024-10-05,Sydney-GeorgeSt,MacBook Air M3,,1999.406890399482
RETAIL_03644,2024-09-08,Paris-Opera,iPad Pro,1.0,2354.295936196126
RETAIL_03645,2024-07-27,NYC-FifthAve,Apple Watch Ultra,6.0,3893.1887762962624
RETAIL_03646,2024-08-30,London-RegentSt,iPad Pro,4.0,3762.0094794539846
RETAIL_03647,2024-12-15,NYC-FifthAve,AirPods Max,2.0,2006.3433659495968
RETAIL_03648,2024-09-17,Tokyo-Ginza,AirPods Max,7.0,2232.2884914805354
RETAIL_03649,2024-12-15,London-RegentSt,iPad Pro,8.0,3953.8036853905087
RETAIL_03650,2024-08-18,Tokyo-Ginza,Vision Pro,8.0,-64.86118813824834
RETAIL_03651,2024-10-27,Tokyo-Ginza,MacBook Air M3,8.0,1930.652781178469
RETAIL_03652,2024-12-08,Paris-Opera,MacBook Air M3,9.0,2834.0105836807
RETAIL_03653,2024-11-10,Sydney-GeorgeSt,Vision Pro,3.0,3600.9243750372634
RETAIL_03654,2024-11-14,London-RegentSt,AirPods Max,1.0,2065.550788108824
RETAIL_03655,2024-07-28,Paris-Opera,iPad Pro,,3946.778046527261
RETAIL_03656,2024-09-19,Tokyo-Ginza,iPad Pro,5.0,2950.291257778001
RETAIL_03657,2024-10-17,NYC-FifthAve,MacBook Air M3,8.0,-468.6082912172294
RETAIL_03658,2024-12-21,Paris-Opera,MacBook Air M3,8.0,592.55944611988
RETAIL_03659,2024-10-29,Sydney-GeorgeSt,AirPods Max,5.0,3573.8574933215696
RETAIL_03660,2024-07-28,Sydney-GeorgeSt,Apple Watch Ultra,5.0,2410.7512913751716
RETAIL_03661,2024-11-26,Tokyo-Ginza,Vision Pro,1.0,754.610884653104
RETAIL_03662,2024-09-14,London-RegentSt,Apple Watch Ultra,5.0,1934.4947484538443
RETAIL_03663,2024-10-06,NYC-FifthAve,iPhone 15 Pro,3.0,1741.5265916776038
RETAIL_03664,2024-07-06,Paris-Opera,Vision Pro,5.0,3228.3824820255036
RETAIL_03665,2024-09-18,Tokyo-Ginza,AirPods Max,9.0,3228.139480104475
RETAIL_03666,2024-07-27,Paris-Opera,iPad Pro,6.0,1737.5362328483338
RETAIL_03667,2024-08-24,Sydney-GeorgeSt,Vision Pro,3.0,3762.3129242184914
RETAIL_03668,2024-08-22,NYC-FifthAve,AirPods Max,2.0,503.08712243270725
RETAIL_03669,2024-07-08,Tokyo-Ginza,MacBook Air M3,1.0,3765.6856742545206
RETAIL_03670,2024-07-21,Sydney-GeorgeSt,AirPods Max,,1070.0071242987556
RETAIL_03671,2024-09-26,Paris-Opera,Vision Pro,3.0,3977.4668138713205
RETAIL_03672,2024-09-20,London-RegentSt,MacBook Air M3,1.0,1457.2720690365168
RETAIL_03673,2024-12-05,NYC-FifthAve,iPhone 15 Pro,9.0,292.6910427338445
RETAIL_03674,2024-10-16,Paris-Opera,iPad Pro,8.0,2849.989207947539
RETAIL_03675,2024-07-28,Paris-Opera,iPad Pro,2.0,2796.1934615742966
RETAIL_03676,2024-07-09,Paris-Opera,MacBook Air M3,4.0,1236.166261638269
RETAIL_03677,2024-09-03,Paris-Opera,Vision Pro,2.0,-300.36090851032907
RETAIL_03678,2024-12-27,Tokyo-Ginza,Apple Watch Ultra,9.0,3778.5132616670926
RETAIL_03679,2024-08-12,Paris-Opera,Vision Pro,6.0,1476.0003730026478
RETAIL_03680,2024-07-09,London-RegentSt,iPhone 15 Pro,7.0,2084.2335410146843
RETAIL_03681,2024-09-07,Tokyo-Ginza,iPad Pro,1.0,-322.2528385759339
RETAIL_03682,2024-09-22,Paris-Opera,AirPods Max,2.0,730.3845061279617
RETAIL_03683,2024-09-22,NYC-FifthAve,iPhone 15 Pro,9.0,1181.6092534350296
RETAIL_03684,2024-11-12,London-RegentSt,Apple Watch Ultra,7.0,2440.5669452372626
RETAIL_03685,2024-09-05,Tokyo-Ginza,MacBook Air M3,4.0,3102.08854546251
RETAIL_03686,2024-12-26,Paris-Opera,Vision Pro,4.0,1441.8762980506838
RETAIL_03687,2024-09-30,Paris-Opera,AirPods Max,5.0,358.86139547018195
RETAIL_03688,2024-11-25,Paris-Opera,AirPods Max,5.0,540.5729601963355
RETAIL_03689,2024-10-04,Sydney-GeorgeSt,iPhone 15 Pro,1.0,-63.148712432277875
RETAIL_03690,2024-09-30,London-RegentSt,MacBook Air M3,3.0,20.96965657561475
RETAIL_03691,2024-09-30,Paris-Opera,AirPods Max,2.0,1971.2996145807765
RETAIL_03692,2024-10-15,Tokyo-Ginza,Apple Watch Ultra,9.0,1796.9954036301651
RETAIL_03693,2024-12-18,NYC-FifthAve,AirPods Max,7.0,2851.254361427383
RETAIL_03694,2024-12-08,Paris-Opera,Apple Watch Ultra,5.0,1045.4808020880323
RETAIL_03695,2024-07-22,Tokyo-Ginza,iPad Pro,4.0,638.9568599174836
RETAIL_03696,2024-11-30,Tokyo-Ginza,MacBook Air M3,,1541.3887731066793
RETAIL_03697,2024-10-11,Paris-Opera,iPad Pro,7.0,752.9787097181302
RETAIL_03698,2024-09-30,Paris-Opera,iPhone 15 Pro,3.0,2390.2767860150493
RETAIL_03699,2024-07-09,Sydney-GeorgeSt,iPad Pro,9.0,2927.439930783112
RETAIL_03700,2024-08-16,Paris-Opera,Vision Pro,2.0,3243.291533699023
RETAIL_03701,2024-10-29,NYC-FifthAve,Apple Watch Ultra,,1179.8024764278623
RETAIL_03702,2024-08-12,Paris-Opera,Apple Watch Ultra,9.0,2923.222670585825
RETAIL_03703,2024-08-12,London-RegentSt,AirPods Max,2.0,2944.494618020433
RETAIL_03704,2024-09-07,London-RegentSt,AirPods Max,7.0,203.40549935904244
RETAIL_03705,2024-10-29,Sydney-GeorgeSt,Vision Pro,6.0,275.5088425860389
RETAIL_03706,2024-09-23,NYC-FifthAve,AirPods Max,4.0,3646.3938507936027
RETAIL_03707,2024-10-30,Tokyo-Ginza,Apple Watch Ultra,2.0,3995.43067816228
RETAIL_03708,2024-12-13,London-RegentSt,Vision Pro,2.0,3739.945764350041
RETAIL_03709,2024-12-07,NYC-FifthAve,MacBook Air M3,7.0,124.83381302590863
RETAIL_03710,2024-08-28,Paris-Opera,Apple Watch Ultra,3.0,1156.4064804394852
RETAIL_03711,2024-12-23,London-RegentSt,AirPods Max,4.0,1600.4595003954887
RETAIL_03712,2024-12-10,London-RegentSt,AirPods Max,5.0,3891.7090608245253
RETAIL_03713,2024-11-18,Sydney-GeorgeSt,AirPods Max,1.0,3233.220647024515
RETAIL_03714,2024-11-18,Paris-Opera,AirPods Max,4.0,349.3930146221694
RETAIL_03715,2024-09-07,Sydney-GeorgeSt,MacBook Air M3,5.0,556.1825006220431
RETAIL_03716,2024-08-23,Sydney-GeorgeSt,AirPods Max,2.0,822.876778054417
RETAIL_03717,2024-09-25,London-RegentSt,Vision Pro,7.0,-16.446442385142404
RETAIL_03718,2024-10-21,Sydney-GeorgeSt,MacBook Air M3,8.0,3340.18277261333
RETAIL_03719,2024-12-11,Paris-Opera,MacBook Air M3,9.0,1750.11408653213
RETAIL_03720,2024-10-06,London-RegentSt,Vision Pro,7.0,2276.109360863059
RETAIL_03721,2024-11-21,Tokyo-Ginza,AirPods Max,1.0,2189.3909672469404
RETAIL_03722,2024-12-25,London-RegentSt,Apple Watch Ultra,9.0,3960.8458540539405
RETAIL_03723,2024-09-24,NYC-FifthAve,Apple Watch Ultra,2.0,1567.2451499681902
RETAIL_03724,2024-08-14,NYC-FifthAve,MacBook Air M3,1.0,126.61228153392608
RETAIL_03725,2024-10-29,Sydney-GeorgeSt,AirPods Max,7.0,2897.2388632645466
RETAIL_03726,2024-09-13,Tokyo-Ginza,AirPods Max,5.0,-5.512110425583671
RETAIL_03727,2024-11-01,NYC-FifthAve,Vision Pro,7.0,2570.808604929387
RETAIL_03728,2024-07-23,Sydney-GeorgeSt,iPad Pro,5.0,3385.279604846965
RETAIL_03729,2024-10-12,London-RegentSt,iPhone 15 Pro,7.0,728.5896464629909
RETAIL_03730,2024-09-20,Paris-Opera,Vision Pro,1.0,1808.9931858447535
RETAIL_03731,2024-10-29,London-RegentSt,iPad Pro,2.0,-314.70621010787454
RETAIL_03732,2024-11-07,NYC-FifthAve,Vision Pro,6.0,1428.2056104305912
RETAIL_03733,2024-08-27,London-RegentSt,iPad Pro,5.0,3204.849584765848
RETAIL_03734,2024-09-04,Tokyo-Ginza,Vision Pro,2.0,-199.16260895255556
RETAIL_03735,2024-07-10,Paris-Opera,MacBook Air M3,3.0,-109.02821479332766
RETAIL_03736,2024-10-11,NYC-FifthAve,iPad Pro,3.0,3391.840723642469
RETAIL_03737,2024-12-12,Tokyo-Ginza,iPad Pro,3.0,3186.8514584742775
RETAIL_03738,2024-08-11,Sydney-GeorgeSt,MacBook Air M3,5.0,2016.6890266847136
RETAIL_03739,2024-07-30,Paris-Opera,Vision Pro,7.0,1971.808826439753
RETAIL_03740,2024-10-19,NYC-FifthAve,Vision Pro,1.0,466.28357002921814
RETAIL_03741,2024-08-28,Paris-Opera,iPhone 15 Pro,1.0,-257.7288111487252
RETAIL_03742,2024-10-14,Sydney-GeorgeSt,Vision Pro,8.0,3118.986635238047
RETAIL_03743,2024-09-09,London-RegentSt,iPhone 15 Pro,1.0,2930.425644896201
RETAIL_03744,2024-11-09,NYC-FifthAve,Apple Watch Ultra,1.0,2448.210852807465
RETAIL_03745,2024-11-23,Paris-Opera,MacBook Air M3,8.0,1120.4011210644937
RETAIL_03746,2024-07-13,Paris-Opera,Vision Pro,9.0,-226.15516738407666
RETAIL_03747,2024-07-23,Sydney-GeorgeSt,iPad Pro,5.0,-69.27518997788792
RETAIL_03748,2024-07-02,Paris-Opera,iPad Pro,2.0,2167.320127769753
RETAIL_03749,2024-09-15,Paris-Opera,AirPods Max,5.0,3466.7450405661602
RETAIL_03750,2024-07-26,London-RegentSt,AirPods Max,3.0,1835.9566249005002
RETAIL_03751,2024-07-09,London-RegentSt,Vision Pro,4.0,2439.8514915841074
RETAIL_03752,2024-08-02,Paris-Opera,Vision Pro,3.0,1143.4843937081553
RETAIL_03753,2024-08-19,NYC-FifthAve,Vision Pro,7.0,3588.136897286841
RETAIL_03754,2024-08-21,Tokyo-Ginza,iPhone 15 Pro,9.0,2689.6358881807805
RETAIL_03755,2024-07-22,London-RegentSt,AirPods Max,3.0,-315.4838180469523
RETAIL_03756,2024-09-10,Tokyo-Ginza,iPhone 15 Pro,7.0,-434.3592908352757
RETAIL_03757,2024-07-22,London-RegentSt,AirPods Max,9.0,421.36277780631826
RETAIL_03758,2024-09-03,London-RegentSt,AirPods Max,4.0,858.6595952103967
RETAIL_03759,2024-11-22,Sydney-GeorgeSt,iPhone 15 Pro,1.0,3423.53243216567
RETAIL_03760,2024-10-16,NYC-FifthAve,MacBook Air M3,6.0,182.77402972395203
RETAIL_03761,2024-08-25,Sydney-GeorgeSt,iPhone 15 Pro,6.0,1841.7836493258442
RETAIL_03762,2024-07-04,Sydney-GeorgeSt,AirPods Max,2.0,3896.2702529856406
RETAIL_03763,2024-07-09,Tokyo-Ginza,iPhone 15 Pro,5.0,3475.677721267539
RETAIL_03764,2024-07-27,Tokyo-Ginza,Vision Pro,7.0,1089.9225437278665
RETAIL_03765,2024-09-09,Sydney-GeorgeSt,Apple Watch Ultra,2.0,1679.9799431427964
RETAIL_03766,2024-11-09,Sydney-GeorgeSt,Apple Watch Ultra,9.0,972.4711594301596
RETAIL_03767,2024-09-01,London-RegentSt,Vision Pro,4.0,2666.235226315384
RETAIL_03768,2024-08-23,Sydney-GeorgeSt,iPhone 15 Pro,1.0,2447.083966156154
RETAIL_03769,2024-11-18,Paris-Opera,Apple Watch Ultra,2.0,63.837371618381894
RETAIL_03770,2024-09-20,Tokyo-Ginza,iPad Pro,9.0,2595.210376321854
RETAIL_03771,2024-12-25,London-RegentSt,AirPods Max,6.0,2831.635291179677
RETAIL_03772,2024-07-06,Sydney-GeorgeSt,iPad Pro,6.0,457.42348579972065
RETAIL_03773,2024-09-16,NYC-FifthAve,iPad Pro,3.0,3341.892229803275
RETAIL_03774,2024-10-24,London-RegentSt,AirPods Max,7.0,2778.695642206331
RETAIL_03775,2024-09-03,London-RegentSt,Apple Watch Ultra,7.0,1707.1063495196072
RETAIL_03776,2024-08-13,London-RegentSt,iPhone 15 Pro,4.0,1935.728710250432
RETAIL_03777,2024-09-07,NYC-FifthAve,AirPods Max,5.0,3731.4240703287705
RETAIL_03778,2024-11-27,NYC-FifthAve,Vision Pro,5.0,3365.0824111255192
RETAIL_03779,2024-11-25,Paris-Opera,AirPods Max,1.0,1149.0156066383943
RETAIL_03780,2024-07-24,Sydney-GeorgeSt,Apple Watch Ultra,1.0,3811.0248358949893
RETAIL_03781,2024-09-07,Tokyo-Ginza,Apple Watch Ultra,7.0,250.95929317897992
RETAIL_03782,2024-08-25,NYC-FifthAve,AirPods Max,3.0,3456.770428432815
RETAIL_03783,2024-09-17,Sydney-GeorgeSt,Vision Pro,5.0,-312.072763428343
RETAIL_03784,2024-07-16,NYC-FifthAve,Apple Watch Ultra,6.0,2480.252355617319
RETAIL_03785,2024-09-28,Sydney-GeorgeSt,MacBook Air M3,8.0,1303.5011389960346
RETAIL_03786,2024-07-23,NYC-FifthAve,Vision Pro,8.0,1341.475733288005
RETAIL_03787,2024-12-23,NYC-FifthAve,Vision Pro,2.0,1745.7876172003812
RETAIL_03788,2024-09-30,NYC-FifthAve,iPhone 15 Pro,8.0,-165.98330859317997
RETAIL_03789,2024-08-02,London-RegentSt,Vision Pro,7.0,892.6468011378961
RETAIL_03790,2024-09-11,NYC-FifthAve,Vision Pro,5.0,318.27347386689553
RETAIL_03791,2024-07-24,Sydney-GeorgeSt,MacBook Air M3,8.0,2135.7489883375297
RETAIL_03792,2024-09-13,Tokyo-Ginza,AirPods Max,9.0,3891.595721166732
RETAIL_03793,2024-08-29,Tokyo-Ginza,Apple Watch Ultra,7.0,594.8143456732628
RETAIL_03794,2024-11-01,Sydney-GeorgeSt,MacBook Air M3,2.0,3171.8005708803744
RETAIL_03795,2024-07-26,Sydney-GeorgeSt,Vision Pro,5.0,2212.2667545577324
RETAIL_03796,2024-09-20,Tokyo-Ginza,Vision Pro,4.0,-202.27576493764423
RETAIL_03797,2024-12-04,London-RegentSt,AirPods Max,5.0,1085.6093304980132
RETAIL_03798,2024-07-24,Tokyo-Ginza,iPhone 15 Pro,2.0,-198.10644274326052
RETAIL_03799,2024-09-27,Sydney-GeorgeSt,iPhone 15 Pro,5.0,78.85827354549735
RETAIL_03800,2024-10-19,London-RegentSt,Apple Watch Ultra,,1791.170928649764
RETAIL_03801,2024-12-19,London-RegentSt,Vision Pro,5.0,1972.4957045148972
RETAIL_03802,2024-10-09,London-RegentSt,iPhone 15 Pro,9.0,2010.995810551131
RETAIL_03803,2024-08-27,NYC-FifthAve,iPhone 15 Pro,1.0,-465.122296104906
RETAIL_03804,2024-07-03,Sydney-GeorgeSt,MacBook Air M3,3.0,2348.716550545558
RETAIL_03805,2024-09-28,London-RegentSt,iPhone 15 Pro,8.0,1026.4600682148985
RETAIL_03806,2024-07-12,Paris-Opera,MacBook Air M3,,-484.29452366643096
RETAIL_03807,2024-07-09,Sydney-GeorgeSt,AirPods Max,,711.8778051194429
RETAIL_03808,2024-10-31,Paris-Opera,Vision Pro,3.0,3101.1379655573787
RETAIL_03809,2024-11-25,Paris-Opera,Apple Watch Ultra,7.0,-479.34703853125137
RETAIL_03810,2024-11-20,NYC-FifthAve,iPad Pro,6.0,463.6329741217694
RETAIL_03811,2024-12-10,Sydney-GeorgeSt,Vision Pro,3.0,3315.8670086096636
RETAIL_03812,2024-11-05,NYC-FifthAve,Apple Watch Ultra,4.0,3246.2157095343105
RETAIL_03813,2024-12-11,Sydney-GeorgeSt,MacBook Air M3,8.0,2833.8838590891205
RETAIL_03814,2024-10-23,Paris-Opera,Vision Pro,3.0,3057.6386975318983
RETAIL_03815,2024-07-13,Sydney-GeorgeSt,MacBook Air M3,1.0,1835.8206711412772
RETAIL_03816,2024-08-01,NYC-FifthAve,iPad Pro,7.0,396.15613597385607
RETAIL_03817,2024-12-04,Tokyo-Ginza,iPad Pro,2.0,2889.649263790424
RETAIL_03818,2024-07-19,Sydney-GeorgeSt,iPhone 15 Pro,2.0,3546.7703827346195
RETAIL_03819,2024-08-19,Sydney-GeorgeSt,iPhone 15 Pro,3.0,3110.942299051454
RETAIL_03820,2024-12-21,Tokyo-Ginza,iPad Pro,8.0,911.8920358400949
RETAIL_03821,2024-12-27,Paris-Opera,iPhone 15 Pro,6.0,3009.4157105660875
RETAIL_03822,2024-09-26,Tokyo-Ginza,iPad Pro,1.0,3217.2739518424373
RETAIL_03823,2024-12-19,Tokyo-Ginza,Vision Pro,7.0,1583.147413467244
RETAIL_03824,2024-08-20,NYC-FifthAve,Apple Watch Ultra,5.0,1940.8751182011647
RETAIL_03825,2024-12-04,Sydney-GeorgeSt,MacBook Air M3,6.0,-167.69073513653638
RETAIL_03826,2024-10-22,Paris-Opera,Vision Pro,3.0,-296.4861811503987
RETAIL_03827,2024-12-16,Tokyo-Ginza,MacBook Air M3,9.0,1695.6676509567465
RETAIL_03828,2024-09-12,Sydney-GeorgeSt,Vision Pro,4.0,701.9616973405937
RETAIL_03829,2024-10-12,London-RegentSt,Apple Watch Ultra,5.0,231.725216860018
RETAIL_03830,2024-10-31,Sydney-GeorgeSt,MacBook Air M3,1.0,2230.400565138571
RETAIL_03831,2024-08-13,Sydney-GeorgeSt,MacBook Air M3,2.0,476.4458402451854
RETAIL_03832,2024-12-03,NYC-FifthAve,AirPods Max,5.0,-171.5198034779172
RETAIL_03833,2024-10-30,London-RegentSt,AirPods Max,1.0,3909.47827898544
RETAIL_03834,2024-07-11,Tokyo-Ginza,iPad Pro,5.0,1562.0863851120434
RETAIL_03835,2024-12-23,NYC-FifthAve,AirPods Max,8.0,645.7720757553857
RETAIL_03836,2024-11-27,Sydney-GeorgeSt,iPhone 15 Pro,9.0,3535.2156237386125
RETAIL_03837,2024-10-25,NYC-FifthAve,iPad Pro,7.0,181.63645697571872
RETAIL_03838,2024-11-14,London-RegentSt,Vision Pro,9.0,1599.6709496832527
RETAIL_03839,2024-07-27,Sydney-GeorgeSt,iPad Pro,6.0,1973.7076163882343
RETAIL_03840,2024-07-08,Tokyo-Ginza,Apple Watch Ultra,,-129.48583619565295
RETAIL_03841,2024-12-15,Tokyo-Ginza,AirPods Max,5.0,2425.501886980726
RETAIL_03842,2024-11-30,Sydney-GeorgeSt,iPhone 15 Pro,3.0,2863.3425787740084
RETAIL_03843,2024-12-21,NYC-FifthAve,Apple Watch Ultra,5.0,1147.3123989945716
RETAIL_03844,2024-08-23,Paris-Opera,Apple Watch Ultra,8.0,3516.2324383519335
RETAIL_03845,2024-11-29,Sydney-GeorgeSt,MacBook Air M3,4.0,942.6202457017864
RETAIL_03846,2024-12-01,London-RegentSt,MacBook Air M3,4.0,1870.757917544457
RETAIL_03847,2024-08-06,Paris-Opera,iPad Pro,7.0,3174.0663282709384
RETAIL_03848,2024-12-27,Sydney-GeorgeSt,Vision Pro,6.0,2403.229141938194
RETAIL_03849,2024-08-22,Sydney-GeorgeSt,Vision Pro,5.0,2273.64054163376
RETAIL_03850,2024-10-27,NYC-FifthAve,MacBook Air M3,6.0,2273.5174283081924
RETAIL_03851,2024-10-30,London-RegentSt,Apple Watch Ultra,6.0,559.7377832023153
RETAIL_03852,2024-10-15,NYC-FifthAve,AirPods Max,6.0,3790.6569601716783
RETAIL_03853,2024-10-14,Sydney-GeorgeSt,AirPods Max,4.0,1642.6933236080122
RETAIL_03854,2024-08-09,London-RegentSt,Apple Watch Ultra,7.0,3641.184665628988
RETAIL_03855,2024-10-01,Paris-Opera,iPhone 15 Pro,7.0,-241.9935789987033
RETAIL_03856,2024-11-24,NYC-FifthAve,iPad Pro,9.0,2611.2850802633952
RETAIL_03857,2024-10-11,NYC-FifthAve,AirPods Max,3.0,613.6843666318489
RETAIL_03858,2024-12-20,London-RegentSt,Apple Watch Ultra,4.0,2795.3898581832436
RETAIL_03859,2024-09-18,Tokyo-Ginza,iPad Pro,2.0,-425.66174780017167
RETAIL_03860,2024-07-19,Tokyo-Ginza,Apple Watch Ultra,6.0,3544.505748626051
RETAIL_03861,2024-08-31,Tokyo-Ginza,Apple Watch Ultra,7.0,57.33438353421468
RETAIL_03862,2024-10-05,Tokyo-Ginza,iPad Pro,6.0,357.3603806194277
RETAIL_03863,2024-07-25,Sydney-GeorgeSt,Vision Pro,4.0,2218.3990947898346
RETAIL_03864,2024-10-18,Paris-Opera,iPad Pro,4.0,2071.3099397134138
RETAIL_03865,2024-07-28,Sydney-GeorgeSt,Apple Watch Ultra,1.0,606.9985067692824
RETAIL_03866,2024-07-09,Sydney-GeorgeSt,Vision Pro,6.0,2580.7856193367234
RETAIL_03867,2024-07-05,Paris-Opera,Apple Watch Ultra,5.0,1964.9258044723142
RETAIL_03868,2024-08-18,London-RegentSt,iPad Pro,,3663.804256645398
RETAIL_03869,2024-07-03,Tokyo-Ginza,Vision Pro,7.0,-158.56088102008624
RETAIL_03870,2024-09-25,Paris-Opera,Vision Pro,6.0,3399.2369889032448
RETAIL_03871,2024-09-01,Paris-Opera,iPad Pro,7.0,458.010426622493
RETAIL_03872,2024-09-13,Paris-Opera,AirPods Max,5.0,2101.0847833116095
RETAIL_03873,2024-10-17,Tokyo-Ginza,iPad Pro,,-98.74758101681346
RETAIL_03874,2024-10-05,London-RegentSt,Apple Watch Ultra,3.0,1243.3170283128782
RETAIL_03875,2024-08-08,Paris-Opera,MacBook Air M3,7.0,2522.918552819891
RETAIL_03876,2024-12-18,Tokyo-Ginza,Apple Watch Ultra,7.0,2837.803127804478
RETAIL_03877,2024-12-09,Paris-Opera,iPad Pro,2.0,3110.007694032148
RETAIL_03878,2024-08-10,NYC-FifthAve,MacBook Air M3,1.0,694.9195454774524
RETAIL_03879,2024-08-02,Sydney-GeorgeSt,Apple Watch Ultra,3.0,475.065529562326
RETAIL_03880,2024-08-08,Tokyo-Ginza,AirPods Max,8.0,3995.994915892905
RETAIL_03881,2024-07-19,Sydney-GeorgeSt,Vision Pro,9.0,982.5963423001965
RETAIL_03882,2024-09-05,NYC-FifthAve,AirPods Max,3.0,-116.81941617094009
RETAIL_03883,2024-10-21,NYC-FifthAve,Apple Watch Ultra,2.0,2588.9630959273672
RETAIL_03884,2024-10-09,London-RegentSt,MacBook Air M3,8.0,1146.0663332511792
RETAIL_03885,2024-10-31,London-RegentSt,Vision Pro,5.0,41.55002470820364
RETAIL_03886,2024-07-01,NYC-FifthAve,Apple Watch Ultra,1.0,-404.95321036520545
RETAIL_03887,2024-08-28,NYC-FifthAve,AirPods Max,5.0,513.7293212473189
RETAIL_03888,2024-09-23,Paris-Opera,AirPods Max,6.0,818.4828105193708
RETAIL_03889,2024-08-03,London-RegentSt,iPhone 15 Pro,1.0,-3.7021093410033927
RETAIL_03890,2024-07-08,NYC-FifthAve,Vision Pro,8.0,2393.059486694134
RETAIL_03891,2024-09-04,Paris-Opera,Apple Watch Ultra,3.0,-463.19581853292414
RETAIL_03892,2024-07-08,Paris-Opera,iPhone 15 Pro,9.0,3769.409503987791
RETAIL_03893,2024-12-01,Paris-Opera,iPad Pro,9.0,2663.540113206457
RETAIL_03894,2024-08-23,London-RegentSt,Apple Watch Ultra,4.0,1977.862060063279
RETAIL_03895,2024-10-14,Tokyo-Ginza,MacBook Air M3,2.0,2316.340779023579
RETAIL_03896,2024-11-10,Sydney-GeorgeSt,iPad Pro,6.0,1940.0872281411202
RETAIL_03897,2024-08-18,Tokyo-Ginza,Vision Pro,,3711.4234377019093
RETAIL_03898,2024-08-14,Tokyo-Ginza,iPhone 15 Pro,7.0,1851.9669534836867
RETAIL_03899,2024-07-22,Sydney-GeorgeSt,Vision Pro,6.0,1736.799366062461
RETAIL_03900,2024-10-18,Tokyo-Ginza,Vision Pro,6.0,2970.187102364809
RETAIL_03901,2024-10-15,NYC-FifthAve,Apple Watch Ultra,7.0,2241.484103212085
RETAIL_03902,2024-08-03,Tokyo-Ginza,Apple Watch Ultra,9.0,3328.1367309652724
RETAIL_03903,2024-12-08,Tokyo-Ginza,AirPods Max,8.0,887.2483827506924
RETAIL_03904,2024-07-04,Paris-Opera,Apple Watch Ultra,1.0,2287.2431018618568
RETAIL_03905,2024-08-17,Paris-Opera,iPhone 15 Pro,6.0,2958.637022376718
RETAIL_03906,2024-07-09,Sydney-GeorgeSt,Apple Watch Ultra,9.0,3973.2308213168553
RETAIL_03907,2024-08-05,NYC-FifthAve,iPad Pro,3.0,-97.65162170996831
RETAIL_03908,2024-11-06,NYC-FifthAve,iPhone 15 Pro,9.0,-121.22065127910167
RETAIL_03909,2024-07-25,NYC-FifthAve,Vision Pro,4.0,2344.935544573948
RETAIL_03910,2024-11-17,Paris-Opera,Vision Pro,5.0,3052.654988309436
RETAIL_03911,2024-08-01,Tokyo-Ginza,AirPods Max,5.0,-234.54116732856733
RETAIL_03912,2024-07-04,London-RegentSt,Apple Watch Ultra,,1980.8873553920257
RETAIL_03913,2024-12-14,NYC-FifthAve,Apple Watch Ultra,4.0,2034.1382296473516
RETAIL_03914,2024-11-04,NYC-FifthAve,iPad Pro,4.0,988.9538507164029
RETAIL_03915,2024-07-21,Paris-Opera,Apple Watch Ultra,4.0,2516.237301967161
RETAIL_03916,2024-08-13,Tokyo-Ginza,iPad Pro,1.0,1155.6507337617052
RETAIL_03917,2024-08-05,London-RegentSt,Apple Watch Ultra,9.0,127.44833348629084
RETAIL_03918,2024-07-26,Tokyo-Ginza,Apple Watch Ultra,4.0,403.2096335256995
RETAIL_03919,2024-08-31,London-RegentSt,Apple Watch Ultra,4.0,2405.686791131877
RETAIL_03920,2024-07-14,Sydney-GeorgeSt,iPad Pro,2.0,1462.140603809001
RETAIL_03921,2024-07-05,Sydney-GeorgeSt,AirPods Max,8.0,3608.803754690649
RETAIL_03922,2024-07-13,London-RegentSt,iPhone 15 Pro,4.0,1695.6220487981
RETAIL_03923,2024-10-12,London-RegentSt,Vision Pro,5.0,803.0394097333947
RETAIL_03924,2024-11-13,Sydney-GeorgeSt,Vision Pro,2.0,3472.216109889639
RETAIL_03925,2024-10-18,NYC-FifthAve,iPad Pro,1.0,1284.2600112159646
RETAIL_03926,2024-08-20,NYC-FifthAve,AirPods Max,7.0,311.33529992902606
RETAIL_03927,2024-09-24,Sydney-GeorgeSt,MacBook Air M3,3.0,261.1349495823563
RETAIL_03928,2024-10-25,NYC-FifthAve,Apple Watch Ultra,3.0,1616.7937363790725
RETAIL_03929,2024-10-03,Paris-Opera,Apple Watch Ultra,8.0,669.5020648355949
RETAIL_03930,2024-11-27,NYC-FifthAve,AirPods Max,1.0,3493.8396371943963
RETAIL_03931,2024-09-13,Sydney-GeorgeSt,iPhone 15 Pro,6.0,3650.5051907206143
RETAIL_03932,2024-12-10,London-RegentSt,Apple Watch Ultra,6.0,-383.7680616008627
RETAIL_03933,2024-10-08,London-RegentSt,AirPods Max,1.0,1033.7484701449293
RETAIL_03934,2024-10-29,Sydney-GeorgeSt,Apple Watch Ultra,9.0,3282.1521160144994
RETAIL_03935,2024-12-17,Sydney-GeorgeSt,Apple Watch Ultra,9.0,1403.1607604209107
RETAIL_03936,2024-07-03,NYC-FifthAve,AirPods Max,5.0,2156.496486661198
RETAIL_03937,2024-09-18,Paris-Opera,Apple Watch Ultra,6.0,1666.7393671960504
RETAIL_03938,2024-12-12,Sydney-GeorgeSt,Apple Watch Ultra,2.0,3915.467028439286
RETAIL_03939,2024-12-12,Sydney-GeorgeSt,iPad Pro,2.0,1243.1166159309937
RETAIL_03940,2024-11-27,Paris-Opera,MacBook Air M3,5.0,1604.0028403185788
RETAIL_03941,2024-11-25,NYC-FifthAve,Vision Pro,9.0,3223.6531783820865
RETAIL_03942,2024-11-21,NYC-FifthAve,MacBook Air M3,4.0,614.7865181934415
RETAIL_03943,2024-08-20,Tokyo-Ginza,iPad Pro,1.0,-228.5477996989364
RETAIL_03944,2024-10-25,London-RegentSt,iPad Pro,1.0,2907.8954221804274
RETAIL_03945,2024-09-15,Paris-Opera,iPad Pro,2.0,1487.0983040388107
RETAIL_03946,2024-07-18,NYC-FifthAve,Vision Pro,6.0,3385.5071357756456
RETAIL_03947,2024-11-24,Sydney-GeorgeSt,Vision Pro,6.0,2049.992685406804
RETAIL_03948,2024-08-28,NYC-FifthAve,MacBook Air M3,3.0,480.30184413696736
RETAIL_03949,2024-11-16,Tokyo-Ginza,MacBook Air M3,4.0,-355.8857173675395
RETAIL_03950,2024-10-03,London-RegentSt,Vision Pro,3.0,802.0417281454274
RETAIL_03951,2024-11-19,Tokyo-Ginza,iPhone 15 Pro,5.0,2190.660431052062
RETAIL_03952,2024-07-27,London-RegentSt,AirPods Max,1.0,2769.873114850313
RETAIL_03953,2024-07-06,Sydney-GeorgeSt,iPhone 15 Pro,7.0,99.97338705991524
RETAIL_03954,2024-11-24,London-RegentSt,Apple Watch Ultra,7.0,1617.4083710532427
RETAIL_03955,2024-10-04,Tokyo-Ginza,AirPods Max,8.0,1700.3564153083644
RETAIL_03956,2024-10-01,London-RegentSt,MacBook Air M3,4.0,2246.1297777936484
RETAIL_03957,2024-08-29,London-RegentSt,MacBook Air M3,9.0,1116.5662941470794
RETAIL_03958,2024-09-01,London-RegentSt,iPhone 15 Pro,7.0,2104.233878964818
RETAIL_03959,2024-08-02,Tokyo-Ginza,Vision Pro,7.0,719.3343675800857
RETAIL_03960,2024-11-06,Tokyo-Ginza,Apple Watch Ultra,6.0,1510.6992693097811
RETAIL_03961,2024-09-23,London-RegentSt,Apple Watch Ultra,4.0,1532.875334526669
RETAIL_03962,2024-12-16,London-RegentSt,iPhone 15 Pro,8.0,1087.6009834819624
RETAIL_03963,2024-12-08,Sydney-GeorgeSt,Vision Pro,7.0,1547.2577424884496
RETAIL_03964,2024-09-30,Paris-Opera,AirPods Max,5.0,82.58618564747985
RETAIL_03965,2024-10-08,Paris-Opera,Apple Watch Ultra,9.0,-289.55862618454535
RETAIL_03966,2024-12-04,Paris-Opera,iPhone 15 Pro,6.0,3871.2756093221733
RETAIL_03967,2024-07-26,Tokyo-Ginza,AirPods Max,3.0,2505.2862001594713
RETAIL_03968,2024-12-05,London-RegentSt,iPhone 15 Pro,9.0,2580.9710425793114
RETAIL_03969,2024-08-02,NYC-FifthAve,MacBook Air M3,8.0,2953.270954782224
RETAIL_03970,2024-12-02,NYC-FifthAve,iPhone 15 Pro,4.0,822.0019290162329
RETAIL_03971,2024-09-21,Sydney-GeorgeSt,iPhone 15 Pro,4.0,559.8446090602317
RETAIL_03972,2024-07-19,Paris-Opera,AirPods Max,4.0,1979.9527270430876
RETAIL_03973,2024-11-28,NYC-FifthAve,iPhone 15 Pro,9.0,3115.4498224790336
RETAIL_03974,2024-11-04,Paris-Opera,AirPods Max,2.0,1034.9520282873025
RETAIL_03975,2024-10-09,Tokyo-Ginza,MacBook Air M3,8.0,3275.1896243731585
RETAIL_03976,2024-08-04,London-RegentSt,MacBook Air M3,2.0,809.1833476547095
RETAIL_03977,2024-08-01,Sydney-GeorgeSt,Apple Watch Ultra,5.0,1837.2560617483114
RETAIL_03978,2024-07-12,Sydney-GeorgeSt,Apple Watch Ultra,6.0,1587.4479254664384
RETAIL_03979,2024-12-16,NYC-FifthAve,Apple Watch Ultra,4.0,-499.92468683929366
RETAIL_03980,2024-07-31,Paris-Opera,Apple Watch Ultra,6.0,3704.2148417519657
RETAIL_03981,2024-11-15,London-RegentSt,AirPods Max,3.0,1054.3709402291277
RETAIL_03982,2024-07-05,Sydney-GeorgeSt,MacBook Air M3,4.0,2341.657234294562
RETAIL_03983,2024-07-11,London-RegentSt,MacBook Air M3,5.0,2208.9582262054605
RETAIL_03984,2024-07-31,NYC-FifthAve,MacBook Air M3,8.0,2383.34782024292
RETAIL_03985,2024-10-25,Tokyo-Ginza,Vision Pro,2.0,2392.176690331137
RETAIL_03986,2024-08-18,NYC-FifthAve,Vision Pro,5.0,564.9656280007912
RETAIL_03987,2024-11-07,Tokyo-Ginza,iPhone 15 Pro,3.0,1376.766281071271
RETAIL_03988,2024-07-27,Sydney-GeorgeSt,iPad Pro,9.0,2218.5769927021524
RETAIL_03989,2024-09-17,London-RegentSt,Apple Watch Ultra,9.0,390.63114107767217
RETAIL_03990,2024-11-15,Sydney-GeorgeSt,AirPods Max,7.0,-16.571013431123447
RETAIL_03991,2024-08-22,Paris-Opera,Apple Watch Ultra,9.0,628.0733419080138
RETAIL_03992,2024-11-01,NYC-FifthAve,Apple Watch Ultra,8.0,853.0541310262513
RETAIL_03993,2024-07-18,NYC-FifthAve,iPad Pro,8.0,1041.862389479804
RETAIL_03994,2024-09-07,Sydney-GeorgeSt,iPad Pro,9.0,2298.2434083974167
RETAIL_03995,2024-09-07,London-RegentSt,iPad Pro,6.0,1124.2478615065909
RETAIL_03996,2024-11-27,Paris-Opera,Apple Watch Ultra,5.0,2936.1723863068232
RETAIL_03997,2024-08-09,Sydney-GeorgeSt,MacBook Air M3,3.0,1352.6412778129986
RETAIL_03998,2024-11-30,Paris-Opera,AirPods Max,5.0,-98.18378391787502
RETAIL_03999,2024-10-21,Tokyo-Ginza,iPad Pro,3.0,1789.7649687248581
RETAIL_04000,2024-07-26,Sydney-GeorgeSt,iPhone 15 Pro,2.0,2395.8987634181935
RETAIL_04001,2024-11-21,Paris-Opera,iPhone 15 Pro,7.0,3071.860512916722
RETAIL_04002,2024-10-01,Tokyo-Ginza,AirPods Max,3.0,541.5835976641426
RETAIL_04003,2024-10-24,NYC-FifthAve,Vision Pro,,1237.4817661476172
RETAIL_04004,2024-08-22,Sydney-GeorgeSt,MacBook Air M3,4.0,2380.607155938259
RETAIL_04005,2024-08-04,Tokyo-Ginza,Vision Pro,7.0,2986.6041969316893
RETAIL_04006,2024-08-08,Tokyo-Ginza,iPhone 15 Pro,9.0,2540.300418981879
RETAIL_04007,2024-10-12,NYC-FifthAve,AirPods Max,6.0,548.0872613471017
RETAIL_04008,2024-12-04,London-RegentSt,MacBook Air M3,8.0,931.8928620339489
RETAIL_04009,2024-07-22,NYC-FifthAve,iPad Pro,5.0,998.8796505391035
RETAIL_04010,2024-07-30,NYC-FifthAve,iPad Pro,4.0,2466.5612241167196
RETAIL_04011,2024-11-09,Paris-Opera,iPhone 15 Pro,2.0,1777.2738188639942
RETAIL_04012,2024-07-07,Tokyo-Ginza,Apple Watch Ultra,6.0,-337.5949148296759
RETAIL_04013,2024-09-07,NYC-FifthAve,iPhone 15 Pro,9.0,2442.4369288800144
RETAIL_04014,2024-12-07,London-RegentSt,iPhone 15 Pro,3.0,412.2522603007577
RETAIL_04015,2024-07-28,Tokyo-Ginza,Apple Watch Ultra,5.0,191.95487464613893
RETAIL_04016,2024-10-12,London-RegentSt,iPad Pro,8.0,2079.4343129270296
RETAIL_04017,2024-08-16,Tokyo-Ginza,iPhone 15 Pro,7.0,2408.2164000072353
RETAIL_04018,2024-12-22,London-RegentSt,MacBook Air M3,5.0,3637.529837002312
RETAIL_04019,2024-07-01,London-RegentSt,iPad Pro,8.0,2291.5101979279807
RETAIL_04020,2024-08-11,NYC-FifthAve,iPad Pro,6.0,2340.2085111101624
RETAIL_04021,2024-09-20,Paris-Opera,MacBook Air M3,8.0,729.9379628683537
RETAIL_04022,2024-09-24,Sydney-GeorgeSt,Vision Pro,4.0,1230.578969695608
RETAIL_04023,2024-08-28,London-RegentSt,AirPods Max,1.0,2316.9932785891774
RETAIL_04024,2024-10-10,Paris-Opera,AirPods Max,4.0,185.10954065660758
RETAIL_04025,2024-08-23,Paris-Opera,Apple Watch Ultra,1.0,-210.62605842074026
RETAIL_04026,2024-09-01,London-RegentSt,iPhone 15 Pro,1.0,-478.2079455652398
RETAIL_04027,2024-09-18,Tokyo-Ginza,Vision Pro,6.0,3587.9905644583077
RETAIL_04028,2024-07-11,Paris-Opera,MacBook Air M3,6.0,3268.8418028173796
RETAIL_04029,2024-10-22,Tokyo-Ginza,iPad Pro,5.0,2102.5198100975526
RETAIL_04030,2024-09-21,Sydney-GeorgeSt,Vision Pro,6.0,2509.3014225744496
RETAIL_04031,2024-11-09,NYC-FifthAve,Apple Watch Ultra,5.0,2236.532572151823
RETAIL_04032,2024-11-26,Sydney-GeorgeSt,AirPods Max,5.0,286.3301153435377
RETAIL_04033,2024-11-04,London-RegentSt,MacBook Air M3,8.0,500.3712430547565
RETAIL_04034,2024-09-20,Tokyo-Ginza,MacBook Air M3,5.0,-122.48789688428627
RETAIL_04035,2024-10-08,Tokyo-Ginza,Apple Watch Ultra,,2335.9388205058817
RETAIL_04036,2024-09-10,Paris-Opera,Vision Pro,1.0,1296.1534250102172
RETAIL_04037,2024-08-26,London-RegentSt,iPad Pro,9.0,-89.22761358447912
RETAIL_04038,2024-11-17,Sydney-GeorgeSt,AirPods Max,4.0,3179.41870713515
RETAIL_04039,2024-10-18,Sydney-GeorgeSt,MacBook Air M3,3.0,3844.1032917624143
RETAIL_04040,2024-09-11,NYC-FifthAve,Apple Watch Ultra,3.0,2879.154246083531
RETAIL_04041,2024-09-09,Paris-Opera,MacBook Air M3,9.0,1242.0654506577393
RETAIL_04042,2024-08-02,Sydney-GeorgeSt,iPad Pro,1.0,865.6493881362892
RETAIL_04043,2024-12-25,NYC-FifthAve,iPhone 15 Pro,1.0,2796.0836428811185
RETAIL_04044,2024-09-04,Paris-Opera,MacBook Air M3,2.0,988.6500169699666
RETAIL_04045,2024-07-14,NYC-FifthAve,iPhone 15 Pro,8.0,772.8569775279104
RETAIL_04046,2024-07-29,Tokyo-Ginza,iPhone 15 Pro,4.0,3001.4247777035303
RETAIL_04047,2024-07-09,Paris-Opera,Vision Pro,,2070.5215685709218
RETAIL_04048,2024-10-04,Sydney-GeorgeSt,MacBook Air M3,7.0,1374.772976577972
RETAIL_04049,2024-11-22,Tokyo-Ginza,AirPods Max,4.0,1848.302577688467
RETAIL_04050,2024-11-02,London-RegentSt,MacBook Air M3,2.0,1348.0365739487588
RETAIL_04051,2024-10-21,London-RegentSt,iPad Pro,2.0,632.3698472292867
RETAIL_04052,2024-09-24,NYC-FifthAve,iPhone 15 Pro,6.0,2738.8895241543564
RETAIL_04053,2024-08-24,Tokyo-Ginza,iPad Pro,2.0,2945.831908920391
RETAIL_04054,2024-12-05,Sydney-GeorgeSt,AirPods Max,9.0,-339.2482571964031
RETAIL_04055,2024-11-27,Tokyo-Ginza,iPhone 15 Pro,1.0,1180.1472203689086
RETAIL_04056,2024-12-01,Tokyo-Ginza,Vision Pro,4.0,-36.145478148191785
RETAIL_04057,2024-10-03,London-RegentSt,AirPods Max,6.0,335.6529078341973
RETAIL_04058,2024-11-26,Sydney-GeorgeSt,Vision Pro,6.0,-120.37579287076505
RETAIL_04059,2024-08-22,NYC-FifthAve,MacBook Air M3,7.0,250.91276117666007
RETAIL_04060,2024-12-03,Tokyo-Ginza,AirPods Max,2.0,3652.3652581186834
RETAIL_04061,2024-12-07,Paris-Opera,Vision Pro,9.0,2012.8476652407016
RETAIL_04062,2024-09-17,NYC-FifthAve,Vision Pro,5.0,2271.840440936753
RETAIL_04063,2024-08-29,Sydney-GeorgeSt,Apple Watch Ultra,2.0,1915.094732109576
RETAIL_04064,2024-10-11,London-RegentSt,MacBook Air M3,6.0,81.33884474834565
RETAIL_04065,2024-08-27,Sydney-GeorgeSt,Vision Pro,8.0,2876.8490439307025
RETAIL_04066,2024-10-24,Sydney-GeorgeSt,iPad Pro,,3700.885453393863
RETAIL_04067,2024-12-15,NYC-FifthAve,MacBook Air M3,4.0,2430.2397849787626
RETAIL_04068,2024-09-18,Sydney-GeorgeSt,Apple Watch Ultra,6.0,3981.0494534985246
RETAIL_04069,2024-08-13,London-RegentSt,AirPods Max,2.0,-305.5659768508629
RETAIL_04070,2024-12-24,NYC-FifthAve,AirPods Max,1.0,3714.3382974889573
RETAIL_04071,2024-11-25,Sydney-GeorgeSt,Vision Pro,7.0,3630.741933414959
RETAIL_04072,2024-11-01,Sydney-GeorgeSt,MacBook Air M3,8.0,3487.797236068162
RETAIL_04073,2024-08-21,NYC-FifthAve,Vision Pro,6.0,2102.6208380270086
RETAIL_04074,2024-11-22,NYC-FifthAve,AirPods Max,2.0,3208.7381794202456
RETAIL_04075,2024-10-31,London-RegentSt,Vision Pro,5.0,367.31966912993573
RETAIL_04076,2024-07-28,Paris-Opera,MacBook Air M3,9.0,1237.5978843686535
RETAIL_04077,2024-10-01,Tokyo-Ginza,Apple Watch Ultra,7.0,2877.360089965534
RETAIL_04078,2024-10-28,London-RegentSt,Vision Pro,4.0,1742.2351617911622
RETAIL_04079,2024-10-28,Tokyo-Ginza,iPad Pro,8.0,-9.681080379608545
RETAIL_04080,2024-11-25,London-RegentSt,iPad Pro,4.0,1687.9387539476315
RETAIL_04081,2024-07-11,London-RegentSt,iPhone 15 Pro,7.0,400.6785916606186
RETAIL_04082,2024-12-20,NYC-FifthAve,MacBook Air M3,6.0,3204.8614454988597
RETAIL_04083,2024-09-11,Tokyo-Ginza,Apple Watch Ultra,1.0,1007.6934984920142
RETAIL_04084,2024-12-26,Sydney-GeorgeSt,MacBook Air M3,7.0,2671.044175796553
RETAIL_04085,2024-10-16,NYC-FifthAve,MacBook Air M3,7.0,2703.687080425301
RETAIL_04086,2024-09-16,NYC-FifthAve,iPad Pro,9.0,3346.272877428179
RETAIL_04087,2024-07-22,Sydney-GeorgeSt,Apple Watch Ultra,9.0,1296.113813921663
RETAIL_04088,2024-10-30,Paris-Opera,iPad Pro,9.0,201.04919467941772
RETAIL_04089,2024-10-29,NYC-FifthAve,iPhone 15 Pro,2.0,-77.72830992107708
RETAIL_04090,2024-09-02,Paris-Opera,AirPods Max,9.0,1684.3192456483666
RETAIL_04091,2024-11-06,Sydney-GeorgeSt,MacBook Air M3,1.0,2324.3640318571083
RETAIL_04092,2024-07-26,Sydney-GeorgeSt,Apple Watch Ultra,5.0,3392.427387467857
RETAIL_04093,2024-09-29,Paris-Opera,MacBook Air M3,1.0,690.7863486927642
RETAIL_04094,2024-12-08,NYC-FifthAve,Vision Pro,9.0,1073.2293152500197
RETAIL_04095,2024-11-01,Paris-Opera,Vision Pro,7.0,-97.81349951785808
RETAIL_04096,2024-08-24,London-RegentSt,MacBook Air M3,6.0,3576.3596148854367
RETAIL_04097,2024-07-23,NYC-FifthAve,Apple Watch Ultra,6.0,456.58787611286414
RETAIL_04098,2024-08-12,NYC-FifthAve,iPad Pro,,3527.4846504749717
RETAIL_04099,2024-10-09,NYC-FifthAve,AirPods Max,7.0,3565.178091372166
RETAIL_04100,2024-12-05,Sydney-GeorgeSt,AirPods Max,3.0,3682.436624518632
RETAIL_04101,2024-10-11,NYC-FifthAve,AirPods Max,9.0,744.0216023117246
RETAIL_04102,2024-07-30,London-RegentSt,AirPods Max,3.0,1010.6884452447707
RETAIL_04103,2024-12-26,NYC-FifthAve,Vision Pro,9.0,991.6952669008581
RETAIL_04104,2024-09-19,Paris-Opera,AirPods Max,3.0,1982.9763098700528
RETAIL_04105,2024-10-06,NYC-FifthAve,AirPods Max,,1397.3183593376423
RETAIL_04106,2024-08-31,Sydney-GeorgeSt,iPhone 15 Pro,5.0,1676.2986084490722
RETAIL_04107,2024-08-12,Paris-Opera,iPad Pro,2.0,2447.7403604770516
RETAIL_04108,2024-07-06,Tokyo-Ginza,iPhone 15 Pro,8.0,3856.920137024873
RETAIL_04109,2024-10-15,London-RegentSt,Apple Watch Ultra,,2820.3117605904113
RETAIL_04110,2024-10-09,Paris-Opera,Apple Watch Ultra,2.0,-54.54258490083822
RETAIL_04111,2024-11-24,Sydney-GeorgeSt,Apple Watch Ultra,9.0,331.3486070769263
RETAIL_04112,2024-10-06,London-RegentSt,Vision Pro,7.0,3591.1307294425205
RETAIL_04113,2024-07-24,London-RegentSt,Vision Pro,4.0,2357.661233848881
RETAIL_04114,2024-07-05,Tokyo-Ginza,iPad Pro,6.0,-367.6424694923388
RETAIL_04115,2024-12-13,Tokyo-Ginza,AirPods Max,9.0,-231.64797921171788
RETAIL_04116,2024-10-18,Tokyo-Ginza,MacBook Air M3,5.0,2802.423644483186
RETAIL_04117,2024-11-10,Paris-Opera,AirPods Max,9.0,3778.023954830015
RETAIL_04118,2024-12-05,Tokyo-Ginza,Vision Pro,5.0,146.8462595496576
RETAIL_04119,2024-10-22,Tokyo-Ginza,iPad Pro,9.0,-343.17018447336983
RETAIL_04120,2024-09-08,London-RegentSt,AirPods Max,5.0,608.4581535034149
RETAIL_04121,2024-08-29,Paris-Opera,Apple Watch Ultra,6.0,2876.8103169486494
RETAIL_04122,2024-09-16,Tokyo-Ginza,Apple Watch Ultra,5.0,3590.8477439371327
RETAIL_04123,2024-10-21,NYC-FifthAve,Vision Pro,6.0,3045.1036015871537
RETAIL_04124,2024-11-23,Tokyo-Ginza,Vision Pro,1.0,3096.4561675735613
RETAIL_04125,2024-11-03,Sydney-GeorgeSt,iPhone 15 Pro,2.0,139.95495878336123
RETAIL_04126,2024-11-16,Tokyo-Ginza,MacBook Air M3,3.0,718.7982014722293
RETAIL_04127,2024-12-22,Paris-Opera,MacBook Air M3,4.0,3099.286464246973
RETAIL_04128,2024-07-12,Paris-Opera,Apple Watch Ultra,5.0,1451.7953835884898
RETAIL_04129,2024-08-15,Tokyo-Ginza,Apple Watch Ultra,7.0,824.4983402715372
RETAIL_04130,2024-12-12,Paris-Opera,AirPods Max,7.0,1599.4922937946644
RETAIL_04131,2024-09-14,Sydney-GeorgeSt,Vision Pro,5.0,909.7562906880664
RETAIL_04132,2024-08-14,NYC-FifthAve,AirPods Max,5.0,3844.3986481398833
RETAIL_04133,2024-12-14,London-RegentSt,iPad Pro,3.0,2079.3689346759215
RETAIL_04134,2024-09-18,London-RegentSt,iPad Pro,6.0,2757.5625995205937
RETAIL_04135,2024-09-21,Tokyo-Ginza,iPad Pro,1.0,1782.6980013318698
RETAIL_04136,2024-08-26,Paris-Opera,Apple Watch Ultra,1.0,1780.8841490473692
RETAIL_04137,2024-08-02,NYC-FifthAve,Vision Pro,6.0,-260.6203588518198
RETAIL_04138,2024-09-23,Paris-Opera,iPad Pro,8.0,-328.28461900681964
RETAIL_04139,2024-10-13,NYC-FifthAve,Vision Pro,7.0,3866.724130211678
RETAIL_04140,2024-09-20,Paris-Opera,iPhone 15 Pro,7.0,1377.558289387072
RETAIL_04141,2024-12-25,Sydney-GeorgeSt,iPhone 15 Pro,7.0,-21.07052278297482
RETAIL_04142,2024-09-15,NYC-FifthAve,iPad Pro,2.0,3686.768813430437
RETAIL_04143,2024-10-20,NYC-FifthAve,AirPods Max,1.0,3715.977994827481
RETAIL_04144,2024-11-03,NYC-FifthAve,iPad Pro,3.0,-116.00157965375462
RETAIL_04145,2024-08-14,Tokyo-Ginza,Apple Watch Ultra,8.0,1323.435376560443
RETAIL_04146,2024-10-06,Paris-Opera,iPad Pro,4.0,1511.2551250570489
RETAIL_04147,2024-08-12,Paris-Opera,Vision Pro,5.0,2522.742377500394
RETAIL_04148,2024-12-23,Sydney-GeorgeSt,iPad Pro,8.0,3411.0824543301055
RETAIL_04149,2024-07-02,Tokyo-Ginza,MacBook Air M3,3.0,2257.1965197626514
RETAIL_04150,2024-11-16,Sydney-GeorgeSt,MacBook Air M3,8.0,79.31417085387204
RETAIL_04151,2024-10-11,Tokyo-Ginza,MacBook Air M3,8.0,2695.3618697629167
RETAIL_04152,2024-07-27,Tokyo-Ginza,iPad Pro,5.0,1645.3113941787046
RETAIL_04153,2024-09-03,Paris-Opera,iPad Pro,1.0,2826.3292571776065
RETAIL_04154,2024-12-24,Sydney-GeorgeSt,MacBook Air M3,3.0,1207.0622052683018
RETAIL_04155,2024-09-16,Tokyo-Ginza,iPad Pro,8.0,1575.407363686958
RETAIL_04156,2024-07-23,NYC-FifthAve,Vision Pro,9.0,216.2095125006134
RETAIL_04157,2024-12-14,Sydney-GeorgeSt,Apple Watch Ultra,3.0,3900.149397881977
RETAIL_04158,2024-12-17,NYC-FifthAve,iPad Pro,7.0,874.4805956893322
RETAIL_04159,2024-11-07,Sydney-GeorgeSt,iPad Pro,8.0,855.1070500765138
RETAIL_04160,2024-12-04,Sydney-GeorgeSt,AirPods Max,5.0,2892.0240953231805
RETAIL_04161,2024-10-28,Tokyo-Ginza,iPhone 15 Pro,7.0,3270.615238122115
RETAIL_04162,2024-07-07,Tokyo-Ginza,Apple Watch Ultra,1.0,690.5390233667144
RETAIL_04163,2024-10-20,Tokyo-Ginza,iPhone 15 Pro,5.0,3073.9309544816174
RETAIL_04164,2024-10-13,London-RegentSt,Apple Watch Ultra,1.0,3572.210971204104
RETAIL_04165,2024-12-13,Paris-Opera,iPhone 15 Pro,5.0,-438.17874357037283
RETAIL_04166,2024-07-24,London-RegentSt,iPad Pro,9.0,869.8846217916434
RETAIL_04167,2024-08-17,NYC-FifthAve,MacBook Air M3,2.0,2089.324679659195
RETAIL_04168,2024-12-16,Tokyo-Ginza,MacBook Air M3,5.0,-153.0578675101881
RETAIL_04169,2024-12-01,Tokyo-Ginza,iPhone 15 Pro,2.0,985.4240791935715
RETAIL_04170,2024-11-06,Tokyo-Ginza,Apple Watch Ultra,5.0,2719.871224126122
RETAIL_04171,2024-10-13,Paris-Opera,iPhone 15 Pro,3.0,1318.1619011686403
RETAIL_04172,2024-11-02,Tokyo-Ginza,Apple Watch Ultra,3.0,2929.0965807942275
RETAIL_04173,2024-10-27,London-RegentSt,MacBook Air M3,8.0,3782.8196365905224
RETAIL_04174,2024-08-09,Paris-Opera,iPad Pro,,1569.1448743999263
RETAIL_04175,2024-10-03,Paris-Opera,Vision Pro,3.0,2307.1922057244087
RETAIL_04176,2024-11-23,Paris-Opera,Vision Pro,1.0,3023.658625786557
RETAIL_04177,2024-08-14,NYC-FifthAve,Vision Pro,7.0,2518.9245196607435
RETAIL_04178,2024-08-25,London-RegentSt,iPhone 15 Pro,3.0,1963.4280081493193
RETAIL_04179,2024-12-06,Sydney-GeorgeSt,Vision Pro,5.0,297.2121802993969
RETAIL_04180,2024-10-21,London-RegentSt,iPad Pro,5.0,542.3184026522113
RETAIL_04181,2024-09-29,Sydney-GeorgeSt,Vision Pro,9.0,1642.3374813317419
RETAIL_04182,2024-07-24,Paris-Opera,iPad Pro,5.0,249.3520566620657
RETAIL_04183,2024-07-05,Sydney-GeorgeSt,MacBook Air M3,8.0,2541.83483282402
RETAIL_04184,2024-12-24,NYC-FifthAve,MacBook Air M3,6.0,55.07571302285612
RETAIL_04185,2024-07-28,Paris-Opera,Apple Watch Ultra,7.0,2389.762174032479
RETAIL_04186,2024-10-07,Tokyo-Ginza,iPad Pro,2.0,3832.747868287177
RETAIL_04187,2024-08-21,Paris-Opera,MacBook Air M3,2.0,863.7638539748796
RETAIL_04188,2024-09-10,Paris-Opera,Vision Pro,6.0,1775.4784096803132
RETAIL_04189,2024-11-17,Sydney-GeorgeSt,iPhone 15 Pro,7.0,3252.892611532392
RETAIL_04190,2024-10-24,Paris-Opera,MacBook Air M3,9.0,1161.8823414924375
RETAIL_04191,2024-08-01,Sydney-GeorgeSt,iPhone 15 Pro,4.0,-499.5802939044071
RETAIL_04192,2024-12-26,Tokyo-Ginza,Vision Pro,7.0,357.9657207105729
RETAIL_04193,2024-11-02,London-RegentSt,AirPods Max,3.0,3433.010476469249
RETAIL_04194,2024-11-07,NYC-FifthAve,iPhone 15 Pro,3.0,1977.630230772933
RETAIL_04195,2024-07-24,NYC-FifthAve,iPad Pro,9.0,-164.25914990174095
RETAIL_04196,2024-10-29,Paris-Opera,MacBook Air M3,9.0,2527.639878615976
RETAIL_04197,2024-12-25,Tokyo-Ginza,iPhone 15 Pro,2.0,1233.8578170262151
RETAIL_04198,2024-10-03,Paris-Opera,iPad Pro,5.0,1749.7918224504947
RETAIL_04199,2024-07-14,Tokyo-Ginza,MacBook Air M3,8.0,-481.07335422643746
RETAIL_04200,2024-07-30,Paris-Opera,Vision Pro,1.0,2430.0304514625905
RETAIL_04201,2024-08-20,London-RegentSt,iPhone 15 Pro,6.0,3715.884684782586
RETAIL_04202,2024-11-13,London-RegentSt,Vision Pro,2.0,818.4616424997137
RETAIL_04203,2024-07-27,Paris-Opera,iPad Pro,2.0,1740.3826637494894
RETAIL_04204,2024-08-11,London-RegentSt,iPhone 15 Pro,3.0,2575.1494059614874
RETAIL_04205,2024-08-09,NYC-FifthAve,Vision Pro,4.0,1233.388339660895
RETAIL_04206,2024-07-26,NYC-FifthAve,iPad Pro,9.0,3863.517122585765
RETAIL_04207,2024-07-24,Paris-Opera,MacBook Air M3,8.0,2394.3250290751644
RETAIL_04208,2024-09-26,Paris-Opera,MacBook Air M3,3.0,1699.6731361996467
RETAIL_04209,2024-07-06,London-RegentSt,iPhone 15 Pro,8.0,-89.04901976011189
RETAIL_04210,2024-09-08,Tokyo-Ginza,Vision Pro,6.0,948.0041281221743
RETAIL_04211,2024-11-07,London-RegentSt,MacBook Air M3,8.0,3232.9788852607767
RETAIL_04212,2024-07-16,London-RegentSt,AirPods Max,5.0,-383.46163069004143
RETAIL_04213,2024-10-01,NYC-FifthAve,MacBook Air M3,8.0,1042.3080657282637
RETAIL_04214,2024-10-12,Paris-Opera,Apple Watch Ultra,6.0,2177.940176873701
RETAIL_04215,2024-10-12,London-RegentSt,Apple Watch Ultra,2.0,3793.1205999581007
RETAIL_04216,2024-11-03,Tokyo-Ginza,Apple Watch Ultra,1.0,-204.16818902200737
RETAIL_04217,2024-11-24,Paris-Opera,MacBook Air M3,5.0,2620.166792230554
RETAIL_04218,2024-08-22,Paris-Opera,iPhone 15 Pro,3.0,1994.7731289091325
RETAIL_04219,2024-11-10,London-RegentSt,iPhone 15 Pro,7.0,67.02777345523566
RETAIL_04220,2024-07-27,Paris-Opera,MacBook Air M3,8.0,2133.406582010399
RETAIL_04221,2024-07-07,Sydney-GeorgeSt,AirPods Max,9.0,3514.628142229036
RETAIL_04222,2024-10-14,Tokyo-Ginza,iPhone 15 Pro,,623.9014252284926
RETAIL_04223,2024-11-21,NYC-FifthAve,MacBook Air M3,9.0,3946.0887426338495
RETAIL_04224,2024-07-19,London-RegentSt,Vision Pro,3.0,2965.656190123664
RETAIL_04225,2024-11-10,Sydney-GeorgeSt,Apple Watch Ultra,9.0,1626.9592859171162
RETAIL_04226,2024-08-01,NYC-FifthAve,MacBook Air M3,6.0,-407.06664622732717
RETAIL_04227,2024-10-23,Tokyo-Ginza,AirPods Max,8.0,3347.4652419745303
RETAIL_04228,2024-12-12,Sydney-GeorgeSt,iPad Pro,9.0,2400.331410346327
RETAIL_04229,2024-09-05,NYC-FifthAve,Vision Pro,3.0,2472.6471658659098
RETAIL_04230,2024-07-13,Tokyo-Ginza,iPhone 15 Pro,4.0,3851.216793002942
RETAIL_04231,2024-11-16,Tokyo-Ginza,Vision Pro,4.0,1579.8395977579357
RETAIL_04232,2024-12-07,NYC-FifthAve,iPad Pro,7.0,812.8381117664835
RETAIL_04233,2024-09-07,NYC-FifthAve,AirPods Max,4.0,3929.6929515994743
RETAIL_04234,2024-09-21,London-RegentSt,iPhone 15 Pro,7.0,1142.0100223829277
RETAIL_04235,2024-07-02,Sydney-GeorgeSt,AirPods Max,6.0,19.9266541199014
RETAIL_04236,2024-07-11,Sydney-GeorgeSt,AirPods Max,2.0,674.8480127076086
RETAIL_04237,2024-09-18,Paris-Opera,iPhone 15 Pro,6.0,164.20425348734466
RETAIL_04238,2024-07-12,Tokyo-Ginza,AirPods Max,3.0,139.15656653463907
RETAIL_04239,2024-10-25,Paris-Opera,AirPods Max,4.0,2342.4624065017415
RETAIL_04240,2024-12-11,NYC-FifthAve,iPhone 15 Pro,9.0,886.6417123405033
RETAIL_04241,2024-10-23,Tokyo-Ginza,iPhone 15 Pro,2.0,3327.0913895972312
RETAIL_04242,2024-10-18,Paris-Opera,MacBook Air M3,2.0,154.51358478084296
RETAIL_04243,2024-10-03,Tokyo-Ginza,AirPods Max,1.0,3729.658879126365
RETAIL_04244,2024-08-08,Sydney-GeorgeSt,Apple Watch Ultra,4.0,1574.4873486562583
RETAIL_04245,2024-11-26,Tokyo-Ginza,iPad Pro,8.0,1700.2061485694612
RETAIL_04246,2024-12-27,Paris-Opera,MacBook Air M3,9.0,1751.8913194233305
RETAIL_04247,2024-11-26,NYC-FifthAve,iPhone 15 Pro,7.0,-410.0270359624552
RETAIL_04248,2024-12-07,London-RegentSt,AirPods Max,,2250.9301742803264
RETAIL_04249,2024-10-27,Paris-Opera,MacBook Air M3,3.0,1695.423856667518
RETAIL_04250,2024-10-22,NYC-FifthAve,Vision Pro,8.0,2122.325191366537
RETAIL_04251,2024-11-21,NYC-FifthAve,iPad Pro,5.0,-283.2441424183262
RETAIL_04252,2024-12-10,Tokyo-Ginza,AirPods Max,5.0,2475.3035078425237
RETAIL_04253,2024-08-26,Paris-Opera,Apple Watch Ultra,7.0,3312.998175760863
RETAIL_04254,2024-08-09,Paris-Opera,iPhone 15 Pro,2.0,321.11376767866466
RETAIL_04255,2024-09-03,London-RegentSt,iPad Pro,4.0,2722.3961564314545
RETAIL_04256,2024-11-04,Paris-Opera,MacBook Air M3,1.0,-387.29386180192677
RETAIL_04257,2024-10-06,Tokyo-Ginza,AirPods Max,5.0,408.10327961985706
RETAIL_04258,2024-10-25,NYC-FifthAve,Vision Pro,9.0,-116.81323538488112
RETAIL_04259,2024-07-19,Tokyo-Ginza,Vision Pro,6.0,1248.4988348652328
RETAIL_04260,2024-10-17,Tokyo-Ginza,MacBook Air M3,5.0,-297.9793241411031
RETAIL_04261,2024-11-19,London-RegentSt,AirPods Max,6.0,1604.4637451229441
RETAIL_04262,2024-09-25,Sydney-GeorgeSt,Apple Watch Ultra,3.0,2745.03519661
RETAIL_04263,2024-10-19,London-RegentSt,iPad Pro,8.0,1287.2562759907526
RETAIL_04264,2024-10-18,Tokyo-Ginza,Apple Watch Ultra,6.0,3369.8661596885254
RETAIL_04265,2024-08-25,Sydney-GeorgeSt,MacBook Air M3,4.0,1826.5620872468753
RETAIL_04266,2024-09-11,NYC-FifthAve,MacBook Air M3,6.0,1264.7710557497267
RETAIL_04267,2024-12-04,Paris-Opera,iPad Pro,8.0,626.424569532641
RETAIL_04268,2024-09-21,Sydney-GeorgeSt,Apple Watch Ultra,1.0,260.0167985147601
RETAIL_04269,2024-11-05,Tokyo-Ginza,AirPods Max,5.0,1686.043336802174
RETAIL_04270,2024-07-11,NYC-FifthAve,iPad Pro,6.0,458.6724139501872
RETAIL_04271,2024-08-29,Tokyo-Ginza,MacBook Air M3,2.0,-300.2715710531935
RETAIL_04272,2024-10-22,Sydney-GeorgeSt,MacBook Air M3,5.0,3615.7218672517974
RETAIL_04273,2024-07-20,NYC-FifthAve,Apple Watch Ultra,4.0,-34.22645861589274
RETAIL_04274,2024-08-15,London-RegentSt,Vision Pro,9.0,1329.6678714129391
RETAIL_04275,2024-08-20,London-RegentSt,iPad Pro,3.0,1181.6909702789396
RETAIL_04276,2024-11-15,Paris-Opera,AirPods Max,4.0,-253.1088533475123
RETAIL_04277,2024-09-11,Sydney-GeorgeSt,MacBook Air M3,6.0,3755.2199140228286
RETAIL_04278,2024-09-15,Sydney-GeorgeSt,iPhone 15 Pro,1.0,1195.9637554290537
RETAIL_04279,2024-12-09,Sydney-GeorgeSt,AirPods Max,4.0,3480.4582909152623
RETAIL_04280,2024-11-29,Sydney-GeorgeSt,MacBook Air M3,1.0,3698.5754838668663
RETAIL_04281,2024-08-02,Paris-Opera,iPad Pro,2.0,3943.5249029976003
RETAIL_04282,2024-08-11,Sydney-GeorgeSt,Apple Watch Ultra,4.0,174.48190961966554
RETAIL_04283,2024-08-16,NYC-FifthAve,AirPods Max,3.0,3207.227028969364
RETAIL_04284,2024-09-06,London-RegentSt,iPhone 15 Pro,1.0,2286.1392839426494
RETAIL_04285,2024-08-21,Paris-Opera,AirPods Max,5.0,-276.448689387199
RETAIL_04286,2024-09-08,Paris-Opera,AirPods Max,4.0,-293.2978682489681
RETAIL_04287,2024-12-06,NYC-FifthAve,AirPods Max,4.0,2576.8502123478465
RETAIL_04288,2024-09-24,Sydney-GeorgeSt,Apple Watch Ultra,2.0,968.4587153698112
RETAIL_04289,2024-09-01,NYC-FifthAve,MacBook Air M3,2.0,-160.35314501835336
RETAIL_04290,2024-08-09,Tokyo-Ginza,Apple Watch Ultra,2.0,3333.7428709845403
RETAIL_04291,2024-10-11,NYC-FifthAve,iPad Pro,9.0,975.7560683337381
RETAIL_04292,2024-08-17,Paris-Opera,Vision Pro,8.0,620.4144271480861
RETAIL_04293,2024-11-21,Tokyo-Ginza,iPad Pro,3.0,-374.646508711274
RETAIL_04294,2024-09-15,NYC-FifthAve,Vision Pro,5.0,873.4679683347176
RETAIL_04295,2024-08-10,Sydney-GeorgeSt,Apple Watch Ultra,3.0,1122.7086111070805
RETAIL_04296,2024-07-08,London-RegentSt,iPad Pro,7.0,-92.59808733879248
RETAIL_04297,2024-10-05,Sydney-GeorgeSt,iPhone 15 Pro,6.0,294.24310159688923
RETAIL_04298,2024-07-05,Tokyo-Ginza,MacBook Air M3,8.0,1467.725567994848
RETAIL_04299,2024-09-20,Sydney-GeorgeSt,MacBook Air M3,4.0,214.5586070882241
RETAIL_04300,2024-10-31,NYC-FifthAve,Vision Pro,4.0,1561.8527244064394
RETAIL_04301,2024-10-26,Paris-Opera,iPad Pro,8.0,2407.114846187268
RETAIL_04302,2024-12-10,Tokyo-Ginza,Apple Watch Ultra,6.0,992.240563481027
RETAIL_04303,2024-08-18,London-RegentSt,MacBook Air M3,,2161.6799420336656
RETAIL_04304,2024-12-26,Tokyo-Ginza,Vision Pro,4.0,3815.0644772859787
RETAIL_04305,2024-11-01,Paris-Opera,AirPods Max,2.0,1027.0127256851008
RETAIL_04306,2024-09-03,Tokyo-Ginza,MacBook Air M3,5.0,946.4491254888567
RETAIL_04307,2024-07-07,London-RegentSt,AirPods Max,1.0,3347.142588179397
RETAIL_04308,2024-08-14,NYC-FifthAve,MacBook Air M3,2.0,2559.055810596426
RETAIL_04309,2024-12-05,Tokyo-Ginza,Vision Pro,4.0,820.5330968126259
RETAIL_04310,2024-10-18,Sydney-GeorgeSt,Vision Pro,8.0,1476.1049238506964
RETAIL_04311,2024-10-14,NYC-FifthAve,Vision Pro,3.0,2300.7793332113097
RETAIL_04312,2024-08-22,London-RegentSt,Apple Watch Ultra,1.0,-4.462142344824088
RETAIL_04313,2024-10-20,NYC-FifthAve,Apple Watch Ultra,1.0,738.9953525277094
RETAIL_04314,2024-12-27,Tokyo-Ginza,Vision Pro,8.0,3227.935810072363
RETAIL_04315,2024-12-21,Sydney-GeorgeSt,iPad Pro,3.0,1480.480090259292
RETAIL_04316,2024-10-26,NYC-FifthAve,MacBook Air M3,7.0,1996.0918977792558
RETAIL_04317,2024-08-12,Paris-Opera,Vision Pro,8.0,3082.4458033543924
RETAIL_04318,2024-11-19,NYC-FifthAve,Vision Pro,7.0,2966.791659039791
RETAIL_04319,2024-09-01,London-RegentSt,AirPods Max,3.0,3996.839507931325
RETAIL_04320,2024-08-20,NYC-FifthAve,AirPods Max,2.0,3329.140436070447
RETAIL_04321,2024-07-01,NYC-FifthAve,MacBook Air M3,7.0,3084.4944378738164
RETAIL_04322,2024-07-04,Sydney-GeorgeSt,AirPods Max,5.0,633.9207621782434
RETAIL_04323,2024-11-15,London-RegentSt,MacBook Air M3,5.0,2889.9457940594975
RETAIL_04324,2024-09-13,Tokyo-Ginza,Apple Watch Ultra,2.0,713.7762285183642
RETAIL_04325,2024-08-23,Tokyo-Ginza,iPad Pro,8.0,800.6549399126031
RETAIL_04326,2024-07-29,NYC-FifthAve,iPad Pro,5.0,744.1595660021067
RETAIL_04327,2024-07-05,Sydney-GeorgeSt,AirPods Max,1.0,2469.9269520650114
RETAIL_04328,2024-07-02,Tokyo-Ginza,MacBook Air M3,3.0,1890.9275812600677
RETAIL_04329,2024-09-09,London-RegentSt,iPhone 15 Pro,8.0,2067.298745392375
RETAIL_04330,2024-09-28,NYC-FifthAve,iPad Pro,8.0,1581.0298397304146
RETAIL_04331,2024-08-27,Paris-Opera,MacBook Air M3,3.0,3164.194844658918
RETAIL_04332,2024-12-27,Paris-Opera,iPhone 15 Pro,9.0,2941.9168868125603
RETAIL_04333,2024-08-21,NYC-FifthAve,AirPods Max,7.0,3901.316259182766
RETAIL_04334,2024-09-29,Tokyo-Ginza,MacBook Air M3,,100.06779243006451
RETAIL_04335,2024-07-17,NYC-FifthAve,AirPods Max,1.0,3996.160355361423
RETAIL_04336,2024-12-02,NYC-FifthAve,AirPods Max,7.0,2308.4636067885963
RETAIL_04337,2024-09-16,NYC-FifthAve,Apple Watch Ultra,,438.01494568766793
RETAIL_04338,2024-08-05,Tokyo-Ginza,AirPods Max,8.0,1551.5147350135094
RETAIL_04339,2024-08-23,Sydney-GeorgeSt,iPhone 15 Pro,5.0,3711.630118397973
RETAIL_04340,2024-07-29,Sydney-GeorgeSt,MacBook Air M3,9.0,1429.777478293335
RETAIL_04341,2024-07-01,Tokyo-Ginza,MacBook Air M3,5.0,2291.375508678466
RETAIL_04342,2024-09-14,London-RegentSt,Vision Pro,9.0,1509.4576844396036
RETAIL_04343,2024-11-04,Tokyo-Ginza,iPhone 15 Pro,3.0,301.5072331149845
RETAIL_04344,2024-10-15,London-RegentSt,Apple Watch Ultra,1.0,2202.6924577604104
RETAIL_04345,2024-11-23,Sydney-GeorgeSt,MacBook Air M3,8.0,1790.5643115118255
RETAIL_04346,2024-07-30,NYC-FifthAve,MacBook Air M3,3.0,-268.1036229461172
RETAIL_04347,2024-12-19,Sydney-GeorgeSt,iPhone 15 Pro,,3370.7399674170024
RETAIL_04348,2024-07-13,NYC-FifthAve,MacBook Air M3,8.0,2830.5371940421633
RETAIL_04349,2024-10-12,Sydney-GeorgeSt,Apple Watch Ultra,5.0,68.59983106461937
RETAIL_04350,2024-12-16,London-RegentSt,Vision Pro,8.0,3992.850675561015
RETAIL_04351,2024-12-27,Tokyo-Ginza,MacBook Air M3,8.0,2887.7691442077526
RETAIL_04352,2024-09-06,Tokyo-Ginza,iPad Pro,8.0,251.20704427119756
RETAIL_04353,2024-09-14,Sydney-GeorgeSt,AirPods Max,7.0,2052.020129090199
RETAIL_04354,2024-12-12,London-RegentSt,MacBook Air M3,9.0,1282.6811908441189
RETAIL_04355,2024-11-15,Sydney-GeorgeSt,MacBook Air M3,1.0,1329.8155091631397
RETAIL_04356,2024-07-29,Tokyo-Ginza,Vision Pro,5.0,-396.9411870255556
RETAIL_04357,2024-12-11,Paris-Opera,Vision Pro,1.0,2428.87732201164
RETAIL_04358,2024-12-05,NYC-FifthAve,Apple Watch Ultra,8.0,3002.8275854052085
RETAIL_04359,2024-10-16,Sydney-GeorgeSt,AirPods Max,1.0,3478.4716395986106
RETAIL_04360,2024-07-20,Paris-Opera,iPad Pro,8.0,1090.613195496122
RETAIL_04361,2024-10-14,Sydney-GeorgeSt,Vision Pro,4.0,1208.1701853736274
RETAIL_04362,2024-10-11,NYC-FifthAve,iPhone 15 Pro,9.0,1370.0242444716118
RETAIL_04363,2024-08-17,Paris-Opera,MacBook Air M3,9.0,3990.4534252089616
RETAIL_04364,2024-12-19,Tokyo-Ginza,MacBook Air M3,8.0,274.6949096770461
RETAIL_04365,2024-11-18,Paris-Opera,iPad Pro,1.0,3812.171387853149
RETAIL_04366,2024-10-03,Tokyo-Ginza,iPad Pro,1.0,-44.77971422787891
RETAIL_04367,2024-08-30,Tokyo-Ginza,Vision Pro,7.0,-170.26589113345716
RETAIL_04368,2024-10-26,Tokyo-Ginza,iPhone 15 Pro,3.0,401.32940329016446
RETAIL_04369,2024-08-10,London-RegentSt,iPad Pro,4.0,1028.882329131151
RETAIL_04370,2024-09-25,Tokyo-Ginza,Apple Watch Ultra,6.0,-424.9947173524054
RETAIL_04371,2024-07-02,Sydney-GeorgeSt,AirPods Max,7.0,3856.3990611237687
RETAIL_04372,2024-09-02,NYC-FifthAve,iPhone 15 Pro,5.0,-31.627809258210675
RETAIL_04373,2024-12-19,Paris-Opera,iPad Pro,3.0,3609.320542012869
RETAIL_04374,2024-12-26,Paris-Opera,MacBook Air M3,5.0,1687.5865635106534
RETAIL_04375,2024-09-06,Tokyo-Ginza,iPad Pro,4.0,-259.2966828788811
RETAIL_04376,2024-10-17,London-RegentSt,iPad Pro,3.0,2988.1061463829906
RETAIL_04377,2024-09-18,Sydney-GeorgeSt,AirPods Max,9.0,2955.9571074510077
RETAIL_04378,2024-08-30,Tokyo-Ginza,AirPods Max,9.0,3852.9636555789657
RETAIL_04379,2024-12-25,Sydney-GeorgeSt,MacBook Air M3,1.0,2095.770122700907
RETAIL_04380,2024-11-19,Tokyo-Ginza,iPhone 15 Pro,6.0,3343.94324089034
RETAIL_04381,2024-08-05,Tokyo-Ginza,iPhone 15 Pro,8.0,1495.2351326299126
RETAIL_04382,2024-11-03,Paris-Opera,AirPods Max,9.0,2646.1814245251994
RETAIL_04383,2024-10-14,NYC-FifthAve,AirPods Max,6.0,2319.437438250059
RETAIL_04384,2024-12-15,Tokyo-Ginza,iPad Pro,2.0,3695.0767435801217
RETAIL_04385,2024-10-26,NYC-FifthAve,Vision Pro,4.0,2269.010089059686
RETAIL_04386,2024-12-15,Sydney-GeorgeSt,iPad Pro,6.0,2731.1427497795703
RETAIL_04387,2024-12-15,NYC-FifthAve,AirPods Max,4.0,1563.8195227296242
RETAIL_04388,2024-10-01,Paris-Opera,iPad Pro,,-36.65324379896998
RETAIL_04389,2024-07-23,Tokyo-Ginza,MacBook Air M3,1.0,601.4257947188121
RETAIL_04390,2024-09-03,London-RegentSt,MacBook Air M3,1.0,3272.9393588011594
RETAIL_04391,2024-12-08,Tokyo-Ginza,Vision Pro,5.0,1868.1253538051487
RETAIL_04392,2024-10-13,NYC-FifthAve,MacBook Air M3,2.0,328.5361433272956
RETAIL_04393,2024-10-23,NYC-FifthAve,AirPods Max,7.0,2166.8113092375634
RETAIL_04394,2024-09-01,Paris-Opera,Apple Watch Ultra,8.0,2444.413316581004
RETAIL_04395,2024-09-15,London-RegentSt,iPad Pro,2.0,-157.20004149555496
RETAIL_04396,2024-08-20,Tokyo-Ginza,Apple Watch Ultra,2.0,2785.828596949541
RETAIL_04397,2024-12-10,Paris-Opera,AirPods Max,3.0,2733.034457868843
RETAIL_04398,2024-11-22,London-RegentSt,Apple Watch Ultra,7.0,2446.2852531125486
RETAIL_04399,2024-10-24,Paris-Opera,Vision Pro,3.0,987.9391640131369
RETAIL_04400,2024-08-30,Tokyo-Ginza,Apple Watch Ultra,6.0,1084.2367117409499
RETAIL_04401,2024-10-11,Paris-Opera,Vision Pro,3.0,1074.545935789099
RETAIL_04402,2024-07-25,Sydney-GeorgeSt,Apple Watch Ultra,6.0,1681.3073137225952
RETAIL_04403,2024-07-14,Sydney-GeorgeSt,MacBook Air M3,2.0,86.45803504586024
RETAIL_04404,2024-07-22,NYC-FifthAve,iPhone 15 Pro,2.0,1938.3345883718039
RETAIL_04405,2024-08-16,London-RegentSt,iPhone 15 Pro,9.0,1255.9285284366435
RETAIL_04406,2024-12-25,Sydney-GeorgeSt,MacBook Air M3,9.0,2739.6988765722517
RETAIL_04407,2024-09-06,Paris-Opera,Apple Watch Ultra,9.0,2909.961257359733
RETAIL_04408,2024-07-02,NYC-FifthAve,iPad Pro,1.0,2625.9126190019806
RETAIL_04409,2024-08-17,London-RegentSt,iPhone 15 Pro,3.0,3858.472217524176
RETAIL_04410,2024-08-09,London-RegentSt,AirPods Max,6.0,2778.563180735465
RETAIL_04411,2024-09-21,London-RegentSt,MacBook Air M3,5.0,3245.6169088157417
RETAIL_04412,2024-07-03,Sydney-GeorgeSt,Apple Watch Ultra,7.0,3193.883123317466
RETAIL_04413,2024-11-03,NYC-FifthAve,Vision Pro,6.0,-382.625850789227
RETAIL_04414,2024-12-19,NYC-FifthAve,Vision Pro,3.0,2959.5928094756036
RETAIL_04415,2024-10-21,London-RegentSt,Apple Watch Ultra,5.0,1778.803283189744
RETAIL_04416,2024-10-08,NYC-FifthAve,iPhone 15 Pro,3.0,1582.551393021252
RETAIL_04417,2024-11-27,London-RegentSt,iPhone 15 Pro,4.0,3237.8983260765394
RETAIL_04418,2024-12-27,Paris-Opera,AirPods Max,2.0,-233.79675509919315
RETAIL_04419,2024-12-15,Paris-Opera,iPhone 15 Pro,3.0,3027.460980945468
RETAIL_04420,2024-07-18,Paris-Opera,AirPods Max,7.0,3874.0817791815025
RETAIL_04421,2024-11-30,NYC-FifthAve,AirPods Max,5.0,867.3838448410322
RETAIL_04422,2024-12-24,Tokyo-Ginza,iPhone 15 Pro,8.0,-86.01977411463787
RETAIL_04423,2024-11-21,Sydney-GeorgeSt,MacBook Air M3,6.0,-316.3911704081611
RETAIL_04424,2024-07-22,Sydney-GeorgeSt,iPad Pro,7.0,2277.162314502351
RETAIL_04425,2024-07-20,Tokyo-Ginza,iPad Pro,7.0,1636.1749102257072
RETAIL_04426,2024-07-19,Sydney-GeorgeSt,MacBook Air M3,9.0,2206.115401863942
RETAIL_04427,2024-10-03,NYC-FifthAve,iPad Pro,2.0,2658.4671404279397
RETAIL_04428,2024-07-20,Sydney-GeorgeSt,Vision Pro,1.0,667.6331163475515
RETAIL_04429,2024-12-15,Sydney-GeorgeSt,iPad Pro,7.0,1286.8417960916222
RETAIL_04430,2024-11-11,Sydney-GeorgeSt,iPad Pro,1.0,2679.446341582345
RETAIL_04431,2024-07-15,Sydney-GeorgeSt,AirPods Max,6.0,2862.348646361568
RETAIL_04432,2024-10-17,London-RegentSt,MacBook Air M3,1.0,1317.510765254283
RETAIL_04433,2024-07-22,Tokyo-Ginza,Vision Pro,9.0,3795.3747384546705
RETAIL_04434,2024-12-12,Paris-Opera,Vision Pro,6.0,1917.7481102048587
RETAIL_04435,2024-09-15,Tokyo-Ginza,AirPods Max,5.0,1733.5995477760948
RETAIL_04436,2024-12-01,Paris-Opera,Apple Watch Ultra,9.0,3454.9115583392677
RETAIL_04437,2024-09-10,Paris-Opera,MacBook Air M3,9.0,3452.8467375643727
RETAIL_04438,2024-07-29,Paris-Opera,Apple Watch Ultra,2.0,3794.8878461349377
RETAIL_04439,2024-11-07,Sydney-GeorgeSt,iPhone 15 Pro,6.0,2201.6138237662312
RETAIL_04440,2024-10-25,Sydney-GeorgeSt,Vision Pro,2.0,777.5191346402121
RETAIL_04441,2024-09-02,NYC-FifthAve,MacBook Air M3,8.0,1659.2739200543801
RETAIL_04442,2024-08-09,NYC-FifthAve,Vision Pro,8.0,-277.39159346050303
RETAIL_04443,2024-11-26,London-RegentSt,iPhone 15 Pro,,3154.550368600231
RETAIL_04444,2024-12-16,Sydney-GeorgeSt,Apple Watch Ultra,6.0,2542.212177667037
RETAIL_04445,2024-09-24,Sydney-GeorgeSt,iPad Pro,8.0,3241.089792382689
RETAIL_04446,2024-08-18,Tokyo-Ginza,Vision Pro,6.0,3962.5123595502864
RETAIL_04447,2024-08-07,NYC-FifthAve,AirPods Max,3.0,3482.760611456124
RETAIL_04448,2024-10-09,London-RegentSt,iPad Pro,2.0,1070.3523530415875
RETAIL_04449,2024-08-09,London-RegentSt,iPhone 15 Pro,7.0,2700.6357703578806
RETAIL_04450,2024-11-25,Sydney-GeorgeSt,AirPods Max,9.0,2371.6056669065674
RETAIL_04451,2024-09-24,Paris-Opera,iPad Pro,2.0,889.782996062123
RETAIL_04452,2024-11-28,Sydney-GeorgeSt,Apple Watch Ultra,4.0,-480.09002677743825
RETAIL_04453,2024-09-07,Paris-Opera,Vision Pro,3.0,3060.274149854352
RETAIL_04454,2024-07-22,Paris-Opera,AirPods Max,2.0,3440.586550333521
RETAIL_04455,2024-09-28,Paris-Opera,iPhone 15 Pro,3.0,-417.6266040852221
RETAIL_04456,2024-12-09,NYC-FifthAve,AirPods Max,2.0,3818.195474993603
RETAIL_04457,2024-11-10,Paris-Opera,iPad Pro,9.0,3806.781844890127
RETAIL_04458,2024-07-09,Paris-Opera,MacBook Air M3,1.0,662.249378737871
RETAIL_04459,2024-11-22,Paris-Opera,Vision Pro,1.0,1539.9686575331168
RETAIL_04460,2024-07-07,NYC-FifthAve,AirPods Max,9.0,105.72265533476389
RETAIL_04461,2024-10-27,Tokyo-Ginza,Vision Pro,7.0,-427.7428779648906
RETAIL_04462,2024-11-01,Sydney-GeorgeSt,Apple Watch Ultra,1.0,1351.090377646857
RETAIL_04463,2024-08-14,Paris-Opera,Apple Watch Ultra,2.0,3226.869647088833
RETAIL_04464,2024-07-30,Paris-Opera,MacBook Air M3,3.0,2614.79215685162
RETAIL_04465,2024-11-06,Sydney-GeorgeSt,iPad Pro,4.0,2884.9707864622164
RETAIL_04466,2024-12-15,Sydney-GeorgeSt,MacBook Air M3,5.0,1986.2510664041306
RETAIL_04467,2024-11-20,London-RegentSt,AirPods Max,2.0,2979.962405565079
RETAIL_04468,2024-08-20,Sydney-GeorgeSt,iPad Pro,1.0,295.73141601028317
RETAIL_04469,2024-08-18,NYC-FifthAve,AirPods Max,,3149.1105542339096
RETAIL_04470,2024-11-27,NYC-FifthAve,iPad Pro,8.0,2889.977135122199
RETAIL_04471,2024-11-30,Tokyo-Ginza,iPad Pro,1.0,1675.024402320902
RETAIL_04472,2024-09-24,Sydney-GeorgeSt,AirPods Max,4.0,3838.9729386455947
RETAIL_04473,2024-09-17,NYC-FifthAve,iPad Pro,1.0,986.0939711613812
RETAIL_04474,2024-10-02,Tokyo-Ginza,iPad Pro,1.0,3156.2740402841778
RETAIL_04475,2024-10-10,Paris-Opera,AirPods Max,7.0,1459.896225171025
RETAIL_04476,2024-09-24,Tokyo-Ginza,Apple Watch Ultra,5.0,3812.6065780542203
RETAIL_04477,2024-07-09,NYC-FifthAve,AirPods Max,8.0,3202.871110417368
RETAIL_04478,2024-11-09,Tokyo-Ginza,AirPods Max,8.0,3036.0017650077793
RETAIL_04479,2024-11-06,Paris-Opera,Apple Watch Ultra,8.0,1368.9175392397005
RETAIL_04480,2024-07-11,Tokyo-Ginza,MacBook Air M3,4.0,-190.52522454246207
RETAIL_04481,2024-10-21,NYC-FifthAve,MacBook Air M3,3.0,1280.2575888726465
RETAIL_04482,2024-12-13,London-RegentSt,Vision Pro,4.0,1703.2529407119214
RETAIL_04483,2024-11-09,Tokyo-Ginza,MacBook Air M3,1.0,1947.9957778661997
RETAIL_04484,2024-08-06,Paris-Opera,Vision Pro,2.0,3550.261709529114
RETAIL_04485,2024-12-09,London-RegentSt,iPhone 15 Pro,6.0,1497.6383274018074
RETAIL_04486,2024-08-05,Sydney-GeorgeSt,AirPods Max,2.0,2988.83959429549
RETAIL_04487,2024-08-07,Sydney-GeorgeSt,Vision Pro,7.0,530.9922198094669
RETAIL_04488,2024-07-06,Sydney-GeorgeSt,Vision Pro,8.0,2260.4066141525527
RETAIL_04489,2024-07-31,Tokyo-Ginza,iPhone 15 Pro,1.0,831.6441817217046
RETAIL_04490,2024-07-31,London-RegentSt,AirPods Max,6.0,-68.4624475418878
RETAIL_04491,2024-10-29,NYC-FifthAve,AirPods Max,9.0,2006.8358805528674
RETAIL_04492,2024-10-20,Tokyo-Ginza,iPhone 15 Pro,8.0,417.3165870206907
RETAIL_04493,2024-07-25,Tokyo-Ginza,iPhone 15 Pro,2.0,3804.529559159465
RETAIL_04494,2024-07-30,Paris-Opera,iPad Pro,6.0,2066.3255394394637
RETAIL_04495,2024-07-14,Sydney-GeorgeSt,MacBook Air M3,6.0,2564.5731732715562
RETAIL_04496,2024-10-17,Tokyo-Ginza,iPhone 15 Pro,3.0,564.3330465541158
RETAIL_04497,2024-11-23,Tokyo-Ginza,iPad Pro,3.0,2504.037989298132
RETAIL_04498,2024-11-04,London-RegentSt,Vision Pro,7.0,1452.6343906455359
RETAIL_04499,2024-10-16,Sydney-GeorgeSt,Vision Pro,2.0,1424.384411958643
RETAIL_04500,2024-09-03,Tokyo-Ginza,Apple Watch Ultra,4.0,2077.438533124363
RETAIL_04501,2024-08-15,Paris-Opera,Apple Watch Ultra,9.0,68.37777118355814
RETAIL_04502,2024-09-07,London-RegentSt,MacBook Air M3,2.0,-36.40542792035609
RETAIL_04503,2024-10-10,Paris-Opera,AirPods Max,8.0,1857.428227154151
RETAIL_04504,2024-08-10,NYC-FifthAve,MacBook Air M3,9.0,1856.6590446939276
RETAIL_04505,2024-10-26,Paris-Opera,iPad Pro,9.0,70.8187643673873
RETAIL_04506,2024-08-15,Paris-Opera,Apple Watch Ultra,4.0,-444.03635017902866
RETAIL_04507,2024-12-24,London-RegentSt,iPhone 15 Pro,4.0,-95.74304619040242
RETAIL_04508,2024-07-04,Paris-Opera,iPad Pro,6.0,1090.6231436331916
RETAIL_04509,2024-12-22,Paris-Opera,Vision Pro,6.0,3651.9974222683004
RETAIL_04510,2024-08-14,Paris-Opera,iPhone 15 Pro,7.0,-102.66273649987107
RETAIL_04511,2024-12-26,Sydney-GeorgeSt,AirPods Max,9.0,668.8521301131827
RETAIL_04512,2024-07-28,Tokyo-Ginza,Apple Watch Ultra,4.0,1986.0863430399459
RETAIL_04513,2024-07-27,Tokyo-Ginza,Apple Watch Ultra,2.0,3244.126498107648
RETAIL_04514,2024-11-28,Sydney-GeorgeSt,Vision Pro,1.0,372.48278459318794
RETAIL_04515,2024-11-24,Tokyo-Ginza,MacBook Air M3,9.0,-388.78728110856184
RETAIL_04516,2024-08-26,London-RegentSt,AirPods Max,5.0,1520.857052353339
RETAIL_04517,2024-08-28,Sydney-GeorgeSt,iPad Pro,2.0,3671.6147174030384
RETAIL_04518,2024-12-09,Sydney-GeorgeSt,Apple Watch Ultra,9.0,930.585958909993
RETAIL_04519,2024-12-16,Tokyo-Ginza,MacBook Air M3,3.0,3972.912630407186
RETAIL_04520,2024-11-23,London-RegentSt,Apple Watch Ultra,6.0,282.7801280988988
RETAIL_04521,2024-11-07,London-RegentSt,Apple Watch Ultra,2.0,8.55909125401439
RETAIL_04522,2024-10-26,Paris-Opera,Vision Pro,1.0,1983.6214676617324
RETAIL_04523,2024-10-19,Paris-Opera,MacBook Air M3,7.0,231.67684276174384
RETAIL_04524,2024-07-07,Sydney-GeorgeSt,iPhone 15 Pro,1.0,-373.3906438291289
RETAIL_04525,2024-07-16,NYC-FifthAve,Apple Watch Ultra,6.0,2071.3954645716285
RETAIL_04526,2024-12-06,Tokyo-Ginza,iPad Pro,9.0,-80.58414132084033
RETAIL_04527,2024-12-24,NYC-FifthAve,MacBook Air M3,1.0,3454.364624035641
RETAIL_04528,2024-11-06,Sydney-GeorgeSt,iPad Pro,3.0,1845.8804435361767
RETAIL_04529,2024-09-19,London-RegentSt,iPhone 15 Pro,3.0,647.0541041837419
RETAIL_04530,2024-12-18,Sydney-GeorgeSt,Vision Pro,1.0,3545.1741426291637
RETAIL_04531,2024-11-09,Sydney-GeorgeSt,MacBook Air M3,3.0,790.7431500932469
RETAIL_04532,2024-09-06,Paris-Opera,AirPods Max,8.0,3990.049207504234
RETAIL_04533,2024-10-29,NYC-FifthAve,Vision Pro,,2073.0816028994095
RETAIL_04534,2024-09-03,Paris-Opera,AirPods Max,1.0,720.0367195666656
RETAIL_04535,2024-11-13,London-RegentSt,AirPods Max,4.0,2272.177768940062
RETAIL_04536,2024-07-20,Paris-Opera,iPad Pro,8.0,3731.527865818204
RETAIL_04537,2024-12-13,London-RegentSt,Vision Pro,1.0,6.466075515302407
RETAIL_04538,2024-11-07,Paris-Opera,iPad Pro,1.0,316.51041704358704
RETAIL_04539,2024-08-15,Paris-Opera,iPad Pro,5.0,627.524792637196
RETAIL_04540,2024-09-29,London-RegentSt,MacBook Air M3,8.0,2461.343879901708
RETAIL_04541,2024-11-25,Paris-Opera,AirPods Max,1.0,3283.1289908057793
RETAIL_04542,2024-09-28,Sydney-GeorgeSt,AirPods Max,5.0,1808.3043476437879
RETAIL_04543,2024-07-08,Sydney-GeorgeSt,AirPods Max,2.0,-269.69918422434955
RETAIL_04544,2024-10-31,Tokyo-Ginza,iPhone 15 Pro,5.0,3456.450718427785
RETAIL_04545,2024-12-08,London-RegentSt,Vision Pro,8.0,3791.5042868056944
RETAIL_04546,2024-12-18,Paris-Opera,MacBook Air M3,6.0,-140.4607464736086
RETAIL_04547,2024-10-19,Sydney-GeorgeSt,iPhone 15 Pro,3.0,3161.3373151585606
RETAIL_04548,2024-11-14,Sydney-GeorgeSt,AirPods Max,9.0,2862.420533323474
RETAIL_04549,2024-10-01,Tokyo-Ginza,MacBook Air M3,9.0,763.6129984641184
RETAIL_04550,2024-09-02,Tokyo-Ginza,Apple Watch Ultra,6.0,1854.6043291520928
RETAIL_04551,2024-10-09,Paris-Opera,iPad Pro,6.0,635.864932933328
RETAIL_04552,2024-11-17,Sydney-GeorgeSt,Apple Watch Ultra,4.0,-453.2829201385422
RETAIL_04553,2024-09-13,Sydney-GeorgeSt,Vision Pro,9.0,-256.10797002979655
RETAIL_04554,2024-12-08,Paris-Opera,AirPods Max,6.0,2211.9719200756417
RETAIL_04555,2024-11-19,NYC-FifthAve,iPhone 15 Pro,4.0,2660.0417024374556
RETAIL_04556,2024-07-02,Paris-Opera,MacBook Air M3,3.0,920.4097573444851
RETAIL_04557,2024-12-21,Sydney-GeorgeSt,iPad Pro,6.0,3740.7897502636006
RETAIL_04558,2024-12-02,Tokyo-Ginza,iPad Pro,1.0,-231.92530503771195
RETAIL_04559,2024-07-10,Tokyo-Ginza,Vision Pro,5.0,-119.77367186902688
RETAIL_04560,2024-09-17,Tokyo-Ginza,Vision Pro,2.0,1875.3658325510928
RETAIL_04561,2024-07-30,NYC-FifthAve,Vision Pro,9.0,1722.4820241849661
RETAIL_04562,2024-10-13,Tokyo-Ginza,Vision Pro,7.0,574.708947740153
RETAIL_04563,2024-09-16,London-RegentSt,iPad Pro,2.0,2387.18697723556
RETAIL_04564,2024-12-09,NYC-FifthAve,AirPods Max,2.0,2174.900345215365
RETAIL_04565,2024-12-18,NYC-FifthAve,Apple Watch Ultra,5.0,3717.4727822999303
RETAIL_04566,2024-10-20,Sydney-GeorgeSt,Apple Watch Ultra,5.0,443.06561981128993
RETAIL_04567,2024-08-20,Sydney-GeorgeSt,iPad Pro,6.0,257.7011233755369
RETAIL_04568,2024-12-18,Paris-Opera,Apple Watch Ultra,4.0,322.661689942626
RETAIL_04569,2024-11-28,Sydney-GeorgeSt,AirPods Max,8.0,2002.0102425504629
RETAIL_04570,2024-07-20,Tokyo-Ginza,Apple Watch Ultra,7.0,2683.8871853151104
RETAIL_04571,2024-09-23,London-RegentSt,AirPods Max,8.0,515.2406415296358
RETAIL_04572,2024-10-28,Paris-Opera,iPhone 15 Pro,7.0,619.2092867398947
RETAIL_04573,2024-11-02,NYC-FifthAve,Vision Pro,8.0,289.387035583233
RETAIL_04574,2024-09-04,Sydney-GeorgeSt,MacBook Air M3,6.0,639.9370150257846
RETAIL_04575,2024-12-24,NYC-FifthAve,AirPods Max,1.0,2914.6038186445066
RETAIL_04576,2024-08-10,NYC-FifthAve,AirPods Max,3.0,2200.3420839466894
RETAIL_04577,2024-08-07,NYC-FifthAve,iPad Pro,1.0,3110.969618716971
RETAIL_04578,2024-09-24,Paris-Opera,Apple Watch Ultra,5.0,2165.505185266979
RETAIL_04579,2024-08-04,NYC-FifthAve,iPad Pro,8.0,2602.7510774805996
RETAIL_04580,2024-08-22,Sydney-GeorgeSt,AirPods Max,1.0,354.48152186560594
RETAIL_04581,2024-12-20,NYC-FifthAve,iPad Pro,5.0,622.955010741322
RETAIL_04582,2024-11-30,Paris-Opera,iPhone 15 Pro,5.0,3973.064773185397
RETAIL_04583,2024-12-07,London-RegentSt,iPhone 15 Pro,2.0,1328.7733337708526
RETAIL_04584,2024-09-02,Tokyo-Ginza,iPhone 15 Pro,1.0,-84.40698435218025
RETAIL_04585,2024-10-14,Paris-Opera,iPhone 15 Pro,2.0,3501.5922034902655
RETAIL_04586,2024-10-18,Tokyo-Ginza,Vision Pro,2.0,1123.845103857974
RETAIL_04587,2024-10-17,Sydney-GeorgeSt,Vision Pro,8.0,3812.1992787956033
RETAIL_04588,2024-10-18,London-RegentSt,Vision Pro,2.0,3710.6419342253166
RETAIL_04589,2024-08-12,London-RegentSt,MacBook Air M3,2.0,2756.0716050728306
RETAIL_04590,2024-07-21,Paris-Opera,Apple Watch Ultra,2.0,3752.9133278243107
RETAIL_04591,2024-11-25,Sydney-GeorgeSt,Apple Watch Ultra,5.0,1995.826761697655
RETAIL_04592,2024-12-13,London-RegentSt,iPhone 15 Pro,6.0,2546.526757492727
RETAIL_04593,2024-08-12,Sydney-GeorgeSt,iPhone 15 Pro,1.0,-411.3509029789479
RETAIL_04594,2024-09-26,NYC-FifthAve,iPad Pro,9.0,-217.96583529146733
RETAIL_04595,2024-09-03,Sydney-GeorgeSt,Apple Watch Ultra,,-490.7658131571146
RETAIL_04596,2024-12-05,London-RegentSt,iPhone 15 Pro,5.0,3131.687251217548
RETAIL_04597,2024-10-27,London-RegentSt,Apple Watch Ultra,1.0,993.4745706415506
RETAIL_04598,2024-07-22,Sydney-GeorgeSt,Apple Watch Ultra,6.0,3256.40098126287
RETAIL_04599,2024-11-26,Paris-Opera,iPhone 15 Pro,3.0,1058.7054428520626
RETAIL_04600,2024-11-03,Sydney-GeorgeSt,MacBook Air M3,7.0,-349.52649565203313
RETAIL_04601,2024-12-07,Tokyo-Ginza,MacBook Air M3,2.0,2383.8080480339872
RETAIL_04602,2024-08-29,London-RegentSt,Apple Watch Ultra,1.0,603.9750880057238
RETAIL_04603,2024-10-24,London-RegentSt,AirPods Max,6.0,1970.1150396169437
RETAIL_04604,2024-09-24,Sydney-GeorgeSt,iPhone 15 Pro,2.0,2919.4906364723247
RETAIL_04605,2024-07-10,NYC-FifthAve,Apple Watch Ultra,8.0,60.09607696496789
RETAIL_04606,2024-10-17,Sydney-GeorgeSt,AirPods Max,9.0,523.4637510164347
RETAIL_04607,2024-10-14,Sydney-GeorgeSt,Apple Watch Ultra,5.0,2231.431034896144
RETAIL_04608,2024-11-22,Sydney-GeorgeSt,AirPods Max,8.0,3021.498522619211
RETAIL_04609,2024-08-22,Paris-Opera,MacBook Air M3,3.0,3031.8635175004497
RETAIL_04610,2024-08-24,London-RegentSt,Vision Pro,8.0,1303.5592524302212
RETAIL_04611,2024-07-05,London-RegentSt,MacBook Air M3,3.0,2741.240109022833
RETAIL_04612,2024-12-03,Paris-Opera,Apple Watch Ultra,2.0,2332.7735389034146
RETAIL_04613,2024-12-17,London-RegentSt,MacBook Air M3,7.0,74.59470299725092
RETAIL_04614,2024-08-31,Sydney-GeorgeSt,iPad Pro,5.0,2786.4924019499567
RETAIL_04615,2024-08-30,Tokyo-Ginza,AirPods Max,1.0,1198.912890505062
RETAIL_04616,2024-07-05,London-RegentSt,iPad Pro,3.0,-113.99223633348902
RETAIL_04617,2024-09-18,London-RegentSt,iPhone 15 Pro,1.0,733.8940726594681
RETAIL_04618,2024-11-18,London-RegentSt,iPad Pro,5.0,431.9245397461301
RETAIL_04619,2024-11-20,NYC-FifthAve,MacBook Air M3,3.0,2349.863678349086
RETAIL_04620,2024-10-18,Paris-Opera,MacBook Air M3,,2344.190629244196
RETAIL_04621,2024-07-13,Tokyo-Ginza,MacBook Air M3,4.0,1581.7043224440267
RETAIL_04622,2024-10-19,Paris-Opera,iPad Pro,7.0,1073.6549885623883
RETAIL_04623,2024-08-03,NYC-FifthAve,Vision Pro,,147.59964691617722
RETAIL_04624,2024-07-03,NYC-FifthAve,iPad Pro,7.0,-57.20633480933441
RETAIL_04625,2024-12-01,Sydney-GeorgeSt,AirPods Max,3.0,2608.5382932282996
RETAIL_04626,2024-08-03,London-RegentSt,Apple Watch Ultra,3.0,565.5661554061076
RETAIL_04627,2024-11-10,NYC-FifthAve,iPhone 15 Pro,,308.87747389287586
RETAIL_04628,2024-08-04,Paris-Opera,iPhone 15 Pro,1.0,-113.92949519174454
RETAIL_04629,2024-09-16,Paris-Opera,iPhone 15 Pro,9.0,3681.8094172580213
RETAIL_04630,2024-10-23,Tokyo-Ginza,MacBook Air M3,,2186.0750090710876
RETAIL_04631,2024-12-10,Sydney-GeorgeSt,iPhone 15 Pro,3.0,244.48896223937925
RETAIL_04632,2024-09-14,London-RegentSt,Vision Pro,5.0,3097.195141839934
RETAIL_04633,2024-11-14,Tokyo-Ginza,iPhone 15 Pro,6.0,2877.747212827162
RETAIL_04634,2024-07-22,London-RegentSt,MacBook Air M3,1.0,1096.005697134794
RETAIL_04635,2024-11-14,NYC-FifthAve,AirPods Max,4.0,2482.821412458403
RETAIL_04636,2024-09-02,Tokyo-Ginza,iPhone 15 Pro,2.0,3261.179281978119
RETAIL_04637,2024-08-17,NYC-FifthAve,AirPods Max,3.0,759.0456065127319
RETAIL_04638,2024-12-05,Sydney-GeorgeSt,iPhone 15 Pro,6.0,461.3469729415326
RETAIL_04639,2024-11-08,Sydney-GeorgeSt,iPhone 15 Pro,6.0,3245.9070187086554
RETAIL_04640,2024-07-08,NYC-FifthAve,MacBook Air M3,1.0,2450.28880944688
RETAIL_04641,2024-09-15,Tokyo-Ginza,iPhone 15 Pro,8.0,2548.7030892674156
RETAIL_04642,2024-10-22,Paris-Opera,AirPods Max,5.0,217.9761018152999
RETAIL_04643,2024-09-12,Tokyo-Ginza,Vision Pro,7.0,-158.9346922293069
RETAIL_04644,2024-08-10,Paris-Opera,iPad Pro,1.0,466.82065163427194
RETAIL_04645,2024-10-19,Tokyo-Ginza,Apple Watch Ultra,4.0,3429.6578908345996
RETAIL_04646,2024-11-17,London-RegentSt,iPad Pro,6.0,2277.0716978151886
RETAIL_04647,2024-11-09,London-RegentSt,Vision Pro,3.0,1767.259918301706
RETAIL_04648,2024-08-06,London-RegentSt,iPad Pro,9.0,1441.3752679362992
RETAIL_04649,2024-09-22,Paris-Opera,AirPods Max,4.0,167.86461857163488
RETAIL_04650,2024-11-06,Tokyo-Ginza,Vision Pro,3.0,2853.128030972455
RETAIL_04651,2024-08-18,Paris-Opera,AirPods Max,4.0,1166.5489096645877
RETAIL_04652,2024-09-14,Paris-Opera,iPhone 15 Pro,8.0,3923.8669403625354
RETAIL_04653,2024-12-24,NYC-FifthAve,iPhone 15 Pro,4.0,-488.6586496611694
RETAIL_04654,2024-07-03,Sydney-GeorgeSt,AirPods Max,7.0,1313.4509233911238
RETAIL_04655,2024-09-16,London-RegentSt,iPhone 15 Pro,9.0,3574.8827446064674
RETAIL_04656,2024-07-09,Paris-Opera,Apple Watch Ultra,5.0,1787.945811676766
RETAIL_04657,2024-10-08,NYC-FifthAve,AirPods Max,1.0,-39.271049675921915
RETAIL_04658,2024-08-11,Paris-Opera,iPad Pro,1.0,3685.701988102055
RETAIL_04659,2024-11-16,London-RegentSt,iPhone 15 Pro,3.0,-250.79573442499543
RETAIL_04660,2024-11-01,NYC-FifthAve,Vision Pro,7.0,2246.0250569731566
RETAIL_04661,2024-09-24,London-RegentSt,iPhone 15 Pro,8.0,419.9070579898183
RETAIL_04662,2024-09-28,Sydney-GeorgeSt,AirPods Max,3.0,2154.670909450625
RETAIL_04663,2024-11-19,London-RegentSt,Vision Pro,7.0,3427.581843069649
RETAIL_04664,2024-10-02,NYC-FifthAve,MacBook Air M3,6.0,3947.956812733488
RETAIL_04665,2024-08-10,Tokyo-Ginza,Apple Watch Ultra,8.0,782.504590387249
RETAIL_04666,2024-11-29,Paris-Opera,iPhone 15 Pro,9.0,1473.6931312107677
RETAIL_04667,2024-08-02,London-RegentSt,Vision Pro,5.0,2159.3682443929824
RETAIL_04668,2024-08-30,Sydney-GeorgeSt,AirPods Max,5.0,1819.2632009563276
RETAIL_04669,2024-12-10,London-RegentSt,Apple Watch Ultra,9.0,-194.58453636597937
RETAIL_04670,2024-10-06,Tokyo-Ginza,iPhone 15 Pro,2.0,-68.53831178498888
RETAIL_04671,2024-08-05,NYC-FifthAve,MacBook Air M3,3.0,-358.28125935779235
RETAIL_04672,2024-07-22,NYC-FifthAve,Vision Pro,2.0,2008.59354044966
RETAIL_04673,2024-08-06,Paris-Opera,iPhone 15 Pro,,2105.8827098393094
RETAIL_04674,2024-07-21,Sydney-GeorgeSt,iPad Pro,,3919.59931020978
RETAIL_04675,2024-12-03,NYC-FifthAve,Apple Watch Ultra,7.0,2735.9635182488905
RETAIL_04676,2024-10-30,Sydney-GeorgeSt,MacBook Air M3,1.0,1459.7000299235144
RETAIL_04677,2024-10-01,Paris-Opera,AirPods Max,7.0,2287.37665616407
RETAIL_04678,2024-12-16,Paris-Opera,AirPods Max,7.0,1942.6869775033779
RETAIL_04679,2024-08-16,London-RegentSt,Vision Pro,4.0,-26.943249270400656
RETAIL_04680,2024-11-27,Paris-Opera,AirPods Max,5.0,459.3743551354279
RETAIL_04681,2024-08-07,NYC-FifthAve,AirPods Max,4.0,3141.129731424112
RETAIL_04682,2024-07-19,London-RegentSt,Vision Pro,3.0,1731.564998931873
RETAIL_04683,2024-09-01,Paris-Opera,Vision Pro,2.0,3755.2125631069102
RETAIL_04684,2024-09-26,Tokyo-Ginza,iPad Pro,3.0,3902.0310352750967
RETAIL_04685,2024-10-15,NYC-FifthAve,Apple Watch Ultra,8.0,2898.6129388697195
RETAIL_04686,2024-10-23,Paris-Opera,Apple Watch Ultra,7.0,2518.073510068478
RETAIL_04687,2024-11-30,Tokyo-Ginza,Vision Pro,6.0,1823.446963936506
RETAIL_04688,2024-11-14,Paris-Opera,iPhone 15 Pro,2.0,2148.667668011294
RETAIL_04689,2024-07-28,London-RegentSt,Apple Watch Ultra,7.0,1782.139878550644
RETAIL_04690,2024-12-20,London-RegentSt,iPad Pro,6.0,3924.39839247285
RETAIL_04691,2024-11-17,London-RegentSt,MacBook Air M3,6.0,3780.1673639136807
RETAIL_04692,2024-08-26,Tokyo-Ginza,iPad Pro,6.0,1751.2351302667216
RETAIL_04693,2024-08-23,Sydney-GeorgeSt,MacBook Air M3,9.0,1618.143949718019
RETAIL_04694,2024-09-21,Tokyo-Ginza,Vision Pro,7.0,1121.4273641162906
RETAIL_04695,2024-08-03,Tokyo-Ginza,iPad Pro,6.0,3785.3692310796714
RETAIL_04696,2024-11-08,NYC-FifthAve,iPhone 15 Pro,4.0,1980.9948367788315
RETAIL_04697,2024-12-08,Paris-Opera,MacBook Air M3,3.0,1362.6513198136906
RETAIL_04698,2024-12-10,Tokyo-Ginza,iPad Pro,6.0,2371.2344903007884
RETAIL_04699,2024-09-06,Tokyo-Ginza,MacBook Air M3,4.0,219.78210522232519
RETAIL_04700,2024-08-16,Tokyo-Ginza,iPhone 15 Pro,1.0,1275.463770181915
RETAIL_04701,2024-12-03,Tokyo-Ginza,MacBook Air M3,3.0,2590.6037359578327
RETAIL_04702,2024-08-27,NYC-FifthAve,AirPods Max,4.0,2244.652021316837
RETAIL_04703,2024-09-14,London-RegentSt,Apple Watch Ultra,3.0,2040.8471331020196
RETAIL_04704,2024-09-14,NYC-FifthAve,AirPods Max,1.0,1585.2394724127262
RETAIL_04705,2024-11-13,Paris-Opera,AirPods Max,6.0,1148.7680964201638
RETAIL_04706,2024-10-19,London-RegentSt,AirPods Max,4.0,1341.390800817267
RETAIL_04707,2024-08-10,NYC-FifthAve,AirPods Max,2.0,1197.2840147323698
RETAIL_04708,2024-10-12,London-RegentSt,Vision Pro,5.0,713.9259997565321
RETAIL_04709,2024-12-04,Paris-Opera,Vision Pro,2.0,3474.9349317025444
RETAIL_04710,2024-10-26,London-RegentSt,Vision Pro,8.0,-173.4851734677664
RETAIL_04711,2024-08-24,NYC-FifthAve,iPad Pro,7.0,661.9657470443167
RETAIL_04712,2024-11-30,Sydney-GeorgeSt,Apple Watch Ultra,8.0,745.8414017662899
RETAIL_04713,2024-09-29,Sydney-GeorgeSt,MacBook Air M3,,2256.452147976117
RETAIL_04714,2024-10-29,London-RegentSt,Apple Watch Ultra,9.0,31.983521195132425
RETAIL_04715,2024-11-17,London-RegentSt,iPad Pro,6.0,1657.5211927164369
RETAIL_04716,2024-11-26,Paris-Opera,iPhone 15 Pro,5.0,3628.967730199436
RETAIL_04717,2024-08-20,London-RegentSt,iPhone 15 Pro,7.0,1648.3227766167265
RETAIL_04718,2024-07-19,Sydney-GeorgeSt,iPhone 15 Pro,5.0,1212.1303594095357
RETAIL_04719,2024-11-11,Paris-Opera,AirPods Max,2.0,362.54585355771576
RETAIL_04720,2024-11-08,Tokyo-Ginza,iPad Pro,8.0,2032.301375558468
RETAIL_04721,2024-08-21,Tokyo-Ginza,iPhone 15 Pro,5.0,2254.5230537196185
RETAIL_04722,2024-09-24,London-RegentSt,Vision Pro,8.0,1306.472909891332
RETAIL_04723,2024-08-22,London-RegentSt,iPad Pro,5.0,1762.1447260436835
RETAIL_04724,2024-07-12,London-RegentSt,MacBook Air M3,3.0,1409.5347176043124
RETAIL_04725,2024-07-08,Sydney-GeorgeSt,iPhone 15 Pro,5.0,999.3273360423732
RETAIL_04726,2024-11-22,London-RegentSt,MacBook Air M3,2.0,1896.7503638638514
RETAIL_04727,2024-10-24,Sydney-GeorgeSt,iPad Pro,7.0,826.9160408571838
RETAIL_04728,2024-07-19,Paris-Opera,iPad Pro,3.0,25.764084628279193
RETAIL_04729,2024-09-28,NYC-FifthAve,AirPods Max,2.0,139.13415197235133
RETAIL_04730,2024-09-26,London-RegentSt,iPad Pro,8.0,880.7571581840214
RETAIL_04731,2024-08-24,Paris-Opera,AirPods Max,3.0,3416.200721548744
RETAIL_04732,2024-07-08,Sydney-GeorgeSt,iPad Pro,6.0,20.114249371536744
RETAIL_04733,2024-08-05,Sydney-GeorgeSt,iPhone 15 Pro,5.0,-160.7123626092682
RETAIL_04734,2024-11-20,London-RegentSt,Vision Pro,,967.1128732086606
RETAIL_04735,2024-10-16,London-RegentSt,Apple Watch Ultra,9.0,-128.16143443787604
RETAIL_04736,2024-10-14,Sydney-GeorgeSt,iPad Pro,5.0,1705.9890335926475
RETAIL_04737,2024-09-30,Paris-Opera,MacBook Air M3,2.0,3387.561019503239
RETAIL_04738,2024-10-09,NYC-FifthAve,iPhone 15 Pro,9.0,302.80601511300574
RETAIL_04739,2024-10-13,Tokyo-Ginza,AirPods Max,7.0,3307.9326696727926
RETAIL_04740,2024-10-25,NYC-FifthAve,Vision Pro,,1437.1890569865402
RETAIL_04741,2024-07-10,London-RegentSt,iPad Pro,5.0,3543.358433995061
RETAIL_04742,2024-10-18,London-RegentSt,MacBook Air M3,4.0,2591.151978646641
RETAIL_04743,2024-09-13,Tokyo-Ginza,iPhone 15 Pro,4.0,716.0050482109855
RETAIL_04744,2024-09-05,London-RegentSt,Vision Pro,3.0,2113.780002177333
RETAIL_04745,2024-10-11,London-RegentSt,iPhone 15 Pro,,3693.1291492137525
RETAIL_04746,2024-12-16,Tokyo-Ginza,AirPods Max,6.0,880.9949756589317
RETAIL_04747,2024-10-30,NYC-FifthAve,AirPods Max,5.0,2770.3150102314157
RETAIL_04748,2024-08-07,Paris-Opera,Vision Pro,7.0,2811.4056379353465
RETAIL_04749,2024-10-29,NYC-FifthAve,AirPods Max,7.0,-379.0253956149811
RETAIL_04750,2024-11-29,Sydney-GeorgeSt,iPad Pro,5.0,1682.2003301513128
RETAIL_04751,2024-10-10,Tokyo-Ginza,MacBook Air M3,2.0,25.728349343371065
RETAIL_04752,2024-08-02,Tokyo-Ginza,Vision Pro,5.0,687.2816233651226
RETAIL_04753,2024-11-20,Tokyo-Ginza,iPad Pro,5.0,-306.17246382949463
RETAIL_04754,2024-11-09,London-RegentSt,MacBook Air M3,8.0,-447.09815872579907
RETAIL_04755,2024-10-24,Sydney-GeorgeSt,Apple Watch Ultra,3.0,-259.34692976644976
RETAIL_04756,2024-08-21,Tokyo-Ginza,AirPods Max,1.0,1069.9832201448269
RETAIL_04757,2024-10-12,NYC-FifthAve,iPad Pro,4.0,1077.2233384445249
RETAIL_04758,2024-08-02,London-RegentSt,Apple Watch Ultra,4.0,3971.76230216772
RETAIL_04759,2024-07-27,Paris-Opera,Apple Watch Ultra,5.0,3642.907158303229
RETAIL_04760,2024-10-08,London-RegentSt,iPhone 15 Pro,2.0,514.723996293472
RETAIL_04761,2024-12-08,Tokyo-Ginza,iPhone 15 Pro,8.0,-75.25888798704051
RETAIL_04762,2024-10-07,Sydney-GeorgeSt,Apple Watch Ultra,7.0,2270.0521990124835
RETAIL_04763,2024-09-28,Paris-Opera,MacBook Air M3,4.0,1970.5309361044633
RETAIL_04764,2024-12-08,London-RegentSt,Vision Pro,2.0,396.08914088862264
RETAIL_04765,2024-09-26,NYC-FifthAve,AirPods Max,5.0,1250.67876216674
RETAIL_04766,2024-10-15,Paris-Opera,MacBook Air M3,6.0,2965.9298055191957
RETAIL_04767,2024-09-24,NYC-FifthAve,Vision Pro,8.0,931.9492233744961
RETAIL_04768,2024-08-20,Paris-Opera,AirPods Max,1.0,2090.6773845616603
RETAIL_04769,2024-07-14,NYC-FifthAve,Vision Pro,5.0,1634.0601865443077
RETAIL_04770,2024-11-13,London-RegentSt,iPad Pro,1.0,44.863121243758314
RETAIL_04771,2024-07-11,Tokyo-Ginza,MacBook Air M3,9.0,795.7440832144366
RETAIL_04772,2024-07-30,Tokyo-Ginza,Vision Pro,7.0,1859.5688193455348
RETAIL_04773,2024-10-25,Paris-Opera,iPad Pro,,2407.5735421300596
RETAIL_04774,2024-09-22,Paris-Opera,iPhone 15 Pro,9.0,495.9870408758959
RETAIL_04775,2024-07-21,Tokyo-Ginza,iPhone 15 Pro,,-491.80871320537597
RETAIL_04776,2024-09-28,Tokyo-Ginza,Apple Watch Ultra,2.0,2444.729278662969
RETAIL_04777,2024-08-23,Paris-Opera,iPhone 15 Pro,6.0,848.4501960117093
RETAIL_04778,2024-09-17,Paris-Opera,iPad Pro,3.0,957.9102459195174
RETAIL_04779,2024-11-24,NYC-FifthAve,AirPods Max,8.0,-137.9703097155051
RETAIL_04780,2024-07-19,Tokyo-Ginza,AirPods Max,8.0,3241.976594145954
RETAIL_04781,2024-09-18,Sydney-GeorgeSt,AirPods Max,7.0,1376.5205472909158
RETAIL_04782,2024-09-30,London-RegentSt,iPad Pro,8.0,-177.62576680227352
RETAIL_04783,2024-10-07,Sydney-GeorgeSt,Apple Watch Ultra,,2695.155277481455
RETAIL_04784,2024-08-22,Sydney-GeorgeSt,MacBook Air M3,4.0,326.25756478479934
RETAIL_04785,2024-08-02,Sydney-GeorgeSt,Vision Pro,9.0,2827.909437218421
RETAIL_04786,2024-09-21,NYC-FifthAve,iPad Pro,5.0,1928.599091997643
RETAIL_04787,2024-08-10,Tokyo-Ginza,iPhone 15 Pro,8.0,2018.1128845365947
RETAIL_04788,2024-12-10,Tokyo-Ginza,Apple Watch Ultra,1.0,390.23727268350467
RETAIL_04789,2024-08-25,Paris-Opera,Apple Watch Ultra,1.0,19.75488601126824
RETAIL_04790,2024-11-12,NYC-FifthAve,Vision Pro,3.0,3198.9869775784136
RETAIL_04791,2024-08-04,NYC-FifthAve,iPhone 15 Pro,4.0,1793.8720844163863
RETAIL_04792,2024-09-02,NYC-FifthAve,iPad Pro,9.0,3971.157687931084
RETAIL_04793,2024-09-02,NYC-FifthAve,AirPods Max,4.0,3508.566268182255
RETAIL_04794,2024-07-05,Paris-Opera,Vision Pro,9.0,3062.700394466692
RETAIL_04795,2024-11-17,Sydney-GeorgeSt,AirPods Max,6.0,-299.8827096264751
RETAIL_04796,2024-12-20,NYC-FifthAve,Apple Watch Ultra,8.0,1856.5463742834045
RETAIL_04797,2024-11-05,Sydney-GeorgeSt,Apple Watch Ultra,9.0,3471.3374578617304
RETAIL_04798,2024-09-12,Tokyo-Ginza,iPhone 15 Pro,3.0,1038.7474908161994
RETAIL_04799,2024-11-04,London-RegentSt,iPhone 15 Pro,1.0,3497.9220400301624
RETAIL_04800,2024-10-16,Paris-Opera,Vision Pro,9.0,313.81648025275706
RETAIL_04801,2024-09-06,London-RegentSt,MacBook Air M3,5.0,-35.461329740520455
RETAIL_04802,2024-07-12,Paris-Opera,iPhone 15 Pro,9.0,2674.917295196557
RETAIL_04803,2024-09-12,NYC-FifthAve,iPad Pro,2.0,2787.8377364809044
RETAIL_04804,2024-07-17,Sydney-GeorgeSt,iPhone 15 Pro,1.0,2887.1686501553377
RETAIL_04805,2024-10-29,Sydney-GeorgeSt,MacBook Air M3,9.0,3847.828167477076
RETAIL_04806,2024-08-20,London-RegentSt,Apple Watch Ultra,8.0,1655.3350636622563
RETAIL_04807,2024-10-27,NYC-FifthAve,iPhone 15 Pro,1.0,2524.4538912546363
RETAIL_04808,2024-07-13,London-RegentSt,Vision Pro,4.0,-268.86252894399024
RETAIL_04809,2024-08-10,Paris-Opera,Vision Pro,3.0,1958.2383234894478
RETAIL_04810,2024-07-02,Paris-Opera,Vision Pro,2.0,649.8302326689864
RETAIL_04811,2024-07-18,NYC-FifthAve,MacBook Air M3,8.0,1653.1930357523947
RETAIL_04812,2024-11-16,Tokyo-Ginza,iPad Pro,5.0,1071.4924964769016
RETAIL_04813,2024-08-26,Tokyo-Ginza,MacBook Air M3,1.0,3037.228416737411
RETAIL_04814,2024-12-15,Paris-Opera,Vision Pro,8.0,1380.3803402936169
RETAIL_04815,2024-10-03,Paris-Opera,Apple Watch Ultra,2.0,2463.933351354374
RETAIL_04816,2024-09-25,London-RegentSt,AirPods Max,1.0,1833.656278138384
RETAIL_04817,2024-12-15,Tokyo-Ginza,iPhone 15 Pro,6.0,27.204443677481095
RETAIL_04818,2024-09-22,Sydney-GeorgeSt,Apple Watch Ultra,4.0,2404.052231831868
RETAIL_04819,2024-12-26,NYC-FifthAve,AirPods Max,4.0,2180.795180945067
RETAIL_04820,2024-07-05,NYC-FifthAve,iPhone 15 Pro,6.0,1899.8786453837843
RETAIL_04821,2024-07-28,Tokyo-Ginza,Apple Watch Ultra,6.0,1895.8207406089177
RETAIL_04822,2024-07-18,Tokyo-Ginza,AirPods Max,8.0,102.0272050794722
RETAIL_04823,2024-08-12,NYC-FifthAve,iPad Pro,9.0,2562.6458964448016
RETAIL_04824,2024-07-03,Tokyo-Ginza,iPhone 15 Pro,3.0,2571.6349942705097
RETAIL_04825,2024-09-12,London-RegentSt,Apple Watch Ultra,4.0,3967.7716381430964
RETAIL_04826,2024-12-09,London-RegentSt,Apple Watch Ultra,6.0,1353.7411985655922
RETAIL_04827,2024-08-21,NYC-FifthAve,Apple Watch Ultra,1.0,-271.56781033905776
RETAIL_04828,2024-08-07,Sydney-GeorgeSt,iPad Pro,5.0,3355.343867001942
RETAIL_04829,2024-11-18,Sydney-GeorgeSt,iPhone 15 Pro,6.0,3493.3031061539973
RETAIL_04830,2024-10-06,London-RegentSt,iPad Pro,7.0,2810.706745598648
RETAIL_04831,2024-11-18,Tokyo-Ginza,iPhone 15 Pro,3.0,1705.3978951157405
RETAIL_04832,2024-12-03,Sydney-GeorgeSt,MacBook Air M3,7.0,987.0548157197018
RETAIL_04833,2024-09-25,NYC-FifthAve,Vision Pro,1.0,1677.826491628562
RETAIL_04834,2024-12-19,London-RegentSt,iPhone 15 Pro,7.0,3317.459582987783
RETAIL_04835,2024-09-12,Tokyo-Ginza,Vision Pro,2.0,2105.9933343985936
RETAIL_04836,2024-08-24,NYC-FifthAve,iPhone 15 Pro,,2566.8531829345684
RETAIL_04837,2024-12-09,NYC-FifthAve,iPhone 15 Pro,3.0,1006.0223310714855
RETAIL_04838,2024-07-29,Tokyo-Ginza,Apple Watch Ultra,7.0,839.5397712594597
RETAIL_04839,2024-10-09,London-RegentSt,iPad Pro,1.0,1121.017587807805
RETAIL_04840,2024-11-07,London-RegentSt,iPad Pro,7.0,2352.9977425992793
RETAIL_04841,2024-10-28,Tokyo-Ginza,Apple Watch Ultra,1.0,194.73155602413
RETAIL_04842,2024-07-07,London-RegentSt,iPad Pro,1.0,2925.579242819684
RETAIL_04843,2024-07-19,Sydney-GeorgeSt,MacBook Air M3,8.0,2843.360687353726
RETAIL_04844,2024-12-26,Paris-Opera,iPad Pro,2.0,-396.0496703696095
RETAIL_04845,2024-12-04,NYC-FifthAve,iPhone 15 Pro,1.0,3697.4220513087557
RETAIL_04846,2024-07-15,London-RegentSt,AirPods Max,9.0,3858.9578147733855
RETAIL_04847,2024-09-17,Tokyo-Ginza,iPad Pro,4.0,2020.3125343894685
RETAIL_04848,2024-07-14,Sydney-GeorgeSt,iPad Pro,3.0,3750.6112936126183
RETAIL_04849,2024-07-12,NYC-FifthAve,Apple Watch Ultra,9.0,681.5526292082363
RETAIL_04850,2024-12-10,Sydney-GeorgeSt,iPhone 15 Pro,3.0,906.4948774150953
RETAIL_04851,2024-09-05,Tokyo-Ginza,MacBook Air M3,5.0,3696.7940804657565
RETAIL_04852,2024-10-03,London-RegentSt,iPhone 15 Pro,9.0,2062.457904384463
RETAIL_04853,2024-11-09,Paris-Opera,Apple Watch Ultra,7.0,3991.4836324178723
RETAIL_04854,2024-07-26,Sydney-GeorgeSt,Vision Pro,2.0,3898.713352126151
RETAIL_04855,2024-08-29,Sydney-GeorgeSt,MacBook Air M3,4.0,2855.99569762118
RETAIL_04856,2024-07-30,NYC-FifthAve,Apple Watch Ultra,4.0,49.42774990353064
RETAIL_04857,2024-11-14,Paris-Opera,Apple Watch Ultra,9.0,364.0085013377021
RETAIL_04858,2024-07-16,Sydney-GeorgeSt,iPad Pro,5.0,247.57932060044982
RETAIL_04859,2024-08-29,Paris-Opera,AirPods Max,3.0,674.7371484372632
RETAIL_04860,2024-07-22,Sydney-GeorgeSt,iPad Pro,1.0,2738.711470497412
RETAIL_04861,2024-07-05,Tokyo-Ginza,MacBook Air M3,8.0,1479.2190796546338
RETAIL_04862,2024-09-09,Paris-Opera,iPad Pro,9.0,1055.0421475510536
RETAIL_04863,2024-12-20,London-RegentSt,Apple Watch Ultra,8.0,1034.1021885386401
RETAIL_04864,2024-11-26,Sydney-GeorgeSt,iPhone 15 Pro,6.0,3664.9922451878083
RETAIL_04865,2024-09-21,London-RegentSt,AirPods Max,9.0,3162.0999001852992
RETAIL_04866,2024-10-30,London-RegentSt,Apple Watch Ultra,9.0,1147.8831229913892
RETAIL_04867,2024-10-16,Paris-Opera,Apple Watch Ultra,4.0,-323.4258952585046
RETAIL_04868,2024-07-25,Paris-Opera,iPad Pro,3.0,2236.9158593371053
RETAIL_04869,2024-11-23,Sydney-GeorgeSt,iPhone 15 Pro,2.0,675.5386923499536
RETAIL_04870,2024-09-20,Paris-Opera,iPhone 15 Pro,6.0,3321.8692717188246
RETAIL_04871,2024-09-21,NYC-FifthAve,iPhone 15 Pro,4.0,2241.799189250274
RETAIL_04872,2024-07-30,London-RegentSt,MacBook Air M3,,987.3422467533339
RETAIL_04873,2024-07-27,Paris-Opera,iPhone 15 Pro,9.0,818.6518585590363
RETAIL_04874,2024-11-24,NYC-FifthAve,AirPods Max,2.0,1495.9603608474583
RETAIL_04875,2024-08-11,Sydney-GeorgeSt,iPhone 15 Pro,7.0,3108.025687760589
RETAIL_04876,2024-07-01,Paris-Opera,iPad Pro,6.0,-453.9136055424504
RETAIL_04877,2024-10-15,NYC-FifthAve,Vision Pro,5.0,130.0542526907609
RETAIL_04878,2024-12-23,Paris-Opera,Vision Pro,6.0,957.1222947405042
RETAIL_04879,2024-11-25,Tokyo-Ginza,MacBook Air M3,5.0,777.68899451843
RETAIL_04880,2024-08-14,Sydney-GeorgeSt,Apple Watch Ultra,3.0,2639.770959316082
RETAIL_04881,2024-12-08,NYC-FifthAve,iPad Pro,9.0,3119.7811069027475
RETAIL_04882,2024-07-27,Sydney-GeorgeSt,iPhone 15 Pro,2.0,3835.59809558325
RETAIL_04883,2024-11-29,NYC-FifthAve,iPhone 15 Pro,4.0,1217.6442430294264
RETAIL_04884,2024-07-22,Sydney-GeorgeSt,Apple Watch Ultra,3.0,3411.6819522059423
RETAIL_04885,2024-10-17,Paris-Opera,Vision Pro,4.0,943.2662724731576
RETAIL_04886,2024-12-07,NYC-FifthAve,iPad Pro,3.0,1507.5951625202335
RETAIL_04887,2024-12-27,NYC-FifthAve,AirPods Max,9.0,3761.2848905533074
RETAIL_04888,2024-09-05,Paris-Opera,MacBook Air M3,2.0,-317.3917374265873
RETAIL_04889,2024-11-29,Sydney-GeorgeSt,Apple Watch Ultra,2.0,-144.2248890976221
RETAIL_04890,2024-12-13,NYC-FifthAve,MacBook Air M3,5.0,2682.3309586669047
RETAIL_04891,2024-08-31,NYC-FifthAve,iPhone 15 Pro,3.0,737.9085821182587
RETAIL_04892,2024-08-20,Tokyo-Ginza,iPad Pro,4.0,1775.5726262217486
RETAIL_04893,2024-07-08,Tokyo-Ginza,iPad Pro,8.0,2416.952609450715
RETAIL_04894,2024-09-10,NYC-FifthAve,Apple Watch Ultra,7.0,579.1382748060876
RETAIL_04895,2024-07-05,London-RegentSt,iPhone 15 Pro,6.0,1076.5221741540681
RETAIL_04896,2024-12-22,Paris-Opera,MacBook Air M3,3.0,1775.1786340235417
RETAIL_04897,2024-12-22,NYC-FifthAve,iPhone 15 Pro,4.0,754.4506012538259
RETAIL_04898,2024-11-15,London-RegentSt,Vision Pro,5.0,3463.389845994587
RETAIL_04899,2024-12-13,London-RegentSt,MacBook Air M3,6.0,-231.96373096804263
RETAIL_04900,2024-08-03,London-RegentSt,Vision Pro,7.0,3564.8597474183393
RETAIL_04901,2024-08-21,NYC-FifthAve,AirPods Max,2.0,-124.0357084153174
RETAIL_04902,2024-11-05,Paris-Opera,iPhone 15 Pro,7.0,3005.7255221760447
RETAIL_04903,2024-12-16,NYC-FifthAve,AirPods Max,7.0,925.6175807871884
RETAIL_04904,2024-11-26,Paris-Opera,Vision Pro,7.0,1966.3581232113784
RETAIL_04905,2024-11-12,Sydney-GeorgeSt,iPad Pro,2.0,1653.9474428933836
RETAIL_04906,2024-09-29,London-RegentSt,Vision Pro,6.0,3027.593954137417
RETAIL_04907,2024-12-16,NYC-FifthAve,iPhone 15 Pro,7.0,3964.7910788437075
RETAIL_04908,2024-10-26,London-RegentSt,MacBook Air M3,7.0,142.77797699854352
RETAIL_04909,2024-10-06,Tokyo-Ginza,Apple Watch Ultra,1.0,8.705600743373338
RETAIL_04910,2024-12-07,NYC-FifthAve,iPad Pro,4.0,1712.771336219711
RETAIL_04911,2024-12-02,London-RegentSt,AirPods Max,9.0,2523.25814883363
RETAIL_04912,2024-08-03,Sydney-GeorgeSt,Vision Pro,2.0,2034.1339102836237
RETAIL_04913,2024-11-24,Tokyo-Ginza,iPhone 15 Pro,1.0,2482.986749273949
RETAIL_04914,2024-10-05,Tokyo-Ginza,iPhone 15 Pro,9.0,3942.7904901248394
RETAIL_04915,2024-08-02,Paris-Opera,Vision Pro,2.0,1017.0407693643472
RETAIL_04916,2024-12-21,London-RegentSt,iPad Pro,1.0,2965.885942221903
RETAIL_04917,2024-09-13,Tokyo-Ginza,iPhone 15 Pro,9.0,2588.254898438714
RETAIL_04918,2024-11-30,Sydney-GeorgeSt,MacBook Air M3,6.0,123.59142745137513
RETAIL_04919,2024-10-31,London-RegentSt,MacBook Air M3,6.0,2295.5155802612485
RETAIL_04920,2024-09-23,London-RegentSt,iPhone 15 Pro,4.0,331.0943562018133
RETAIL_04921,2024-07-03,Paris-Opera,Apple Watch Ultra,6.0,-494.2248654677888
RETAIL_04922,2024-11-13,NYC-FifthAve,Vision Pro,4.0,1398.6009045594544
RETAIL_04923,2024-11-30,NYC-FifthAve,Vision Pro,4.0,2147.9829959893336
RETAIL_04924,2024-11-12,Tokyo-Ginza,iPad Pro,8.0,1195.351564430047
RETAIL_04925,2024-08-03,Tokyo-Ginza,AirPods Max,6.0,3157.8404795219367
RETAIL_04926,2024-08-03,NYC-FifthAve,MacBook Air M3,1.0,-326.679834619924
RETAIL_04927,2024-12-09,London-RegentSt,Vision Pro,3.0,3068.9307988404494
RETAIL_04928,2024-09-21,Sydney-GeorgeSt,Vision Pro,8.0,1749.9741015456334
RETAIL_04929,2024-10-01,Tokyo-Ginza,MacBook Air M3,8.0,2000.761593696669
RETAIL_04930,2024-12-13,Paris-Opera,AirPods Max,6.0,1628.62779726879
RETAIL_04931,2024-10-08,NYC-FifthAve,AirPods Max,1.0,-3.682692338943184
RETAIL_04932,2024-10-04,Paris-Opera,iPhone 15 Pro,9.0,-31.953138854591998
RETAIL_04933,2024-11-18,Sydney-GeorgeSt,AirPods Max,2.0,3960.4688258130363
RETAIL_04934,2024-12-04,London-RegentSt,Vision Pro,7.0,225.78538661416826
RETAIL_04935,2024-07-28,Paris-Opera,Apple Watch Ultra,2.0,1376.0691131780989
RETAIL_04936,2024-11-25,NYC-FifthAve,AirPods Max,5.0,701.7761905826942
RETAIL_04937,2024-07-17,Paris-Opera,AirPods Max,4.0,2103.2945253926946
RETAIL_04938,2024-10-28,Paris-Opera,Vision Pro,4.0,3790.78386065845
RETAIL_04939,2024-11-27,Tokyo-Ginza,iPad Pro,4.0,-183.7667550378137
RETAIL_04940,2024-07-05,Tokyo-Ginza,Apple Watch Ultra,8.0,1139.1648883107368
RETAIL_04941,2024-08-26,Tokyo-Ginza,MacBook Air M3,5.0,2551.309503788269
RETAIL_04942,2024-12-13,Sydney-GeorgeSt,AirPods Max,8.0,1899.1111539125395
RETAIL_04943,2024-12-02,Sydney-GeorgeSt,Apple Watch Ultra,5.0,1924.8662999547728
RETAIL_04944,2024-10-22,Tokyo-Ginza,Apple Watch Ultra,9.0,285.72497711523044
RETAIL_04945,2024-12-05,Tokyo-Ginza,iPhone 15 Pro,1.0,-73.22097477243761
RETAIL_04946,2024-08-29,London-RegentSt,Vision Pro,3.0,-421.2796061426222
RETAIL_04947,2024-08-11,Tokyo-Ginza,Vision Pro,7.0,-409.1424840307354
RETAIL_04948,2024-08-20,NYC-FifthAve,Apple Watch Ultra,8.0,3397.5374351343985
RETAIL_04949,2024-09-17,NYC-FifthAve,MacBook Air M3,2.0,3851.094687171012
RETAIL_04950,2024-12-01,NYC-FifthAve,iPad Pro,2.0,286.0784078327009
RETAIL_04951,2024-10-15,Paris-Opera,Apple Watch Ultra,6.0,3524.128662017819
RETAIL_04952,2024-10-09,Sydney-GeorgeSt,Vision Pro,7.0,110.73627419593504
RETAIL_04953,2024-09-13,Sydney-GeorgeSt,MacBook Air M3,3.0,1614.024294920333
RETAIL_04954,2024-07-06,Sydney-GeorgeSt,iPhone 15 Pro,1.0,2446.0423807725047
RETAIL_04955,2024-10-09,London-RegentSt,iPad Pro,1.0,3097.0147583450307
RETAIL_04956,2024-11-30,London-RegentSt,iPad Pro,5.0,-371.78131897329195
RETAIL_04957,2024-12-21,Sydney-GeorgeSt,iPad Pro,5.0,2619.834687490041
RETAIL_04958,2024-07-23,London-RegentSt,Vision Pro,3.0,982.1878388385535
RETAIL_04959,2024-07-14,NYC-FifthAve,Vision Pro,7.0,2381.317813385984
RETAIL_04960,2024-07-31,Paris-Opera,iPad Pro,1.0,3391.1902977761347
RETAIL_04961,2024-09-22,Paris-Opera,Vision Pro,6.0,3000.8659419607247
RETAIL_04962,2024-10-16,London-RegentSt,AirPods Max,3.0,1748.251160258108
RETAIL_04963,2024-10-25,Tokyo-Ginza,iPad Pro,6.0,2926.4033109565116
RETAIL_04964,2024-11-26,Sydney-GeorgeSt,iPad Pro,1.0,422.55335891795744
RETAIL_04965,2024-10-21,Tokyo-Ginza,MacBook Air M3,1.0,3167.203375594362
RETAIL_04966,2024-09-29,London-RegentSt,iPad Pro,9.0,533.4387115273626
RETAIL_04967,2024-08-29,London-RegentSt,Vision Pro,4.0,2154.240579000525
RETAIL_04968,2024-07-07,Sydney-GeorgeSt,AirPods Max,5.0,3729.6485167592755
RETAIL_04969,2024-09-16,Tokyo-Ginza,iPhone 15 Pro,7.0,1078.9127656593741
RETAIL_04970,2024-07-13,Tokyo-Ginza,AirPods Max,1.0,3401.0928748815422
RETAIL_04971,2024-08-03,London-RegentSt,iPhone 15 Pro,4.0,3775.544157232899
RETAIL_04972,2024-08-22,NYC-FifthAve,MacBook Air M3,7.0,2986.3052541937104
RETAIL_04973,2024-10-31,London-RegentSt,AirPods Max,5.0,-337.6700865668723
RETAIL_04974,2024-10-19,Tokyo-Ginza,AirPods Max,7.0,3974.5488354702347
RETAIL_04975,2024-11-16,Sydney-GeorgeSt,Vision Pro,1.0,3184.7683739071963
RETAIL_04976,2024-07-07,Paris-Opera,AirPods Max,4.0,526.5581137030144
RETAIL_04977,2024-07-01,NYC-FifthAve,AirPods Max,9.0,820.2860268821767
RETAIL_04978,2024-12-11,Sydney-GeorgeSt,iPad Pro,9.0,362.7176869865326
RETAIL_04979,2024-11-24,Tokyo-Ginza,Vision Pro,7.0,169.74360189146967
RETAIL_04980,2024-10-03,London-RegentSt,iPad Pro,3.0,2653.3254153438406
RETAIL_04981,2024-12-06,NYC-FifthAve,Apple Watch Ultra,5.0,-497.628117291342
RETAIL_04982,2024-10-27,NYC-FifthAve,iPhone 15 Pro,5.0,-22.33769950729544
RETAIL_04983,2024-10-25,Tokyo-Ginza,iPad Pro,9.0,273.97864198625814
RETAIL_04984,2024-07-18,Paris-Opera,iPad Pro,6.0,2330.3994091168165
RETAIL_04985,2024-11-22,NYC-FifthAve,AirPods Max,1.0,3307.8169788789182
RETAIL_04986,2024-09-12,NYC-FifthAve,AirPods Max,5.0,2075.4496410080765
RETAIL_04987,2024-10-10,Paris-Opera,iPhone 15 Pro,7.0,2535.7155302199994
RETAIL_04988,2024-07-16,Sydney-GeorgeSt,AirPods Max,3.0,3725.6361017018726
RETAIL_04989,2024-11-13,NYC-FifthAve,Vision Pro,2.0,1437.961353621466
RETAIL_04990,2024-08-07,London-RegentSt,iPad Pro,2.0,2111.907321332733
RETAIL_04991,2024-12-14,London-RegentSt,Vision Pro,1.0,3672.493572275942
RETAIL_04992,2024-08-13,Sydney-GeorgeSt,AirPods Max,3.0,2161.822813016568
RETAIL_04993,2024-12-18,Sydney-GeorgeSt,iPhone 15 Pro,8.0,3559.9104542506716
RETAIL_04994,2024-07-17,London-RegentSt,AirPods Max,8.0,2203.1076946380163
RETAIL_04995,2024-07-25,Tokyo-Ginza,iPad Pro,9.0,2066.8692154365044
RETAIL_04996,2024-09-16,Sydney-GeorgeSt,iPhone 15 Pro,9.0,368.9894461995784
RETAIL_04997,2024-09-24,Tokyo-Ginza,Apple Watch Ultra,5.0,3493.728864207563
RETAIL_04998,2024-07-20,Paris-Opera,iPhone 15 Pro,7.0,2049.8267427009096
RETAIL_04999,2024-07-03,Tokyo-Ginza,AirPods Max,9.0,3101.8933339484993
